id,band_true,task_type,topic,source,reliability_tier,word_count,blind_TR,blind_CC,blind_LR,blind_GRA,blind_total,delta_total,subscores_source,true_TR,true_CC,true_LR,true_GRA,delta_TR,delta_CC,delta_LR,delta_GRA,coverage,ttr250,rare_ratio,subord_density,connector_density,template_hits
B6-ADV-001,6.0,adv-disadv,education,writing9.com,D-auto,258,8.0,7.5,8.0,9.0,8.0,2.0,inferred-v1,6.0,5.5,6.0,7.0,2.0,2.0,2.0,2.0,0.833,0.679,0.0116,5.04,4.65,2
B6-ADV-002,6.0,adv-disadv,globalization-work,writing9.com,D-auto,349,9.0,8.0,7.0,9.0,8.5,2.5,inferred-v1,6.5,6.0,5.0,7.0,2.5,2.0,2.0,2.0,0.842,0.492,0.0,4.87,5.16,0
B6-ADV-003,6.0,adv-disadv,education,ielts-blog.com,C-blog,285,6.5,7.5,9.0,8.0,8.0,2.0,inferred-v1,5.0,6.0,7.0,6.5,1.5,1.5,2.0,1.5,0.824,0.678,0.0105,1.75,3.86,0
B6-ADV-004,6.0,adv-disadv,social,writing9.com,D-auto,341,8.0,8.0,8.0,8.0,8.0,2.0,inferred-v1,6.0,6.0,6.0,6.0,2.0,2.0,2.0,2.0,0.632,0.627,0.0088,3.23,5.28,2
B6-ADV-005,6.0,adv-disadv,technology,writing9.com,D-auto,330,6.5,7.5,7.0,7.5,7.0,1.0,inferred-v1,5.5,6.5,6.0,6.5,1.0,1.0,1.0,1.0,0.444,0.732,0.0394,1.82,3.64,0
B6-ADV-006,6.0,adv-disadv,education,writing9.com,D-auto,295,5.5,9.0,8.0,9.0,8.0,2.0,inferred-v1,5.5,6.5,6.0,6.5,0.0,2.5,2.0,2.5,0.345,0.758,0.0068,2.71,3.73,0
B6-ADV-007,6.0,two-part,technology,writing9.com,D-auto,243,6.0,9.0,7.5,7.0,7.5,1.5,inferred-v1,5.0,7.0,6.0,5.5,1.0,2.0,1.5,1.5,0.5,0.758,0.0206,2.88,4.12,0
B6-ADV-008,6.0,two-part,education,writing9.com,D-auto,318,7.0,8.0,8.0,8.0,8.0,2.0,inferred-v1,6.0,6.0,6.0,6.5,1.0,2.0,2.0,1.5,0.75,0.759,0.0,2.52,3.77,1
B6-ADV-009,6.0,adv-disadv,social,writing9.com,D-auto,292,9.0,8.0,7.5,8.0,8.0,2.0,inferred-v1,7.0,6.0,5.5,6.0,2.0,2.0,2.0,2.0,0.864,0.627,0.0,3.42,5.14,0
B6-ADV-010,6.0,adv-disadv,health,writing9.com,D-auto,270,7.0,8.0,7.5,6.5,7.5,1.5,inferred-v1,6.0,6.5,6.5,5.5,1.0,1.5,1.0,1.0,0.667,0.755,0.0037,4.44,2.96,1
B6-ADV-011,6.0,adv-disadv,culture,writing9.com,D-auto,230,5.5,8.0,8.0,7.5,7.5,1.5,inferred-v1,6.0,6.0,6.0,6.5,-0.5,2.0,2.0,1.0,0.933,0.731,0.0,4.35,4.78,1
B6-ADV-012,6.0,adv-disadv,technology,writing9.com,D-auto,274,7.0,8.0,9.0,7.5,8.0,2.0,inferred-v1,5.0,6.0,7.0,5.5,2.0,2.0,2.0,2.0,0.613,0.709,0.0146,2.55,5.11,0
B6-ADV-013,6.0,adv-disadv,globalization-work,writing9.com,D-auto,267,7.5,8.0,8.0,8.0,8.0,2.0,inferred-v1,5.5,6.0,6.0,6.0,2.0,2.0,2.0,2.0,0.647,0.712,0.0112,3.37,5.62,0
B6-ADV-014,6.0,adv-disadv,education,writing9.com,D-auto,285,6.0,7.5,7.0,7.5,7.0,1.0,inferred-v1,5.0,6.5,6.0,6.5,1.0,1.0,1.0,1.0,0.529,0.79,0.014,3.16,3.16,1
B6-ADV-015,6.0,two-part,media,writing9.com,D-auto,326,7.5,9.0,9.0,9.0,8.5,2.5,inferred-v1,5.0,6.5,6.5,6.5,2.5,2.5,2.5,2.5,1.0,0.667,0.0061,4.29,3.68,0
B6-ADV-017,6.0,adv-disadv,social,writing9.com,D-auto,295,6.5,9.0,9.0,7.5,8.0,2.0,inferred-v1,5.0,7.0,7.0,5.5,1.5,2.0,2.0,2.0,0.625,0.637,0.0068,1.69,3.05,0
B6-ADV-018,6.0,two-part,globalization-work,writing9.com,D-auto,258,6.5,7.0,8.0,6.0,7.0,1.0,inferred-v1,5.5,6.0,7.0,5.0,1.0,1.0,1.0,1.0,0.583,0.633,0.031,1.16,5.81,0
B6-ADV-019,6.0,adv-disadv,globalization-work,writing9.com,D-auto,427,6.5,9.0,6.5,6.5,7.0,1.0,inferred-v1,5.5,7.0,5.5,5.5,1.0,2.0,1.0,1.0,0.303,0.695,0.0351,2.11,2.11,0
B6-ADV-020,6.0,adv-disadv,social,writing9.com,D-auto,251,6.0,7.0,7.0,7.0,7.0,1.0,inferred-v1,6.0,6.0,6.0,6.5,0.0,1.0,1.0,0.5,0.4,0.582,0.0,1.59,5.58,0
B6-ADV-021,6.0,adv-disadv,health,writing9.com,D-auto,295,7.0,8.0,7.5,8.0,7.5,1.5,inferred-v1,5.5,6.5,6.0,6.5,1.5,1.5,1.5,1.5,0.722,0.703,0.0237,2.37,2.71,0
B6-ADV-024,6.0,opinion,media,writing9.com,D-auto,315,7.0,8.0,9.0,9.0,8.5,2.5,inferred-v1,5.5,6.0,6.5,6.5,1.5,2.0,2.5,2.5,0.783,0.774,0.0127,3.49,3.49,0
B6-ADV-026,6.0,two-part,social,writing9.com,D-auto,271,8.0,9.0,7.5,9.0,8.5,2.5,inferred-v1,5.5,6.5,5.0,6.5,2.5,2.5,2.5,2.5,1.0,0.787,0.0037,3.32,4.8,0
B6-ADV-027,6.0,two-part,technology,writing9.com,D-auto,265,7.0,7.5,7.0,8.0,7.5,1.5,inferred-v1,5.5,6.0,5.5,6.5,1.5,1.5,1.5,1.5,0.333,0.727,0.0302,4.91,4.53,0
B6-ADV-029,6.0,adv-disadv,environment,writing9.com,D-auto,366,7.0,8.0,8.0,6.5,7.5,1.5,inferred-v1,5.5,6.5,6.5,5.0,1.5,1.5,1.5,1.5,0.615,0.767,0.0546,3.83,3.28,0
B6-ADV-030,6.0,adv-disadv,globalization-work,writing9.com,D-auto,297,8.0,9.0,9.0,8.0,8.5,2.5,inferred-v1,5.5,6.5,6.5,5.5,2.5,2.5,2.5,2.5,0.75,0.632,0.0,2.36,3.7,0
B6-ADV-031,6.0,adv-disadv,globalization-work,writing9.com,D-auto,289,5.5,8.0,7.5,8.0,7.5,1.5,inferred-v1,6.0,6.0,6.0,6.5,-0.5,2.0,1.5,1.5,0.143,0.741,0.0035,2.42,2.77,0
B6-ADV-033,6.0,adv-disadv,technology,writing9.com,D-auto,301,5.5,7.5,8.0,6.5,7.0,1.0,inferred-v1,5.0,6.5,7.0,5.5,0.5,1.0,1.0,1.0,0.615,0.719,0.01,1.99,4.65,0
B6-ADV-034,6.0,adv-disadv,technology,writing9.com,D-auto,285,7.0,7.0,7.5,6.0,7.0,1.0,inferred-v1,6.0,6.0,6.5,5.0,1.0,1.0,1.0,1.0,0.8,0.753,0.0211,1.05,5.26,0
B6-ADV-035,6.0,two-part,health,writing9.com,D-auto,403,7.0,9.0,7.5,6.5,7.5,1.5,inferred-v1,5.5,7.0,6.0,5.0,1.5,2.0,1.5,1.5,0.583,0.789,0.0298,2.73,2.98,0
B6-ADV-036,6.0,adv-disadv,media,writing9.com,D-auto,311,6.5,8.0,7.0,6.5,7.0,1.0,inferred-v1,5.5,7.0,6.0,5.5,1.0,1.0,1.0,1.0,0.368,0.753,0.0257,4.5,3.54,0
B6-ADV-039,6.0,adv-disadv,globalization-work,writing9.com,D-auto,291,5.5,9.0,7.0,7.5,7.5,1.5,inferred-v1,5.0,7.0,6.0,6.5,0.5,2.0,1.0,1.0,0.15,0.894,0.1306,1.72,2.41,0
B6-ADV-040,6.0,adv-disadv,technology,writing9.com,D-auto,235,7.5,7.5,7.5,6.0,7.0,1.0,inferred-v1,6.5,6.5,6.5,5.0,1.0,1.0,1.0,1.0,0.875,0.626,0.0085,1.7,3.83,0
B6-ADV-041,6.0,adv-disadv,social,writing9.com,D-auto,314,9.0,8.0,7.5,6.5,8.0,2.0,inferred-v1,7.0,6.5,6.0,5.0,2.0,1.5,1.5,1.5,0.667,0.626,0.0191,3.5,4.46,2
B6-ADV-042,6.0,adv-disadv,globalization-work,writing9.com,D-auto,398,8.0,9.0,9.0,7.0,8.5,2.5,inferred-v1,6.0,6.5,7.0,5.0,2.0,2.5,2.0,2.0,0.812,0.667,0.005,4.27,4.77,0
B6-DIS-001,6.0,discussion,social,ielts-blog.com,C-blog,252,6.0,8.0,7.0,7.0,7.0,1.0,inferred-v1,5.0,7.0,6.0,6.0,1.0,1.0,1.0,1.0,0.421,0.823,0.0476,1.98,1.19,0
B6-DIS-003,6.0,discussion,education,writing9.com,D-auto,278,6.0,8.0,7.0,7.5,7.0,1.0,inferred-v1,5.0,7.0,6.0,6.5,1.0,1.0,1.0,1.0,0.273,0.786,0.0216,2.52,4.32,0
B6-DIS-005,6.0,discussion,globalization-work,writing9.com,D-auto,267,7.5,8.0,7.5,8.0,8.0,2.0,inferred-v1,6.0,6.0,6.0,6.5,1.5,2.0,1.5,1.5,0.571,0.6,0.0037,4.49,4.49,0
B6-DIS-007,6.0,discussion,health,writing9.com,D-auto,336,7.5,8.0,7.0,9.0,8.0,2.0,inferred-v1,5.5,6.0,5.0,7.0,2.0,2.0,2.0,2.0,0.5,0.592,0.0119,5.06,4.46,0
B6-DIS-008,6.0,discussion,globalization-work,writing9.com,D-auto,296,6.5,7.5,7.0,9.0,7.5,1.5,inferred-v1,5.0,6.0,5.5,7.0,1.5,1.5,1.5,2.0,0.444,0.689,0.0034,4.73,2.36,0
B6-DIS-009,6.0,discussion,technology,writing9.com,D-auto,246,6.0,7.5,7.5,7.0,7.0,1.0,inferred-v1,5.0,6.5,6.5,6.0,1.0,1.0,1.0,1.0,0.467,0.779,0.0,4.47,2.03,0
B6-DIS-010,6.0,discussion,social,writing9.com,D-auto,302,7.5,8.0,8.0,7.5,8.0,2.0,inferred-v1,6.0,6.0,6.5,6.0,1.5,2.0,1.5,1.5,0.808,0.799,0.0199,3.97,3.31,0
B6-DIS-012,6.0,discussion,social,writing9.com,D-auto,295,6.0,8.0,7.5,7.0,7.0,1.0,inferred-v1,5.0,7.0,6.5,6.0,1.0,1.0,1.0,1.0,0.406,0.817,0.0203,3.39,4.75,0
B6-DIS-013,6.0,discussion,globalization-work,writing9.com,D-auto,414,7.0,8.0,8.0,7.5,7.5,1.5,inferred-v1,5.5,6.5,6.5,6.0,1.5,1.5,1.5,1.5,0.474,0.691,0.0121,5.07,3.86,0
B6-DIS-014,6.0,discussion,social,writing9.com,D-auto,359,7.0,9.0,7.0,6.0,7.5,1.5,inferred-v1,6.0,7.0,6.0,5.0,1.0,2.0,1.0,1.0,0.345,0.734,0.0195,3.62,3.34,1
B6-DIS-015,6.0,discussion,globalization-work,writing9.com,D-auto,448,7.0,9.0,7.0,6.5,7.5,1.5,inferred-v1,5.5,7.0,5.5,5.0,1.5,2.0,1.5,1.5,0.455,0.796,0.0603,4.46,3.35,1
B6-DIS-016,6.0,discussion,globalization-work,writing9.com,D-auto,259,6.5,7.5,7.5,6.5,7.0,1.0,inferred-v1,5.5,6.5,6.5,5.5,1.0,1.0,1.0,1.0,0.545,0.761,0.0077,3.47,4.63,0
B6-DIS-017,6.0,discussion,health,writing9.com,D-auto,275,7.0,7.5,7.0,8.0,7.5,1.5,inferred-v1,5.5,6.0,5.5,6.5,1.5,1.5,1.5,1.5,0.483,0.654,0.0036,1.09,3.27,0
B6-DIS-018,6.0,discussion,media,writing9.com,D-auto,369,7.0,9.0,8.0,8.0,8.0,2.0,inferred-v1,5.0,7.0,6.0,6.0,2.0,2.0,2.0,2.0,0.643,0.716,0.019,2.98,2.71,0
B6-DIS-019,6.0,discussion,education,writing9.com,D-auto,276,6.5,7.5,7.5,8.0,7.5,1.5,inferred-v1,5.0,6.0,6.0,6.5,1.5,1.5,1.5,1.5,0.588,0.706,0.0145,2.54,1.81,0
B6-DIS-022,6.0,discussion,technology,writing9.com,D-auto,257,7.5,7.5,8.0,8.0,8.0,2.0,inferred-v1,6.0,6.0,6.0,6.5,1.5,1.5,2.0,1.5,0.565,0.72,0.0,3.89,4.67,0
B6-DIS-023,6.0,discussion,social,writing9.com,D-auto,245,5.5,7.5,6.0,5.5,6.0,0.0,inferred-v1,5.5,7.0,6.0,5.5,0.0,0.5,0.0,0.0,0.429,0.773,0.0286,4.9,2.86,1
B6-DIS-024,6.0,discussion,social,writing9.com,D-auto,269,6.5,8.0,7.5,7.5,7.5,1.5,inferred-v1,5.0,6.5,6.0,6.0,1.5,1.5,1.5,1.5,0.55,0.748,0.0335,2.97,4.46,0
B6-DIS-025,6.0,discussion,media,writing9.com,D-auto,302,7.5,9.0,8.0,8.0,8.0,2.0,inferred-v1,5.5,7.0,6.0,6.0,2.0,2.0,2.0,2.0,0.471,0.723,0.0199,3.97,4.3,0
B6-DIS-026,6.0,discussion,social,writing9.com,D-auto,263,8.0,8.0,8.0,7.0,8.0,2.0,inferred-v1,6.0,6.5,6.5,5.5,2.0,1.5,1.5,1.5,0.857,0.697,0.0076,4.94,4.94,1
B6-DIS-027,6.0,discussion,government,writing9.com,D-auto,276,9.0,7.0,8.0,8.0,8.0,2.0,inferred-v1,7.0,5.0,6.0,6.0,2.0,2.0,2.0,2.0,0.833,0.579,0.0036,1.45,4.35,0
B6-DIS-028,6.0,discussion,education,writing9.com,D-auto,276,6.0,7.5,9.0,7.0,7.5,1.5,inferred-v1,5.0,6.0,7.0,5.5,1.0,1.5,2.0,1.5,0.739,0.858,0.0072,4.35,3.99,0
B6-DIS-029,6.0,discussion,education,writing9.com,D-auto,284,6.0,9.0,7.5,8.0,7.5,1.5,inferred-v1,5.0,7.0,6.0,6.5,1.0,2.0,1.5,1.5,0.294,0.698,0.0035,5.63,3.87,1
B6-DIS-030,6.0,discussion,culture,writing9.com,D-auto,253,8.0,7.5,7.5,8.0,8.0,2.0,inferred-v1,6.0,6.0,6.0,6.5,2.0,1.5,1.5,1.5,0.722,0.623,0.004,4.35,4.35,0
B6-DIS-031,6.0,discussion,social,writing9.com,D-auto,251,7.5,9.0,7.0,9.0,8.0,2.0,inferred-v1,5.5,7.0,5.0,7.0,2.0,2.0,2.0,2.0,0.48,0.77,0.012,3.19,3.59,0
B6-DIS-033,6.0,discussion,education,writing9.com,D-auto,231,7.0,9.0,9.0,6.5,8.0,2.0,inferred-v1,5.0,7.0,7.0,5.0,2.0,2.0,2.0,1.5,0.727,0.644,0.0,5.19,3.9,0
B6-DIS-036,6.0,discussion,globalization-work,writing9.com,D-auto,332,7.0,7.5,7.5,7.0,7.5,1.5,inferred-v1,6.0,6.0,6.5,6.0,1.0,1.5,1.0,1.0,0.15,0.64,0.006,5.72,3.31,0
B6-DIS-037,6.0,discussion,education,writing9.com,D-auto,271,7.5,8.0,7.5,7.5,7.5,1.5,inferred-v1,6.0,6.5,6.0,6.0,1.5,1.5,1.5,1.5,0.562,0.821,0.0258,4.8,3.32,2
B6-DIS-038,6.0,discussion,media,writing9.com,D-auto,259,7.0,7.5,6.5,7.5,7.0,1.0,inferred-v1,6.0,6.5,5.5,6.5,1.0,1.0,1.0,1.0,0.875,0.65,0.0,1.54,3.09,0
B6-DIS-039,6.0,discussion,government,writing9.com,D-auto,425,6.0,8.0,7.5,8.0,7.5,1.5,inferred-v1,5.0,6.5,6.0,6.5,1.0,1.5,1.5,1.5,0.522,0.81,0.0188,2.12,4.0,2
B6-DIS-040,6.0,discussion,globalization-work,writing9.com,D-auto,262,7.0,7.5,6.5,7.0,7.0,1.0,inferred-v1,6.0,6.5,5.5,6.0,1.0,1.0,1.0,1.0,0.467,0.602,0.0,3.05,4.58,0
B6-DIS-041,6.0,discussion,education,writing9.com,D-auto,309,7.0,8.0,7.5,8.0,7.5,1.5,inferred-v1,5.5,6.5,6.0,6.5,1.5,1.5,1.5,1.5,0.567,0.75,0.0485,3.24,2.59,1
B6-DIS-042,6.0,discussion,education,writing9.com,D-auto,316,7.0,8.0,8.0,8.0,8.0,2.0,inferred-v1,6.0,6.0,6.0,6.5,1.0,2.0,2.0,1.5,0.714,0.601,0.0095,5.7,3.48,0
B6-DIS-043,6.0,discussion,health,writing9.com,D-auto,337,7.0,8.0,7.5,6.5,7.5,1.5,inferred-v1,6.0,6.5,6.5,5.5,1.0,1.5,1.0,1.0,0.5,0.626,0.0386,5.64,4.45,0
B6-DIS-044,6.0,discussion,education,writing9.com,D-auto,330,7.0,8.0,8.0,9.0,8.0,2.0,inferred-v1,5.0,6.0,6.0,7.0,2.0,2.0,2.0,2.0,0.636,0.74,0.0091,4.55,4.55,0
B6-DIS-045,6.0,discussion,education,writing9.com,D-auto,241,5.5,7.5,8.0,5.5,6.5,0.5,inferred-v1,5.0,7.0,7.0,5.0,0.5,0.5,1.0,0.5,0.667,0.839,0.0124,1.24,2.49,0
B6-OP-001,6.0,opinion,health,ielts-blog.com,C-blog,277,5.5,8.0,6.0,7.5,7.0,1.0,inferred-v1,5.0,7.0,5.5,7.0,0.5,1.0,0.5,0.5,0.231,0.669,0.0469,2.53,2.53,0
B6-OP-002,6.0,opinion,health,ielts-blog.com,C-blog,281,5.5,7.5,7.5,8.0,7.0,1.0,inferred-v1,6.0,6.0,6.0,6.5,-0.5,1.5,1.5,1.5,0.333,0.768,0.0107,2.49,1.42,0
B6-OP-003,6.0,opinion,technology,ielts.international,A-examiner,200,5.5,7.5,7.0,7.5,7.0,1.0,official,6.0,6.0,6.0,6.0,-0.5,1.5,1.0,1.5,0.538,0.757,0.0,4.0,3.0,0
B6-OP-004,6.0,opinion,globalization-work,ielts-blog.com,C-blog,279,5.5,8.0,7.0,7.0,7.0,1.0,inferred-v1,5.0,7.0,6.0,6.0,0.5,1.0,1.0,1.0,0.4,0.804,0.0753,1.79,3.23,0
B6-OP-005,6.0,opinion,globalization-work,ielts-blog.com,C-blog,216,5.0,9.0,6.5,7.5,7.0,1.0,inferred-v1,5.0,7.0,5.5,6.5,0.0,2.0,1.0,1.0,0.462,0.802,0.0463,2.78,3.7,0
B6-OP-006,6.0,opinion,education,writing9.com,D-auto,300,7.0,9.0,9.0,8.0,8.5,2.5,inferred-v1,5.5,6.5,6.5,6.0,1.5,2.5,2.5,2.0,0.812,0.793,0.02,3.0,5.0,0
B6-OP-008,6.0,opinion,education,ielts-blog.com,C-blog,216,5.0,8.0,7.5,7.0,7.0,1.0,inferred-v1,5.0,7.0,6.5,6.0,0.0,1.0,1.0,1.0,0.3,0.804,0.0139,2.78,0.46,0
B6-OP-010,6.0,opinion,globalization-work,writing9.com,D-auto,276,6.5,7.0,7.5,6.0,7.0,1.0,inferred-v1,6.0,6.5,6.5,5.5,0.5,0.5,1.0,0.5,0.75,0.715,0.0145,1.09,3.62,0
B6-OP-013,6.0,opinion,globalization-work,writing9.com,D-auto,279,8.0,9.0,7.5,8.0,8.0,2.0,inferred-v1,6.0,7.0,5.5,6.0,2.0,2.0,2.0,2.0,0.8,0.597,0.0179,2.51,2.87,0
B6-OP-014,6.0,opinion,globalization-work,ielts-blog.com,C-blog,292,6.0,8.0,7.0,7.5,7.0,1.0,inferred-v1,5.0,7.0,6.0,6.5,1.0,1.0,1.0,1.0,0.519,0.743,0.0171,3.08,3.42,1
B6-OP-015,6.0,opinion,government,writing9.com,D-auto,231,6.0,8.0,7.5,7.5,7.5,1.5,inferred-v1,6.0,6.0,6.0,6.5,0.0,2.0,1.5,1.0,0.536,0.772,0.013,4.76,4.33,0
B6-OP-016,6.0,opinion,education,ielts-blog.com,C-blog,211,5.5,8.0,7.5,7.0,7.0,1.0,inferred-v1,5.0,7.0,6.5,6.0,0.5,1.0,1.0,1.0,0.545,0.695,0.0142,1.9,2.37,0
B6-OP-017,6.0,opinion,education,ielts-blog.com,C-blog,205,5.5,8.0,7.5,7.5,7.0,1.0,inferred-v1,6.0,6.0,6.0,6.5,-0.5,2.0,1.5,1.0,0.583,0.663,0.0195,2.93,4.88,0
B6-OP-018,6.0,opinion,education,writing9.com,D-auto,272,7.0,9.0,7.5,7.5,8.0,2.0,inferred-v1,5.5,7.0,6.0,6.0,1.5,2.0,1.5,1.5,0.688,0.752,0.0331,2.94,5.15,0
B6-OP-019,6.0,opinion,social,ielts-blog.com,C-blog,271,7.0,9.0,6.0,8.0,7.5,1.5,inferred-v1,5.5,7.0,5.0,6.5,1.5,2.0,1.0,1.5,0.429,0.667,0.0221,2.21,3.32,0
B6-OP-021,6.0,opinion,media,ielts-blog.com,C-blog,212,7.0,7.5,7.5,7.5,7.5,1.5,inferred-v1,5.5,6.0,6.0,6.0,1.5,1.5,1.5,1.5,0.778,0.843,0.0377,2.36,4.25,0
B6-OP-022,6.0,opinion,social,writing9.com,D-auto,253,7.0,7.5,7.5,7.0,7.5,1.5,inferred-v1,6.0,6.0,6.5,6.0,1.0,1.5,1.0,1.0,0.556,0.796,0.0316,1.58,3.56,0
B6-OP-023,6.0,two-part,crime,writing9.com,D-auto,371,8.0,8.0,8.0,8.0,8.0,2.0,inferred-v1,6.0,6.0,6.0,6.0,2.0,2.0,2.0,2.0,0.667,0.636,0.0647,2.43,4.04,0
B6-OP-024,6.0,opinion,education,writing9.com,D-auto,294,5.5,7.5,7.5,9.0,7.5,1.5,inferred-v1,5.0,6.0,6.0,7.0,0.5,1.5,1.5,2.0,0.421,0.768,0.0,3.06,2.04,0
B6-OP-025,6.0,opinion,education,writing9.com,D-auto,287,7.5,8.0,8.0,9.0,8.0,2.0,inferred-v1,5.5,6.0,6.0,7.0,2.0,2.0,2.0,2.0,0.568,0.714,0.0035,2.79,4.53,0
B6-OP-026,6.0,two-part,social,writing9.com,D-auto,305,7.5,8.0,7.5,9.0,8.0,2.0,inferred-v1,5.5,6.0,5.5,7.0,2.0,2.0,2.0,2.0,0.75,0.694,0.0131,4.26,4.92,1
B6-OP-028,6.0,opinion,education,writing9.com,D-auto,279,7.0,9.0,9.0,9.0,8.5,2.5,inferred-v1,5.0,6.5,6.5,6.5,2.0,2.5,2.5,2.5,0.583,0.66,0.0,4.3,5.02,0
B6-OP-029,6.0,opinion,education,writing9.com,D-auto,302,7.0,9.0,7.0,8.0,8.0,2.0,inferred-v1,5.5,7.0,5.5,6.5,1.5,2.0,1.5,1.5,0.619,0.671,0.0,1.66,4.3,1
B6-OP-030,6.0,opinion,education,writing9.com,D-auto,287,7.0,9.0,7.5,9.0,8.0,2.0,inferred-v1,5.0,7.0,5.5,7.0,2.0,2.0,2.0,2.0,0.318,0.682,0.0035,3.48,4.18,0
B6-OP-031,6.0,opinion,globalization-work,writing9.com,D-auto,241,6.0,7.0,7.5,6.5,7.0,1.0,inferred-v1,5.5,6.5,6.5,6.0,0.5,0.5,1.0,0.5,0.391,0.815,0.0083,3.32,3.73,1
B6-OP-032,6.0,opinion,health,writing9.com,D-auto,401,8.0,9.0,8.0,8.0,8.5,2.5,inferred-v1,6.0,6.5,6.0,6.0,2.0,2.5,2.0,2.0,0.8,0.799,0.02,3.49,3.74,0
B6-OP-033,6.0,opinion,environment,writing9.com,D-auto,364,7.5,8.0,8.0,8.0,8.0,2.0,inferred-v1,5.5,6.0,6.0,6.0,2.0,2.0,2.0,2.0,0.706,0.863,0.0412,3.57,3.02,0
B6-OP-035,6.0,opinion,globalization-work,writing9.com,D-auto,451,7.5,8.0,6.5,7.0,7.5,1.5,inferred-v1,6.5,6.5,5.5,6.0,1.0,1.5,1.0,1.0,0.429,0.812,0.0532,2.88,2.66,0
B6-OP-036,6.0,opinion,culture,writing9.com,D-auto,337,7.5,9.0,8.0,7.5,8.0,2.0,inferred-v1,5.5,7.0,6.0,5.5,2.0,2.0,2.0,2.0,0.842,0.629,0.0297,1.78,4.15,0
B6-OP-037,6.0,opinion,social,writing9.com,D-auto,288,8.0,7.5,7.0,8.0,7.5,1.5,inferred-v1,6.5,6.0,5.5,6.5,1.5,1.5,1.5,1.5,0.739,0.596,0.0035,1.74,5.56,0
B6-OP-038,6.0,opinion,education,writing9.com,D-auto,246,6.5,9.0,7.5,7.5,7.5,1.5,inferred-v1,5.0,7.0,6.0,6.0,1.5,2.0,1.5,1.5,0.583,0.658,0.0203,2.44,3.66,0
B6-OP-039,6.0,opinion,globalization-work,writing9.com,D-auto,325,6.0,7.5,7.5,7.5,7.0,1.0,inferred-v1,5.0,6.5,6.5,6.5,1.0,1.0,1.0,1.0,0.545,0.863,0.1046,2.77,2.46,0
B6-OP-040,6.0,opinion,globalization-work,writing9.com,D-auto,219,5.5,9.0,7.5,7.5,7.5,1.5,inferred-v1,5.0,7.0,6.0,6.0,0.5,2.0,1.5,1.5,0.667,0.773,0.0091,4.57,3.2,0
B6-OP-041,6.0,opinion,education,writing9.com,D-auto,275,7.5,9.0,9.0,8.0,8.5,2.5,inferred-v1,5.0,6.5,6.5,5.5,2.5,2.5,2.5,2.5,0.75,0.735,0.0073,2.55,4.36,0
B6-OP-042,6.0,opinion,social,writing9.com,D-auto,236,7.0,8.0,8.0,8.0,8.0,2.0,inferred-v1,6.0,6.0,6.0,6.5,1.0,2.0,2.0,1.5,1.0,0.622,0.0042,2.97,4.66,0
B6-OP-043,6.0,opinion,environment,writing9.com,D-auto,349,7.0,8.0,9.0,7.0,8.0,2.0,inferred-v1,5.5,6.5,7.0,5.5,1.5,1.5,2.0,1.5,0.583,0.679,0.0143,3.72,6.02,0
B6-OP-044,6.0,opinion,social,writing9.com,D-auto,259,7.5,7.5,9.0,7.5,8.0,2.0,inferred-v1,5.5,5.5,7.0,5.5,2.0,2.0,2.0,2.0,0.75,0.708,0.0039,0.77,4.25,0
B6-OP-045,6.0,opinion,education,writing9.com,D-auto,295,8.0,8.0,8.0,6.5,7.5,1.5,inferred-v1,6.5,6.5,6.5,5.0,1.5,1.5,1.5,1.5,0.852,0.67,0.0068,3.05,3.05,0
B6-OP-046,6.0,opinion,globalization-work,writing9.com,D-auto,259,8.0,9.0,7.0,8.0,8.0,2.0,inferred-v1,6.0,7.0,5.0,6.0,2.0,2.0,2.0,2.0,0.706,0.699,0.0,3.86,5.41,1
B6-OP-047,6.0,opinion,education,writing9.com,D-auto,269,7.0,9.0,9.0,6.5,8.0,2.0,inferred-v1,5.0,7.0,7.0,5.0,2.0,2.0,2.0,1.5,0.842,0.757,0.0112,2.97,3.35,0
B6-OP-048,6.0,opinion,globalization-work,writing9.com,D-auto,235,6.5,9.0,7.5,7.5,7.5,1.5,inferred-v1,5.0,7.0,6.0,6.0,1.5,2.0,1.5,1.5,0.714,0.879,0.034,2.13,3.4,0
B6-OP-049,6.0,opinion,education,writing9.com,D-auto,246,6.0,9.0,9.0,8.0,8.0,2.0,inferred-v1,5.5,6.5,6.5,6.0,0.5,2.5,2.5,2.0,0.75,0.739,0.0081,2.03,4.88,0
B6-OP-050,6.0,opinion,government,writing9.com,D-auto,261,7.5,9.0,7.0,8.0,8.0,2.0,inferred-v1,5.5,7.0,5.0,6.0,2.0,2.0,2.0,2.0,0.778,0.752,0.0383,3.07,4.6,0
B6-OP-052,6.0,opinion,globalization-work,writing9.com,D-auto,280,8.0,8.0,7.5,7.5,8.0,2.0,inferred-v1,6.0,6.5,6.0,6.0,2.0,1.5,1.5,1.5,0.6,0.674,0.0179,3.93,6.79,2
B6-OP-053,6.0,opinion,education,writing9.com,D-auto,266,7.0,9.0,7.0,9.0,8.0,2.0,inferred-v1,5.0,7.0,5.0,7.0,2.0,2.0,2.0,2.0,0.682,0.578,0.0113,4.89,4.51,1
B6-OP-054,6.0,opinion,technology,writing9.com,D-auto,291,7.0,9.0,7.5,8.0,8.0,2.0,inferred-v1,5.0,7.0,5.5,6.0,2.0,2.0,2.0,2.0,0.85,0.598,0.0034,3.44,3.78,0
B6-OP-055,6.0,opinion,education,writing9.com,D-auto,279,7.0,9.0,7.5,7.5,8.0,2.0,inferred-v1,5.5,7.0,6.0,6.0,1.5,2.0,1.5,1.5,0.667,0.885,0.0251,2.15,2.87,0
B6-OP-056,6.0,opinion,media,writing9.com,D-auto,294,6.0,8.0,6.5,6.5,7.0,1.0,inferred-v1,5.5,7.0,6.0,6.0,0.5,1.0,0.5,0.5,0.471,0.808,0.0102,1.7,2.38,1
B6-OP-058,6.0,opinion,education,writing9.com,D-auto,275,8.0,8.0,9.0,7.5,8.0,2.0,inferred-v1,6.0,6.0,7.0,5.5,2.0,2.0,2.0,2.0,0.591,0.681,0.0145,1.45,4.73,0
B6-OP-061,6.0,opinion,social,writing9.com,D-auto,313,6.0,7.5,7.5,8.0,7.5,1.5,inferred-v1,6.0,6.0,6.0,6.5,0.0,1.5,1.5,1.5,0.389,0.691,0.0415,2.56,4.15,0
B6-OP-062,6.0,opinion,health,writing9.com,D-auto,325,7.0,9.0,7.0,9.0,8.0,2.0,inferred-v1,5.0,7.0,5.0,7.0,2.0,2.0,2.0,2.0,0.562,0.668,0.0092,4.31,3.69,0
B6-OP-063,6.0,opinion,media,writing9.com,D-auto,284,6.5,9.0,9.0,6.5,8.0,2.0,inferred-v1,5.0,7.0,7.0,5.0,1.5,2.0,2.0,1.5,0.579,0.815,0.0176,4.23,2.82,0
B6-OP-064,6.0,opinion,education,writing9.com,D-auto,367,7.5,8.0,7.5,7.5,7.5,1.5,inferred-v1,6.0,6.5,6.0,6.0,1.5,1.5,1.5,1.5,0.773,0.718,0.0218,2.72,4.09,0
B6-OP-065,6.0,opinion,education,writing9.com,D-auto,394,6.5,8.0,7.5,7.5,7.5,1.5,inferred-v1,5.0,6.5,6.0,6.0,1.5,1.5,1.5,1.5,0.846,0.722,0.0127,2.28,2.03,0
B6-OP-068,6.0,opinion,social,writing9.com,D-auto,255,6.5,9.0,8.0,6.5,7.5,1.5,inferred-v1,5.0,7.0,6.5,5.0,1.5,2.0,1.5,1.5,0.667,0.754,0.0196,3.14,2.75,0
B6-OP-069,6.0,opinion,crime,writing9.com,D-auto,288,7.5,9.0,8.0,8.0,8.0,2.0,inferred-v1,5.5,7.0,6.0,6.0,2.0,2.0,2.0,2.0,0.6,0.641,0.0139,1.74,4.51,0
B6-OP-071,6.0,opinion,technology,writing9.com,D-auto,243,6.5,7.5,7.5,8.0,7.5,1.5,inferred-v1,5.0,6.0,6.0,6.5,1.5,1.5,1.5,1.5,0.389,0.647,0.0,4.12,4.12,0
B6-OP-072,6.0,opinion,technology,writing9.com,D-auto,467,6.5,8.0,7.0,8.0,7.5,1.5,inferred-v1,5.0,6.5,5.5,6.5,1.5,1.5,1.5,1.5,0.515,0.778,0.0428,3.21,1.93,0
B6-OP-073,6.0,opinion,technology,writing9.com,D-auto,275,6.0,7.0,7.5,6.5,7.0,1.0,inferred-v1,5.5,6.5,6.5,6.0,0.5,0.5,1.0,0.5,0.5,0.754,0.0145,1.09,6.18,0
B6-OP-074,6.0,opinion,media,writing9.com,D-auto,369,8.0,8.0,7.5,6.5,7.5,1.5,inferred-v1,6.5,6.5,6.0,5.0,1.5,1.5,1.5,1.5,0.731,0.559,0.0136,2.71,5.15,0
B6-OP-075,6.0,opinion,technology,writing9.com,D-auto,282,6.5,9.0,8.0,9.0,8.0,2.0,inferred-v1,5.5,6.5,6.0,6.5,1.0,2.5,2.0,2.5,0.538,0.779,0.0106,3.19,4.26,0
B6-OP-076,6.0,opinion,technology,writing9.com,D-auto,258,7.0,7.0,7.0,7.5,7.0,1.0,inferred-v1,6.0,6.0,6.0,6.5,1.0,1.0,1.0,1.0,0.5,0.705,0.031,1.55,4.65,0
B6-OP-080,6.0,opinion,education,writing9.com,D-auto,286,6.5,9.0,8.0,8.0,8.0,2.0,inferred-v1,5.0,7.0,6.0,6.0,1.5,2.0,2.0,2.0,1.0,0.829,0.028,2.1,3.5,0
B6-OP-081,6.0,opinion,globalization-work,writing9.com,D-auto,262,7.5,8.0,9.0,8.0,8.0,2.0,inferred-v1,5.5,6.0,7.0,6.0,2.0,2.0,2.0,2.0,0.667,0.719,0.0153,6.11,4.58,0
B6-OP-082,6.0,opinion,culture,writing9.com,D-auto,228,7.0,9.0,7.5,8.0,8.0,2.0,inferred-v1,5.0,7.0,5.5,6.0,2.0,2.0,2.0,2.0,0.524,0.685,0.0,3.07,4.82,0
B6-OP-083,6.0,opinion,globalization-work,ielts-blog.com,C-blog,155,4.0,8.0,7.5,7.0,6.5,0.5,inferred-v1,6.0,6.0,6.0,6.5,-2.0,2.0,1.5,0.5,0.385,0.899,0.0323,1.94,3.23,0
B6-REP-001,6.0,report,environment,ielts.international,A-examiner,205,6.0,7.5,7.0,5.5,6.5,0.5,official,6.0,6.5,6.0,6.0,0.0,1.0,1.0,-0.5,0.75,0.746,0.0098,1.95,2.44,1
B6-REP-002,6.0,report,environment,writing9.com,D-auto,267,6.5,9.0,9.0,9.0,8.5,2.5,inferred-v1,5.0,6.5,6.5,6.5,1.5,2.5,2.5,2.5,0.571,0.768,0.0075,3.0,4.49,0
B6-REP-003,6.0,report,health,writing9.com,D-auto,297,7.5,8.0,7.5,8.0,8.0,2.0,inferred-v1,6.0,6.0,6.0,6.5,1.5,2.0,1.5,1.5,0.562,0.702,0.0539,2.36,2.36,0
B6-REP-004,6.0,report,education,ielts-blog.com,C-blog,285,7.0,9.0,6.5,8.0,7.5,1.5,inferred-v1,5.5,7.0,5.0,6.5,1.5,2.0,1.5,1.5,0.667,0.558,0.0211,2.46,2.81,0
B6-REP-005,6.0,report,education,writing9.com,D-auto,314,5.5,9.0,9.0,8.0,8.0,2.0,inferred-v1,5.5,6.5,6.5,6.0,0.0,2.5,2.5,2.0,0.625,0.804,0.0159,2.87,3.82,0
B6-REP-006,6.0,report,social,writing9.com,D-auto,391,8.0,8.0,7.5,7.5,8.0,2.0,inferred-v1,6.0,6.5,6.0,6.0,2.0,1.5,1.5,1.5,0.706,0.681,0.023,2.81,4.09,0
B6-REP-010,6.0,report,social,writing9.com,D-auto,328,6.5,8.0,7.5,7.5,7.5,1.5,inferred-v1,5.0,6.5,6.0,6.0,1.5,1.5,1.5,1.5,0.727,0.689,0.0244,3.35,3.66,0
B6-REP-011,6.0,report,health,writing9.com,D-auto,284,6.0,7.5,7.0,6.5,7.0,1.0,inferred-v1,5.5,6.5,6.5,6.0,0.5,1.0,0.5,0.5,0.812,0.719,0.0211,2.11,4.58,0
B6-REP-013,6.0,report,health,writing9.com,D-auto,287,6.5,7.0,9.0,6.5,7.5,1.5,inferred-v1,5.5,6.0,7.0,5.5,1.0,1.0,2.0,1.0,0.692,0.721,0.0035,1.05,5.92,0
B6-REP-014,6.0,report,health,writing9.com,D-auto,265,6.5,7.5,7.5,6.0,7.0,1.0,inferred-v1,5.5,6.5,6.5,5.0,1.0,1.0,1.0,1.0,0.75,0.692,0.0264,1.51,5.66,0
B6-REP-015,6.0,report,social,writing9.com,D-auto,299,6.5,8.0,6.5,7.0,7.0,1.0,inferred-v1,5.5,7.0,5.5,6.0,1.0,1.0,1.0,1.0,0.348,0.671,0.0535,1.0,2.01,0
B6-REP-016,6.0,report,culture,writing9.com,D-auto,341,7.5,8.0,8.0,8.0,8.0,2.0,inferred-v1,5.5,6.0,6.0,6.0,2.0,2.0,2.0,2.0,0.714,0.708,0.0117,2.35,3.23,0
B6-REP-017,6.0,report,globalization-work,writing9.com,D-auto,297,6.0,7.5,7.5,8.0,7.5,1.5,inferred-v1,6.0,6.0,6.0,6.5,0.0,1.5,1.5,1.5,0.688,0.673,0.0236,2.02,3.37,0
B6-REP-018,6.0,report,health,writing9.com,D-auto,290,7.0,9.0,7.5,7.5,8.0,2.0,inferred-v1,5.5,7.0,6.0,6.0,1.5,2.0,1.5,1.5,0.462,0.669,0.0069,3.1,5.17,0
B6-REP-019,6.0,report,social,writing9.com,D-auto,467,8.0,7.0,7.5,6.5,7.5,1.5,inferred-v1,6.5,6.0,6.5,5.5,1.5,1.0,1.0,1.0,0.583,0.688,0.0214,3.21,4.28,0
B6-REP-020,6.0,report,environment,writing9.com,D-auto,285,7.0,8.0,7.5,7.5,7.5,1.5,inferred-v1,5.5,6.5,6.0,6.0,1.5,1.5,1.5,1.5,0.818,0.733,0.0281,0.7,3.16,1
B6-REP-021,6.0,report,social,writing9.com,D-auto,253,7.5,8.0,8.0,7.5,8.0,2.0,inferred-v1,6.0,6.0,6.5,6.0,1.5,2.0,1.5,1.5,0.615,0.818,0.0119,5.14,3.16,0
B6-REP-022,6.0,report,social,writing9.com,D-auto,214,6.0,9.0,7.5,7.5,7.5,1.5,inferred-v1,5.0,7.0,6.0,6.0,1.0,2.0,1.5,1.5,0.4,0.824,0.014,2.34,2.8,0
B6-REP-023,6.0,report,globalization-work,writing9.com,D-auto,266,6.0,8.0,7.5,8.0,7.5,1.5,inferred-v1,5.0,6.5,6.0,6.5,1.0,1.5,1.5,1.5,0.5,0.819,0.0075,2.63,2.63,0
B6-REP-025,6.0,report,globalization-work,writing9.com,D-auto,314,5.0,8.0,7.0,7.0,7.0,1.0,inferred-v1,6.0,6.0,6.0,6.5,-1.0,2.0,1.0,0.5,0.407,0.733,0.0191,1.91,3.18,1
B6-REP-026,6.0,report,globalization-work,writing9.com,D-auto,268,5.5,9.0,7.5,9.0,8.0,2.0,inferred-v1,5.5,6.5,6.0,6.5,0.0,2.5,1.5,2.5,0.4,0.641,0.0037,2.61,4.48,1
B6-REP-027,6.0,report,environment,writing9.com,D-auto,248,5.0,7.0,8.0,6.5,6.5,0.5,inferred-v1,5.0,6.5,7.0,6.0,0.0,0.5,1.0,0.5,0.444,0.631,0.0081,1.21,5.65,0
B6-REP-029,6.0,report,social,writing9.com,D-auto,271,6.0,9.0,7.5,7.5,7.5,1.5,inferred-v1,5.0,7.0,6.0,6.0,1.0,2.0,1.5,1.5,0.571,0.728,0.0295,1.85,2.58,0
B6-TQ-002,6.0,opinion,social,ielts-blog.com,C-blog,308,7.0,9.0,7.5,6.5,7.5,1.5,inferred-v1,5.5,7.0,6.0,5.0,1.5,2.0,1.5,1.5,0.625,0.667,0.0227,1.62,3.9,0
B6-TQ-003,6.0,opinion,social,ielts-blog.com,C-blog,162,4.5,8.0,7.0,5.5,6.5,0.5,inferred-v1,5.0,7.0,7.0,5.5,-0.5,1.0,0.0,0.0,0.647,0.753,0.0247,2.47,2.47,0
B6-TQ-004,6.0,two-part,health,writing9.com,D-auto,265,5.5,8.0,7.0,7.0,7.0,1.0,inferred-v1,5.0,7.0,6.0,6.0,0.5,1.0,1.0,1.0,0.353,0.859,0.0189,1.13,1.89,1
B6-TQ-005,6.0,two-part,social,writing9.com,D-auto,275,7.5,9.0,8.0,9.0,8.5,2.5,inferred-v1,5.0,6.5,5.5,6.5,2.5,2.5,2.5,2.5,0.769,0.684,0.0036,2.91,4.36,1
B6-TQ-006,6.0,two-part,environment,writing9.com,D-auto,286,6.5,8.0,9.0,7.5,8.0,2.0,inferred-v1,5.0,6.5,7.0,6.0,1.5,1.5,2.0,1.5,0.789,0.745,0.0175,4.2,3.15,0
B6-TQ-007,6.0,opinion,social,writing9.com,D-auto,249,5.5,7.0,7.0,6.0,6.5,0.5,inferred-v1,5.0,6.5,6.5,5.5,0.5,0.5,0.5,0.5,0.4,0.602,0.0,1.2,6.02,0
B65-ADV-001,6.5,adv-disadv,media,cdieltsprep.com,B-teacher,254,7.0,7.5,8.0,8.0,7.5,1.0,inferred-v1,6.0,6.5,7.0,7.0,1.0,1.0,1.0,1.0,0.778,0.762,0.0039,2.36,3.54,0
B65-ADV-002,6.5,adv-disadv,social,writing9.com,D-auto,350,7.0,9.0,7.0,8.0,8.0,1.5,inferred-v1,6.0,7.5,6.0,7.0,1.0,1.5,1.0,1.0,0.625,0.719,0.0343,2.57,3.71,0
B65-ADV-003,6.5,adv-disadv,education,cdieltsprep.com,B-teacher,264,7.5,8.0,8.0,9.0,8.0,1.5,inferred-v1,6.0,6.5,6.5,7.5,1.5,1.5,1.5,1.5,0.778,0.754,0.0038,2.27,5.68,0
B65-ADV-004,6.5,adv-disadv,globalization-work,writing9.com,D-auto,272,7.5,9.0,9.0,9.0,8.5,2.0,inferred-v1,5.5,7.0,7.0,7.0,2.0,2.0,2.0,2.0,0.733,0.735,0.0147,2.57,4.78,0
B65-ADV-006,6.5,adv-disadv,education,writing9.com,D-auto,250,7.5,9.0,9.0,6.5,8.0,1.5,inferred-v1,6.0,7.5,7.5,5.5,1.5,1.5,1.5,1.0,0.722,0.746,0.016,2.8,3.6,0
B65-ADV-009,6.5,adv-disadv,globalization-work,cdieltsprep.com,B-teacher,256,6.5,7.5,7.5,8.0,7.5,1.0,inferred-v1,5.5,6.5,6.5,7.0,1.0,1.0,1.0,1.0,0.737,0.731,0.0039,1.95,5.47,1
B65-ADV-010,6.5,adv-disadv,globalization-work,cdieltsprep.com,B-teacher,255,6.5,8.0,8.0,8.0,7.5,1.0,inferred-v1,5.5,7.0,7.0,7.0,1.0,1.0,1.0,1.0,0.5,0.763,0.0078,1.57,3.92,0
B65-ADV-012,6.5,adv-disadv,crime,cdieltsprep.com,B-teacher,266,8.0,7.5,8.0,9.0,8.0,1.5,inferred-v1,6.5,6.0,6.5,7.5,1.5,1.5,1.5,1.5,0.708,0.644,0.0038,2.63,4.51,0
B65-ADV-013,6.5,adv-disadv,social,cdieltsprep.com,B-teacher,288,7.0,9.0,7.5,9.0,8.0,1.5,inferred-v1,5.5,7.5,6.0,7.5,1.5,1.5,1.5,1.5,0.846,0.754,0.0,2.78,3.82,0
B65-ADV-014,6.5,adv-disadv,social,writing9.com,D-auto,340,6.5,8.0,7.5,6.5,7.0,0.5,inferred-v1,6.0,7.5,7.0,6.0,0.5,0.5,0.5,0.5,0.846,0.825,0.0324,2.35,3.24,0
B65-ADV-015,6.5,adv-disadv,technology,cdieltsprep.com,B-teacher,264,6.0,7.5,7.0,9.0,7.5,1.0,inferred-v1,5.5,6.5,6.0,7.5,0.5,1.0,1.0,1.5,0.455,0.723,0.0038,2.65,5.3,1
B65-ADV-018,6.5,adv-disadv,globalization-work,writing9.com,D-auto,266,6.0,7.5,7.5,8.0,7.5,1.0,inferred-v1,6.5,6.5,6.5,7.0,-0.5,1.0,1.0,1.0,0.667,0.84,0.0263,2.26,3.38,0
B65-ADV-020,6.5,two-part,globalization-work,cdieltsprep.com,B-teacher,263,7.5,8.0,7.5,9.0,8.0,1.5,inferred-v1,6.0,6.5,6.0,7.5,1.5,1.5,1.5,1.5,0.529,0.735,0.0,3.8,5.32,0
B65-ADV-021,6.5,adv-disadv,social,writing9.com,D-auto,251,5.5,7.0,8.0,7.0,7.0,0.5,inferred-v1,5.5,6.5,7.5,6.5,0.0,0.5,0.5,0.5,0.423,0.635,0.0,1.2,6.37,0
B65-ADV-022,6.5,adv-disadv,health,writing9.com,D-auto,423,6.0,7.5,7.5,8.0,7.5,1.0,inferred-v1,6.5,6.5,6.5,7.0,-0.5,1.0,1.0,1.0,0.643,0.644,0.0307,4.02,4.49,0
B65-ADV-023,6.5,adv-disadv,social,writing9.com,D-auto,356,6.0,7.5,7.5,7.5,7.0,0.5,inferred-v1,5.5,7.0,7.0,7.0,0.5,0.5,0.5,0.5,0.368,0.742,0.014,1.97,1.97,0
B65-ADV-024,6.5,adv-disadv,globalization-work,cdieltsprep.com,B-teacher,258,6.0,7.5,7.0,8.0,7.0,0.5,inferred-v1,5.5,7.0,6.5,7.5,0.5,0.5,0.5,0.5,0.529,0.727,0.0116,1.55,6.59,1
B65-ADV-025,6.5,adv-disadv,media,cdieltsprep.com,B-teacher,282,7.5,8.0,7.0,7.5,7.5,1.0,inferred-v1,6.5,7.0,6.0,6.5,1.0,1.0,1.0,1.0,0.733,0.681,0.0177,2.13,5.67,0
B65-ADV-026,6.5,adv-disadv,education,writing9.com,D-auto,285,9.0,8.0,8.0,9.0,8.5,2.0,inferred-v1,7.0,6.0,6.0,7.0,2.0,2.0,2.0,2.0,0.8,0.752,0.0035,3.51,4.21,0
B65-ADV-027,6.5,adv-disadv,social,writing9.com,D-auto,332,7.0,7.5,7.0,7.5,7.5,1.0,inferred-v1,6.5,6.5,6.5,7.0,0.5,1.0,0.5,0.5,0.471,0.691,0.0271,0.6,5.12,0
B65-ADV-028,6.5,adv-disadv,technology,writing9.com,D-auto,293,6.5,9.0,9.0,9.0,8.5,2.0,inferred-v1,5.5,7.0,7.0,7.0,1.0,2.0,2.0,2.0,0.762,0.734,0.0102,2.05,4.44,0
B65-ADV-029,6.5,adv-disadv,health,writing9.com,D-auto,270,9.0,9.0,9.0,8.0,9.0,2.5,inferred-v1,6.5,7.0,7.0,6.0,2.5,2.0,2.0,2.0,0.929,0.705,0.0074,2.22,6.3,0
B65-ADV-030,6.5,adv-disadv,government,cdieltsprep.com,B-teacher,290,7.0,8.0,7.0,9.0,8.0,1.5,inferred-v1,6.0,7.0,6.0,7.5,1.0,1.0,1.0,1.5,0.588,0.688,0.0,2.07,3.79,0
B65-ADV-031,6.5,adv-disadv,globalization-work,cdieltsprep.com,B-teacher,268,6.0,8.0,7.0,9.0,7.5,1.0,inferred-v1,5.5,7.0,6.0,7.5,0.5,1.0,1.0,1.5,0.625,0.713,0.0,2.61,4.1,1
B65-ADV-032,6.5,adv-disadv,education,writing9.com,D-auto,255,6.0,9.0,8.0,7.5,7.5,1.0,inferred-v1,5.5,7.5,7.0,6.5,0.5,1.5,1.0,1.0,0.417,0.764,0.0196,1.18,5.1,0
B65-ADV-033,6.5,adv-disadv,government,cdieltsprep.com,B-teacher,279,7.5,8.0,8.0,8.0,8.0,1.5,inferred-v1,6.0,6.5,6.5,6.5,1.5,1.5,1.5,1.5,0.81,0.685,0.0072,1.79,4.3,0
B65-ADV-034,6.5,adv-disadv,social,writing9.com,D-auto,290,5.5,8.0,7.5,8.0,7.5,1.0,inferred-v1,6.5,6.5,6.5,7.0,-1.0,1.5,1.0,1.0,0.312,0.741,0.0034,2.41,2.76,0
B65-ADV-035,6.5,adv-disadv,media,cdieltsprep.com,B-teacher,261,5.5,7.5,7.0,8.0,7.0,0.5,inferred-v1,5.5,7.0,6.5,7.5,0.0,0.5,0.5,0.5,0.611,0.7,0.0,1.53,3.07,0
B65-ADV-036,6.5,adv-disadv,globalization-work,writing9.com,D-auto,357,7.5,8.0,9.0,8.0,8.0,1.5,inferred-v1,6.0,6.5,7.5,6.5,1.5,1.5,1.5,1.5,0.733,0.751,0.014,2.8,3.08,0
B65-ADV-037,6.5,adv-disadv,education,writing9.com,D-auto,288,7.0,7.5,8.0,7.0,7.5,1.0,inferred-v1,6.0,6.5,7.0,6.0,1.0,1.0,1.0,1.0,0.889,0.714,0.0104,2.43,6.94,0
B65-ADV-038,6.5,adv-disadv,social,writing9.com,D-auto,288,6.0,8.0,9.0,9.0,8.0,1.5,inferred-v1,6.0,6.5,7.0,7.0,0.0,1.5,2.0,2.0,0.6,0.772,0.0139,2.08,3.82,0
B65-ADV-040,6.5,adv-disadv,health,writing9.com,D-auto,289,6.5,7.5,6.5,8.0,7.0,0.5,inferred-v1,6.0,7.0,6.0,7.5,0.5,0.5,0.5,0.5,0.5,0.781,0.0415,2.77,3.81,1
B65-ADV-041,6.5,adv-disadv,environment,writing9.com,D-auto,279,6.5,7.5,7.5,7.5,7.5,1.0,inferred-v1,6.5,6.5,6.5,7.0,0.0,1.0,1.0,0.5,0.394,0.867,0.0287,2.87,5.02,0
B65-ADV-042,6.5,adv-disadv,social,writing9.com,D-auto,445,7.5,7.5,8.0,9.0,8.0,1.5,inferred-v1,6.0,6.0,6.5,7.5,1.5,1.5,1.5,1.5,0.923,0.749,0.0045,2.47,4.72,1
B65-ADV-044,6.5,adv-disadv,health,writing9.com,D-auto,274,8.0,9.0,7.0,8.0,8.0,1.5,inferred-v1,6.5,7.5,5.5,6.5,1.5,1.5,1.5,1.5,0.75,0.609,0.0182,5.11,4.01,0
B65-ADV-045,6.5,adv-disadv,globalization-work,writing9.com,D-auto,246,5.5,9.0,7.5,7.0,7.5,1.0,inferred-v1,5.5,7.5,7.0,6.5,0.0,1.5,0.5,0.5,0.524,0.652,0.0081,0.81,4.07,0
B65-ADV-046,6.5,adv-disadv,education,writing9.com,D-auto,268,6.0,8.0,7.5,6.0,7.0,0.5,inferred-v1,5.5,7.5,7.0,5.5,0.5,0.5,0.5,0.5,0.533,0.691,0.041,5.6,3.36,0
B65-ADV-047,6.5,adv-disadv,environment,writing9.com,D-auto,285,7.5,8.0,9.0,9.0,8.5,2.0,inferred-v1,5.5,6.0,7.0,7.0,2.0,2.0,2.0,2.0,0.684,0.681,0.007,3.51,5.61,0
B65-ADV-048,6.5,adv-disadv,health,writing9.com,D-auto,365,5.0,9.0,7.5,7.5,7.5,1.0,inferred-v1,6.5,6.5,6.5,7.0,-1.5,2.5,1.0,0.5,0.417,0.7,0.063,1.92,2.74,0
B65-ADV-049,6.5,adv-disadv,social,writing9.com,D-auto,280,6.0,7.5,9.0,8.0,7.5,1.0,inferred-v1,5.5,6.5,7.5,7.0,0.5,1.0,1.5,1.0,0.562,0.74,0.0036,1.79,3.93,0
B65-ADV-050,6.5,adv-disadv,technology,writing9.com,D-auto,338,6.0,8.0,8.0,7.5,7.5,1.0,inferred-v1,5.5,7.0,7.0,6.5,0.5,1.0,1.0,1.0,0.556,0.736,0.0207,1.78,2.37,0
B65-ADV-052,6.5,adv-disadv,social,writing9.com,D-auto,267,7.5,8.0,7.5,9.0,8.0,1.5,inferred-v1,6.0,6.5,6.0,7.5,1.5,1.5,1.5,1.5,0.815,0.681,0.0,3.0,4.87,0
B65-ADV-054,6.5,adv-disadv,technology,writing9.com,D-auto,379,7.0,9.0,9.0,9.0,8.5,2.0,inferred-v1,5.5,7.0,7.0,7.0,1.5,2.0,2.0,2.0,0.692,0.815,0.0026,3.69,3.43,0
B65-ADV-055,6.5,adv-disadv,globalization-work,writing9.com,D-auto,290,6.5,7.0,7.5,7.5,7.0,0.5,inferred-v1,6.0,6.5,7.0,7.0,0.5,0.5,0.5,0.5,0.882,0.603,0.031,3.45,3.79,0
B65-DIS-001,6.5,discussion,social,ieltswritingcorrectionservice.com,A-examiner,270,7.0,7.5,6.5,8.0,7.5,1.0,official,6.0,6.0,6.0,7.0,1.0,1.5,0.5,1.0,0.808,0.66,0.0,3.33,2.96,1
B65-DIS-002,6.5,discussion,environment,ieltswritingcorrectionservice.com,A-examiner,263,7.0,7.0,7.0,8.0,7.5,1.0,official,6.0,6.0,6.0,7.0,1.0,1.0,1.0,1.0,0.792,0.814,0.0,4.18,1.9,1
B65-DIS-003,6.5,discussion,environment,cdieltsprep.com,B-teacher,261,6.5,7.5,7.0,9.0,7.5,1.0,inferred-v1,5.5,6.5,6.0,7.5,1.0,1.0,1.0,1.5,0.6,0.724,0.0038,2.3,4.21,1
B65-DIS-004,6.5,discussion,technology,ieltswritingcorrectionservice.com,A-examiner,288,7.5,7.5,6.5,8.0,7.5,1.0,official,6.0,6.0,6.0,7.0,1.5,1.5,0.5,1.0,0.783,0.623,0.0,4.17,3.47,1
B65-DIS-005,6.5,discussion,culture,cdieltsprep.com,B-teacher,265,6.5,7.5,7.0,9.0,7.5,1.0,inferred-v1,5.5,6.5,6.0,7.5,1.0,1.0,1.0,1.5,0.593,0.728,0.0038,3.4,5.66,1
B65-DIS-006,6.5,discussion,social,writing9.com,D-auto,256,6.5,8.0,7.5,6.0,7.0,0.5,inferred-v1,6.0,7.5,7.0,5.5,0.5,0.5,0.5,0.5,0.536,0.844,0.043,3.12,5.47,0
B65-DIS-007,6.5,discussion,social,cdieltsprep.com,B-teacher,299,7.0,7.5,7.5,8.0,7.5,1.0,inferred-v1,6.0,6.5,6.5,7.0,1.0,1.0,1.0,1.0,0.811,0.664,0.0067,1.67,4.68,0
B65-DIS-009,6.5,discussion,social,writing9.com,D-auto,347,7.0,8.0,8.0,9.0,8.0,1.5,inferred-v1,5.5,6.5,6.5,7.5,1.5,1.5,1.5,1.5,0.424,0.678,0.0,4.32,3.75,0
B65-DIS-010,6.5,discussion,globalization-work,cdieltsprep.com,B-teacher,251,6.5,8.0,7.0,9.0,7.5,1.0,inferred-v1,5.5,7.0,6.0,7.5,1.0,1.0,1.0,1.5,0.481,0.738,0.008,2.79,5.58,1
B65-DIS-012,6.5,discussion,globalization-work,writing9.com,D-auto,308,7.5,8.0,7.0,8.0,7.5,1.0,inferred-v1,6.5,7.0,6.0,7.0,1.0,1.0,1.0,1.0,0.789,0.682,0.0065,3.57,2.92,1
B65-DIS-013,6.5,discussion,culture,cdieltsprep.com,B-teacher,268,6.0,7.0,6.0,8.0,7.0,0.5,inferred-v1,6.0,7.0,6.0,7.5,0.0,0.0,0.0,0.5,0.56,0.741,0.0112,2.99,3.36,1
B65-DIS-014,6.5,discussion,media,cdieltsprep.com,B-teacher,261,6.0,7.5,7.0,9.0,7.5,1.0,inferred-v1,5.5,6.5,6.0,7.5,0.5,1.0,1.0,1.5,0.615,0.67,0.0077,2.68,4.21,1
B65-DIS-015,6.5,discussion,media,writing9.com,D-auto,290,6.0,8.0,7.0,8.0,7.5,1.0,inferred-v1,6.0,7.0,6.5,7.0,0.0,1.0,0.5,1.0,0.6,0.734,0.0586,2.41,2.07,1
B65-DIS-016,6.5,discussion,media,cdieltsprep.com,B-teacher,288,8.0,8.0,6.5,9.0,8.0,1.5,inferred-v1,6.5,6.5,5.5,7.5,1.5,1.5,1.0,1.5,0.846,0.677,0.0069,4.17,4.51,1
B65-DIS-017,6.5,discussion,education,writing9.com,D-auto,315,7.0,8.0,7.5,8.0,7.5,1.0,inferred-v1,6.0,7.0,6.5,7.0,1.0,1.0,1.0,1.0,0.476,0.67,0.0063,3.17,3.17,0
B65-DIS-018,6.5,discussion,environment,writing9.com,D-auto,257,7.5,7.5,7.5,8.0,7.5,1.0,inferred-v1,6.5,6.5,6.5,7.0,1.0,1.0,1.0,1.0,0.471,0.803,0.035,5.45,4.67,0
B65-DIS-019,6.5,discussion,education,cdieltsprep.com,B-teacher,259,6.0,7.5,8.0,9.0,7.5,1.0,inferred-v1,5.5,6.5,7.0,7.5,0.5,1.0,1.0,1.5,0.565,0.675,0.0077,2.32,4.25,0
B65-DIS-020,6.5,discussion,education,writing9.com,D-auto,407,8.0,8.0,8.0,9.0,8.5,2.0,inferred-v1,6.5,6.5,6.5,7.0,1.5,1.5,1.5,2.0,0.722,0.611,0.0,3.93,3.93,0
B65-DIS-021,6.5,discussion,social,writing9.com,D-auto,341,7.5,7.5,7.5,7.5,7.5,1.0,inferred-v1,6.5,6.5,6.5,6.5,1.0,1.0,1.0,1.0,0.571,0.661,0.0235,1.76,4.11,0
B65-DIS-023,6.5,discussion,media,writing9.com,D-auto,363,6.5,8.0,7.0,7.5,7.5,1.0,inferred-v1,6.0,7.0,6.5,7.0,0.5,1.0,0.5,0.5,0.276,0.837,0.0689,2.75,2.75,0
B65-DIS-024,6.5,discussion,environment,writing9.com,D-auto,325,6.5,7.0,6.0,8.0,7.0,0.5,inferred-v1,6.0,6.5,5.5,7.5,0.5,0.5,0.5,0.5,0.643,0.701,0.0246,3.08,3.69,1
B65-DIS-025,6.5,discussion,media,writing9.com,D-auto,260,7.5,7.5,6.0,7.5,7.0,0.5,inferred-v1,7.0,7.0,5.5,7.0,0.5,0.5,0.5,0.5,0.84,0.587,0.0154,3.08,4.23,1
B65-DIS-026,6.5,discussion,globalization-work,writing9.com,D-auto,286,7.5,8.0,7.0,9.0,8.0,1.5,inferred-v1,6.0,6.5,5.5,7.5,1.5,1.5,1.5,1.5,0.762,0.823,0.0105,3.5,3.85,0
B65-DIS-027,6.5,discussion,education,writing9.com,D-auto,339,7.5,9.0,7.5,9.0,8.5,2.0,inferred-v1,6.0,7.0,6.0,7.5,1.5,2.0,1.5,1.5,0.609,0.667,0.0,2.36,4.13,1
B65-DIS-028,6.5,discussion,technology,writing9.com,D-auto,250,7.0,7.5,8.0,8.0,7.5,1.0,inferred-v1,6.0,6.5,7.0,7.0,1.0,1.0,1.0,1.0,0.64,0.728,0.008,2.0,4.8,0
B65-DIS-031,6.5,discussion,technology,writing9.com,D-auto,257,7.5,9.0,7.5,9.0,8.5,2.0,inferred-v1,6.0,7.0,6.0,7.5,1.5,2.0,1.5,1.5,0.682,0.599,0.0,4.67,5.06,0
B65-DIS-032,6.5,discussion,social,writing9.com,D-auto,254,6.5,9.0,7.0,9.0,8.0,1.5,inferred-v1,5.5,7.5,5.5,7.5,1.0,1.5,1.5,1.5,0.684,0.786,0.0118,2.36,2.76,1
B65-DIS-033,6.5,discussion,education,writing9.com,D-auto,306,8.0,8.0,8.0,9.0,8.5,2.0,inferred-v1,6.5,6.5,6.5,7.0,1.5,1.5,1.5,2.0,0.792,0.684,0.0033,5.23,3.92,1
B65-DIS-034,6.5,discussion,technology,writing9.com,D-auto,258,7.5,9.0,7.5,8.0,8.0,1.5,inferred-v1,6.0,7.5,6.0,6.5,1.5,1.5,1.5,1.5,0.407,0.696,0.0194,3.88,5.81,0
B65-DIS-037,6.5,discussion,social,writing9.com,D-auto,353,7.0,9.0,6.5,9.0,8.0,1.5,inferred-v1,5.5,7.5,5.5,7.5,1.5,1.5,1.0,1.5,0.533,0.567,0.0085,3.4,4.25,0
B65-DIS-038,6.5,discussion,health,writing9.com,D-auto,273,7.0,8.0,7.5,9.0,8.0,1.5,inferred-v1,5.5,6.5,6.0,7.5,1.5,1.5,1.5,1.5,0.48,0.663,0.0,2.56,5.13,0
B65-DIS-040,6.5,discussion,health,writing9.com,D-auto,313,7.5,8.0,8.0,9.0,8.0,1.5,inferred-v1,6.0,6.5,6.5,7.5,1.5,1.5,1.5,1.5,0.542,0.674,0.0096,2.56,4.79,0
B65-DIS-041,6.5,discussion,education,writing9.com,D-auto,309,7.5,8.0,9.0,6.5,8.0,1.5,inferred-v1,6.5,7.0,7.5,5.5,1.0,1.0,1.5,1.0,0.684,0.693,0.0194,3.24,4.21,0
B65-DIS-042,6.5,discussion,education,writing9.com,D-auto,282,8.0,9.0,7.5,9.0,8.5,2.0,inferred-v1,6.0,7.0,5.5,7.0,2.0,2.0,2.0,2.0,0.789,0.56,0.0071,3.55,3.55,0
B65-DIS-043,6.5,discussion,social,writing9.com,D-auto,237,7.0,8.0,6.5,8.0,7.5,1.0,inferred-v1,6.0,7.0,5.5,7.0,1.0,1.0,1.0,1.0,0.5,0.62,0.0,6.33,5.91,1
B65-DIS-044,6.5,discussion,culture,writing9.com,D-auto,263,8.0,7.5,7.0,7.0,7.5,1.0,inferred-v1,7.0,6.5,6.0,6.0,1.0,1.0,1.0,1.0,0.875,0.486,0.0,4.18,4.18,0
B65-DIS-045,6.5,discussion,education,writing9.com,D-auto,329,6.0,9.0,7.5,9.0,8.0,1.5,inferred-v1,5.5,7.5,6.0,7.5,0.5,1.5,1.5,1.5,0.8,0.763,0.0,3.65,2.13,1
B65-DIS-046,6.5,discussion,education,writing9.com,D-auto,275,8.0,7.5,6.5,7.0,7.5,1.0,inferred-v1,7.0,7.0,6.0,6.5,1.0,0.5,0.5,0.5,0.655,0.519,0.0,4.0,3.64,0
B65-DIS-048,6.5,discussion,health,writing9.com,D-auto,273,7.5,8.0,7.0,8.0,7.5,1.0,inferred-v1,6.5,7.0,6.0,7.0,1.0,1.0,1.0,1.0,0.48,0.647,0.0073,2.56,2.93,0
B65-DIS-049,6.5,discussion,social,writing9.com,D-auto,413,7.0,8.0,8.0,6.5,7.5,1.0,inferred-v1,6.0,7.0,7.0,5.5,1.0,1.0,1.0,1.0,0.476,0.695,0.0097,3.87,3.39,0
B65-DIS-050,6.5,discussion,education,writing9.com,D-auto,285,6.5,7.5,7.5,8.0,7.5,1.0,inferred-v1,5.5,6.5,6.5,7.0,1.0,1.0,1.0,1.0,0.444,0.799,0.007,3.86,3.86,0
B65-DIS-052,6.5,discussion,education,ieltswritingcorrectionservice.com,A-examiner,269,6.5,9.0,9.0,8.0,8.0,1.5,official,6.0,6.0,6.0,7.0,0.5,3.0,3.0,1.0,0.913,0.708,0.0,3.72,4.09,0
B65-OP-001,6.5,opinion,education,writing9.com,D-auto,338,9.0,9.0,8.0,8.0,8.5,2.0,inferred-v1,7.0,7.0,6.0,6.0,2.0,2.0,2.0,2.0,0.739,0.765,0.0178,3.25,3.55,0
B65-OP-002,6.5,opinion,health,ieltswritingcorrectionservice.com,A-examiner,270,6.5,7.5,8.0,8.0,7.5,1.0,official,6.0,6.0,6.0,7.0,0.5,1.5,2.0,1.0,0.786,0.747,0.0,2.96,2.96,0
B65-OP-004,6.5,opinion,technology,writing9.com,D-auto,290,7.5,9.0,7.5,9.0,8.5,2.0,inferred-v1,6.0,7.0,6.0,7.5,1.5,2.0,1.5,1.5,0.875,0.538,0.0,3.1,4.48,0
B65-OP-006,6.5,opinion,government,writing9.com,D-auto,259,6.0,7.5,7.0,8.0,7.0,0.5,inferred-v1,5.5,7.0,6.5,7.5,0.5,0.5,0.5,0.5,0.429,0.898,0.0309,3.86,2.32,0
B65-OP-007,6.5,opinion,education,writing9.com,D-auto,284,7.0,8.0,8.0,8.0,8.0,1.5,inferred-v1,6.5,6.5,6.5,7.0,0.5,1.5,1.5,1.0,0.75,0.755,0.0035,2.82,4.93,1
B65-OP-009,6.5,opinion,culture,writing9.com,D-auto,317,7.5,8.0,7.5,9.0,8.0,1.5,inferred-v1,6.0,6.5,6.0,7.5,1.5,1.5,1.5,1.5,0.462,0.739,0.0126,2.84,4.1,0
B65-OP-014,6.5,opinion,social,writing9.com,D-auto,252,6.5,8.0,7.0,7.5,7.5,1.0,inferred-v1,6.0,7.0,6.5,7.0,0.5,1.0,0.5,0.5,0.5,0.752,0.0159,2.78,2.38,0
B65-OP-015,6.5,opinion,social,writing9.com,D-auto,314,7.5,9.0,6.5,6.0,7.5,1.0,inferred-v1,7.0,7.5,6.0,5.5,0.5,1.5,0.5,0.5,0.467,0.799,0.0287,3.5,2.23,0
B65-OP-016,6.5,two-part,social,writing9.com,D-auto,419,7.5,8.0,7.5,8.0,8.0,1.5,inferred-v1,6.5,6.5,6.5,7.0,1.0,1.5,1.0,1.0,0.667,0.8,0.0334,2.15,2.86,0
B65-OP-017,6.5,opinion,government,cdieltsprep.com,B-teacher,257,7.0,7.5,7.0,9.0,7.5,1.0,inferred-v1,6.0,6.5,6.0,7.5,1.0,1.0,1.0,1.5,0.737,0.775,0.0,3.5,4.28,0
B65-OP-018,6.5,opinion,social,writing9.com,D-auto,251,6.5,8.0,8.0,9.0,8.0,1.5,inferred-v1,5.5,6.5,6.5,7.5,1.0,1.5,1.5,1.5,0.75,0.783,0.004,3.59,3.59,0
B65-OP-019,6.5,opinion,social,writing9.com,D-auto,311,7.5,9.0,7.5,7.5,8.0,1.5,inferred-v1,6.0,7.5,6.0,6.0,1.5,1.5,1.5,1.5,0.65,0.761,0.0225,1.93,2.89,0
B65-OP-020,6.5,opinion,media,cdieltsprep.com,B-teacher,259,8.0,8.0,7.5,9.0,8.0,1.5,inferred-v1,6.5,6.5,6.0,7.5,1.5,1.5,1.5,1.5,0.727,0.7,0.0077,3.09,5.02,0
B65-OP-021,6.5,opinion,culture,writing9.com,D-auto,284,7.5,9.0,7.5,9.0,8.5,2.0,inferred-v1,6.0,7.0,6.0,7.5,1.5,2.0,1.5,1.5,0.5,0.677,0.0,3.87,4.93,0
B65-OP-022,6.5,opinion,social,writing9.com,D-auto,280,7.5,9.0,7.0,8.0,8.0,1.5,inferred-v1,6.0,7.5,5.5,6.5,1.5,1.5,1.5,1.5,0.875,0.644,0.0071,2.86,3.21,0
B65-OP-023,6.5,opinion,education,cdieltsprep.com,B-teacher,279,7.5,9.0,8.0,8.0,8.0,1.5,inferred-v1,6.0,7.5,6.5,6.5,1.5,1.5,1.5,1.5,0.533,0.645,0.0,3.94,6.45,0
B65-OP-025,6.5,opinion,crime,cdieltsprep.com,B-teacher,253,7.0,8.0,8.0,9.0,8.0,1.5,inferred-v1,5.5,6.5,6.5,7.5,1.5,1.5,1.5,1.5,0.588,0.794,0.0119,3.56,5.53,0
B65-OP-026,6.5,opinion,education,writing9.com,D-auto,278,6.5,9.0,7.0,9.0,8.0,1.5,inferred-v1,5.5,7.5,5.5,7.5,1.0,1.5,1.5,1.5,0.542,0.739,0.0036,3.6,3.96,0
B65-OP-027,6.5,opinion,health,cdieltsprep.com,B-teacher,266,7.0,8.0,7.5,9.0,8.0,1.5,inferred-v1,5.5,6.5,6.0,7.5,1.5,1.5,1.5,1.5,0.474,0.655,0.0,4.14,4.14,0
B65-OP-028,6.5,opinion,globalization-work,writing9.com,D-auto,253,7.5,9.0,7.5,8.0,8.0,1.5,inferred-v1,6.0,7.5,6.0,6.5,1.5,1.5,1.5,1.5,0.882,0.531,0.0119,5.14,5.14,0
B65-OP-029,6.5,opinion,environment,cdieltsprep.com,B-teacher,262,6.5,8.0,7.5,9.0,8.0,1.5,inferred-v1,5.5,7.0,6.5,7.5,1.0,1.0,1.0,1.5,0.368,0.688,0.0,4.96,6.87,0
B65-OP-030,6.5,opinion,social,cdieltsprep.com,B-teacher,269,7.0,8.0,7.0,9.0,8.0,1.5,inferred-v1,6.0,7.0,6.0,7.5,1.0,1.0,1.0,1.5,0.615,0.739,0.0037,2.23,4.09,0
B65-OP-033,6.5,opinion,health,writing9.com,D-auto,298,8.0,8.0,7.5,8.0,8.0,1.5,inferred-v1,6.5,6.5,6.0,6.5,1.5,1.5,1.5,1.5,0.696,0.715,0.0436,3.36,6.04,0
B65-OP-034,6.5,opinion,media,cdieltsprep.com,B-teacher,259,6.0,7.5,8.0,9.0,7.5,1.0,inferred-v1,5.5,6.5,7.0,7.5,0.5,1.0,1.0,1.5,0.636,0.734,0.0039,3.47,3.47,0
B65-OP-035,6.5,opinion,technology,cdieltsprep.com,B-teacher,250,7.0,7.5,8.0,9.0,8.0,1.5,inferred-v1,5.5,6.0,6.5,7.5,1.5,1.5,1.5,1.5,0.636,0.692,0.0,4.0,6.0,0
B65-OP-036,6.5,opinion,social,writing9.com,D-auto,318,8.0,9.0,8.0,8.0,8.5,2.0,inferred-v1,6.5,7.0,6.5,6.5,1.5,2.0,1.5,1.5,0.833,0.622,0.0,1.57,5.03,0
B65-OP-038,6.5,opinion,education,cdieltsprep.com,B-teacher,265,6.5,8.0,7.5,7.0,7.5,1.0,inferred-v1,6.0,7.0,7.0,6.5,0.5,1.0,0.5,0.5,0.643,0.682,0.0189,1.89,4.53,0
B65-OP-039,6.5,opinion,culture,writing9.com,D-auto,269,8.0,9.0,7.5,7.5,8.0,1.5,inferred-v1,6.5,7.5,6.0,6.0,1.5,1.5,1.5,1.5,0.5,0.736,0.0335,3.35,4.83,0
B65-OP-040,6.5,opinion,social,writing9.com,D-auto,259,8.0,9.0,7.0,9.0,8.5,2.0,inferred-v1,6.5,7.0,5.5,7.5,1.5,2.0,1.5,1.5,0.87,0.523,0.0,3.47,5.41,0
B65-OP-041,6.5,opinion,globalization-work,writing9.com,D-auto,257,7.0,9.0,8.0,6.5,7.5,1.0,inferred-v1,6.0,7.5,7.0,5.5,1.0,1.5,1.0,1.0,0.812,0.639,0.0311,3.11,3.89,0
B65-OP-042,6.5,opinion,social,writing9.com,D-auto,264,7.0,8.0,9.0,7.5,8.0,1.5,inferred-v1,5.5,6.5,7.5,6.0,1.5,1.5,1.5,1.5,0.611,0.826,0.0189,2.27,3.79,0
B65-OP-043,6.5,opinion,media,writing9.com,D-auto,382,7.0,9.0,7.5,7.5,8.0,1.5,inferred-v1,6.0,7.5,6.5,6.5,1.0,1.5,1.0,1.0,0.625,0.73,0.0236,3.66,3.14,0
B65-OP-044,6.5,two-part,media,writing9.com,D-auto,313,7.0,9.0,7.5,8.0,8.0,1.5,inferred-v1,5.5,7.5,6.0,6.5,1.5,1.5,1.5,1.5,0.769,0.663,0.016,3.19,3.19,0
B65-OP-045,6.5,opinion,globalization-work,writing9.com,D-auto,257,7.5,7.5,7.0,8.0,7.5,1.0,inferred-v1,6.5,6.5,6.0,7.0,1.0,1.0,1.0,1.0,0.429,0.656,0.0233,3.5,5.84,0
B65-OP-046,6.5,opinion,globalization-work,writing9.com,D-auto,316,6.5,9.0,8.0,7.5,8.0,1.5,inferred-v1,5.5,7.5,7.0,6.5,1.0,1.5,1.0,1.0,0.318,0.671,0.0032,4.75,5.38,0
B65-OP-047,6.5,opinion,health,writing9.com,D-auto,343,6.5,8.0,7.5,6.5,7.0,0.5,inferred-v1,6.0,7.5,7.0,6.0,0.5,0.5,0.5,0.5,0.615,0.743,0.0204,3.21,3.5,0
B65-OP-048,6.5,opinion,globalization-work,writing9.com,D-auto,289,6.5,8.0,8.0,8.0,7.5,1.0,inferred-v1,5.5,7.0,7.0,7.0,1.0,1.0,1.0,1.0,0.667,0.648,0.0,3.46,3.11,0
B65-OP-050,6.5,opinion,health,writing9.com,D-auto,254,6.5,9.0,6.5,8.0,7.5,1.0,inferred-v1,5.5,7.5,5.5,7.0,1.0,1.5,1.0,1.0,0.538,0.796,0.0157,3.15,3.94,0
B65-OP-052,6.5,opinion,globalization-work,writing9.com,D-auto,491,7.0,8.0,7.5,7.0,7.5,1.0,inferred-v1,6.0,7.0,6.5,6.0,1.0,1.0,1.0,1.0,0.667,0.8,0.0509,1.83,2.44,0
B65-OP-053,6.5,opinion,media,writing9.com,D-auto,322,7.0,8.0,7.5,7.5,7.5,1.0,inferred-v1,6.0,7.0,6.5,6.5,1.0,1.0,1.0,1.0,0.4,0.749,0.0217,3.73,5.28,0
B65-OP-054,6.5,opinion,education,writing9.com,D-auto,311,7.5,8.0,8.0,9.0,8.0,1.5,inferred-v1,6.0,6.5,6.5,7.5,1.5,1.5,1.5,1.5,0.552,0.719,0.0096,2.89,2.89,0
B65-OP-055,6.5,opinion,government,writing9.com,D-auto,252,8.0,9.0,7.0,8.0,8.0,1.5,inferred-v1,6.5,7.5,5.5,6.5,1.5,1.5,1.5,1.5,0.786,0.621,0.0,4.76,4.37,0
B65-OP-056,6.5,opinion,health,writing9.com,D-auto,290,8.0,7.5,9.0,7.5,8.0,1.5,inferred-v1,6.5,6.0,7.5,6.0,1.5,1.5,1.5,1.5,0.833,0.758,0.0172,2.41,5.52,0
B65-OP-057,6.5,opinion,technology,writing9.com,D-auto,263,7.5,7.5,9.0,8.0,8.0,1.5,inferred-v1,6.0,6.0,7.5,6.5,1.5,1.5,1.5,1.5,0.696,0.693,0.0076,3.42,5.7,0
B65-OP-058,6.5,opinion,education,writing9.com,D-auto,359,7.5,8.0,9.0,8.0,8.0,1.5,inferred-v1,6.0,6.5,7.5,6.5,1.5,1.5,1.5,1.5,0.692,0.698,0.0056,4.46,3.34,0
B65-OP-059,6.5,opinion,technology,writing9.com,D-auto,369,7.0,7.0,8.0,6.5,7.0,0.5,inferred-v1,6.5,6.5,7.5,6.0,0.5,0.5,0.5,0.5,0.615,0.661,0.0163,2.98,4.61,2
B65-OP-060,6.5,opinion,education,writing9.com,D-auto,252,6.5,9.0,9.0,6.5,8.0,1.5,inferred-v1,5.5,7.5,7.5,5.5,1.0,1.5,1.5,1.0,0.682,0.846,0.004,1.98,4.37,0
B65-OP-061,6.5,opinion,technology,writing9.com,D-auto,254,8.0,8.0,8.0,8.0,8.0,1.5,inferred-v1,6.5,6.5,6.5,6.5,1.5,1.5,1.5,1.5,0.818,0.653,0.0,4.33,6.69,0
B65-OP-062,6.5,opinion,health,writing9.com,D-auto,287,8.0,9.0,7.5,8.0,8.0,1.5,inferred-v1,6.5,7.5,6.0,6.5,1.5,1.5,1.5,1.5,0.786,0.604,0.0244,3.48,6.27,0
B65-OP-063,6.5,opinion,education,writing9.com,D-auto,291,6.5,9.0,9.0,9.0,8.5,2.0,inferred-v1,5.5,7.0,7.0,7.0,1.0,2.0,2.0,2.0,0.692,0.776,0.0034,4.12,3.78,0
B65-OP-064,6.5,opinion,education,writing9.com,D-auto,275,6.0,8.0,8.0,9.0,8.0,1.5,inferred-v1,6.5,6.5,6.5,7.0,-0.5,1.5,1.5,2.0,0.571,0.8,0.0036,5.45,3.64,0
B65-OP-065,6.5,opinion,technology,writing9.com,D-auto,285,6.0,9.0,8.0,7.5,7.5,1.0,inferred-v1,5.5,7.5,7.0,6.5,0.5,1.5,1.0,1.0,0.692,0.813,0.0632,3.51,3.16,0
B65-OP-066,6.5,opinion,education,writing9.com,D-auto,251,7.0,8.0,8.0,7.0,7.5,1.0,inferred-v1,6.0,7.0,7.0,6.0,1.0,1.0,1.0,1.0,0.556,0.772,0.0159,2.79,3.19,0
B65-OP-068,6.5,opinion,environment,writing9.com,D-auto,278,6.5,7.5,8.0,8.0,7.5,1.0,inferred-v1,5.5,6.5,7.0,7.0,1.0,1.0,1.0,1.0,0.357,0.718,0.0108,4.32,5.04,0
B65-OP-069,6.5,opinion,globalization-work,writing9.com,D-auto,248,6.0,9.0,7.0,8.0,7.5,1.0,inferred-v1,5.5,7.5,6.0,7.0,0.5,1.5,1.0,1.0,0.889,0.669,0.004,2.02,3.23,1
B65-OP-070,6.5,opinion,globalization-work,writing9.com,D-auto,229,6.5,9.0,8.0,7.5,8.0,1.5,inferred-v1,5.5,7.5,7.0,6.5,1.0,1.5,1.0,1.0,0.733,0.844,0.0262,4.37,4.37,0
B65-OP-071,6.5,opinion,education,writing9.com,D-auto,270,6.5,8.0,8.0,9.0,8.0,1.5,inferred-v1,5.5,6.5,6.5,7.5,1.0,1.5,1.5,1.5,0.611,0.758,0.0111,2.96,4.07,0
B65-OP-072,6.5,opinion,government,writing9.com,D-auto,265,6.5,8.0,6.5,6.5,7.0,0.5,inferred-v1,6.0,7.5,6.0,6.0,0.5,0.5,0.5,0.5,0.5,0.685,0.0038,1.89,4.91,2
B65-OP-073,6.5,opinion,culture,writing9.com,D-auto,255,7.5,9.0,9.0,7.5,8.5,2.0,inferred-v1,6.0,7.0,7.5,6.0,1.5,2.0,1.5,1.5,0.667,0.773,0.0157,3.92,4.31,0
B65-REP-001,6.5,report,crime,cdieltsprep.com,B-teacher,254,6.0,7.5,6.0,8.0,7.0,0.5,inferred-v1,5.5,7.0,5.5,7.5,0.5,0.5,0.5,0.5,0.529,0.8,0.0118,2.76,2.76,1
B65-REP-002,6.5,report,social,cdieltsprep.com,B-teacher,274,6.5,8.0,6.5,8.0,7.5,1.0,inferred-v1,6.0,7.0,6.0,7.5,0.5,1.0,0.5,0.5,0.722,0.769,0.0036,1.46,4.38,1
B65-REP-004,6.5,report,environment,writing9.com,D-auto,280,7.0,9.0,8.0,7.5,8.0,1.5,inferred-v1,5.5,7.5,6.5,6.0,1.5,1.5,1.5,1.5,0.688,0.803,0.0214,5.0,3.21,0
B65-REP-005,6.5,report,crime,cdieltsprep.com,B-teacher,279,5.0,8.0,6.0,8.0,7.0,0.5,inferred-v1,5.5,7.5,6.0,7.5,-0.5,0.5,0.0,0.5,0.389,0.627,0.0072,1.08,2.87,1
B65-REP-006,6.5,report,education,cdieltsprep.com,B-teacher,258,6.5,8.0,7.0,9.0,7.5,1.0,inferred-v1,5.5,7.0,6.0,7.5,1.0,1.0,1.0,1.5,0.526,0.713,0.0,2.33,3.49,1
B65-REP-008,6.5,report,health,cdieltsprep.com,B-teacher,257,5.0,7.5,7.0,8.0,7.0,0.5,inferred-v1,5.5,7.0,6.5,7.5,-0.5,0.5,0.5,0.5,0.368,0.719,0.0039,1.17,4.28,1
B65-REP-009,6.5,report,globalization-work,cdieltsprep.com,B-teacher,279,6.5,8.0,6.5,8.0,7.5,1.0,inferred-v1,6.0,7.0,6.0,7.5,0.5,1.0,0.5,0.5,0.5,0.685,0.0072,1.08,3.58,1
B65-REP-010,6.5,report,social,cdieltsprep.com,B-teacher,289,5.5,7.5,6.0,7.5,6.5,0.0,inferred-v1,5.5,7.5,6.0,7.5,0.0,0.0,0.0,0.0,0.4,0.65,0.0,0.69,3.81,1
B65-REP-012,6.5,report,health,cdieltsprep.com,B-teacher,265,5.0,7.5,7.5,8.0,7.0,0.5,inferred-v1,6.5,6.5,6.5,7.0,-1.5,1.0,1.0,1.0,0.435,0.654,0.0,1.51,3.77,0
B65-REP-013,6.5,report,health,cdieltsprep.com,B-teacher,253,6.5,9.0,7.0,9.0,8.0,1.5,inferred-v1,5.5,7.5,5.5,7.5,1.0,1.5,1.5,1.5,0.818,0.798,0.0079,2.37,2.77,0
B65-REP-014,6.5,report,social,cdieltsprep.com,B-teacher,289,5.5,8.0,7.0,7.5,7.0,0.5,inferred-v1,5.5,7.5,6.5,7.0,0.0,0.5,0.5,0.5,0.647,0.705,0.0277,1.38,4.15,1
B65-REP-015,6.5,report,technology,cdieltsprep.com,B-teacher,252,6.0,7.5,7.5,8.0,7.5,1.0,inferred-v1,6.5,6.5,6.5,7.0,-0.5,1.0,1.0,1.0,0.6,0.8,0.0,3.17,2.78,0
B65-REP-016,6.5,report,health,writing9.com,D-auto,318,7.5,7.5,7.0,8.0,7.5,1.0,inferred-v1,6.5,6.5,6.0,7.0,1.0,1.0,1.0,1.0,0.824,0.692,0.0031,2.52,5.35,1
B65-REP-018,6.5,two-part,globalization-work,writing9.com,D-auto,260,7.5,8.0,7.5,8.0,8.0,1.5,inferred-v1,6.5,6.5,6.5,7.0,1.0,1.5,1.0,1.0,1.0,0.59,0.0,3.85,5.0,0
B65-REP-019,6.5,report,education,writing9.com,D-auto,283,7.0,8.0,9.0,8.0,8.0,1.5,inferred-v1,5.5,6.5,7.5,6.5,1.5,1.5,1.5,1.5,0.75,0.722,0.0071,1.41,4.95,0
B65-TQ-002,6.5,two-part,education,writing9.com,D-auto,256,7.5,9.0,7.5,6.5,7.5,1.0,inferred-v1,6.5,7.5,6.5,5.5,1.0,1.5,1.0,1.0,0.778,0.754,0.0078,1.56,5.08,1
B65-TQ-003,6.5,two-part,environment,cdieltsprep.com,B-teacher,263,5.0,8.0,7.5,8.0,7.0,0.5,inferred-v1,6.5,6.5,6.5,7.0,-1.5,1.5,1.0,1.0,0.389,0.678,0.0076,1.52,4.56,0
B65-TQ-004,6.5,two-part,health,writing9.com,D-auto,297,7.5,9.0,7.5,8.0,8.0,1.5,inferred-v1,6.0,7.5,6.0,6.5,1.5,1.5,1.5,1.5,0.667,0.788,0.0135,3.03,4.71,0
B65-TQ-006,6.5,opinion,environment,writing9.com,D-auto,321,7.0,8.0,9.0,7.0,8.0,1.5,inferred-v1,6.0,7.0,7.5,6.0,1.0,1.0,1.5,1.0,0.6,0.647,0.0093,1.56,4.36,0
B65-TQ-007,6.5,two-part,culture,cdieltsprep.com,B-teacher,270,6.5,7.5,6.5,8.0,7.0,0.5,inferred-v1,6.0,7.0,6.0,7.5,0.5,0.5,0.5,0.5,0.471,0.75,0.0222,2.59,3.7,1
B65-TQ-009,6.5,two-part,government,writing9.com,D-auto,420,7.5,8.0,7.0,7.5,7.5,1.0,inferred-v1,6.5,7.0,6.0,6.5,1.0,1.0,1.0,1.0,0.667,0.617,0.0214,2.14,2.86,0
B65-TQ-010,6.5,opinion,social,writing9.com,D-auto,336,7.0,8.0,9.0,6.5,7.5,1.0,inferred-v1,6.0,7.0,7.5,5.5,1.0,1.0,1.5,1.0,0.556,0.702,0.0179,5.65,4.76,0
B65-TQ-011,6.5,opinion,government,writing9.com,D-auto,313,8.0,9.0,7.5,9.0,8.5,2.0,inferred-v1,6.0,7.0,5.5,7.0,2.0,2.0,2.0,2.0,0.667,0.563,0.0,4.15,4.15,0
B65-TQ-012,6.5,two-part,social,writing9.com,D-auto,307,7.0,8.0,7.5,8.0,7.5,1.0,inferred-v1,6.0,7.0,6.5,7.0,1.0,1.0,1.0,1.0,0.812,0.653,0.0065,1.95,1.63,0
B65-TQ-013,6.5,opinion,education,writing9.com,D-auto,307,7.0,8.0,7.0,7.5,7.5,1.0,inferred-v1,6.0,7.0,6.0,6.5,1.0,1.0,1.0,1.0,0.643,0.789,0.0163,4.89,3.91,1
B7-ADV-001,7.0,adv-disadv,technology,writing9.com,D-auto,311,8.0,9.0,8.0,9.0,8.5,1.5,inferred-v1,6.5,7.5,6.5,7.5,1.5,1.5,1.5,1.5,0.762,0.825,0.0096,4.5,2.25,1
B7-ADV-002,7.0,adv-disadv,education,writing9.com,D-auto,353,6.5,9.0,8.0,7.5,8.0,1.0,inferred-v1,6.0,8.0,7.5,7.0,0.5,1.0,0.5,0.5,0.526,0.693,0.0113,1.98,2.27,0
B7-ADV-003,7.0,adv-disadv,education,writing9.com,D-auto,332,6.0,9.0,7.5,8.0,7.5,0.5,inferred-v1,6.0,8.0,7.0,7.5,0.0,1.0,0.5,0.5,0.24,0.714,0.0241,2.11,3.31,0
B7-ADV-005,7.0,adv-disadv,government,writing9.com,D-auto,300,6.5,9.0,8.0,9.0,8.0,1.0,inferred-v1,6.5,7.5,7.0,7.5,0.0,1.5,1.0,1.5,0.375,0.798,0.01,3.67,2.0,0
B7-ADV-006,7.0,two-part,globalization-work,writing9.com,D-auto,355,6.0,7.5,7.0,6.0,6.5,-0.5,inferred-v1,6.5,8.0,7.5,6.5,-0.5,-0.5,-0.5,-0.5,0.615,0.91,0.0507,2.54,1.13,0
B7-ADV-007,7.0,adv-disadv,social,writing9.com,D-auto,301,8.0,8.0,9.0,9.0,8.5,1.5,inferred-v1,6.5,6.5,7.5,7.5,1.5,1.5,1.5,1.5,0.765,0.63,0.0,2.66,4.65,0
B7-ADV-008,7.0,adv-disadv,government,writing9.com,D-auto,267,6.0,9.0,7.5,8.0,7.5,0.5,inferred-v1,6.0,8.0,7.0,7.5,0.0,1.0,0.5,0.5,0.548,0.733,0.015,3.37,3.37,0
B7-ADV-009,7.0,adv-disadv,social,writing9.com,D-auto,307,6.0,9.0,7.5,6.0,7.0,0.0,inferred-v1,6.0,8.0,7.5,6.0,0.0,1.0,0.0,0.0,0.5,0.764,0.0554,1.95,3.58,0
B7-ADV-010,7.0,adv-disadv,health,writing9.com,D-auto,305,6.0,9.0,9.0,9.0,8.5,1.5,inferred-v1,7.0,7.0,7.0,7.5,-1.0,2.0,2.0,1.5,0.8,0.71,0.0033,3.28,4.26,0
B7-ADV-011,7.0,adv-disadv,media,writing9.com,D-auto,285,8.0,9.0,8.0,9.0,8.5,1.5,inferred-v1,6.5,7.5,6.5,7.5,1.5,1.5,1.5,1.5,0.812,0.629,0.0105,3.86,3.51,0
B7-ADV-012,7.0,adv-disadv,technology,writing9.com,D-auto,301,7.5,9.0,9.0,8.0,8.5,1.5,inferred-v1,6.0,7.5,7.5,6.5,1.5,1.5,1.5,1.5,0.581,0.691,0.0033,2.99,4.98,0
B7-ADV-013,7.0,adv-disadv,culture,writing9.com,D-auto,252,6.0,8.0,7.0,8.0,7.5,0.5,inferred-v1,6.5,7.5,7.0,7.5,-0.5,0.5,0.0,0.5,0.458,0.8,0.0278,2.78,3.57,0
B7-ADV-014,7.0,adv-disadv,education,writing9.com,D-auto,265,5.5,7.5,7.5,7.0,7.0,0.0,inferred-v1,6.0,7.5,7.5,7.0,-0.5,0.0,0.0,0.0,0.389,0.707,0.0302,1.89,3.77,0
B7-ADV-016,7.0,adv-disadv,social,writing9.com,D-auto,246,6.5,7.5,7.5,5.5,7.0,0.0,inferred-v1,7.0,7.5,8.0,6.0,-0.5,0.0,-0.5,-0.5,0.6,0.739,0.0041,3.25,2.85,0
B7-ADV-017,7.0,adv-disadv,globalization-work,writing9.com,D-auto,287,8.0,9.0,7.5,9.0,8.5,1.5,inferred-v1,6.5,7.5,6.0,7.5,1.5,1.5,1.5,1.5,0.55,0.709,0.0,3.48,4.88,0
B7-ADV-018,7.0,adv-disadv,globalization-work,writing9.com,D-auto,345,7.5,7.5,8.0,9.0,8.0,1.0,inferred-v1,6.5,6.5,7.0,8.0,1.0,1.0,1.0,1.0,1.0,0.792,0.0145,4.06,2.03,1
B7-ADV-019,7.0,two-part,globalization-work,writing9.com,D-auto,362,7.5,7.0,7.5,6.5,7.0,0.0,inferred-v1,7.5,7.0,7.5,6.5,0.0,0.0,0.0,0.0,0.5,0.828,0.0193,2.49,2.76,0
B7-ADV-020,7.0,adv-disadv,globalization-work,writing9.com,D-auto,267,7.0,7.5,8.0,8.0,7.5,0.5,inferred-v1,6.5,7.0,7.5,7.5,0.5,0.5,0.5,0.5,0.5,0.848,0.0075,2.25,5.24,0
B7-ADV-021,7.0,adv-disadv,media,writing9.com,D-auto,301,8.0,9.0,8.0,9.0,8.5,1.5,inferred-v1,6.5,7.5,6.5,7.5,1.5,1.5,1.5,1.5,0.824,0.689,0.0066,3.65,3.99,0
B7-ADV-022,7.0,adv-disadv,technology,writing9.com,D-auto,320,7.5,7.5,8.0,7.5,7.5,0.5,inferred-v1,7.0,7.0,7.5,7.0,0.5,0.5,0.5,0.5,0.556,0.744,0.0187,1.25,4.69,1
B7-ADV-023,7.0,two-part,social,writing9.com,D-auto,258,7.0,8.0,7.5,8.0,7.5,0.5,inferred-v1,6.5,7.5,7.0,7.5,0.5,0.5,0.5,0.5,0.615,0.719,0.0078,2.33,1.94,0
B7-ADV-024,7.0,two-part,technology,writing9.com,D-auto,305,6.5,9.0,8.0,8.0,8.0,1.0,inferred-v1,6.0,8.0,7.0,7.0,0.5,1.0,1.0,1.0,0.75,0.794,0.0066,2.62,2.62,0
B7-ADV-026,7.0,adv-disadv,culture,writing9.com,D-auto,282,8.0,9.0,8.0,7.5,8.0,1.0,inferred-v1,7.0,8.0,7.0,6.5,1.0,1.0,1.0,1.0,0.857,0.805,0.0248,1.77,3.9,0
B7-ADV-027,7.0,adv-disadv,education,writing9.com,D-auto,285,6.0,7.5,7.5,7.5,7.0,0.0,inferred-v1,6.0,7.5,7.5,7.5,0.0,0.0,0.0,0.0,0.625,0.746,0.0246,3.16,2.46,0
B7-ADV-028,7.0,adv-disadv,globalization-work,writing9.com,D-auto,323,8.0,8.0,8.0,9.0,8.5,1.5,inferred-v1,7.0,7.0,7.0,7.5,1.0,1.0,1.0,1.5,0.917,0.642,0.0062,2.17,3.72,0
B7-ADV-029,7.0,adv-disadv,environment,writing9.com,D-auto,311,8.0,9.0,7.5,9.0,8.5,1.5,inferred-v1,6.5,7.5,6.0,7.5,1.5,1.5,1.5,1.5,0.478,0.818,0.0096,3.22,5.47,0
B7-ADV-033,7.0,adv-disadv,health,writing9.com,D-auto,318,6.5,7.5,6.5,8.0,7.0,0.0,inferred-v1,6.5,7.5,6.5,8.0,0.0,0.0,0.0,0.0,0.36,0.765,0.0126,2.2,4.72,1
B7-ADV-035,7.0,adv-disadv,social,writing9.com,D-auto,294,8.0,9.0,9.0,8.0,8.5,1.5,inferred-v1,6.5,7.5,7.5,6.5,1.5,1.5,1.5,1.5,0.688,0.759,0.0068,3.4,4.08,0
B7-ADV-036,7.0,two-part,globalization-work,writing9.com,D-auto,353,9.0,9.0,9.0,9.0,9.0,2.0,inferred-v1,7.0,7.0,7.0,7.0,2.0,2.0,2.0,2.0,0.944,0.646,0.0028,2.83,3.97,0
B7-ADV-037,7.0,two-part,technology,writing9.com,D-auto,279,6.5,9.0,7.0,8.0,7.5,0.5,inferred-v1,6.0,8.0,6.5,7.5,0.5,1.0,0.5,0.5,0.417,0.889,0.0358,2.51,2.51,0
B7-DIS-001,7.0,discussion,media,ielts-blog.com,C-blog,214,5.5,9.0,7.0,8.0,7.5,0.5,inferred-v1,6.0,8.0,6.5,7.5,-0.5,1.0,0.5,0.5,0.263,0.851,0.014,3.27,4.67,0
B7-DIS-002,7.0,discussion,globalization-work,ielts.international,A-examiner,240,5.5,7.5,6.5,7.0,6.5,-0.5,official,7.0,7.0,7.5,7.0,-1.5,0.5,-1.0,0.0,0.3,0.867,0.0583,3.75,0.42,0
B7-DIS-004,7.0,discussion,crime,writing9.com,D-auto,378,7.5,8.0,7.5,8.0,8.0,1.0,inferred-v1,7.0,7.0,7.0,7.5,0.5,1.0,0.5,0.5,0.536,0.657,0.0238,5.29,2.91,0
B7-DIS-005,7.0,discussion,education,ielts.international,A-examiner,253,6.0,8.0,7.0,7.5,7.0,0.0,official,7.0,7.0,7.0,7.0,-1.0,1.0,0.0,0.5,0.391,0.88,0.0277,4.35,1.58,0
B7-DIS-006,7.0,discussion,environment,ielts-blog.com,C-blog,294,6.5,8.0,6.5,7.0,7.0,0.0,inferred-v1,6.5,8.0,6.5,7.0,0.0,0.0,0.0,0.0,0.5,0.823,0.0238,1.7,2.38,1
B7-DIS-007,7.0,discussion,social,writing9.com,D-auto,302,8.0,8.0,8.0,8.0,8.0,1.0,inferred-v1,7.0,7.0,7.0,7.0,1.0,1.0,1.0,1.0,0.455,0.744,0.0033,4.3,4.97,0
B7-DIS-008,7.0,discussion,technology,writing9.com,D-auto,286,6.0,7.0,6.5,7.5,7.0,0.0,inferred-v1,6.5,7.5,7.0,7.5,-0.5,-0.5,-0.5,0.0,0.632,0.754,0.0524,2.45,2.8,0
B7-DIS-010,7.0,discussion,globalization-work,writing9.com,D-auto,240,6.5,8.0,7.5,8.0,7.5,0.5,inferred-v1,6.0,7.5,7.0,7.5,0.5,0.5,0.5,0.5,0.565,0.85,0.0083,2.92,3.33,1
B7-DIS-011,7.0,discussion,education,writing9.com,D-auto,284,7.0,8.0,7.0,8.0,7.5,0.5,inferred-v1,6.5,7.5,6.5,7.5,0.5,0.5,0.5,0.5,0.438,0.685,0.0211,3.87,4.23,0
B7-DIS-012,7.0,discussion,government,writing9.com,D-auto,289,7.5,7.5,7.5,9.0,8.0,1.0,inferred-v1,6.5,6.5,6.5,8.0,1.0,1.0,1.0,1.0,0.727,0.708,0.0104,3.11,4.5,1
B7-DIS-013,7.0,discussion,globalization-work,writing9.com,D-auto,253,8.0,8.0,7.5,7.5,8.0,1.0,inferred-v1,7.0,7.5,7.0,7.0,1.0,0.5,0.5,0.5,0.684,0.797,0.0158,3.95,3.95,1
B7-DIS-014,7.0,discussion,environment,writing9.com,D-auto,272,7.0,7.5,7.5,7.5,7.5,0.5,inferred-v1,6.5,7.0,7.0,7.0,0.5,0.5,0.5,0.5,0.625,0.791,0.0478,3.31,5.15,0
B7-DIS-015,7.0,discussion,globalization-work,writing9.com,D-auto,269,7.0,9.0,8.0,9.0,8.5,1.5,inferred-v1,6.5,7.5,7.0,7.5,0.5,1.5,1.0,1.5,0.429,0.75,0.0037,5.95,4.46,0
B7-DIS-018,7.0,discussion,environment,writing9.com,D-auto,348,8.0,8.0,7.0,9.0,8.0,1.0,inferred-v1,7.0,7.0,6.0,8.0,1.0,1.0,1.0,1.0,0.5,0.751,0.0029,3.74,4.6,1
B7-DIS-019,7.0,discussion,environment,writing9.com,D-auto,329,7.0,7.5,8.0,8.0,7.5,0.5,inferred-v1,6.5,7.0,7.5,7.5,0.5,0.5,0.5,0.5,0.667,0.693,0.0152,2.43,3.65,0
B7-DIS-020,7.0,discussion,education,writing9.com,D-auto,295,8.0,9.0,6.5,7.0,7.5,0.5,inferred-v1,7.5,8.0,6.0,6.5,0.5,1.0,0.5,0.5,0.727,0.474,0.0,5.08,4.07,0
B7-DIS-021,7.0,discussion,education,writing9.com,D-auto,287,9.0,9.0,7.0,6.5,8.0,1.0,inferred-v1,8.0,8.0,6.0,6.0,1.0,1.0,1.0,0.5,0.769,0.54,0.0,4.88,4.53,0
B7-DIS-023,7.0,discussion,government,writing9.com,D-auto,322,6.0,7.0,7.0,7.5,7.0,0.0,inferred-v1,6.0,7.0,7.0,7.5,0.0,0.0,0.0,0.0,0.258,0.807,0.0683,2.48,0.93,0
B7-DIS-024,7.0,discussion,education,writing9.com,D-auto,290,8.0,9.0,7.0,7.0,8.0,1.0,inferred-v1,7.5,8.0,6.5,6.5,0.5,1.0,0.5,0.5,0.6,0.536,0.0,4.83,4.48,0
B7-DIS-026,7.0,discussion,globalization-work,writing9.com,D-auto,272,8.0,9.0,8.0,9.0,8.5,1.5,inferred-v1,6.5,7.5,6.5,7.5,1.5,1.5,1.5,1.5,0.875,0.691,0.0,3.68,4.41,1
B7-DIS-027,7.0,discussion,media,writing9.com,D-auto,284,7.5,7.5,8.0,8.0,8.0,1.0,inferred-v1,7.0,7.0,7.0,7.5,0.5,0.5,1.0,0.5,0.6,0.794,0.007,2.46,3.87,0
B7-DIS-028,7.0,discussion,social,writing9.com,D-auto,293,7.0,7.5,7.5,8.0,7.5,0.5,inferred-v1,6.5,7.0,7.0,7.5,0.5,0.5,0.5,0.5,0.5,0.691,0.0068,2.39,3.41,0
B7-DIS-029,7.0,discussion,technology,writing9.com,D-auto,286,6.5,8.0,8.0,6.5,7.5,0.5,inferred-v1,6.5,7.5,8.0,6.5,0.0,0.5,0.0,0.0,0.522,0.742,0.014,4.55,3.15,0
B7-DIS-030,7.0,discussion,technology,writing9.com,D-auto,280,6.0,8.0,8.0,9.0,8.0,1.0,inferred-v1,7.0,7.0,7.0,7.5,-1.0,1.0,1.0,1.5,0.469,0.793,0.0036,3.57,3.93,0
B7-DIS-031,7.0,discussion,globalization-work,writing9.com,D-auto,279,5.0,9.0,7.5,8.0,7.5,0.5,inferred-v1,6.0,8.0,7.0,7.5,-1.0,1.0,0.5,0.5,0.2,0.796,0.0072,3.23,2.51,0
B7-DIS-032,7.0,discussion,government,writing9.com,D-auto,274,6.5,8.0,7.5,8.0,7.5,0.5,inferred-v1,6.0,7.5,7.0,7.5,0.5,0.5,0.5,0.5,0.611,0.88,0.0182,3.65,4.01,1
B7-DIS-033,7.0,discussion,social,writing9.com,D-auto,277,7.5,9.0,8.0,9.0,8.5,1.5,inferred-v1,6.0,7.5,6.5,7.5,1.5,1.5,1.5,1.5,0.684,0.74,0.0,3.25,3.61,0
B7-DIS-034,7.0,discussion,environment,writing9.com,D-auto,255,6.5,9.0,7.0,8.0,7.5,0.5,inferred-v1,6.0,8.0,6.5,7.5,0.5,1.0,0.5,0.5,0.565,0.804,0.0235,3.92,2.35,0
B7-DIS-035,7.0,discussion,media,writing9.com,D-auto,260,6.0,7.5,8.0,9.0,7.5,0.5,inferred-v1,6.0,7.0,7.5,8.0,0.0,0.5,0.5,1.0,0.647,0.797,0.0038,3.85,4.23,1
B7-DIS-036,7.0,discussion,education,writing9.com,D-auto,255,6.5,7.5,7.0,9.0,7.5,0.5,inferred-v1,6.0,7.0,6.5,8.0,0.5,0.5,0.5,1.0,0.385,0.769,0.0,3.53,3.92,0
B7-DIS-038,7.0,discussion,social,writing9.com,D-auto,384,7.0,8.0,8.0,8.0,8.0,1.0,inferred-v1,7.0,7.0,7.0,7.5,0.0,1.0,1.0,0.5,0.529,0.687,0.0104,6.51,3.12,0
B7-DIS-039,7.0,discussion,crime,writing9.com,D-auto,261,8.0,9.0,8.0,9.0,8.5,1.5,inferred-v1,6.5,7.5,6.5,7.5,1.5,1.5,1.5,1.5,0.722,0.762,0.0115,5.75,3.83,0
B7-DIS-040,7.0,discussion,globalization-work,writing9.com,D-auto,312,7.0,7.5,8.0,9.0,8.0,1.0,inferred-v1,6.0,6.5,7.0,8.0,1.0,1.0,1.0,1.0,0.706,0.73,0.0128,2.88,3.21,1
B7-DIS-041,7.0,discussion,social,writing9.com,D-auto,422,7.0,9.0,7.0,8.0,8.0,1.0,inferred-v1,6.5,8.0,6.5,7.5,0.5,1.0,0.5,0.5,0.474,0.766,0.0284,3.79,2.61,2
B7-DIS-042,7.0,discussion,social,writing9.com,D-auto,410,7.0,9.0,8.0,9.0,8.5,1.5,inferred-v1,6.5,7.5,7.0,7.5,0.5,1.5,1.0,1.5,0.444,0.702,0.0146,4.15,2.93,0
B7-DIS-043,7.0,discussion,globalization-work,writing9.com,D-auto,320,8.0,8.0,8.0,9.0,8.5,1.5,inferred-v1,7.0,7.0,7.0,7.5,1.0,1.0,1.0,1.5,0.471,0.731,0.0031,4.38,5.31,0
B7-DIS-044,7.0,discussion,globalization-work,writing9.com,D-auto,257,8.0,8.0,7.5,8.0,8.0,1.0,inferred-v1,7.0,7.0,6.5,7.0,1.0,1.0,1.0,1.0,0.5,0.722,0.0117,3.89,4.28,0
B7-DIS-047,7.0,discussion,education,writing9.com,D-auto,355,7.5,9.0,9.0,9.0,8.5,1.5,inferred-v1,6.0,7.5,7.5,7.5,1.5,1.5,1.5,1.5,0.636,0.651,0.0028,3.1,3.66,0
B7-DIS-048,7.0,discussion,health,writing9.com,D-auto,264,8.0,7.0,9.0,9.0,8.5,1.5,inferred-v1,7.0,6.5,7.5,7.5,1.0,0.5,1.5,1.5,0.647,0.707,0.0076,3.79,6.44,0
B7-DIS-049,7.0,discussion,environment,writing9.com,D-auto,264,7.0,7.5,7.0,8.0,7.5,0.5,inferred-v1,6.5,7.0,6.5,7.5,0.5,0.5,0.5,0.5,0.588,0.711,0.0492,4.55,6.06,0
B7-DIS-052,7.0,discussion,education,writing9.com,D-auto,256,5.5,9.0,8.0,8.0,7.5,0.5,inferred-v1,7.0,7.0,7.0,7.5,-1.5,2.0,1.0,0.5,0.409,0.795,0.0078,3.12,2.73,0
B7-DIS-053,7.0,discussion,health,writing9.com,D-auto,280,7.0,8.0,7.5,9.0,8.0,1.0,inferred-v1,6.0,7.0,6.5,8.0,1.0,1.0,1.0,1.0,0.318,0.88,0.0107,3.57,2.86,1
B7-OP-001,7.0,opinion,education,bandnine.ai,B-teacher,255,6.5,8.0,8.0,7.5,7.5,0.5,inferred-v1,6.0,7.5,7.5,7.0,0.5,0.5,0.5,0.5,0.615,0.878,0.0196,4.31,1.57,0
B7-OP-002,7.0,opinion,media,writing9.com,D-auto,292,6.5,8.0,7.5,9.0,8.0,1.0,inferred-v1,6.0,7.5,7.0,8.0,0.5,0.5,0.5,1.0,0.5,0.773,0.0103,3.42,3.08,0
B7-OP-007,7.0,opinion,globalization-work,ielts-blog.com,C-blog,289,7.5,9.0,7.5,8.0,8.0,1.0,inferred-v1,6.5,8.0,6.5,7.0,1.0,1.0,1.0,1.0,0.68,0.711,0.0381,3.46,2.77,0
B7-OP-008,7.0,opinion,technology,writing9.com,D-auto,354,7.0,9.0,9.0,9.0,8.5,1.5,inferred-v1,6.0,7.5,7.5,7.5,1.0,1.5,1.5,1.5,0.778,0.665,0.0085,3.11,4.24,0
B7-OP-009,7.0,opinion,crime,ielts-blog.com,C-blog,234,5.0,9.0,7.0,6.0,7.0,0.0,inferred-v1,6.0,8.0,7.5,6.5,-1.0,1.0,-0.5,-0.5,0.222,0.913,0.0726,0.85,2.56,0
B7-OP-011,7.0,opinion,environment,writing9.com,D-auto,284,7.0,9.0,9.0,8.0,8.5,1.5,inferred-v1,6.5,7.5,7.5,7.0,0.5,1.5,1.5,1.0,0.722,0.654,0.0,3.17,4.58,0
B7-OP-012,7.0,opinion,health,ielts-blog.com,C-blog,379,6.5,8.0,6.5,8.0,7.5,0.5,inferred-v1,6.5,7.5,6.5,8.0,0.0,0.5,0.0,0.0,0.286,0.766,0.0237,2.37,4.49,0
B7-OP-013,7.0,opinion,education,writing9.com,D-auto,312,6.5,9.0,8.0,9.0,8.0,1.0,inferred-v1,6.5,7.5,7.0,7.5,0.0,1.5,1.0,1.5,0.5,0.744,0.0064,4.17,4.49,0
B7-OP-014,7.0,opinion,technology,ielts-blog.com,C-blog,202,4.5,7.5,7.0,7.0,6.5,-0.5,inferred-v1,7.0,7.0,7.0,7.5,-2.5,0.5,0.0,-0.5,0.333,0.794,0.0347,1.49,3.47,0
B7-OP-015,7.0,opinion,technology,writing9.com,D-auto,313,7.5,9.0,9.0,9.0,8.5,1.5,inferred-v1,6.0,7.5,7.5,7.5,1.5,1.5,1.5,1.5,0.846,0.727,0.0032,2.56,3.83,0
B7-OP-016,7.0,opinion,education,ielts-blog.com,C-blog,366,6.5,9.0,9.0,8.0,8.0,1.0,inferred-v1,6.5,7.5,7.5,7.0,0.0,1.5,1.5,1.0,0.609,0.624,0.0164,3.01,4.1,0
B7-OP-017,7.0,opinion,technology,ielts-blog.com,C-blog,350,5.5,8.0,6.0,7.0,6.5,-0.5,inferred-v1,6.0,8.0,6.5,7.5,-0.5,0.0,-0.5,-0.5,0.25,0.852,0.0429,2.29,1.43,0
B7-OP-020,7.0,opinion,health,writing9.com,D-auto,319,9.0,9.0,8.0,8.0,8.5,1.5,inferred-v1,7.5,7.5,6.5,6.5,1.5,1.5,1.5,1.5,0.692,0.812,0.0188,3.45,3.45,0
B7-OP-021,7.0,opinion,government,ielts-blog.com,C-blog,240,4.5,8.0,6.0,7.5,6.5,-0.5,inferred-v1,6.0,8.0,6.5,8.0,-1.5,0.0,-0.5,-0.5,0.357,0.717,0.025,2.92,3.75,1
B7-OP-023,7.0,opinion,crime,ielts-blog.com,C-blog,298,5.5,9.0,6.5,7.5,7.0,0.0,inferred-v1,6.0,8.0,6.5,7.5,-0.5,1.0,0.0,0.0,0.529,0.783,0.0369,2.68,2.68,0
B7-OP-024,7.0,opinion,government,writing9.com,D-auto,360,7.0,8.0,9.0,9.0,8.5,1.5,inferred-v1,6.5,7.0,7.5,7.5,0.5,1.0,1.5,1.5,0.765,0.65,0.0056,5.83,3.33,0
B7-OP-026,7.0,opinion,government,writing9.com,D-auto,267,8.0,9.0,7.5,8.0,8.0,1.0,inferred-v1,7.0,8.0,6.5,7.0,1.0,1.0,1.0,1.0,0.75,0.779,0.0225,4.87,4.49,0
B7-OP-027,7.0,opinion,environment,writing9.com,D-auto,286,6.0,8.0,6.5,8.0,7.0,0.0,inferred-v1,6.0,8.0,6.5,8.0,0.0,0.0,0.0,0.0,0.389,0.826,0.0769,2.1,2.45,0
B7-OP-028,7.0,opinion,globalization-work,writing9.com,D-auto,353,7.0,8.0,8.0,8.0,8.0,1.0,inferred-v1,7.0,7.0,7.0,7.5,0.0,1.0,1.0,0.5,0.4,0.688,0.0057,2.55,3.97,0
B7-OP-029,7.0,two-part,social,writing9.com,D-auto,254,4.5,9.0,6.5,6.5,6.5,-0.5,inferred-v1,6.0,8.0,7.0,7.0,-1.5,1.0,-0.5,-0.5,0.167,0.878,0.0472,2.76,2.36,0
B7-OP-031,7.0,opinion,social,writing9.com,D-auto,381,6.5,8.0,7.0,6.5,7.0,0.0,inferred-v1,6.5,8.0,7.0,6.5,0.0,0.0,0.0,0.0,0.55,0.91,0.0892,1.57,0.79,0
B7-OP-032,7.0,opinion,technology,writing9.com,D-auto,290,5.5,9.0,7.0,8.0,7.5,0.5,inferred-v1,6.0,8.0,6.5,7.5,-0.5,1.0,0.5,0.5,0.44,0.859,0.0448,2.41,1.72,0
B7-OP-033,7.0,opinion,social,writing9.com,D-auto,317,7.5,9.0,9.0,9.0,8.5,1.5,inferred-v1,6.0,7.5,7.5,7.5,1.5,1.5,1.5,1.5,0.895,0.683,0.0,3.15,3.47,0
B7-OP-034,7.0,opinion,social,writing9.com,D-auto,342,8.0,9.0,7.0,8.0,8.0,1.0,inferred-v1,7.0,8.0,6.0,7.0,1.0,1.0,1.0,1.0,0.75,0.658,0.0117,4.97,4.09,0
B7-OP-035,7.0,opinion,environment,writing9.com,D-auto,321,7.0,9.0,9.0,8.0,8.5,1.5,inferred-v1,6.5,7.5,7.5,7.0,0.5,1.5,1.5,1.0,0.875,0.698,0.0093,3.12,4.05,0
B7-OP-036,7.0,opinion,education,writing9.com,D-auto,276,7.5,8.0,7.5,9.0,8.0,1.0,inferred-v1,6.5,7.0,6.5,8.0,1.0,1.0,1.0,1.0,0.5,0.674,0.0036,4.71,5.07,0
B7-OP-037,7.0,opinion,culture,writing9.com,D-auto,262,6.5,9.0,7.0,6.5,7.5,0.5,inferred-v1,6.5,8.0,7.0,6.5,0.0,1.0,0.0,0.0,0.5,0.772,0.0115,4.2,3.82,0
B7-OP-038,7.0,opinion,health,writing9.com,D-auto,323,7.5,9.0,8.0,8.0,8.0,1.0,inferred-v1,6.5,8.0,7.0,7.0,1.0,1.0,1.0,1.0,0.826,0.685,0.0062,2.48,4.64,0
B7-OP-039,7.0,opinion,education,writing9.com,D-auto,268,7.5,9.0,8.0,9.0,8.5,1.5,inferred-v1,6.0,7.5,6.5,7.5,1.5,1.5,1.5,1.5,0.667,0.618,0.0075,4.1,5.22,0
B7-OP-040,7.0,opinion,education,writing9.com,D-auto,266,6.5,7.5,8.0,6.5,7.0,0.0,inferred-v1,6.5,7.5,8.0,6.5,0.0,0.0,0.0,0.0,0.579,0.78,0.0,1.13,3.76,0
B7-OP-041,7.0,opinion,social,writing9.com,D-auto,254,7.5,9.0,8.0,9.0,8.5,1.5,inferred-v1,6.0,7.5,6.5,7.5,1.5,1.5,1.5,1.5,0.667,0.759,0.0079,2.76,4.72,0
B7-OP-043,7.0,opinion,technology,writing9.com,D-auto,386,5.5,9.0,7.0,7.0,7.0,0.0,inferred-v1,6.0,8.0,7.0,7.0,-0.5,1.0,0.0,0.0,0.615,0.724,0.0311,1.81,3.11,0
B7-OP-044,7.0,opinion,social,writing9.com,D-auto,322,7.0,9.0,8.0,8.0,8.0,1.0,inferred-v1,6.0,8.0,7.0,7.0,1.0,1.0,1.0,1.0,0.667,0.726,0.0062,2.8,2.8,0
B7-OP-045,7.0,opinion,social,writing9.com,D-auto,369,7.5,9.0,7.5,9.0,8.5,1.5,inferred-v1,6.5,7.5,6.5,8.0,1.0,1.5,1.0,1.0,0.462,0.655,0.0027,4.61,3.79,0
B7-OP-046,7.0,opinion,globalization-work,writing9.com,D-auto,312,8.0,9.0,7.5,8.0,8.0,1.0,inferred-v1,7.0,8.0,6.5,7.0,1.0,1.0,1.0,1.0,0.889,0.512,0.0096,3.85,4.17,0
B7-OP-048,7.0,opinion,globalization-work,writing9.com,D-auto,267,7.5,9.0,8.0,9.0,8.5,1.5,inferred-v1,6.0,7.5,6.5,7.5,1.5,1.5,1.5,1.5,0.667,0.762,0.0037,2.62,4.49,0
B7-OP-049,7.0,opinion,globalization-work,writing9.com,D-auto,289,6.5,9.0,7.5,6.5,7.5,0.5,inferred-v1,6.0,8.0,7.0,6.0,0.5,1.0,0.5,0.5,0.6,0.782,0.0277,5.54,4.15,0
B7-OP-050,7.0,opinion,education,writing9.com,D-auto,278,6.0,9.0,7.5,8.0,7.5,0.5,inferred-v1,6.0,8.0,7.0,7.5,0.0,1.0,0.5,0.5,0.483,0.777,0.0216,2.88,3.96,0
B7-OP-051,7.0,opinion,social,writing9.com,D-auto,315,7.0,6.0,8.0,8.0,7.5,0.5,inferred-v1,7.0,6.5,7.5,7.5,0.0,-0.5,0.5,0.5,0.636,0.761,0.0127,1.9,5.08,2
B7-OP-052,7.0,opinion,education,writing9.com,D-auto,321,7.0,9.0,9.0,8.0,8.5,1.5,inferred-v1,6.5,7.5,7.5,7.0,0.5,1.5,1.5,1.0,0.706,0.742,0.0093,3.43,4.05,0
B7-OP-054,7.0,opinion,technology,writing9.com,D-auto,273,6.5,9.0,7.5,9.0,8.0,1.0,inferred-v1,6.0,8.0,6.5,8.0,0.5,1.0,1.0,1.0,0.3,0.719,0.011,2.56,4.4,0
B7-OP-055,7.0,opinion,education,writing9.com,D-auto,313,6.0,9.0,8.0,9.0,8.0,1.0,inferred-v1,6.5,7.5,7.0,7.5,-0.5,1.5,1.0,1.5,0.333,0.762,0.0064,4.47,4.47,0
B7-OP-056,7.0,opinion,technology,writing9.com,D-auto,325,6.0,8.0,7.5,8.0,7.5,0.5,inferred-v1,6.0,7.5,7.0,7.5,0.0,0.5,0.5,0.5,0.231,0.776,0.0,1.85,3.38,1
B7-OP-057,7.0,opinion,globalization-work,writing9.com,D-auto,311,6.0,8.0,7.5,7.0,7.0,0.0,inferred-v1,6.0,8.0,7.5,7.0,0.0,0.0,0.0,0.0,0.421,0.818,0.0257,1.93,3.54,0
B7-OP-058,7.0,opinion,social,writing9.com,D-auto,251,7.0,9.0,7.0,8.0,8.0,1.0,inferred-v1,6.5,8.0,6.5,7.5,0.5,1.0,0.5,0.5,0.4,0.678,0.0717,3.59,4.38,0
B7-OP-059,7.0,opinion,globalization-work,writing9.com,D-auto,255,5.5,9.0,7.5,8.0,7.5,0.5,inferred-v1,6.0,8.0,7.0,7.5,-0.5,1.0,0.5,0.5,0.375,0.863,0.0902,3.14,3.14,0
B7-OP-060,7.0,opinion,globalization-work,writing9.com,D-auto,263,7.5,7.5,7.5,7.5,7.5,0.5,inferred-v1,7.0,7.0,7.0,7.0,0.5,0.5,0.5,0.5,0.75,0.758,0.0076,1.9,3.42,0
B7-OP-061,7.0,opinion,government,writing9.com,D-auto,326,7.5,9.0,9.0,8.0,8.5,1.5,inferred-v1,6.0,7.5,7.5,6.5,1.5,1.5,1.5,1.5,0.818,0.659,0.0031,3.99,2.45,0
B7-OP-063,7.0,opinion,social,writing9.com,D-auto,279,9.0,8.0,8.0,9.0,8.5,1.5,inferred-v1,7.5,6.5,6.5,7.5,1.5,1.5,1.5,1.5,0.722,0.701,0.0036,5.38,4.66,0
B7-OP-064,7.0,opinion,media,writing9.com,D-auto,278,6.5,9.0,7.0,8.0,7.5,0.5,inferred-v1,6.0,8.0,6.5,7.5,0.5,1.0,0.5,0.5,0.667,0.896,0.0216,2.16,2.52,1
B7-OP-065,7.0,opinion,social,writing9.com,D-auto,355,7.0,9.0,8.0,8.0,8.0,1.0,inferred-v1,6.0,8.0,7.0,7.0,1.0,1.0,1.0,1.0,0.6,0.688,0.0141,3.1,3.38,0
B7-OP-066,7.0,opinion,education,writing9.com,D-auto,281,7.0,7.5,9.0,8.0,8.0,1.0,inferred-v1,6.0,6.5,8.0,7.0,1.0,1.0,1.0,1.0,0.933,0.747,0.0178,2.14,2.85,0
B7-OP-069,7.0,opinion,social,writing9.com,D-auto,365,6.5,8.0,8.0,9.0,8.0,1.0,inferred-v1,6.0,7.0,7.0,8.0,0.5,1.0,1.0,1.0,0.429,0.793,0.0082,2.47,3.29,0
B7-OP-070,7.0,opinion,education,writing9.com,D-auto,324,7.0,9.0,9.0,7.5,8.0,1.0,inferred-v1,6.0,8.0,8.0,6.5,1.0,1.0,1.0,1.0,0.556,0.73,0.0,4.63,2.47,0
B7-OP-071,7.0,opinion,social,writing9.com,D-auto,256,8.0,9.0,7.0,8.0,8.0,1.0,inferred-v1,7.0,8.0,6.0,7.0,1.0,1.0,1.0,1.0,0.889,0.604,0.0,3.12,5.08,0
B7-OP-072,7.0,opinion,education,writing9.com,D-auto,325,6.5,9.0,8.0,9.0,8.0,1.0,inferred-v1,6.5,7.5,7.0,7.5,0.0,1.5,1.0,1.5,0.846,0.706,0.0092,2.15,3.38,0
B7-OP-073,7.0,opinion,education,writing9.com,D-auto,319,7.5,8.0,9.0,8.0,8.0,1.0,inferred-v1,6.5,7.0,8.0,7.0,1.0,1.0,1.0,1.0,0.714,0.639,0.0,3.13,3.13,0
B7-OP-075,7.0,opinion,social,writing9.com,D-auto,288,6.5,9.0,7.5,6.5,7.5,0.5,inferred-v1,6.0,8.0,7.0,6.0,0.5,1.0,0.5,0.5,0.5,0.784,0.0208,3.82,4.86,0
B7-OP-076,7.0,opinion,social,writing9.com,D-auto,311,6.0,9.0,8.0,7.5,7.5,0.5,inferred-v1,6.0,8.0,7.5,7.0,0.0,1.0,0.5,0.5,0.357,0.649,0.0096,1.61,2.89,0
B7-OP-077,7.0,opinion,technology,writing9.com,D-auto,399,6.5,9.0,7.5,7.5,7.5,0.5,inferred-v1,6.0,8.0,7.0,7.0,0.5,1.0,0.5,0.5,0.75,0.79,0.0201,1.5,2.51,0
B7-OP-078,7.0,opinion,globalization-work,writing9.com,D-auto,276,6.5,8.0,7.0,7.5,7.5,0.5,inferred-v1,6.5,7.5,7.0,7.5,0.0,0.5,0.0,0.0,0.632,0.616,0.0,2.17,2.54,0
B7-OP-079,7.0,opinion,technology,writing9.com,D-auto,301,6.5,9.0,7.0,8.0,7.5,0.5,inferred-v1,6.0,8.0,6.5,7.5,0.5,1.0,0.5,0.5,0.444,0.84,0.0166,2.66,1.66,1
B7-OP-080,7.0,opinion,technology,writing9.com,D-auto,279,6.5,8.0,8.0,8.0,7.5,0.5,inferred-v1,6.0,7.5,7.5,7.5,0.5,0.5,0.5,0.5,0.571,0.855,0.0215,2.87,3.94,0
B7-OP-081,7.0,opinion,education,writing9.com,D-auto,320,7.5,8.0,8.0,6.5,7.5,0.5,inferred-v1,7.0,7.5,7.5,6.0,0.5,0.5,0.5,0.5,0.619,0.704,0.0156,2.81,3.44,0
B7-OP-082,7.0,opinion,technology,writing9.com,D-auto,296,6.5,8.0,7.0,7.5,7.5,0.5,inferred-v1,6.5,7.5,7.0,7.5,0.0,0.5,0.0,0.0,0.615,0.702,0.0,2.7,2.03,0
B7-OP-083,7.0,opinion,education,writing9.com,D-auto,281,7.0,9.0,9.0,7.0,8.0,1.0,inferred-v1,6.0,8.0,8.0,6.0,1.0,1.0,1.0,1.0,0.643,0.724,0.0036,4.98,3.91,0
B7-OP-085,7.0,opinion,education,writing9.com,D-auto,376,7.0,8.0,7.5,6.0,7.0,0.0,inferred-v1,7.0,8.0,7.5,6.0,0.0,0.0,0.0,0.0,0.467,0.727,0.0372,1.86,2.93,0
B7-OP-086,7.0,opinion,education,writing9.com,D-auto,307,6.5,9.0,8.0,8.0,8.0,1.0,inferred-v1,6.0,8.0,7.0,7.0,0.5,1.0,1.0,1.0,0.8,0.713,0.0,4.23,2.93,0
B7-OP-087,7.0,opinion,social,writing9.com,D-auto,346,7.0,8.0,9.0,8.0,8.0,1.0,inferred-v1,6.0,7.0,8.0,7.0,1.0,1.0,1.0,1.0,0.6,0.741,0.0173,3.18,4.62,0
B7-OP-088,7.0,opinion,globalization-work,writing9.com,D-auto,281,7.0,9.0,7.5,9.0,8.0,1.0,inferred-v1,6.0,8.0,6.5,8.0,1.0,1.0,1.0,1.0,0.812,0.624,0.0036,3.91,3.91,0
B7-OP-089,7.0,opinion,globalization-work,writing9.com,D-auto,261,8.0,7.5,9.0,9.0,8.5,1.5,inferred-v1,6.5,6.0,7.5,7.5,1.5,1.5,1.5,1.5,0.75,0.793,0.0038,3.07,3.45,0
B7-OP-091,7.0,opinion,crime,writing9.com,D-auto,344,8.0,9.0,8.0,8.0,8.5,1.5,inferred-v1,7.0,7.5,7.0,7.0,1.0,1.5,1.0,1.0,0.833,0.791,0.0233,3.2,4.36,0
B7-OP-092,7.0,opinion,environment,writing9.com,D-auto,264,6.0,9.0,7.5,8.0,7.5,0.5,inferred-v1,6.0,8.0,7.0,7.5,0.0,1.0,0.5,0.5,0.267,0.774,0.0152,4.55,2.27,0
B7-REP-001,7.0,report,health,writing9.com,D-auto,385,6.0,7.5,7.5,6.5,7.0,0.0,inferred-v1,6.0,7.5,7.5,6.5,0.0,0.0,0.0,0.0,0.733,0.815,0.0312,1.56,1.04,0
B7-REP-002,7.0,report,social,writing9.com,D-auto,270,6.5,8.0,8.0,7.5,7.5,0.5,inferred-v1,6.0,7.5,7.5,7.0,0.5,0.5,0.5,0.5,0.357,0.838,0.0185,1.85,5.19,0
B7-REP-003,7.0,report,globalization-work,writing9.com,D-auto,283,5.5,7.5,7.5,7.5,7.0,0.0,inferred-v1,6.0,7.5,7.5,7.5,-0.5,0.0,0.0,0.0,0.625,0.747,0.0141,1.06,2.12,1
B7-REP-004,7.0,report,culture,writing9.com,D-auto,250,5.5,6.5,6.5,6.0,6.0,-1.0,inferred-v1,6.5,7.5,7.5,7.0,-1.0,-1.0,-1.0,-1.0,0.692,0.735,0.032,2.4,2.0,1
B7-REP-007,7.0,report,globalization-work,writing9.com,D-auto,294,7.5,9.0,8.0,9.0,8.5,1.5,inferred-v1,6.0,7.5,6.5,7.5,1.5,1.5,1.5,1.5,0.833,0.657,0.0068,2.38,3.74,0
B7-REP-008,7.0,report,environment,writing9.com,D-auto,298,7.0,8.0,8.0,8.0,8.0,1.0,inferred-v1,7.0,7.0,7.0,7.5,0.0,1.0,1.0,0.5,0.636,0.726,0.0537,2.35,4.36,0
B7-REP-009,7.0,report,social,writing9.com,D-auto,344,6.0,9.0,8.0,7.5,7.5,0.5,inferred-v1,6.0,8.0,7.5,7.0,0.0,1.0,0.5,0.5,0.643,0.77,0.0233,1.16,4.36,0
B7-REP-011,7.0,report,social,writing9.com,D-auto,303,7.0,8.0,7.0,7.5,7.5,0.5,inferred-v1,6.5,7.5,6.5,7.0,0.5,0.5,0.5,0.5,0.694,0.681,0.0033,1.32,1.98,1
B7-REP-012,7.0,report,environment,writing9.com,D-auto,299,7.5,9.0,9.0,7.5,8.5,1.5,inferred-v1,6.5,7.5,8.0,6.5,1.0,1.5,1.0,1.0,0.714,0.772,0.0033,1.0,4.35,0
B7-REP-013,7.0,report,media,writing9.com,D-auto,313,7.5,9.0,8.0,8.0,8.0,1.0,inferred-v1,6.5,8.0,7.0,7.0,1.0,1.0,1.0,1.0,0.733,0.654,0.0,2.88,4.47,0
B7-REP-014,7.0,report,social,writing9.com,D-auto,321,9.0,9.0,9.0,9.0,9.0,2.0,inferred-v1,7.0,7.0,7.0,7.0,2.0,2.0,2.0,2.0,0.8,0.697,0.0125,3.43,5.61,0
B7-REP-015,7.0,report,environment,writing9.com,D-auto,270,6.5,8.0,7.5,7.0,7.5,0.5,inferred-v1,6.5,7.5,7.5,7.0,0.0,0.5,0.0,0.0,0.692,0.819,0.0407,1.48,2.22,0
B7-REP-016,7.0,report,social,writing9.com,D-auto,310,6.5,8.0,7.5,7.0,7.5,0.5,inferred-v1,6.5,7.5,7.5,7.0,0.0,0.5,0.0,0.0,0.389,0.735,0.0129,3.87,5.16,0
B7-REP-017,7.0,report,social,writing9.com,D-auto,310,6.5,8.0,7.5,7.0,7.5,0.5,inferred-v1,6.5,7.5,7.5,7.0,0.0,0.5,0.0,0.0,0.438,0.754,0.0129,3.87,5.16,0
B7-TQ-001,7.0,two-part,media,ielts-blog.com,C-blog,321,6.5,7.0,7.0,6.5,7.0,0.0,inferred-v1,7.0,7.0,7.5,7.0,-0.5,0.0,-0.5,-0.5,0.65,0.643,0.0156,4.05,1.87,0
B7-TQ-002,7.0,two-part,social,writing9.com,D-auto,363,8.0,8.0,8.0,7.5,8.0,1.0,inferred-v1,7.0,7.0,7.0,6.5,1.0,1.0,1.0,1.0,0.667,0.78,0.0248,1.38,2.48,0
B7-TQ-003,7.0,two-part,government,ielts-blog.com,C-blog,307,8.0,8.0,7.0,6.0,7.5,0.5,inferred-v1,7.5,8.0,7.0,6.0,0.5,0.0,0.0,0.0,0.789,0.639,0.0228,1.95,3.91,0
B7-TQ-004,7.0,two-part,globalization-work,writing9.com,D-auto,389,8.0,9.0,8.0,8.0,8.5,1.5,inferred-v1,7.0,7.5,7.0,7.0,1.0,1.5,1.0,1.0,0.733,0.713,0.0206,2.57,2.83,0
B7-TQ-006,7.0,two-part,technology,ielts-blog.com,C-blog,152,4.0,7.0,6.5,7.0,6.0,-1.0,inferred-v1,7.0,7.0,7.0,7.5,-3.0,0.0,-0.5,-0.5,0.227,0.89,0.0461,3.29,3.29,0
B7-TQ-007,7.0,two-part,environment,writing9.com,D-auto,286,6.5,8.0,7.5,7.5,7.5,0.5,inferred-v1,6.0,7.5,7.0,7.0,0.5,0.5,0.5,0.5,0.455,0.823,0.0035,0.35,2.45,1
B7-TQ-008,7.0,two-part,health,writing9.com,D-auto,305,8.0,8.0,8.0,7.5,8.0,1.0,inferred-v1,7.0,7.0,7.0,6.5,1.0,1.0,1.0,1.0,0.765,0.68,0.0066,1.31,4.59,0
B7-TQ-010,7.0,two-part,crime,writing9.com,D-auto,354,7.0,9.0,7.0,6.5,7.5,0.5,inferred-v1,6.5,8.0,6.5,6.0,0.5,1.0,0.5,0.5,0.5,0.871,0.0226,4.52,3.67,0
B7-TQ-011,7.0,two-part,social,writing9.com,D-auto,271,7.0,9.0,8.0,8.0,8.0,1.0,inferred-v1,6.0,8.0,7.0,7.0,1.0,1.0,1.0,1.0,0.667,0.842,0.0074,3.69,1.85,1
B75-ADV-001,7.5,adv-disadv,media,cdieltsprep.com,B-teacher,285,6.5,7.5,7.5,7.0,7.0,-0.5,inferred-v1,7.0,8.0,8.0,7.5,-0.5,-0.5,-0.5,-0.5,0.722,0.86,0.0526,4.56,1.05,0
B75-ADV-002,7.5,two-part,culture,ielts.international,A-examiner,262,5.5,8.0,7.0,7.0,7.0,-0.5,official,7.5,8.0,7.5,7.0,-2.0,0.0,-0.5,0.0,0.545,0.925,0.0344,1.53,0.38,0
B75-ADV-003,7.5,adv-disadv,globalization-work,allthingsielts.com,B-teacher,404,7.5,8.0,9.0,8.0,8.0,0.5,inferred-v1,7.0,7.5,8.5,7.5,0.5,0.5,0.5,0.5,0.812,0.76,0.0149,1.24,2.48,0
B75-ADV-004,7.5,adv-disadv,education,cdieltsprep.com,B-teacher,282,6.0,9.0,7.5,6.5,7.5,0.0,inferred-v1,6.5,8.5,8.0,7.0,-0.5,0.5,-0.5,-0.5,0.667,0.891,0.0284,4.61,1.77,0
B75-ADV-005,7.5,adv-disadv,education,writing9.com,D-auto,331,6.5,9.0,8.0,7.0,7.5,0.0,inferred-v1,6.5,8.5,8.0,7.0,0.0,0.5,0.0,0.0,0.722,0.904,0.0514,1.21,2.11,0
B75-ADV-006,7.5,adv-disadv,education,cdieltsprep.com,B-teacher,280,7.0,7.5,7.5,7.5,7.5,0.0,inferred-v1,7.0,7.5,7.5,7.5,0.0,0.0,0.0,0.0,0.688,0.86,0.0214,4.64,2.14,0
B75-ADV-007,7.5,adv-disadv,technology,writing9.com,D-auto,328,6.0,8.0,7.0,5.5,6.5,-1.0,inferred-v1,7.0,8.5,8.0,6.5,-1.0,-0.5,-1.0,-1.0,0.467,0.709,0.0213,1.83,3.35,0
B75-ADV-009,7.5,adv-disadv,globalization-work,writing9.com,D-auto,253,8.0,9.0,8.0,8.0,8.5,1.0,inferred-v1,7.5,8.0,7.5,7.5,0.5,1.0,0.5,0.5,0.652,0.733,0.0198,5.14,5.14,0
B75-ADV-010,7.5,adv-disadv,social,writing9.com,D-auto,278,7.0,9.0,8.0,9.0,8.5,1.0,inferred-v1,7.0,8.0,7.5,8.0,0.0,1.0,0.5,1.0,0.636,0.796,0.0036,4.32,3.24,1
B75-ADV-012,7.5,adv-disadv,globalization-work,cdieltsprep.com,B-teacher,290,6.0,7.5,7.0,7.5,7.0,-0.5,inferred-v1,6.5,8.0,7.5,8.0,-0.5,-0.5,-0.5,-0.5,0.45,0.856,0.031,5.17,1.38,0
B75-ADV-013,7.5,adv-disadv,social,writing9.com,D-auto,344,7.5,8.0,7.5,8.0,8.0,0.5,inferred-v1,7.5,7.5,7.5,8.0,0.0,0.5,0.0,0.0,0.6,0.688,0.0523,3.78,6.69,0
B75-ADV-014,7.5,adv-disadv,social,cdieltsprep.com,B-teacher,290,5.5,7.5,6.5,7.5,7.0,-0.5,inferred-v1,7.0,8.0,7.5,8.0,-1.5,-0.5,-1.0,-0.5,0.529,0.907,0.0241,3.79,1.03,0
B75-ADV-015,7.5,adv-disadv,crime,cdieltsprep.com,B-teacher,301,6.0,8.0,8.0,7.0,7.5,0.0,inferred-v1,7.0,8.0,8.0,7.5,-1.0,0.0,0.0,-0.5,0.625,0.863,0.0299,5.32,2.33,0
B75-ADV-016,7.5,adv-disadv,social,cdieltsprep.com,B-teacher,300,7.0,8.0,8.0,8.0,8.0,0.5,inferred-v1,7.5,7.5,7.5,8.0,-0.5,0.5,0.5,0.0,0.885,0.904,0.0133,2.0,2.67,0
B75-ADV-018,7.5,adv-disadv,social,writing9.com,D-auto,263,7.5,8.0,7.5,7.0,7.5,0.0,inferred-v1,7.5,8.0,7.5,7.0,0.0,0.0,0.0,0.0,0.643,0.78,0.0266,1.52,5.7,1
B75-ADV-019,7.5,adv-disadv,technology,cdieltsprep.com,B-teacher,286,6.0,7.5,7.5,7.0,7.0,-0.5,inferred-v1,6.5,8.0,8.0,7.5,-0.5,-0.5,-0.5,-0.5,0.75,0.866,0.0385,4.55,1.4,0
B75-ADV-020,7.5,adv-disadv,globalization-work,cdieltsprep.com,B-teacher,305,6.5,8.0,7.5,7.5,7.5,0.0,inferred-v1,6.5,8.0,7.5,7.5,0.0,0.0,0.0,0.0,0.684,0.885,0.0393,3.28,2.3,0
B75-ADV-022,7.5,adv-disadv,social,writing9.com,D-auto,282,7.0,9.0,8.0,8.0,8.0,0.5,inferred-v1,6.5,8.5,7.5,7.5,0.5,0.5,0.5,0.5,0.562,0.772,0.0248,3.19,3.9,0
B75-ADV-023,7.5,adv-disadv,technology,writing9.com,D-auto,315,6.5,7.5,8.0,8.0,7.5,0.0,inferred-v1,6.5,7.5,8.0,8.0,0.0,0.0,0.0,0.0,0.5,0.718,0.0095,3.17,3.17,0
B75-ADV-024,7.5,adv-disadv,globalization-work,cdieltsprep.com,B-teacher,295,7.0,7.0,7.5,7.5,7.5,0.0,inferred-v1,7.5,7.5,7.5,8.0,-0.5,-0.5,0.0,-0.5,0.647,0.891,0.0441,2.03,1.69,0
B75-ADV-025,7.5,adv-disadv,social,writing9.com,D-auto,340,6.5,9.0,7.5,7.5,7.5,0.0,inferred-v1,6.5,8.5,7.5,7.5,0.0,0.5,0.0,0.0,0.625,0.809,0.0265,1.18,2.94,0
B75-ADV-026,7.5,adv-disadv,media,writing9.com,D-auto,281,7.5,9.0,7.0,9.0,8.0,0.5,inferred-v1,7.0,8.5,6.5,8.5,0.5,0.5,0.5,0.5,0.875,0.693,0.0036,4.63,4.27,0
B75-ADV-028,7.5,adv-disadv,technology,writing9.com,D-auto,295,7.5,9.0,7.5,9.0,8.5,1.0,inferred-v1,7.0,8.0,7.0,8.5,0.5,1.0,0.5,0.5,0.529,0.784,0.0,5.08,2.71,1
B75-ADV-029,7.5,adv-disadv,government,cdieltsprep.com,B-teacher,298,7.0,9.0,7.5,7.5,8.0,0.5,inferred-v1,7.0,8.5,7.5,7.5,0.0,0.5,0.0,0.0,0.765,0.857,0.0235,3.69,2.35,0
B75-ADV-030,7.5,adv-disadv,globalization-work,cdieltsprep.com,B-teacher,307,7.0,8.0,7.0,7.5,7.5,0.0,inferred-v1,7.0,8.0,7.0,7.5,0.0,0.0,0.0,0.0,0.688,0.845,0.0489,3.26,1.63,0
B75-ADV-031,7.5,adv-disadv,government,cdieltsprep.com,B-teacher,305,7.5,7.5,7.5,7.5,7.5,0.0,inferred-v1,7.5,7.5,7.5,7.5,0.0,0.0,0.0,0.0,0.857,0.851,0.0098,3.28,1.97,0
B75-ADV-032,7.5,adv-disadv,social,writing9.com,D-auto,284,7.0,9.0,7.5,8.0,8.0,0.5,inferred-v1,6.5,8.5,7.0,7.5,0.5,0.5,0.5,0.5,0.667,0.819,0.0282,4.93,3.52,0
B75-ADV-034,7.5,adv-disadv,globalization-work,writing9.com,D-auto,332,6.0,9.0,6.5,8.0,7.5,0.0,inferred-v1,6.5,8.5,6.5,8.0,-0.5,0.5,0.0,0.0,0.303,0.817,0.0572,3.92,2.41,1
B75-ADV-036,7.5,adv-disadv,globalization-work,writing9.com,D-auto,332,7.5,9.0,8.0,8.0,8.0,0.5,inferred-v1,7.0,8.5,7.5,7.5,0.5,0.5,0.5,0.5,0.643,0.728,0.0,4.52,2.71,0
B75-ADV-037,7.5,adv-disadv,health,writing9.com,D-auto,290,8.0,8.0,8.0,8.0,8.0,0.5,inferred-v1,7.5,7.5,7.5,7.5,0.5,0.5,0.5,0.5,0.818,0.667,0.0138,4.48,3.79,0
B75-ADV-038,7.5,adv-disadv,education,writing9.com,D-auto,294,7.5,8.0,9.0,9.0,8.5,1.0,inferred-v1,6.5,7.0,8.0,8.0,1.0,1.0,1.0,1.0,0.588,0.795,0.0136,4.76,4.08,0
B75-ADV-039,7.5,adv-disadv,social,writing9.com,D-auto,313,7.0,7.5,8.0,6.0,7.0,-0.5,inferred-v1,7.5,8.0,8.5,6.5,-0.5,-0.5,-0.5,-0.5,0.591,0.72,0.016,1.28,3.19,0
B75-ADV-040,7.5,adv-disadv,environment,writing9.com,D-auto,253,5.5,9.0,8.0,8.0,7.5,0.0,inferred-v1,7.5,7.5,7.5,8.0,-2.0,1.5,0.5,0.0,0.217,0.808,0.0079,3.95,4.35,0
B75-ADV-041,7.5,two-part,globalization-work,writing9.com,D-auto,284,7.0,8.0,7.5,8.0,7.5,0.0,inferred-v1,7.0,8.0,7.5,8.0,0.0,0.0,0.0,0.0,0.478,0.785,0.0423,2.82,4.23,0
B75-ADV-042,7.5,adv-disadv,technology,writing9.com,D-auto,268,7.5,9.0,9.0,9.0,8.5,1.0,inferred-v1,6.5,8.0,8.0,8.0,1.0,1.0,1.0,1.0,0.867,0.744,0.0037,3.36,4.1,0
B75-ADV-043,7.5,adv-disadv,technology,writing9.com,D-auto,280,6.5,8.0,7.5,9.0,8.0,0.5,inferred-v1,6.5,8.0,7.5,8.5,0.0,0.0,0.0,0.5,0.471,0.788,0.0071,2.86,3.57,0
B75-ADV-045,7.5,adv-disadv,technology,writing9.com,D-auto,338,7.5,9.0,8.0,8.0,8.0,0.5,inferred-v1,7.0,8.5,7.5,7.5,0.5,0.5,0.5,0.5,0.786,0.64,0.003,3.25,3.85,0
B75-ADV-046,7.5,two-part,education,writing9.com,D-auto,498,7.5,9.0,6.5,7.5,7.5,0.0,inferred-v1,7.5,8.5,6.5,7.5,0.0,0.5,0.0,0.0,0.257,0.816,0.0663,1.81,3.01,0
B75-ADV-047,7.5,two-part,globalization-work,writing9.com,D-auto,294,6.5,8.0,8.0,9.0,8.0,0.5,inferred-v1,6.5,7.5,7.5,8.5,0.0,0.5,0.5,0.5,0.6,0.751,0.0136,2.72,3.74,0
B75-ADV-050,7.5,adv-disadv,globalization-work,writing9.com,D-auto,312,6.5,9.0,8.0,7.5,8.0,0.5,inferred-v1,6.5,8.5,8.0,7.5,0.0,0.5,0.0,0.0,0.389,0.715,0.0192,1.6,4.49,0
B75-ADV-051,7.5,adv-disadv,technology,writing9.com,D-auto,253,6.0,7.0,7.5,8.0,7.0,-0.5,inferred-v1,6.5,7.5,8.0,8.5,-0.5,-0.5,-0.5,-0.5,0.615,0.827,0.0,1.98,3.16,0
B75-ADV-052,7.5,two-part,health,writing9.com,D-auto,327,6.5,8.0,7.0,8.0,7.5,0.0,inferred-v1,6.5,8.0,7.0,8.0,0.0,0.0,0.0,0.0,0.667,0.759,0.0214,2.14,1.83,0
B75-ADV-053,7.5,opinion,media,writing9.com,D-auto,387,7.5,9.0,8.0,9.0,8.5,1.0,inferred-v1,6.5,8.0,7.0,8.0,1.0,1.0,1.0,1.0,0.719,0.741,0.0078,3.36,3.36,0
B75-ADV-055,7.5,adv-disadv,social,writing9.com,D-auto,252,8.0,8.0,8.0,9.0,8.5,1.0,inferred-v1,7.5,7.5,7.5,8.0,0.5,0.5,0.5,1.0,0.714,0.761,0.0119,2.38,7.54,0
B75-ADV-056,7.5,adv-disadv,globalization-work,writing9.com,D-auto,266,5.5,7.5,8.0,7.5,7.0,-0.5,inferred-v1,7.5,7.5,7.5,8.0,-2.0,0.0,0.5,-0.5,0.6,0.855,0.0226,2.26,2.63,0
B75-ADV-058,7.5,adv-disadv,technology,writing9.com,D-auto,289,7.0,7.5,7.5,8.0,7.5,0.0,inferred-v1,7.0,7.5,7.5,8.0,0.0,0.0,0.0,0.0,0.778,0.795,0.0277,2.42,4.5,1
B75-ADV-059,7.5,adv-disadv,globalization-work,writing9.com,D-auto,295,5.5,8.0,7.5,8.0,7.5,0.0,inferred-v1,7.5,7.5,7.5,8.0,-2.0,0.5,0.0,0.0,0.357,0.811,0.0169,2.37,2.37,1
B75-ADV-060,7.5,adv-disadv,education,writing9.com,D-auto,276,6.0,8.0,8.0,9.0,8.0,0.5,inferred-v1,7.5,7.5,7.5,8.0,-1.5,0.5,0.5,1.0,0.464,0.833,0.0036,2.9,2.9,0
B75-ADV-061,7.5,adv-disadv,globalization-work,writing9.com,D-auto,257,6.0,9.0,8.0,7.0,7.5,0.0,inferred-v1,6.5,8.5,8.0,7.0,-0.5,0.5,0.0,0.0,0.714,0.604,0.0156,1.17,3.5,0
B75-DIS-001,7.5,discussion,social,ieltswritingcorrectionservice.com,A-examiner,266,5.0,7.0,7.0,7.5,6.5,-1.0,official,7.0,8.0,7.0,8.0,-2.0,-1.0,0.0,-0.5,0.5,0.839,0.0301,4.89,1.88,0
B75-DIS-002,7.5,discussion,crime,ielts.international,A-examiner,264,6.0,8.0,7.0,7.5,7.0,-0.5,official,7.5,7.5,8.0,7.5,-1.5,0.5,-1.0,0.0,0.364,0.852,0.0417,3.79,0.76,0
B75-DIS-003,7.5,discussion,environment,ieltswritingcorrectionservice.com,A-examiner,234,4.5,7.0,7.5,6.5,6.5,-1.0,official,7.0,8.0,7.0,8.0,-2.5,-1.0,0.5,-1.5,0.458,0.865,0.0171,2.14,1.28,0
B75-DIS-004,7.5,discussion,environment,cdieltsprep.com,B-teacher,305,6.5,7.5,7.0,7.0,7.0,-0.5,inferred-v1,7.0,8.0,7.5,7.5,-0.5,-0.5,-0.5,-0.5,0.56,0.804,0.0393,3.93,1.64,0
B75-DIS-005,7.5,discussion,technology,ieltswritingcorrectionservice.com,A-examiner,264,5.5,7.0,7.0,7.5,7.0,-0.5,official,7.0,8.0,7.0,8.0,-1.5,-1.0,0.0,-0.5,0.435,0.884,0.0644,3.41,1.89,0
B75-DIS-006,7.5,discussion,culture,cdieltsprep.com,B-teacher,294,5.0,7.5,6.5,7.5,6.5,-1.0,inferred-v1,7.0,8.0,7.5,8.0,-2.0,-0.5,-1.0,-0.5,0.37,0.85,0.0374,4.08,2.04,0
B75-DIS-007,7.5,discussion,globalization-work,writing9.com,D-auto,325,7.0,9.0,7.5,7.0,7.5,0.0,inferred-v1,7.0,8.5,7.5,7.0,0.0,0.5,0.0,0.0,0.423,0.758,0.0123,5.85,2.77,1
B75-DIS-008,7.5,discussion,environment,writing9.com,D-auto,244,5.5,9.0,7.5,8.0,7.5,0.0,inferred-v1,6.5,8.5,7.5,8.0,-1.0,0.5,0.0,0.0,0.423,0.862,0.0123,3.28,2.05,0
B75-DIS-009,7.5,discussion,technology,writing9.com,D-auto,301,6.5,7.5,7.5,9.0,7.5,0.0,inferred-v1,6.5,7.5,7.5,8.5,0.0,0.0,0.0,0.5,0.654,0.761,0.0,3.65,3.65,1
B75-DIS-010,7.5,discussion,social,cdieltsprep.com,B-teacher,318,7.0,8.0,8.0,8.0,8.0,0.5,inferred-v1,7.5,7.5,7.5,8.0,-0.5,0.5,0.5,0.0,0.784,0.883,0.0126,3.14,1.89,0
B75-DIS-011,7.5,discussion,environment,writing9.com,D-auto,300,7.5,7.5,9.0,8.0,8.0,0.5,inferred-v1,7.0,7.0,8.5,7.5,0.5,0.5,0.5,0.5,0.625,0.808,0.0067,2.67,5.0,0
B75-DIS-012,7.5,discussion,technology,writing9.com,D-auto,270,7.5,8.0,8.0,6.0,7.5,0.0,inferred-v1,7.5,8.0,8.0,6.5,0.0,0.0,0.0,-0.5,0.684,0.725,0.0259,4.81,3.7,0
B75-DIS-013,7.5,discussion,social,cdieltsprep.com,B-teacher,290,6.5,8.0,7.0,7.5,7.5,0.0,inferred-v1,7.0,8.0,7.5,8.0,-0.5,0.0,-0.5,-0.5,0.591,0.84,0.0345,4.48,1.38,0
B75-DIS-014,7.5,discussion,globalization-work,writing9.com,D-auto,358,6.5,8.0,8.0,8.0,7.5,0.0,inferred-v1,6.5,8.0,8.0,8.0,0.0,0.0,0.0,0.0,0.5,0.759,0.0168,3.35,3.07,0
B75-DIS-016,7.5,discussion,culture,cdieltsprep.com,B-teacher,291,6.0,7.5,8.0,7.5,7.5,0.0,inferred-v1,7.5,7.5,7.5,8.0,-1.5,0.0,0.5,-0.5,0.56,0.874,0.0172,3.78,1.37,0
B75-DIS-017,7.5,discussion,media,cdieltsprep.com,B-teacher,288,6.5,7.5,7.0,7.5,7.0,-0.5,inferred-v1,7.0,8.0,7.5,8.0,-0.5,-0.5,-0.5,-0.5,0.5,0.867,0.0625,4.86,1.39,0
B75-DIS-019,7.5,discussion,education,cdieltsprep.com,B-teacher,292,6.5,7.5,6.5,7.0,7.0,-0.5,inferred-v1,7.0,8.0,7.0,7.5,-0.5,-0.5,-0.5,-0.5,0.522,0.873,0.0377,3.08,0.68,0
B75-DIS-020,7.5,discussion,culture,writing9.com,D-auto,275,7.0,8.0,8.0,8.0,8.0,0.5,inferred-v1,7.5,7.5,7.5,8.0,-0.5,0.5,0.5,0.0,0.65,0.795,0.0364,3.64,4.0,0
B75-DIS-021,7.5,discussion,social,writing9.com,D-auto,256,7.5,8.0,8.0,9.0,8.0,0.5,inferred-v1,7.0,7.5,7.5,8.5,0.5,0.5,0.5,0.5,0.533,0.75,0.0078,5.08,5.86,0
B75-DIS-023,7.5,discussion,technology,writing9.com,D-auto,320,7.5,7.5,8.0,9.0,8.0,0.5,inferred-v1,7.0,7.0,7.5,8.5,0.5,0.5,0.5,0.5,0.6,0.661,0.0094,2.81,4.69,0
B75-DIS-024,7.5,discussion,media,writing9.com,D-auto,406,7.0,8.0,8.0,7.5,7.5,0.0,inferred-v1,7.0,8.0,8.0,7.5,0.0,0.0,0.0,0.0,0.579,0.729,0.0369,3.94,3.2,0
B75-DIS-025,7.5,discussion,social,writing9.com,D-auto,359,7.0,8.0,7.5,7.5,7.5,0.0,inferred-v1,7.0,8.0,7.5,7.5,0.0,0.0,0.0,0.0,0.471,0.802,0.0195,3.06,2.23,0
B75-DIS-026,7.5,discussion,education,writing9.com,D-auto,332,6.0,8.0,7.0,7.0,7.0,-0.5,inferred-v1,6.5,8.5,7.5,7.5,-0.5,-0.5,-0.5,-0.5,0.476,0.794,0.0693,3.31,1.81,0
B75-DIS-027,7.5,discussion,globalization-work,writing9.com,D-auto,298,7.0,8.0,7.5,7.5,7.5,0.0,inferred-v1,7.0,8.0,7.5,7.5,0.0,0.0,0.0,0.0,0.458,0.75,0.0268,3.69,4.03,0
B75-DIS-028,7.5,discussion,government,writing9.com,D-auto,267,7.0,9.0,7.5,9.0,8.0,0.5,inferred-v1,6.5,8.5,7.0,8.5,0.5,0.5,0.5,0.5,0.545,0.769,0.0075,3.75,1.87,0
B75-DIS-029,7.5,discussion,social,writing9.com,D-auto,344,6.5,8.0,7.0,7.5,7.5,0.0,inferred-v1,7.0,8.0,7.5,8.0,-0.5,0.0,-0.5,-0.5,0.4,0.759,0.0378,2.91,2.03,0
B75-DIS-030,7.5,discussion,social,writing9.com,D-auto,409,7.0,8.0,8.0,9.0,8.0,0.5,inferred-v1,6.5,7.5,7.5,8.5,0.5,0.5,0.5,0.5,0.72,0.638,0.0073,2.44,3.42,0
B75-DIS-032,7.5,discussion,globalization-work,writing9.com,D-auto,320,7.5,8.0,8.0,9.0,8.0,0.5,inferred-v1,7.0,7.5,7.5,8.5,0.5,0.5,0.5,0.5,0.75,0.565,0.0031,3.75,3.75,0
B75-DIS-033,7.5,discussion,social,writing9.com,D-auto,305,8.0,8.0,8.0,9.0,8.5,1.0,inferred-v1,7.5,7.5,7.5,8.0,0.5,0.5,0.5,1.0,0.556,0.822,0.0098,3.93,5.25,0
B75-DIS-034,7.5,discussion,government,writing9.com,D-auto,289,7.5,8.0,7.0,9.0,8.0,0.5,inferred-v1,7.0,7.5,6.5,8.5,0.5,0.5,0.5,0.5,0.7,0.669,0.0035,4.5,2.77,1
B75-DIS-036,7.5,discussion,media,writing9.com,D-auto,288,7.5,9.0,7.5,8.0,8.0,0.5,inferred-v1,7.0,8.5,7.0,7.5,0.5,0.5,0.5,0.5,0.6,0.822,0.0035,4.86,3.82,1
B75-DIS-038,7.5,discussion,education,writing9.com,D-auto,353,8.0,8.0,7.5,9.0,8.0,0.5,inferred-v1,7.5,7.5,7.0,8.5,0.5,0.5,0.5,0.5,0.696,0.749,0.0085,4.25,3.12,1
B75-DIS-039,7.5,discussion,government,writing9.com,D-auto,307,8.0,9.0,9.0,8.0,8.5,1.0,inferred-v1,7.0,8.0,8.0,7.0,1.0,1.0,1.0,1.0,0.611,0.683,0.0065,5.21,4.89,0
B75-DIS-041,7.5,discussion,globalization-work,writing9.com,D-auto,287,8.0,9.0,8.0,9.0,8.5,1.0,inferred-v1,7.0,8.0,7.0,8.0,1.0,1.0,1.0,1.0,0.765,0.683,0.0035,4.53,3.48,1
B75-DIS-042,7.5,discussion,social,writing9.com,D-auto,321,6.5,8.0,7.0,7.0,7.0,-0.5,inferred-v1,7.0,8.5,7.5,7.5,-0.5,-0.5,-0.5,-0.5,0.81,0.863,0.0093,2.18,2.8,1
B75-DIS-045,7.5,discussion,government,writing9.com,D-auto,255,7.5,7.5,7.5,9.0,8.0,0.5,inferred-v1,7.0,7.0,7.0,8.5,0.5,0.5,0.5,0.5,0.4,0.734,0.0118,3.53,3.92,1
B75-OP-003,7.5,opinion,globalization-work,cdieltsprep.com,B-teacher,282,7.0,7.5,7.5,7.0,7.5,0.0,inferred-v1,7.5,7.5,8.0,7.5,-0.5,0.0,-0.5,-0.5,0.733,0.851,0.039,4.96,0.0,0
B75-OP-004,7.5,opinion,globalization-work,writing9.com,D-auto,268,7.5,9.0,8.0,8.0,8.0,0.5,inferred-v1,7.0,8.5,7.5,7.5,0.5,0.5,0.5,0.5,0.882,0.657,0.0187,5.22,4.1,0
B75-OP-005,7.5,opinion,government,cdieltsprep.com,B-teacher,288,6.5,7.5,7.0,7.0,7.0,-0.5,inferred-v1,7.0,8.0,7.5,7.5,-0.5,-0.5,-0.5,-0.5,0.526,0.844,0.0174,5.56,1.74,0
B75-OP-008,7.5,opinion,social,writing9.com,D-auto,270,6.0,9.0,8.0,8.0,8.0,0.5,inferred-v1,7.5,7.5,7.5,8.0,-1.5,1.5,0.5,0.0,0.611,0.681,0.0,4.07,4.07,1
B75-OP-009,7.5,opinion,government,writing9.com,D-auto,261,6.0,7.5,7.5,7.5,7.0,-0.5,inferred-v1,6.5,8.0,8.0,8.0,-0.5,-0.5,-0.5,-0.5,0.5,0.811,0.0307,3.45,4.6,0
B75-OP-010,7.5,opinion,government,writing9.com,D-auto,272,8.0,9.0,7.5,8.0,8.0,0.5,inferred-v1,7.5,8.5,7.0,7.5,0.5,0.5,0.5,0.5,0.519,0.725,0.0184,2.21,3.68,0
B75-OP-011,7.5,opinion,technology,writing9.com,D-auto,295,5.5,7.5,8.0,8.0,7.5,0.0,inferred-v1,7.5,7.5,7.5,8.0,-2.0,0.0,0.5,0.0,0.294,0.798,0.0169,2.03,3.39,0
B75-OP-012,7.5,opinion,globalization-work,writing9.com,D-auto,278,7.0,9.0,8.0,8.0,8.0,0.5,inferred-v1,6.5,8.5,7.5,7.5,0.5,0.5,0.5,0.5,0.733,0.844,0.0108,4.32,2.52,0
B75-OP-013,7.5,opinion,social,writing9.com,D-auto,276,7.0,9.0,7.5,9.0,8.0,0.5,inferred-v1,6.5,8.5,7.0,8.5,0.5,0.5,0.5,0.5,0.5,0.682,0.0109,2.54,3.99,0
B75-OP-014,7.5,opinion,media,writing9.com,D-auto,258,7.0,9.0,7.0,8.0,8.0,0.5,inferred-v1,7.0,8.5,7.0,8.0,0.0,0.5,0.0,0.0,0.455,0.763,0.0194,2.71,2.71,1
B75-OP-017,7.5,opinion,crime,writing9.com,D-auto,327,6.5,8.0,7.5,6.5,7.0,-0.5,inferred-v1,7.0,8.5,8.0,7.0,-0.5,-0.5,-0.5,-0.5,0.571,0.72,0.0245,4.59,3.98,0
B75-OP-018,7.5,opinion,environment,writing9.com,D-auto,393,7.0,8.0,7.5,8.0,7.5,0.0,inferred-v1,7.0,8.0,7.5,8.0,0.0,0.0,0.0,0.0,0.625,0.825,0.0407,3.31,3.82,2
B75-OP-019,7.5,opinion,media,cdieltsprep.com,B-teacher,284,6.0,7.5,7.0,7.5,7.0,-0.5,inferred-v1,6.5,8.0,7.5,8.0,-0.5,-0.5,-0.5,-0.5,0.591,0.854,0.0493,4.23,1.41,0
B75-OP-020,7.5,opinion,social,writing9.com,D-auto,282,6.5,9.0,8.0,9.0,8.0,0.5,inferred-v1,7.0,8.0,7.5,8.0,-0.5,1.0,0.5,1.0,0.737,0.646,0.0,3.19,3.19,0
B75-OP-021,7.5,opinion,culture,writing9.com,D-auto,284,7.0,8.0,7.0,8.0,7.5,0.0,inferred-v1,7.0,8.0,7.0,8.0,0.0,0.0,0.0,0.0,0.571,0.721,0.0458,2.82,3.87,0
B75-OP-022,7.5,opinion,social,writing9.com,D-auto,314,7.0,7.5,8.0,7.5,7.5,0.0,inferred-v1,7.0,7.5,8.0,7.5,0.0,0.0,0.0,0.0,0.6,0.75,0.0159,4.14,4.14,0
B75-OP-023,7.5,opinion,social,writing9.com,D-auto,287,7.5,9.0,7.5,8.0,8.0,0.5,inferred-v1,7.0,8.5,7.0,7.5,0.5,0.5,0.5,0.5,0.615,0.725,0.0592,2.79,3.14,0
B75-OP-024,7.5,opinion,education,cdieltsprep.com,B-teacher,263,6.5,7.5,6.5,7.0,7.0,-0.5,inferred-v1,7.0,8.0,7.0,7.5,-0.5,-0.5,-0.5,-0.5,0.467,0.926,0.038,4.94,2.66,0
B75-OP-025,7.5,opinion,crime,cdieltsprep.com,B-teacher,290,5.5,7.5,7.0,7.0,7.0,-0.5,inferred-v1,7.5,7.5,7.5,8.0,-2.0,0.0,-0.5,-1.0,0.647,0.834,0.0345,4.14,1.38,0
B75-OP-026,7.5,opinion,culture,writing9.com,D-auto,283,6.0,8.0,7.0,7.5,7.0,-0.5,inferred-v1,6.5,8.5,7.5,8.0,-0.5,-0.5,-0.5,-0.5,0.438,0.879,0.0495,2.12,3.53,1
B75-OP-027,7.5,opinion,health,cdieltsprep.com,B-teacher,294,6.5,7.5,7.5,7.5,7.5,0.0,inferred-v1,7.5,7.5,7.5,8.0,-1.0,0.0,0.0,-0.5,0.632,0.89,0.0272,4.08,1.36,0
B75-OP-028,7.5,opinion,environment,cdieltsprep.com,B-teacher,296,5.5,8.0,7.0,6.5,7.0,-0.5,inferred-v1,6.5,8.5,8.0,7.5,-1.0,-0.5,-1.0,-1.0,0.421,0.899,0.0304,5.07,3.04,0
B75-OP-029,7.5,opinion,social,cdieltsprep.com,B-teacher,278,6.5,7.5,7.0,7.0,7.0,-0.5,inferred-v1,7.0,8.0,7.5,7.5,-0.5,-0.5,-0.5,-0.5,0.615,0.878,0.0432,2.16,0.36,0
B75-OP-030,7.5,opinion,health,writing9.com,D-auto,251,6.5,9.0,7.0,8.0,7.5,0.0,inferred-v1,6.5,8.5,7.0,8.0,0.0,0.5,0.0,0.0,0.667,0.833,0.0279,3.98,3.19,0
B75-OP-031,7.5,opinion,government,cdieltsprep.com,B-teacher,304,6.5,7.5,7.5,7.5,7.5,0.0,inferred-v1,7.5,7.5,7.5,8.0,-1.0,0.0,0.0,-0.5,0.615,0.855,0.102,5.26,1.64,0
B75-OP-033,7.5,opinion,education,writing9.com,D-auto,277,7.0,9.0,7.0,6.5,7.5,0.0,inferred-v1,7.0,8.5,7.0,6.5,0.0,0.5,0.0,0.0,0.517,0.928,0.0361,2.89,4.69,0
B75-OP-034,7.5,opinion,technology,cdieltsprep.com,B-teacher,290,6.5,7.5,6.5,7.0,7.0,-0.5,inferred-v1,7.0,8.0,7.0,7.5,-0.5,-0.5,-0.5,-0.5,0.455,0.856,0.031,4.83,2.07,0
B75-OP-035,7.5,opinion,globalization-work,writing9.com,D-auto,344,7.5,8.0,7.5,6.0,7.5,0.0,inferred-v1,8.0,8.0,8.0,6.5,-0.5,0.0,-0.5,-0.5,0.769,0.78,0.0116,1.74,2.03,1
B75-OP-037,7.5,opinion,media,writing9.com,D-auto,326,7.0,9.0,9.0,9.0,8.5,1.0,inferred-v1,6.5,8.0,8.0,8.0,0.5,1.0,1.0,1.0,0.818,0.703,0.0061,3.68,2.76,0
B75-OP-038,7.5,opinion,globalization-work,writing9.com,D-auto,286,7.0,8.0,9.0,8.0,8.0,0.5,inferred-v1,6.5,7.5,8.5,7.5,0.5,0.5,0.5,0.5,0.688,0.825,0.007,2.45,3.5,0
B75-OP-039,7.5,opinion,culture,writing9.com,D-auto,309,7.0,9.0,8.0,8.0,8.0,0.5,inferred-v1,6.5,8.5,7.5,7.5,0.5,0.5,0.5,0.5,0.571,0.711,0.0162,3.24,4.21,0
B75-OP-040,7.5,opinion,social,writing9.com,D-auto,271,8.0,9.0,8.0,9.0,8.5,1.0,inferred-v1,7.0,8.0,7.0,8.0,1.0,1.0,1.0,1.0,0.846,0.645,0.0148,2.95,4.8,0
B75-OP-041,7.5,opinion,crime,writing9.com,D-auto,258,8.0,9.0,8.0,8.0,8.5,1.0,inferred-v1,7.5,8.0,7.5,7.5,0.5,1.0,0.5,0.5,0.706,0.558,0.0078,3.49,5.04,0
B75-OP-043,7.5,opinion,social,writing9.com,D-auto,296,8.0,8.0,7.5,7.5,8.0,0.5,inferred-v1,7.5,8.0,7.5,7.5,0.5,0.0,0.0,0.0,0.8,0.787,0.0338,2.36,4.05,0
B75-OP-045,7.5,opinion,technology,writing9.com,D-auto,313,6.5,9.0,8.0,7.0,7.5,0.0,inferred-v1,6.5,8.5,8.0,7.0,0.0,0.5,0.0,0.0,0.385,0.715,0.0064,3.51,3.51,0
B75-OP-046,7.5,opinion,education,writing9.com,D-auto,341,8.0,8.0,9.0,8.0,8.5,1.0,inferred-v1,7.5,7.5,8.0,7.5,0.5,0.5,1.0,0.5,0.792,0.635,0.0029,2.93,3.23,0
B75-OP-047,7.5,opinion,government,writing9.com,D-auto,283,8.0,8.0,8.0,8.0,8.0,0.5,inferred-v1,7.5,7.5,7.5,7.5,0.5,0.5,0.5,0.5,0.778,0.677,0.0035,2.83,3.89,0
B75-OP-049,7.5,opinion,education,writing9.com,D-auto,253,7.0,7.5,8.0,9.0,8.0,0.5,inferred-v1,6.5,7.0,7.5,8.5,0.5,0.5,0.5,0.5,0.8,0.739,0.004,3.16,3.95,0
B75-OP-050,7.5,opinion,education,writing9.com,D-auto,301,6.5,9.0,9.0,7.0,8.0,0.5,inferred-v1,6.5,8.5,8.5,6.5,0.0,0.5,0.5,0.5,0.611,0.766,0.01,5.98,3.65,0
B75-OP-051,7.5,opinion,social,writing9.com,D-auto,281,8.0,8.0,8.0,8.0,8.0,0.5,inferred-v1,7.5,7.5,7.5,7.5,0.5,0.5,0.5,0.5,0.667,0.677,0.0,2.14,4.27,0
B75-OP-052,7.5,opinion,media,writing9.com,D-auto,283,7.5,7.5,8.0,8.0,8.0,0.5,inferred-v1,7.5,7.5,7.5,8.0,0.0,0.0,0.5,0.0,0.737,0.764,0.0071,1.77,3.53,0
B75-OP-053,7.5,opinion,environment,writing9.com,D-auto,263,6.0,9.0,7.5,7.0,7.5,0.0,inferred-v1,6.5,8.5,7.5,7.0,-0.5,0.5,0.0,0.0,0.611,0.728,0.0228,1.52,4.94,0
B75-OP-054,7.5,opinion,health,writing9.com,D-auto,260,7.5,8.0,7.5,8.0,8.0,0.5,inferred-v1,7.5,7.5,7.5,8.0,0.0,0.5,0.0,0.0,0.591,0.851,0.0269,2.69,5.0,0
B75-OP-055,7.5,opinion,technology,writing9.com,D-auto,348,7.5,8.0,8.0,8.0,8.0,0.5,inferred-v1,7.0,7.5,7.5,7.5,0.5,0.5,0.5,0.5,0.467,0.73,0.0172,4.02,3.45,0
B75-OP-057,7.5,opinion,culture,writing9.com,D-auto,269,7.0,8.0,8.0,8.0,8.0,0.5,inferred-v1,7.5,7.5,7.5,8.0,-0.5,0.5,0.5,0.0,0.786,0.618,0.0,2.6,6.32,0
B75-OP-058,7.5,opinion,technology,writing9.com,D-auto,257,6.5,8.0,9.0,7.5,8.0,0.5,inferred-v1,6.5,8.0,8.5,7.5,0.0,0.0,0.5,0.0,0.688,0.807,0.0195,2.72,4.67,0
B75-OP-059,7.5,opinion,social,writing9.com,D-auto,249,7.0,9.0,7.0,7.5,7.5,0.0,inferred-v1,7.0,8.5,7.0,7.5,0.0,0.5,0.0,0.0,0.7,0.696,0.012,1.61,3.21,0
B75-OP-060,7.5,opinion,social,writing9.com,D-auto,335,7.0,8.0,7.5,6.5,7.5,0.0,inferred-v1,7.5,8.0,8.0,7.0,-0.5,0.0,-0.5,-0.5,0.611,0.641,0.0299,2.99,2.69,0
B75-OP-061,7.5,opinion,social,writing9.com,D-auto,259,5.5,9.0,8.0,8.0,7.5,0.0,inferred-v1,7.5,7.5,7.5,8.0,-2.0,1.5,0.5,0.0,0.357,0.754,0.0039,3.47,3.09,0
B75-OP-062,7.5,opinion,social,writing9.com,D-auto,335,7.5,9.0,9.0,8.0,8.5,1.0,inferred-v1,6.5,8.0,8.0,7.0,1.0,1.0,1.0,1.0,0.786,0.74,0.009,3.58,2.99,0
B75-OP-063,7.5,opinion,technology,writing9.com,D-auto,303,7.0,9.0,8.0,7.5,8.0,0.5,inferred-v1,6.5,8.5,7.5,7.0,0.5,0.5,0.5,0.5,0.818,0.798,0.0066,1.98,3.3,0
B75-OP-064,7.5,opinion,technology,writing9.com,D-auto,358,6.5,8.0,9.0,7.5,8.0,0.5,inferred-v1,6.5,8.0,8.5,7.5,0.0,0.0,0.5,0.0,0.591,0.739,0.0196,2.79,4.75,0
B75-OP-065,7.5,opinion,globalization-work,writing9.com,D-auto,297,6.0,8.0,6.5,7.5,7.0,-0.5,inferred-v1,6.5,8.5,7.0,8.0,-0.5,-0.5,-0.5,-0.5,0.526,0.761,0.0202,1.01,1.68,1
B75-OP-068,7.5,opinion,globalization-work,writing9.com,D-auto,285,6.5,9.0,8.0,7.5,8.0,0.5,inferred-v1,6.5,8.5,8.0,7.5,0.0,0.5,0.0,0.0,0.588,0.797,0.0246,2.81,2.81,0
B75-REP-001,7.5,report,environment,allthingsielts.com,B-teacher,381,6.0,9.0,7.5,7.5,7.5,0.0,inferred-v1,6.5,8.5,7.5,7.5,-0.5,0.5,0.0,0.0,0.571,0.81,0.0315,0.79,2.89,0
B75-REP-002,7.5,report,crime,cdieltsprep.com,B-teacher,314,5.5,7.5,7.0,6.5,6.5,-1.0,inferred-v1,6.5,8.5,8.0,7.5,-1.0,-1.0,-1.0,-1.0,0.471,0.92,0.0414,2.87,0.96,0
B75-REP-003,7.5,report,social,cdieltsprep.com,B-teacher,287,6.5,9.0,7.0,8.0,7.5,0.0,inferred-v1,6.5,8.5,7.0,8.0,0.0,0.5,0.0,0.0,0.5,0.831,0.0105,3.83,1.39,0
B75-REP-004,7.5,report,crime,cdieltsprep.com,B-teacher,259,5.5,7.5,7.0,7.0,7.0,-0.5,inferred-v1,7.5,7.5,7.5,8.0,-2.0,0.0,-0.5,-1.0,0.5,0.833,0.0347,4.63,1.16,0
B75-REP-007,7.5,report,social,writing9.com,D-auto,301,6.0,7.5,8.0,7.5,7.5,0.0,inferred-v1,7.5,7.5,7.5,8.0,-1.5,0.0,0.5,-0.5,0.75,0.801,0.0166,1.0,4.65,1
B75-REP-008,7.5,report,globalization-work,cdieltsprep.com,B-teacher,276,5.5,7.5,6.5,6.0,6.5,-1.0,inferred-v1,6.5,8.5,7.5,7.0,-1.0,-1.0,-1.0,-1.0,0.429,0.845,0.029,3.62,0.72,0
B75-REP-009,7.5,report,social,cdieltsprep.com,B-teacher,272,6.5,7.5,7.5,7.5,7.5,0.0,inferred-v1,7.5,7.5,7.5,8.0,-1.0,0.0,0.0,-0.5,0.733,0.903,0.0331,3.31,1.1,0
B75-REP-011,7.5,report,health,writing9.com,D-auto,283,6.5,8.0,8.0,8.0,7.5,0.0,inferred-v1,6.5,8.0,8.0,8.0,0.0,0.0,0.0,0.0,0.895,0.768,0.0106,0.35,2.12,0
B75-REP-012,7.5,report,health,cdieltsprep.com,B-teacher,272,5.0,8.0,7.0,7.5,7.0,-0.5,inferred-v1,6.5,8.5,7.5,8.0,-1.5,-0.5,-0.5,-0.5,0.348,0.9,0.0257,3.31,1.1,0
B75-REP-014,7.5,report,social,cdieltsprep.com,B-teacher,329,6.5,8.0,7.5,7.5,7.5,0.0,inferred-v1,6.5,8.0,7.5,7.5,0.0,0.0,0.0,0.0,0.588,0.844,0.0486,3.65,2.43,0
B75-REP-015,7.5,report,health,writing9.com,D-auto,297,7.0,9.0,8.0,9.0,8.5,1.0,inferred-v1,7.0,8.0,7.5,8.0,0.0,1.0,0.5,1.0,0.75,0.777,0.0034,2.36,4.04,0
B75-REP-016,7.5,report,technology,cdieltsprep.com,B-teacher,291,6.0,7.5,7.0,7.5,7.0,-0.5,inferred-v1,6.5,8.0,7.5,8.0,-0.5,-0.5,-0.5,-0.5,0.6,0.885,0.0412,3.44,2.06,0
B75-REP-017,7.5,report,health,writing9.com,D-auto,339,7.0,8.0,8.0,8.0,8.0,0.5,inferred-v1,7.5,7.5,7.5,8.0,-0.5,0.5,0.5,0.0,0.812,0.728,0.0029,0.88,3.54,0
B75-REP-018,7.5,report,environment,writing9.com,D-auto,252,7.5,9.0,7.5,7.5,8.0,0.5,inferred-v1,7.0,8.5,7.0,7.0,0.5,0.5,0.5,0.5,0.476,0.788,0.0,1.19,5.56,0
B75-REP-020,7.5,report,education,writing9.com,D-auto,308,7.0,9.0,7.5,8.0,8.0,0.5,inferred-v1,6.5,8.5,7.0,7.5,0.5,0.5,0.5,0.5,0.786,0.858,0.0422,2.27,1.95,1
B75-REP-021,7.5,report,media,writing9.com,D-auto,294,7.5,8.0,7.5,8.0,8.0,0.5,inferred-v1,7.5,7.5,7.5,8.0,0.0,0.5,0.0,0.0,1.0,0.694,0.0,3.06,4.42,1
B75-REP-023,7.5,report,health,writing9.com,D-auto,282,6.5,8.0,7.5,7.5,7.5,0.0,inferred-v1,6.5,8.0,7.5,7.5,0.0,0.0,0.0,0.0,0.688,0.733,0.0035,1.77,3.19,1
B75-REP-024,7.5,report,environment,writing9.com,D-auto,321,7.0,7.5,7.5,7.5,7.5,0.0,inferred-v1,7.0,7.5,7.5,7.5,0.0,0.0,0.0,0.0,0.467,0.86,0.0343,1.87,4.36,0
B75-REP-025,7.5,report,globalization-work,writing9.com,D-auto,261,6.0,7.5,7.0,7.0,7.0,-0.5,inferred-v1,6.5,8.0,7.5,7.5,-0.5,-0.5,-0.5,-0.5,0.867,0.851,0.0268,1.92,1.92,0
B75-REP-026,7.5,report,environment,writing9.com,D-auto,264,6.5,7.5,7.5,7.5,7.5,0.0,inferred-v1,7.5,7.5,7.5,8.0,-1.0,0.0,0.0,-0.5,0.769,0.727,0.0189,0.38,2.65,0
B75-REP-027,7.5,report,globalization-work,writing9.com,D-auto,255,7.5,8.0,7.5,7.5,7.5,0.0,inferred-v1,7.5,8.0,7.5,7.5,0.0,0.0,0.0,0.0,0.857,0.767,0.0275,2.75,4.31,1
B75-REP-028,7.5,report,globalization-work,writing9.com,D-auto,279,5.0,9.0,7.5,9.0,7.5,0.0,inferred-v1,7.0,8.0,7.5,8.0,-2.0,1.0,0.0,1.0,0.4,0.799,0.0108,2.51,3.23,1
B75-TQ-001,7.5,two-part,government,writing9.com,D-auto,297,8.0,8.0,8.0,9.0,8.5,1.0,inferred-v1,7.5,7.5,7.5,8.0,0.5,0.5,0.5,1.0,0.857,0.669,0.0067,2.69,3.03,0
B75-TQ-002,7.5,two-part,government,cdieltsprep.com,B-teacher,287,6.5,7.5,7.0,7.5,7.0,-0.5,inferred-v1,7.0,8.0,7.5,8.0,-0.5,-0.5,-0.5,-0.5,0.4,0.934,0.0801,3.48,2.09,0
B75-TQ-003,7.5,two-part,environment,cdieltsprep.com,B-teacher,283,5.0,7.5,6.5,6.0,6.5,-1.0,inferred-v1,6.5,8.5,8.0,7.5,-1.5,-1.0,-1.5,-1.5,0.333,0.861,0.0353,3.53,1.06,0
B75-TQ-004,7.5,two-part,environment,writing9.com,D-auto,367,7.0,9.0,7.0,7.5,7.5,0.0,inferred-v1,7.0,8.5,7.0,7.5,0.0,0.5,0.0,0.0,0.545,0.755,0.03,0.54,2.18,0
B75-TQ-006,7.5,two-part,environment,cdieltsprep.com,B-teacher,291,5.5,8.0,7.5,7.5,7.0,-0.5,inferred-v1,7.5,7.5,7.5,8.0,-2.0,0.5,0.0,-0.5,0.611,0.914,0.0206,2.06,1.72,0
B75-TQ-007,7.5,two-part,social,writing9.com,D-auto,297,7.0,9.0,6.5,8.0,7.5,0.0,inferred-v1,7.0,8.5,6.5,8.0,0.0,0.5,0.0,0.0,0.452,0.672,0.0101,2.02,5.39,0
B75-TQ-008,7.5,opinion,social,writing9.com,D-auto,265,6.5,8.0,7.5,9.0,8.0,0.5,inferred-v1,6.5,8.0,7.5,8.5,0.0,0.0,0.0,0.5,0.5,0.819,0.0113,3.77,3.02,0
B75-TQ-009,7.5,two-part,health,writing9.com,D-auto,292,5.5,9.0,7.5,8.0,7.5,0.0,inferred-v1,6.5,8.5,7.5,8.0,-1.0,0.5,0.0,0.0,0.643,0.709,0.024,2.4,3.77,1
B75-TQ-010,7.5,two-part,culture,cdieltsprep.com,B-teacher,287,8.0,9.0,7.0,7.5,8.0,0.5,inferred-v1,7.5,8.5,6.5,7.0,0.5,0.5,0.5,0.5,0.706,0.854,0.0383,4.18,2.44,0
B75-TQ-011,7.5,two-part,social,cdieltsprep.com,B-teacher,269,6.0,7.5,8.0,7.0,7.0,-0.5,inferred-v1,6.5,8.0,8.5,7.5,-0.5,-0.5,-0.5,-0.5,0.571,0.883,0.0186,3.72,1.49,0
B75-TQ-013,7.5,two-part,education,writing9.com,D-auto,286,7.5,9.0,9.0,9.0,8.5,1.0,inferred-v1,6.5,8.0,8.0,8.0,1.0,1.0,1.0,1.0,0.714,0.744,0.007,2.8,3.85,0
B75-TQ-014,7.5,two-part,social,writing9.com,D-auto,348,8.0,9.0,9.0,9.0,9.0,1.5,inferred-v1,7.5,7.5,7.5,8.0,0.5,1.5,1.5,1.0,0.7,0.675,0.0086,3.16,3.45,0
B8-ADV-001,8.0,two-part,social,ieltsprepstudio.com,B-teacher,260,6.0,8.0,7.5,7.0,7.0,-1.0,inferred-v1,7.0,9.0,8.5,8.0,-1.0,-1.0,-1.0,-1.0,0.714,0.854,0.0462,3.46,1.15,0
B8-ADV-002,8.0,adv-disadv,globalization-work,ieltsprepstudio.com,B-teacher,237,6.5,7.5,7.5,6.0,7.0,-1.0,inferred-v1,7.5,8.5,8.5,7.0,-1.0,-1.0,-1.0,-1.0,0.889,0.868,0.0253,3.38,0.84,0
B8-ADV-003,8.0,adv-disadv,environment,writing9.com,D-auto,266,8.0,9.0,8.0,9.0,8.5,0.5,inferred-v1,7.5,8.5,7.5,8.5,0.5,0.5,0.5,0.5,0.462,0.786,0.0,5.64,3.76,0
B8-ADV-004,8.0,adv-disadv,technology,writing9.com,D-auto,281,7.5,9.0,8.0,9.0,8.5,0.5,inferred-v1,7.0,8.5,7.5,8.5,0.5,0.5,0.5,0.5,0.579,0.838,0.0,4.27,3.56,1
B8-ADV-005,8.0,adv-disadv,globalization-work,writing9.com,D-auto,358,7.0,9.0,9.0,8.0,8.5,0.5,inferred-v1,7.5,8.5,8.5,8.0,-0.5,0.5,0.5,0.0,0.727,0.754,0.0028,1.96,3.35,0
B8-ADV-006,8.0,two-part,social,writing9.com,D-auto,330,7.5,8.0,8.0,8.0,8.0,0.0,inferred-v1,7.5,8.0,8.0,8.0,0.0,0.0,0.0,0.0,0.6,0.756,0.0455,2.42,3.64,0
B8-ADV-007,8.0,adv-disadv,social,ielts-blog.com,C-blog,326,6.5,9.0,8.0,6.0,7.5,-0.5,inferred-v1,7.0,9.0,8.5,7.0,-0.5,0.0,-0.5,-1.0,0.636,0.777,0.0153,1.84,3.68,0
B8-ADV-008,8.0,adv-disadv,health,writing9.com,D-auto,297,6.0,9.0,8.0,9.0,8.0,0.0,inferred-v1,7.5,8.5,8.0,8.5,-1.5,0.5,0.0,0.5,0.533,0.788,0.0135,3.37,4.04,0
B8-ADV-009,8.0,adv-disadv,education,writing9.com,D-auto,266,7.5,9.0,8.0,8.0,8.0,0.0,inferred-v1,7.5,9.0,8.0,8.0,0.0,0.0,0.0,0.0,0.722,0.791,0.015,3.76,4.14,0
B8-ADV-011,8.0,two-part,technology,writing9.com,D-auto,334,7.5,8.0,7.5,7.5,7.5,-0.5,inferred-v1,8.0,8.5,8.0,8.0,-0.5,-0.5,-0.5,-0.5,0.733,0.731,0.021,2.1,2.99,1
B8-ADV-013,8.0,two-part,media,writing9.com,D-auto,326,6.5,8.0,8.0,8.0,7.5,-0.5,inferred-v1,7.0,8.5,8.5,8.5,-0.5,-0.5,-0.5,-0.5,0.786,0.785,0.0215,2.15,3.07,0
B8-ADV-014,8.0,two-part,media,writing9.com,D-auto,304,7.5,9.0,7.5,8.0,8.0,0.0,inferred-v1,7.5,9.0,7.5,8.0,0.0,0.0,0.0,0.0,0.714,0.815,0.023,3.29,2.63,1
B8-ADV-015,8.0,adv-disadv,technology,ielts-blog.com,C-blog,367,6.5,8.0,7.0,5.5,7.0,-1.0,inferred-v1,8.0,9.0,8.5,7.0,-1.5,-1.0,-1.5,-1.5,0.333,0.774,0.03,1.36,1.63,0
B8-ADV-016,8.0,adv-disadv,culture,ielts-blog.com,C-blog,289,9.0,9.0,7.5,6.5,8.0,0.0,inferred-v1,9.0,9.0,7.5,7.0,0.0,0.0,0.0,-0.5,0.765,0.759,0.0277,3.81,3.11,0
B8-ADV-017,8.0,adv-disadv,education,writing9.com,D-auto,291,9.0,9.0,9.0,8.0,9.0,1.0,inferred-v1,8.0,8.5,8.5,7.5,1.0,0.5,0.5,0.5,0.654,0.663,0.0034,1.72,4.12,0
B8-ADV-019,8.0,adv-disadv,culture,ielts-blog.com,C-blog,276,8.0,9.0,9.0,9.0,9.0,1.0,inferred-v1,8.0,8.0,8.0,8.5,0.0,1.0,1.0,0.5,0.769,0.785,0.0145,5.07,3.99,0
B8-ADV-020,8.0,adv-disadv,social,ielts-blog.com,C-blog,334,7.0,8.0,7.5,8.0,7.5,-0.5,inferred-v1,7.5,8.5,8.0,8.5,-0.5,-0.5,-0.5,-0.5,0.55,0.86,0.0389,2.1,3.29,0
B8-ADV-021,8.0,adv-disadv,education,writing9.com,D-auto,372,5.5,9.0,7.5,6.0,7.0,-1.0,inferred-v1,7.0,9.0,8.5,7.0,-1.5,0.0,-1.0,-1.0,0.562,0.877,0.1129,2.42,1.61,0
B8-ADV-022,8.0,adv-disadv,education,ielts-blog.com,C-blog,328,6.5,8.0,8.0,9.0,8.0,0.0,inferred-v1,7.0,8.0,8.0,9.0,-0.5,0.0,0.0,0.0,0.722,0.672,0.0091,2.44,2.74,0
B8-ADV-023,8.0,two-part,media,ielts-blog.com,C-blog,301,9.0,9.0,8.0,8.0,8.5,0.5,inferred-v1,8.5,8.5,7.5,7.5,0.5,0.5,0.5,0.5,0.923,0.794,0.0365,2.33,2.33,0
B8-ADV-024,8.0,adv-disadv,health,ielts-blog.com,C-blog,308,6.0,8.0,7.5,6.5,7.0,-1.0,inferred-v1,7.0,9.0,8.5,7.5,-1.0,-1.0,-1.0,-1.0,0.556,0.695,0.0357,2.27,3.25,0
B8-ADV-025,8.0,two-part,social,ielts-blog.com,C-blog,278,7.0,8.0,8.0,7.5,7.5,-0.5,inferred-v1,7.5,8.5,8.5,8.0,-0.5,-0.5,-0.5,-0.5,0.667,0.713,0.0072,1.8,1.8,0
B8-ADV-026,8.0,adv-disadv,social,ielts-blog.com,C-blog,317,8.0,7.5,8.0,7.0,7.5,-0.5,inferred-v1,8.5,8.0,8.5,7.5,-0.5,-0.5,-0.5,-0.5,0.8,0.771,0.0189,0.95,1.26,0
B8-ADV-027,8.0,adv-disadv,education,ielts-blog.com,C-blog,338,6.5,8.0,8.0,8.0,7.5,-0.5,inferred-v1,7.0,8.5,8.5,8.5,-0.5,-0.5,-0.5,-0.5,0.938,0.751,0.0148,1.48,1.18,0
B8-ADV-028,8.0,adv-disadv,globalization-work,writing9.com,D-auto,342,7.0,8.0,8.0,7.0,7.5,-0.5,inferred-v1,7.5,8.5,8.5,7.5,-0.5,-0.5,-0.5,-0.5,0.529,0.662,0.0,2.63,3.22,0
B8-ADV-030,8.0,adv-disadv,education,writing9.com,D-auto,359,7.0,8.0,8.0,8.0,8.0,0.0,inferred-v1,8.0,8.0,8.0,8.5,-1.0,0.0,0.0,-0.5,0.667,0.774,0.0056,2.23,2.51,0
B8-ADV-031,8.0,adv-disadv,health,writing9.com,D-auto,316,7.5,9.0,7.5,8.0,8.0,0.0,inferred-v1,7.5,9.0,7.5,8.0,0.0,0.0,0.0,0.0,0.412,0.707,0.0443,2.53,4.43,0
B8-ADV-032,8.0,two-part,globalization-work,ielts-blog.com,C-blog,285,7.0,9.0,7.5,7.5,8.0,0.0,inferred-v1,7.5,9.0,8.0,8.0,-0.5,0.0,-0.5,-0.5,0.643,0.815,0.0316,2.81,2.11,0
B8-ADV-036,8.0,adv-disadv,technology,ielts-blog.com,C-blog,320,7.5,9.0,9.0,7.0,8.0,0.0,inferred-v1,7.5,9.0,9.0,7.0,0.0,0.0,0.0,0.0,0.833,0.743,0.0125,2.5,2.5,0
B8-DIS-001,8.0,discussion,education,allthingsielts.com,B-teacher,358,5.5,7.5,7.0,7.5,7.0,-1.0,inferred-v1,7.0,8.5,8.0,8.5,-1.5,-1.0,-1.0,-1.0,0.444,0.712,0.0391,4.47,1.4,0
B8-DIS-002,8.0,discussion,education,ielts.international,A-examiner,277,5.5,8.0,7.0,7.5,7.0,-1.0,official,8.0,8.5,8.0,8.0,-2.5,-0.5,-1.0,-0.5,0.48,0.871,0.0794,3.25,0.72,0
B8-DIS-003,8.0,discussion,technology,ieltsprepstudio.com,B-teacher,248,5.0,8.0,7.0,7.0,7.0,-1.0,inferred-v1,8.0,8.0,8.0,8.5,-3.0,0.0,-1.0,-1.5,0.267,0.841,0.0565,4.03,1.61,0
B8-DIS-004,8.0,discussion,education,ielts-blog.com,C-blog,330,7.5,9.0,7.5,6.0,7.5,-0.5,inferred-v1,8.0,9.0,8.0,7.0,-0.5,0.0,-0.5,-1.0,0.632,0.761,0.0273,4.55,2.12,0
B8-DIS-005,8.0,discussion,health,writing9.com,D-auto,301,6.5,8.0,8.0,8.0,7.5,-0.5,inferred-v1,7.0,8.5,8.5,8.5,-0.5,-0.5,-0.5,-0.5,0.364,0.787,0.0066,3.65,4.65,0
B8-DIS-006,8.0,discussion,technology,writing9.com,D-auto,298,5.5,8.0,7.5,7.5,7.0,-1.0,inferred-v1,8.0,8.0,8.0,8.5,-2.5,0.0,-0.5,-1.0,0.4,0.813,0.0201,4.7,3.36,0
B8-DIS-007,8.0,discussion,social,ielts-blog.com,C-blog,289,6.0,7.5,7.0,6.5,7.0,-1.0,inferred-v1,7.5,8.5,8.5,8.0,-1.5,-1.0,-1.5,-1.5,0.389,0.723,0.0104,2.42,4.15,0
B8-DIS-008,8.0,discussion,social,writing9.com,D-auto,344,7.0,8.0,7.0,7.5,7.5,-0.5,inferred-v1,7.5,8.5,7.5,8.0,-0.5,-0.5,-0.5,-0.5,0.5,0.716,0.0465,2.03,4.07,0
B8-DIS-009,8.0,discussion,health,ielts-blog.com,C-blog,314,7.0,8.0,7.5,5.5,7.0,-1.0,inferred-v1,8.0,9.0,8.5,7.0,-1.0,-1.0,-1.0,-1.5,0.619,0.745,0.035,4.14,1.59,0
B8-DIS-011,8.0,discussion,technology,writing9.com,D-auto,294,7.0,8.0,7.5,8.0,7.5,-0.5,inferred-v1,7.5,8.5,8.0,8.5,-0.5,-0.5,-0.5,-0.5,0.611,0.808,0.0306,3.4,4.08,0
B8-DIS-012,8.0,discussion,social,ielts-blog.com,C-blog,290,6.5,9.0,7.0,8.0,7.5,-0.5,inferred-v1,7.0,9.0,7.5,8.5,-0.5,0.0,-0.5,-0.5,0.619,0.805,0.0207,3.1,2.76,0
B8-DIS-013,8.0,discussion,social,writing9.com,D-auto,339,6.5,8.0,7.5,7.5,7.5,-0.5,inferred-v1,7.0,8.5,8.0,8.0,-0.5,-0.5,-0.5,-0.5,0.406,0.829,0.0324,3.24,2.36,0
B8-DIS-014,8.0,discussion,globalization-work,writing9.com,D-auto,256,7.5,7.5,8.0,9.0,8.0,0.0,inferred-v1,7.5,7.5,8.0,9.0,0.0,0.0,0.0,0.0,0.5,0.79,0.0078,4.69,5.47,0
B8-DIS-015,8.0,discussion,education,writing9.com,D-auto,260,7.5,9.0,8.0,9.0,8.5,0.5,inferred-v1,7.0,8.5,7.5,8.5,0.5,0.5,0.5,0.5,0.65,0.729,0.0077,3.85,4.23,0
B8-DIS-016,8.0,discussion,education,writing9.com,D-auto,335,7.0,8.0,7.5,9.0,8.0,0.0,inferred-v1,7.0,8.0,7.5,9.0,0.0,0.0,0.0,0.0,0.696,0.759,0.0119,4.48,2.69,1
B8-DIS-018,8.0,discussion,environment,writing9.com,D-auto,285,6.5,9.0,8.0,7.5,8.0,0.0,inferred-v1,7.0,9.0,8.5,8.0,-0.5,0.0,-0.5,-0.5,0.261,0.822,0.0175,4.91,3.51,0
B8-DIS-019,8.0,discussion,technology,writing9.com,D-auto,266,6.5,8.0,7.5,9.0,8.0,0.0,inferred-v1,7.0,8.5,8.0,9.0,-0.5,-0.5,-0.5,0.0,0.333,0.769,0.0075,3.76,3.76,0
B8-DIS-021,8.0,discussion,social,writing9.com,D-auto,342,8.0,8.0,8.0,7.0,8.0,0.0,inferred-v1,8.0,8.5,8.5,7.5,0.0,-0.5,-0.5,-0.5,0.722,0.718,0.0117,5.26,4.09,0
B8-DIS-022,8.0,discussion,health,ielts-blog.com,C-blog,363,7.5,9.0,7.5,7.0,8.0,0.0,inferred-v1,8.0,9.0,8.0,7.5,-0.5,0.0,-0.5,-0.5,0.462,0.741,0.0138,3.03,2.2,0
B8-DIS-023,8.0,discussion,media,writing9.com,D-auto,319,7.5,8.0,7.0,8.0,7.5,-0.5,inferred-v1,8.0,8.5,7.5,8.5,-0.5,-0.5,-0.5,-0.5,0.474,0.796,0.0219,2.51,4.39,0
B8-DIS-024,8.0,discussion,globalization-work,writing9.com,D-auto,319,8.0,7.5,8.0,8.0,8.0,0.0,inferred-v1,8.0,7.5,8.0,8.0,0.0,0.0,0.0,0.0,0.808,0.714,0.0063,2.82,4.08,1
B8-DIS-025,8.0,discussion,environment,ielts-blog.com,C-blog,269,6.5,8.0,7.5,8.0,7.5,-0.5,inferred-v1,7.0,8.5,8.0,8.5,-0.5,-0.5,-0.5,-0.5,0.381,0.745,0.0112,2.6,2.6,0
B8-DIS-027,8.0,discussion,technology,ielts-blog.com,C-blog,255,6.0,7.0,7.5,6.5,7.0,-1.0,inferred-v1,7.5,8.5,8.5,8.0,-1.5,-1.5,-1.0,-1.5,0.533,0.773,0.0392,2.75,4.31,0
B8-DIS-028,8.0,discussion,culture,writing9.com,D-auto,271,7.0,8.0,7.0,8.0,7.5,-0.5,inferred-v1,7.5,8.5,7.5,8.5,-0.5,-0.5,-0.5,-0.5,0.5,0.745,0.0332,3.69,3.69,0
B8-DIS-029,8.0,discussion,education,writing9.com,D-auto,320,6.5,7.5,7.5,8.0,7.5,-0.5,inferred-v1,7.0,8.0,8.0,8.5,-0.5,-0.5,-0.5,-0.5,0.591,0.695,0.0156,3.12,1.88,1
B8-DIS-030,8.0,discussion,health,writing9.com,D-auto,258,7.0,7.5,9.0,9.0,8.0,0.0,inferred-v1,7.0,7.5,9.0,9.0,0.0,0.0,0.0,0.0,0.647,0.783,0.0078,4.26,4.26,0
B8-DIS-031,8.0,discussion,health,ielts-blog.com,C-blog,354,7.5,8.0,8.0,9.0,8.0,0.0,inferred-v1,7.5,8.0,8.0,9.0,0.0,0.0,0.0,0.0,0.8,0.641,0.0056,3.95,3.67,0
B8-DIS-033,8.0,discussion,education,writing9.com,D-auto,283,8.0,7.5,9.0,9.0,8.5,0.5,inferred-v1,7.5,7.0,8.5,8.5,0.5,0.5,0.5,0.5,0.667,0.788,0.0106,3.18,4.95,0
B8-DIS-034,8.0,discussion,crime,ielts-blog.com,C-blog,275,6.5,8.0,7.5,7.5,7.5,-0.5,inferred-v1,7.0,8.5,8.0,8.0,-0.5,-0.5,-0.5,-0.5,0.556,0.778,0.0255,4.73,1.45,0
B8-DIS-036,8.0,discussion,crime,ielts-blog.com,C-blog,366,8.0,8.0,8.0,6.5,7.5,-0.5,inferred-v1,8.5,8.5,8.5,7.0,-0.5,-0.5,-0.5,-0.5,0.632,0.669,0.0273,5.46,3.83,0
B8-DIS-037,8.0,discussion,health,ielts-blog.com,C-blog,295,7.0,9.0,8.0,7.0,8.0,0.0,inferred-v1,7.5,9.0,8.5,7.5,-0.5,0.0,-0.5,-0.5,0.65,0.643,0.0271,4.75,3.05,0
B8-DIS-038,8.0,discussion,crime,writing9.com,D-auto,334,6.0,8.0,6.5,8.0,7.0,-1.0,inferred-v1,7.0,9.0,7.5,9.0,-1.0,-1.0,-1.0,-1.0,0.4,0.879,0.0359,2.99,2.69,0
B8-DIS-039,8.0,discussion,social,ielts-blog.com,C-blog,311,5.5,7.5,7.0,7.5,7.0,-1.0,inferred-v1,7.0,8.5,8.0,8.5,-1.5,-1.0,-1.0,-1.0,0.467,0.702,0.0129,5.47,1.61,0
B8-DIS-040,8.0,discussion,health,ielts-blog.com,C-blog,297,7.5,9.0,7.5,7.5,8.0,0.0,inferred-v1,7.5,9.0,7.5,7.5,0.0,0.0,0.0,0.0,0.706,0.716,0.0269,3.37,2.36,0
B8-DIS-042,8.0,discussion,health,ielts-blog.com,C-blog,336,8.0,9.0,7.0,8.0,8.0,0.0,inferred-v1,8.0,9.0,7.0,8.0,0.0,0.0,0.0,0.0,0.708,0.754,0.0208,3.87,2.98,1
B8-DIS-044,8.0,discussion,social,ielts-blog.com,C-blog,284,6.5,8.0,7.0,7.5,7.5,-0.5,inferred-v1,7.5,8.5,8.0,8.5,-1.0,-0.5,-1.0,-1.0,0.583,0.757,0.0246,2.82,1.76,0
B8-DIS-045,8.0,discussion,globalization-work,ielts-blog.com,C-blog,327,6.0,9.0,7.0,6.5,7.0,-1.0,inferred-v1,7.0,9.0,8.0,7.5,-1.0,0.0,-1.0,-1.0,0.312,0.798,0.0306,4.28,1.83,0
B8-OP-002,8.0,opinion,technology,writing9.com,D-auto,367,6.0,8.0,8.0,9.0,8.0,0.0,inferred-v1,8.0,8.0,8.0,8.5,-2.0,0.0,0.0,0.5,0.308,0.742,0.0054,2.18,3.27,0
B8-OP-004,8.0,opinion,government,ielts.international,A-examiner,272,5.0,7.5,7.0,7.0,6.5,-1.5,official,8.0,8.0,8.0,8.0,-3.0,-0.5,-1.0,-1.0,0.263,0.858,0.1029,2.57,0.37,0
B8-OP-005,8.0,opinion,government,ieltsprepstudio.com,B-teacher,256,6.5,7.5,7.0,7.5,7.0,-1.0,inferred-v1,7.5,8.5,8.0,8.5,-1.0,-1.0,-1.0,-1.0,0.545,0.855,0.0273,2.34,1.17,0
B8-OP-007,8.0,opinion,social,writing9.com,D-auto,292,7.5,9.0,9.0,8.0,8.5,0.5,inferred-v1,7.0,8.5,8.5,7.5,0.5,0.5,0.5,0.5,0.6,0.849,0.0171,4.45,3.08,0
B8-OP-008,8.0,opinion,social,ielts-blog.com,C-blog,303,7.0,8.0,7.5,7.0,7.5,-0.5,inferred-v1,7.5,8.5,8.0,7.5,-0.5,-0.5,-0.5,-0.5,0.562,0.729,0.0132,4.29,1.98,0
B8-OP-009,8.0,two-part,culture,writing9.com,D-auto,320,6.0,9.0,7.0,5.5,7.0,-1.0,inferred-v1,7.0,9.0,8.0,7.0,-1.0,0.0,-1.0,-1.5,0.52,0.803,0.0406,1.56,2.81,1
B8-OP-010,8.0,opinion,crime,ielts-blog.com,C-blog,347,6.5,8.0,6.5,6.0,7.0,-1.0,inferred-v1,8.0,9.0,8.0,7.5,-1.5,-1.0,-1.5,-1.5,0.529,0.79,0.0461,2.59,1.44,0
B8-OP-012,8.0,opinion,education,ielts-blog.com,C-blog,286,7.5,9.0,6.5,7.5,7.5,-0.5,inferred-v1,8.0,9.0,7.0,8.0,-0.5,0.0,-0.5,-0.5,0.364,0.817,0.0315,3.15,3.85,0
B8-OP-014,8.0,opinion,globalization-work,writing9.com,D-auto,279,7.0,9.0,9.0,8.0,8.5,0.5,inferred-v1,7.5,8.5,8.5,8.0,-0.5,0.5,0.5,0.0,0.765,0.79,0.0,2.51,3.23,0
B8-OP-015,8.0,opinion,globalization-work,ielts-blog.com,C-blog,321,6.0,9.0,7.0,8.0,7.5,-0.5,inferred-v1,7.0,9.0,7.5,8.5,-1.0,0.0,-0.5,-0.5,0.5,0.839,0.0249,2.49,2.18,1
B8-OP-016,8.0,opinion,education,ielts-blog.com,C-blog,287,6.0,8.0,7.5,9.0,7.5,-0.5,inferred-v1,7.0,8.5,8.0,9.0,-1.0,-0.5,-0.5,0.0,0.6,0.8,0.0139,2.09,1.74,0
B8-OP-017,8.0,opinion,globalization-work,ielts-blog.com,C-blog,262,5.5,9.0,7.5,7.5,7.5,-0.5,inferred-v1,7.0,9.0,8.0,8.0,-1.5,0.0,-0.5,-0.5,0.429,0.818,0.0496,2.29,3.05,0
B8-OP-018,8.0,opinion,media,writing9.com,D-auto,295,6.5,9.0,7.5,9.0,8.0,0.0,inferred-v1,7.0,9.0,7.5,9.0,-0.5,0.0,0.0,0.0,0.389,0.77,0.0034,3.05,3.39,0
B8-OP-020,8.0,opinion,social,writing9.com,D-auto,403,6.0,9.0,6.5,6.0,7.0,-1.0,inferred-v1,7.5,9.0,7.5,7.0,-1.5,0.0,-1.0,-1.0,0.412,0.808,0.062,4.96,1.99,1
B8-OP-021,8.0,opinion,social,ielts-blog.com,C-blog,301,7.5,9.0,7.5,7.5,8.0,0.0,inferred-v1,7.5,9.0,7.5,7.5,0.0,0.0,0.0,0.0,0.692,0.732,0.0332,2.99,4.65,0
B8-OP-022,8.0,opinion,media,writing9.com,D-auto,291,6.0,9.0,6.5,8.0,7.5,-0.5,inferred-v1,7.0,9.0,7.0,8.5,-1.0,0.0,-0.5,-0.5,0.522,0.815,0.0378,3.09,2.75,0
B8-OP-024,8.0,opinion,culture,ielts-blog.com,C-blog,341,7.5,9.0,7.5,6.5,7.5,-0.5,inferred-v1,8.0,9.0,8.0,7.0,-0.5,0.0,-0.5,-0.5,0.556,0.798,0.0264,3.81,3.23,0
B8-OP-025,8.0,opinion,education,ielts-blog.com,C-blog,298,7.0,9.0,9.0,9.0,8.5,0.5,inferred-v1,7.0,8.5,8.5,8.5,0.0,0.5,0.5,0.5,0.667,0.751,0.0101,2.35,2.35,0
B8-OP-026,8.0,opinion,social,writing9.com,D-auto,314,6.0,9.0,7.5,9.0,8.0,0.0,inferred-v1,7.0,9.0,7.5,9.0,-1.0,0.0,0.0,0.0,0.542,0.832,0.0064,3.18,3.5,0
B8-OP-027,8.0,opinion,environment,writing9.com,D-auto,294,6.5,8.0,7.5,8.0,7.5,-0.5,inferred-v1,7.0,8.5,8.0,8.5,-0.5,-0.5,-0.5,-0.5,0.722,0.814,0.034,3.74,2.38,0
B8-OP-028,8.0,opinion,culture,ielts-blog.com,C-blog,360,7.5,9.0,8.0,6.5,8.0,0.0,inferred-v1,8.0,9.0,8.5,7.0,-0.5,0.0,-0.5,-0.5,0.722,0.795,0.0194,3.06,1.67,0
B8-OP-029,8.0,opinion,environment,writing9.com,D-auto,324,7.5,9.0,8.0,8.0,8.0,0.0,inferred-v1,7.5,9.0,8.0,8.0,0.0,0.0,0.0,0.0,1.0,0.8,0.0278,2.47,2.78,0
B8-OP-030,8.0,opinion,social,writing9.com,D-auto,300,5.5,9.0,7.5,9.0,8.0,0.0,inferred-v1,7.5,8.5,8.0,8.5,-2.0,0.5,-0.5,0.5,0.231,0.78,0.0067,3.0,3.67,0
B8-OP-031,8.0,opinion,globalization-work,writing9.com,D-auto,292,7.0,8.0,8.0,9.0,8.0,0.0,inferred-v1,7.0,8.0,8.0,9.0,0.0,0.0,0.0,0.0,0.667,0.821,0.0034,4.79,2.74,0
B8-OP-032,8.0,opinion,crime,ielts-blog.com,C-blog,284,7.0,8.0,7.5,8.0,7.5,-0.5,inferred-v1,7.5,8.5,8.0,8.5,-0.5,-0.5,-0.5,-0.5,0.867,0.779,0.0141,2.46,2.46,0
B8-OP-033,8.0,opinion,social,writing9.com,D-auto,291,7.0,9.0,9.0,8.0,8.5,0.5,inferred-v1,7.5,8.5,8.5,8.0,-0.5,0.5,0.5,0.0,0.579,0.788,0.0034,4.47,2.41,0
B8-OP-034,8.0,opinion,social,ielts-blog.com,C-blog,314,6.5,9.0,7.0,8.0,7.5,-0.5,inferred-v1,7.0,9.0,7.5,8.5,-0.5,0.0,-0.5,-0.5,0.533,0.792,0.0127,2.87,2.87,0
B8-OP-035,8.0,opinion,education,writing9.com,D-auto,258,5.5,7.5,8.0,8.0,7.5,-0.5,inferred-v1,8.0,8.0,8.0,8.5,-2.5,-0.5,0.0,-0.5,0.483,0.791,0.0155,3.88,2.33,0
B8-OP-036,8.0,opinion,globalization-work,ielts-blog.com,C-blog,306,7.0,9.0,7.5,7.5,8.0,0.0,inferred-v1,7.5,9.0,8.0,8.0,-0.5,0.0,-0.5,-0.5,0.7,0.819,0.049,3.27,3.27,0
B8-OP-037,8.0,opinion,education,writing9.com,D-auto,282,6.0,7.5,8.0,9.0,7.5,-0.5,inferred-v1,7.0,8.0,8.5,9.0,-1.0,-0.5,-0.5,0.0,0.714,0.728,0.0035,3.9,2.84,0
B8-OP-038,8.0,opinion,education,writing9.com,D-auto,267,7.0,7.5,8.0,8.0,7.5,-0.5,inferred-v1,7.5,8.0,8.5,8.5,-0.5,-0.5,-0.5,-0.5,0.867,0.761,0.0037,3.0,4.87,1
B8-OP-039,8.0,opinion,media,ielts-blog.com,C-blog,258,6.5,9.0,7.5,8.0,8.0,0.0,inferred-v1,7.0,9.0,8.0,8.5,-0.5,0.0,-0.5,-0.5,0.421,0.891,0.062,2.71,2.71,0
B8-OP-040,8.0,opinion,culture,writing9.com,D-auto,255,5.5,8.0,7.0,8.0,7.0,-1.0,inferred-v1,7.5,8.5,8.0,8.5,-2.0,-0.5,-1.0,-0.5,0.6,0.783,0.051,3.14,2.35,0
B8-OP-041,8.0,opinion,globalization-work,ielts-blog.com,C-blog,368,7.0,9.0,7.5,7.0,7.5,-0.5,inferred-v1,7.5,9.0,8.0,7.5,-0.5,0.0,-0.5,-0.5,0.769,0.638,0.0136,5.43,2.72,0
B8-OP-042,8.0,opinion,globalization-work,writing9.com,D-auto,301,7.0,9.0,9.0,9.0,8.5,0.5,inferred-v1,7.0,8.5,8.5,8.5,0.0,0.5,0.5,0.5,0.647,0.799,0.0066,3.65,3.32,0
B8-OP-044,8.0,opinion,globalization-work,ielts-blog.com,C-blog,305,6.5,9.0,7.5,6.0,7.5,-0.5,inferred-v1,7.5,9.0,8.5,7.0,-1.0,0.0,-1.0,-1.0,0.65,0.777,0.0557,1.64,2.62,0
B8-OP-045,8.0,opinion,environment,writing9.com,D-auto,267,6.5,9.0,9.0,8.0,8.0,0.0,inferred-v1,7.5,8.5,8.5,8.0,-1.0,0.5,0.5,0.0,0.8,0.745,0.015,1.87,3.0,0
B8-OP-046,8.0,opinion,media,ielts-blog.com,C-blog,271,6.5,9.0,8.0,6.5,7.5,-0.5,inferred-v1,7.0,9.0,8.5,7.0,-0.5,0.0,-0.5,-0.5,0.8,0.734,0.0406,3.32,2.95,0
B8-OP-047,8.0,opinion,social,writing9.com,D-auto,273,8.0,9.0,8.0,9.0,8.5,0.5,inferred-v1,7.5,8.5,7.5,8.5,0.5,0.5,0.5,0.5,0.75,0.732,0.0,4.76,3.66,0
B8-OP-048,8.0,opinion,education,ielts-blog.com,C-blog,280,5.5,8.0,7.5,7.5,7.0,-1.0,inferred-v1,8.0,8.0,8.0,8.5,-2.5,0.0,-0.5,-1.0,0.643,0.881,0.025,3.21,2.86,0
B8-OP-050,8.0,opinion,globalization-work,writing9.com,D-auto,271,8.0,9.0,8.0,8.0,8.5,0.5,inferred-v1,8.0,8.5,8.0,8.0,0.0,0.5,0.0,0.0,0.833,0.716,0.0111,3.32,4.8,0
B8-OP-051,8.0,opinion,education,writing9.com,D-auto,284,6.0,8.0,7.0,7.5,7.0,-1.0,inferred-v1,7.0,9.0,8.0,8.5,-1.0,-1.0,-1.0,-1.0,0.474,0.869,0.0317,1.41,4.93,0
B8-OP-053,8.0,opinion,social,ielts-blog.com,C-blog,381,6.5,9.0,9.0,8.0,8.0,0.0,inferred-v1,7.5,8.5,8.5,8.0,-1.0,0.5,0.5,0.0,0.737,0.759,0.0079,1.84,2.36,0
B8-OP-054,8.0,two-part,social,ielts-blog.com,C-blog,265,6.0,9.0,9.0,7.5,8.0,0.0,inferred-v1,7.0,9.0,9.0,7.5,-1.0,0.0,0.0,0.0,0.722,0.769,0.0113,1.13,3.4,0
B8-OP-055,8.0,opinion,technology,writing9.com,D-auto,314,6.5,9.0,9.0,8.0,8.0,0.0,inferred-v1,7.5,8.5,8.5,8.0,-1.0,0.5,0.5,0.0,0.667,0.693,0.0159,2.55,3.18,0
B8-OP-056,8.0,opinion,globalization-work,ielts-blog.com,C-blog,279,6.5,8.0,7.5,6.5,7.0,-1.0,inferred-v1,7.5,9.0,8.5,7.5,-1.0,-1.0,-1.0,-1.0,0.438,0.801,0.0287,3.94,3.23,0
B8-OP-057,8.0,opinion,technology,ielts-blog.com,C-blog,378,5.5,9.0,7.0,6.0,7.0,-1.0,inferred-v1,7.0,9.0,8.0,7.0,-1.5,0.0,-1.0,-1.0,0.476,0.807,0.0344,1.06,1.59,0
B8-OP-060,8.0,two-part,environment,ielts-blog.com,C-blog,284,6.0,9.0,7.0,7.5,7.5,-0.5,inferred-v1,7.0,9.0,7.5,8.0,-1.0,0.0,-0.5,-0.5,0.533,0.935,0.0493,2.11,1.76,0
B8-OP-061,8.0,opinion,social,writing9.com,D-auto,296,7.5,8.0,8.0,8.0,8.0,0.0,inferred-v1,7.5,8.0,8.0,8.0,0.0,0.0,0.0,0.0,0.722,0.796,0.0169,2.03,2.7,0
B8-OP-062,8.0,opinion,social,ielts-blog.com,C-blog,383,6.5,8.0,8.0,7.5,7.5,-0.5,inferred-v1,7.0,8.5,8.5,8.0,-0.5,-0.5,-0.5,-0.5,0.619,0.79,0.0209,2.61,3.66,0
B8-OP-063,8.0,opinion,technology,writing9.com,D-auto,332,6.5,9.0,7.5,6.5,7.5,-0.5,inferred-v1,7.0,9.0,8.0,7.0,-0.5,0.0,-0.5,-0.5,0.444,0.823,0.0241,5.42,3.01,0
B8-OP-064,8.0,opinion,social,ielts-blog.com,C-blog,305,6.5,8.0,7.0,7.5,7.5,-0.5,inferred-v1,7.5,8.5,8.0,8.5,-1.0,-0.5,-1.0,-1.0,0.417,0.755,0.0459,3.61,5.25,0
B8-OP-066,8.0,opinion,globalization-work,writing9.com,D-auto,421,5.5,9.0,7.5,6.0,7.0,-1.0,inferred-v1,7.0,9.0,8.5,7.0,-1.5,0.0,-1.0,-1.0,0.37,0.864,0.0261,1.9,1.66,0
B8-OP-067,8.0,opinion,globalization-work,ielts-blog.com,C-blog,261,6.5,8.0,7.0,7.5,7.5,-0.5,inferred-v1,7.5,8.5,8.0,8.5,-1.0,-0.5,-1.0,-1.0,0.5,0.801,0.023,6.13,1.92,0
B8-OP-069,8.0,opinion,media,ielts-blog.com,C-blog,325,7.5,9.0,7.0,7.0,7.5,-0.5,inferred-v1,8.0,9.0,7.5,7.5,-0.5,0.0,-0.5,-0.5,0.667,0.77,0.0308,3.38,2.15,0
B8-OP-071,8.0,opinion,education,ielts-blog.com,C-blog,260,7.0,7.5,8.0,7.5,7.5,-0.5,inferred-v1,7.5,8.0,8.5,8.0,-0.5,-0.5,-0.5,-0.5,0.583,0.71,0.0192,1.15,3.46,0
B8-OP-073,8.0,opinion,education,ielts-blog.com,C-blog,344,6.0,9.0,8.0,7.5,7.5,-0.5,inferred-v1,7.0,9.0,8.5,8.0,-1.0,0.0,-0.5,-0.5,0.5,0.746,0.0174,2.03,3.2,0
B8-OP-074,8.0,opinion,media,ielts-blog.com,C-blog,255,6.5,9.0,8.0,7.0,7.5,-0.5,inferred-v1,7.0,9.0,8.5,7.5,-0.5,0.0,-0.5,-0.5,0.533,0.819,0.0157,4.71,3.53,0
B8-OP-075,8.0,opinion,environment,ielts-blog.com,C-blog,311,7.5,8.0,7.5,7.5,7.5,-0.5,inferred-v1,8.0,8.5,8.0,8.0,-0.5,-0.5,-0.5,-0.5,0.667,0.776,0.0257,3.54,2.57,0
B8-OP-077,8.0,opinion,globalization-work,writing9.com,D-auto,302,7.5,9.0,8.0,9.0,8.5,0.5,inferred-v1,7.0,8.5,7.5,8.5,0.5,0.5,0.5,0.5,0.778,0.762,0.0066,3.64,2.98,0
B8-OP-078,8.0,opinion,education,ielts-blog.com,C-blog,386,7.0,9.0,7.5,6.0,7.5,-0.5,inferred-v1,7.5,9.0,8.0,7.0,-0.5,0.0,-0.5,-1.0,0.75,0.808,0.0233,3.63,2.85,0
B8-OP-079,8.0,opinion,social,ielts-blog.com,C-blog,380,8.0,8.0,7.5,7.5,8.0,0.0,inferred-v1,8.0,8.5,8.0,8.0,0.0,-0.5,-0.5,-0.5,0.786,0.713,0.0263,3.95,2.89,0
B8-OP-081,8.0,opinion,health,ielts-blog.com,C-blog,409,8.0,9.0,7.5,6.5,8.0,0.0,inferred-v1,8.5,9.0,8.0,7.0,-0.5,0.0,-0.5,-0.5,0.818,0.726,0.022,2.44,2.69,0
B8-OP-082,8.0,opinion,education,ielts-blog.com,C-blog,286,7.0,9.0,9.0,9.0,8.5,0.5,inferred-v1,7.0,8.5,8.5,8.5,0.0,0.5,0.5,0.5,0.706,0.654,0.0105,3.5,2.1,0
B8-OP-084,8.0,opinion,technology,ielts-blog.com,C-blog,299,6.5,9.0,7.0,7.0,7.5,-0.5,inferred-v1,7.0,9.0,7.5,7.5,-0.5,0.0,-0.5,-0.5,0.263,0.677,0.0435,2.34,3.01,0
B8-OP-085,8.0,opinion,health,ielts-blog.com,C-blog,297,6.5,9.0,8.0,8.0,8.0,0.0,inferred-v1,7.0,9.0,8.0,8.0,-0.5,0.0,0.0,0.0,0.652,0.748,0.0168,3.03,3.7,0
B8-OP-086,8.0,opinion,globalization-work,ielts-blog.com,C-blog,280,6.0,7.5,7.0,7.5,7.0,-1.0,inferred-v1,7.0,8.5,8.0,8.5,-1.0,-1.0,-1.0,-1.0,0.429,0.805,0.0286,2.86,2.14,0
B8-OP-087,8.0,opinion,technology,ielts-blog.com,C-blog,284,6.5,9.0,7.5,8.0,8.0,0.0,inferred-v1,7.0,9.0,8.0,8.5,-0.5,0.0,-0.5,-0.5,0.684,0.694,0.0317,3.87,3.17,0
B8-REP-001,8.0,report,environment,ielts.international,A-examiner,286,5.0,8.0,7.0,7.5,7.0,-1.0,official,8.0,8.0,8.5,8.0,-3.0,0.0,-1.5,-0.5,0.35,0.872,0.0734,2.45,1.05,0
B8-REP-002,8.0,report,environment,ieltsprepstudio.com,B-teacher,258,5.5,8.0,7.0,6.5,7.0,-1.0,inferred-v1,7.0,9.0,8.5,8.0,-1.5,-1.0,-1.5,-1.5,0.545,0.874,0.0659,1.16,0.39,0
B8-REP-003,8.0,report,crime,writing9.com,D-auto,274,7.5,8.0,8.0,7.5,8.0,0.0,inferred-v1,8.0,8.0,8.5,8.0,-0.5,0.0,-0.5,-0.5,0.667,0.775,0.0036,1.09,2.55,1
B8-REP-004,8.0,report,health,ielts-blog.com,C-blog,293,5.5,9.0,7.5,8.0,7.5,-0.5,inferred-v1,7.0,9.0,8.0,8.5,-1.5,0.0,-0.5,-0.5,0.375,0.792,0.0273,3.07,2.39,0
B8-REP-005,8.0,report,environment,writing9.com,D-auto,305,6.0,8.0,8.0,8.0,7.5,-0.5,inferred-v1,7.0,8.5,8.5,8.5,-1.0,-0.5,-0.5,-0.5,0.529,0.715,0.0131,1.64,3.28,0
B8-REP-008,8.0,report,culture,writing9.com,D-auto,289,6.5,8.0,7.5,8.0,7.5,-0.5,inferred-v1,7.0,8.5,8.0,8.5,-0.5,-0.5,-0.5,-0.5,0.667,0.826,0.0069,3.46,3.46,0
B8-REP-009,8.0,report,social,ielts-blog.com,C-blog,264,6.0,9.0,7.5,8.0,7.5,-0.5,inferred-v1,7.0,9.0,8.0,8.5,-1.0,0.0,-0.5,-0.5,0.591,0.755,0.0038,2.65,1.89,0
B8-REP-010,8.0,report,social,ielts-blog.com,C-blog,323,5.5,9.0,7.0,8.0,7.5,-0.5,inferred-v1,7.0,9.0,7.5,8.5,-1.5,0.0,-0.5,-0.5,0.5,0.785,0.0155,2.48,1.55,1
B8-REP-011,8.0,report,environment,writing9.com,D-auto,293,5.5,9.0,9.0,8.0,8.0,0.0,inferred-v1,7.5,8.5,8.5,8.0,-2.0,0.5,0.5,0.0,0.6,0.723,0.0,1.37,2.05,0
B8-REP-012,8.0,report,health,writing9.com,D-auto,258,6.5,9.0,7.0,8.0,7.5,-0.5,inferred-v1,7.0,9.0,7.5,8.5,-0.5,0.0,-0.5,-0.5,0.438,0.821,0.0039,2.71,3.1,0
B8-REP-013,8.0,report,crime,writing9.com,D-auto,340,6.0,9.0,9.0,9.0,8.5,0.5,inferred-v1,8.0,8.0,8.0,8.5,-2.0,1.0,1.0,0.5,0.6,0.744,0.0088,2.65,2.06,0
B8-REP-014,8.0,report,crime,ielts-blog.com,C-blog,272,6.0,8.0,8.0,9.0,8.0,0.0,inferred-v1,8.0,8.0,8.0,8.5,-2.0,0.0,0.0,0.5,0.857,0.76,0.0074,2.21,1.84,0
B8-REP-015,8.0,report,crime,writing9.com,D-auto,296,6.0,8.0,7.5,7.5,7.5,-0.5,inferred-v1,8.0,8.0,8.0,8.5,-2.0,0.0,-0.5,-1.0,0.467,0.633,0.0,1.35,2.36,0
B8-REP-016,8.0,report,globalization-work,ielts-blog.com,C-blog,294,7.0,9.0,7.5,7.5,8.0,0.0,inferred-v1,7.5,9.0,8.0,8.0,-0.5,0.0,-0.5,-0.5,0.8,0.776,0.034,3.06,4.08,0
B8-REP-017,8.0,report,globalization-work,writing9.com,D-auto,313,5.5,9.0,7.0,9.0,7.5,-0.5,inferred-v1,7.0,9.0,7.5,9.0,-1.5,0.0,-0.5,0.0,0.438,0.732,0.0,2.24,1.92,1
B8-REP-018,8.0,report,health,writing9.com,D-auto,319,6.0,9.0,7.0,7.5,7.5,-0.5,inferred-v1,7.0,9.0,7.5,8.0,-1.0,0.0,-0.5,-0.5,0.522,0.805,0.0031,0.63,3.13,1
B8-REP-019,8.0,report,globalization-work,ielts-blog.com,C-blog,302,6.5,9.0,7.5,6.5,7.5,-0.5,inferred-v1,7.0,9.0,8.0,7.0,-0.5,0.0,-0.5,-0.5,0.636,0.813,0.0265,2.32,2.98,0
B8-REP-020,8.0,report,health,ielts-blog.com,C-blog,291,6.0,7.0,6.5,5.5,6.5,-1.5,inferred-v1,8.0,8.5,8.5,7.5,-2.0,-1.5,-2.0,-2.0,0.588,0.742,0.0378,1.37,1.03,2
B8-REP-021,8.0,report,health,ielts-blog.com,C-blog,290,6.0,9.0,7.5,8.0,7.5,-0.5,inferred-v1,7.0,9.0,8.0,8.5,-1.0,0.0,-0.5,-0.5,0.929,0.791,0.0345,3.45,2.07,0
B8-REP-023,8.0,two-part,media,ielts-blog.com,C-blog,273,6.5,8.0,7.0,7.5,7.5,-0.5,inferred-v1,7.5,8.5,8.0,8.5,-1.0,-0.5,-1.0,-1.0,0.5,0.845,0.0586,4.03,1.83,0
B8-REP-027,8.0,report,social,ielts-blog.com,C-blog,308,7.5,9.0,8.0,7.5,8.0,0.0,inferred-v1,7.5,9.0,8.0,7.5,0.0,0.0,0.0,0.0,0.9,0.765,0.0032,1.3,1.62,0
B8-REP-028,8.0,report,health,writing9.com,D-auto,293,7.0,9.0,7.0,8.0,8.0,0.0,inferred-v1,7.5,9.0,7.5,8.5,-0.5,0.0,-0.5,-0.5,1.0,0.803,0.0171,2.39,3.07,1
B8-REP-029,8.0,report,education,writing9.com,D-auto,538,5.5,8.0,7.0,6.0,6.5,-1.5,inferred-v1,7.0,9.0,8.5,7.5,-1.5,-1.0,-1.5,-1.5,0.405,0.852,0.039,0.93,1.3,0
B8-REP-030,8.0,report,government,ielts-blog.com,C-blog,174,5.5,9.0,8.0,7.5,7.5,-0.5,inferred-v1,7.0,9.0,8.5,8.0,-1.5,0.0,-0.5,-0.5,0.417,0.927,0.0,1.15,4.02,0
B8-REP-031,8.0,report,education,ielts-blog.com,C-blog,384,6.0,9.0,7.0,8.0,7.5,-0.5,inferred-v1,7.0,9.0,7.5,8.5,-1.0,0.0,-0.5,-0.5,0.786,0.832,0.0391,2.08,2.34,1
B8-TQ-001,8.0,two-part,globalization-work,writing9.com,D-auto,305,7.5,9.0,9.0,8.0,8.5,0.5,inferred-v1,7.0,8.5,8.5,7.5,0.5,0.5,0.5,0.5,0.769,0.813,0.0098,1.97,3.93,0
B8-TQ-002,8.0,two-part,environment,ielts-blog.com,C-blog,279,5.5,9.0,7.5,7.5,7.5,-0.5,inferred-v1,7.0,9.0,8.0,8.0,-1.5,0.0,-0.5,-0.5,0.5,0.791,0.0323,1.79,3.23,0
B8-TQ-004,8.0,two-part,globalization-work,writing9.com,D-auto,261,6.0,9.0,7.0,7.5,7.5,-0.5,inferred-v1,7.0,9.0,7.5,8.0,-1.0,0.0,-0.5,-0.5,0.417,0.752,0.0115,1.53,3.07,1
B8-TQ-005,8.0,two-part,culture,ielts-blog.com,C-blog,289,7.0,9.0,7.5,8.0,8.0,0.0,inferred-v1,7.0,9.0,7.5,8.0,0.0,0.0,0.0,0.0,0.579,0.721,0.0415,3.81,3.81,0
B8-TQ-006,8.0,two-part,globalization-work,writing9.com,D-auto,310,7.0,9.0,7.5,8.0,8.0,0.0,inferred-v1,7.0,9.0,7.5,8.0,0.0,0.0,0.0,0.0,0.786,0.755,0.0065,1.61,3.23,1
B8-TQ-008,8.0,two-part,health,ielts-blog.com,C-blog,323,6.0,8.0,7.0,7.5,7.0,-1.0,inferred-v1,7.0,9.0,8.0,8.5,-1.0,-1.0,-1.0,-1.0,0.467,0.809,0.0155,1.55,3.41,0
B8-TQ-009,8.0,opinion,environment,ielts-blog.com,C-blog,321,6.5,9.0,7.5,7.0,7.5,-0.5,inferred-v1,7.0,9.0,8.0,7.5,-0.5,0.0,-0.5,-0.5,0.692,0.808,0.0125,2.49,1.87,0
B8-TQ-010,8.0,opinion,social,ielts-blog.com,C-blog,307,6.0,8.0,6.5,7.5,7.0,-1.0,inferred-v1,7.0,9.0,7.5,8.5,-1.0,-1.0,-1.0,-1.0,0.529,0.764,0.0261,1.95,3.58,1
B8-TQ-011,8.0,two-part,environment,ielts-blog.com,C-blog,303,6.5,7.5,7.5,6.5,7.0,-1.0,inferred-v1,7.5,8.5,8.5,7.5,-1.0,-1.0,-1.0,-1.0,0.737,0.754,0.0231,1.32,1.65,0
B8-TQ-012,8.0,two-part,media,ielts-blog.com,C-blog,282,6.0,9.0,9.0,8.0,8.0,0.0,inferred-v1,7.5,8.5,8.5,8.0,-1.5,0.5,0.5,0.0,0.615,0.781,0.0142,1.06,3.19,0
B85-ADV-003,8.5,adv-disadv,globalization-work,writing9.com,D-auto,259,7.0,7.5,7.5,7.5,7.5,-1.0,inferred-v1,8.0,8.5,8.5,8.5,-1.0,-1.0,-1.0,-1.0,0.579,0.824,0.0232,3.09,4.63,0
B85-ADV-004,8.5,adv-disadv,media,writing9.com,D-auto,320,7.0,8.0,9.0,7.5,8.0,-0.5,inferred-v1,7.5,8.5,9.0,8.0,-0.5,-0.5,0.0,-0.5,0.75,0.855,0.0187,1.88,4.38,0
B85-ADV-005,8.5,adv-disadv,crime,writing9.com,D-auto,303,7.5,7.5,8.0,8.0,8.0,-0.5,inferred-v1,8.5,8.5,8.5,9.0,-1.0,-1.0,-0.5,-1.0,0.769,0.857,0.0165,3.63,3.96,0
B85-ADV-006,8.5,adv-disadv,social,writing9.com,D-auto,370,8.0,8.0,7.5,6.0,7.5,-1.0,inferred-v1,9.0,9.0,8.5,7.5,-1.0,-1.0,-1.0,-1.5,0.5,0.798,0.027,1.62,3.24,0
B85-ADV-007,8.5,adv-disadv,social,writing9.com,D-auto,273,7.0,9.0,7.5,6.5,7.5,-1.0,inferred-v1,8.0,9.0,8.5,7.5,-1.0,0.0,-1.0,-1.0,0.577,0.858,0.0623,3.3,2.93,0
B85-ADV-009,8.5,adv-disadv,technology,writing9.com,D-auto,261,7.0,8.0,7.5,7.0,7.5,-1.0,inferred-v1,8.0,9.0,8.5,8.0,-1.0,-1.0,-1.0,-1.0,0.375,0.945,0.0115,3.07,5.36,0
B85-ADV-010,8.5,adv-disadv,social,writing9.com,D-auto,286,5.0,8.0,7.0,7.0,7.0,-1.5,inferred-v1,7.5,9.0,9.0,9.0,-2.5,-1.0,-2.0,-2.0,0.333,0.885,0.021,2.8,1.75,0
B85-ADV-011,8.5,adv-disadv,social,writing9.com,D-auto,305,6.5,9.0,7.0,6.5,7.5,-1.0,inferred-v1,8.0,9.0,8.5,8.0,-1.5,0.0,-1.5,-1.5,0.533,0.885,0.0393,3.93,3.93,0
B85-ADV-012,8.5,adv-disadv,culture,writing9.com,D-auto,261,6.5,7.0,7.5,8.0,7.5,-1.0,inferred-v1,8.0,8.5,9.0,9.0,-1.5,-1.5,-1.5,-1.0,0.533,0.889,0.046,2.3,3.07,0
B85-ADV-013,8.5,adv-disadv,social,writing9.com,D-auto,320,7.5,8.0,8.0,7.5,8.0,-0.5,inferred-v1,8.5,8.5,9.0,8.5,-1.0,-0.5,-1.0,-1.0,0.667,0.818,0.025,1.56,3.12,0
B85-ADV-014,8.5,adv-disadv,technology,writing9.com,D-auto,324,6.0,9.0,7.5,8.0,7.5,-1.0,inferred-v1,7.5,9.0,8.5,9.0,-1.5,0.0,-1.0,-1.0,0.476,0.87,0.0278,3.7,4.63,0
B85-ADV-015,8.5,adv-disadv,technology,writing9.com,D-auto,349,7.5,9.0,8.0,8.0,8.0,-0.5,inferred-v1,8.0,9.0,8.5,8.5,-0.5,0.0,-0.5,-0.5,0.55,0.842,0.0287,4.58,3.44,0
B85-ADV-016,8.5,adv-disadv,technology,writing9.com,D-auto,299,7.5,8.0,8.0,7.5,8.0,-0.5,inferred-v1,8.5,8.5,9.0,8.5,-1.0,-0.5,-1.0,-1.0,0.6,0.854,0.0268,0.67,3.68,0
B85-ADV-017,8.5,two-part,media,writing9.com,D-auto,251,7.5,9.0,8.0,7.5,8.0,-0.5,inferred-v1,8.0,9.0,8.5,8.0,-0.5,0.0,-0.5,-0.5,0.643,0.792,0.0159,3.98,3.59,0
B85-ADV-018,8.5,adv-disadv,environment,writing9.com,D-auto,310,7.5,8.0,8.0,8.0,8.0,-0.5,inferred-v1,8.0,8.5,8.5,8.5,-0.5,-0.5,-0.5,-0.5,0.474,0.743,0.0194,3.23,4.52,0
B85-ADV-020,8.5,adv-disadv,social,writing9.com,D-auto,277,6.5,8.0,8.0,7.5,7.5,-1.0,inferred-v1,7.5,9.0,9.0,8.5,-1.0,-1.0,-1.0,-1.0,0.562,0.823,0.0686,2.17,2.89,0
B85-ADV-022,8.5,adv-disadv,technology,writing9.com,D-auto,252,7.0,7.5,7.5,8.0,7.5,-1.0,inferred-v1,8.0,8.5,8.5,9.0,-1.0,-1.0,-1.0,-1.0,0.833,0.721,0.0238,4.76,3.97,0
B85-ADV-023,8.5,adv-disadv,health,writing9.com,D-auto,346,6.5,8.0,7.5,6.5,7.0,-1.5,inferred-v1,8.0,9.0,9.0,8.0,-1.5,-1.0,-1.5,-1.5,0.438,0.866,0.0751,1.45,2.6,0
B85-ADV-024,8.5,adv-disadv,technology,writing9.com,D-auto,328,7.0,9.0,8.0,6.0,7.5,-1.0,inferred-v1,8.0,9.0,9.0,7.5,-1.0,0.0,-1.0,-1.5,0.765,0.629,0.0152,4.57,3.96,0
B85-ADV-025,8.5,adv-disadv,technology,writing9.com,D-auto,265,6.0,7.5,8.0,9.0,7.5,-1.0,inferred-v1,7.5,8.5,9.0,9.0,-1.5,-1.0,-1.0,0.0,0.667,0.839,0.0038,2.26,3.77,1
B85-ADV-027,8.5,adv-disadv,education,writing9.com,D-auto,306,7.5,7.5,8.0,8.0,8.0,-0.5,inferred-v1,8.5,8.5,8.5,9.0,-1.0,-1.0,-0.5,-1.0,0.706,0.812,0.0196,2.94,2.94,1
B85-ADV-028,8.5,adv-disadv,social,writing9.com,D-auto,289,7.0,8.0,7.5,8.0,7.5,-1.0,inferred-v1,8.0,9.0,8.5,9.0,-1.0,-1.0,-1.0,-1.0,0.75,0.824,0.0346,2.08,2.77,0
B85-ADV-029,8.5,adv-disadv,health,writing9.com,D-auto,260,6.0,8.0,7.5,8.0,7.5,-1.0,inferred-v1,7.5,9.0,8.5,9.0,-1.5,-1.0,-1.0,-1.0,0.5,0.772,0.0115,5.38,4.23,1
B85-ADV-030,8.5,adv-disadv,education,writing9.com,D-auto,252,6.5,7.0,7.5,7.5,7.0,-1.5,inferred-v1,8.0,8.5,9.0,9.0,-1.5,-1.5,-1.5,-1.5,0.875,0.788,0.0159,1.98,2.38,0
B85-ADV-031,8.5,adv-disadv,globalization-work,writing9.com,D-auto,293,6.0,9.0,7.0,8.0,7.5,-1.0,inferred-v1,7.5,9.0,8.0,9.0,-1.5,0.0,-1.0,-1.0,0.417,0.912,0.0239,2.73,2.73,1
B85-ADV-032,8.5,adv-disadv,globalization-work,writing9.com,D-auto,354,8.0,7.5,8.0,9.0,8.0,-0.5,inferred-v1,8.5,8.0,8.5,9.0,-0.5,-0.5,-0.5,0.0,0.692,0.67,0.0113,3.95,3.67,0
B85-ADV-033,8.5,two-part,technology,writing9.com,D-auto,282,7.5,9.0,8.0,8.0,8.0,-0.5,inferred-v1,8.0,9.0,8.5,8.5,-0.5,0.0,-0.5,-0.5,0.833,0.712,0.0142,1.77,2.48,0
B85-ADV-035,8.5,adv-disadv,social,writing9.com,D-auto,328,6.0,9.0,7.5,6.0,7.0,-1.5,inferred-v1,7.5,9.0,9.0,7.5,-1.5,0.0,-1.5,-1.5,0.667,0.837,0.0488,1.83,2.44,0
B85-ADV-036,8.5,adv-disadv,social,writing9.com,D-auto,302,6.0,7.5,7.0,7.5,7.0,-1.5,inferred-v1,7.5,9.0,8.5,9.0,-1.5,-1.5,-1.5,-1.5,0.333,0.832,0.0166,2.32,1.32,0
B85-ADV-037,8.5,adv-disadv,media,writing9.com,D-auto,312,6.0,9.0,7.5,8.0,7.5,-1.0,inferred-v1,7.5,9.0,8.5,9.0,-1.5,0.0,-1.0,-1.0,0.481,0.865,0.0385,3.85,2.88,0
B85-ADV-038,8.5,adv-disadv,media,writing9.com,D-auto,321,7.5,8.0,8.0,8.0,8.0,-0.5,inferred-v1,8.0,8.5,8.5,8.5,-0.5,-0.5,-0.5,-0.5,0.625,0.787,0.0218,4.36,4.67,0
B85-ADV-041,8.5,adv-disadv,government,writing9.com,D-auto,326,8.0,9.0,7.5,8.0,8.0,-0.5,inferred-v1,8.5,9.0,8.0,8.5,-0.5,0.0,-0.5,-0.5,0.857,0.902,0.0123,1.53,3.37,1
B85-ADV-042,8.5,adv-disadv,social,writing9.com,D-auto,284,8.0,8.0,7.5,8.0,8.0,-0.5,inferred-v1,8.5,8.5,8.0,8.5,-0.5,-0.5,-0.5,-0.5,1.0,0.736,0.0282,3.87,3.52,1
B85-ADV-043,8.5,adv-disadv,social,writing9.com,D-auto,303,6.5,8.0,8.0,7.0,7.5,-1.0,inferred-v1,7.5,9.0,9.0,8.0,-1.0,-1.0,-1.0,-1.0,0.611,0.742,0.0297,0.99,1.98,0
B85-DIS-002,8.5,discussion,social,writing9.com,D-auto,401,5.5,7.0,7.5,7.5,7.0,-1.5,inferred-v1,7.5,8.5,9.0,9.0,-2.0,-1.5,-1.5,-1.5,0.35,0.744,0.015,1.75,1.5,0
B85-DIS-003,8.5,discussion,education,writing9.com,D-auto,277,7.0,8.0,7.5,6.0,7.0,-1.5,inferred-v1,8.5,9.0,9.0,7.5,-1.5,-1.0,-1.5,-1.5,0.48,0.845,0.0181,1.08,2.17,0
B85-DIS-005,8.5,discussion,environment,writing9.com,D-auto,323,7.0,8.0,7.0,7.5,7.5,-1.0,inferred-v1,8.0,9.0,8.0,8.5,-1.0,-1.0,-1.0,-1.0,0.24,0.776,0.0372,4.02,2.48,0
B85-DIS-007,8.5,discussion,technology,writing9.com,D-auto,282,6.0,9.0,7.0,8.0,7.5,-1.0,inferred-v1,7.5,9.0,8.0,9.0,-1.5,0.0,-1.0,-1.0,0.2,0.873,0.0142,3.9,1.77,1
B85-DIS-008,8.5,discussion,technology,writing9.com,D-auto,471,7.5,8.0,7.5,8.0,8.0,-0.5,inferred-v1,8.5,8.5,8.5,9.0,-1.0,-0.5,-1.0,-1.0,0.455,0.808,0.0212,3.61,3.18,0
B85-DIS-009,8.5,discussion,social,writing9.com,D-auto,367,7.5,8.0,7.0,8.0,7.5,-1.0,inferred-v1,8.5,9.0,8.0,9.0,-1.0,-1.0,-1.0,-1.0,0.5,0.761,0.03,2.18,3.54,0
B85-DIS-010,8.5,discussion,social,writing9.com,D-auto,319,6.0,7.5,8.0,8.0,7.5,-1.0,inferred-v1,7.5,8.5,9.0,9.0,-1.5,-1.0,-1.0,-1.0,0.5,0.837,0.0125,3.45,3.13,0
B85-DIS-011,8.5,discussion,environment,writing9.com,D-auto,265,6.5,8.0,8.0,8.0,7.5,-1.0,inferred-v1,7.5,9.0,9.0,9.0,-1.0,-1.0,-1.0,-1.0,0.312,0.827,0.0189,3.02,3.02,0
B85-DIS-012,8.5,discussion,education,writing9.com,D-auto,282,7.5,9.0,8.0,8.0,8.0,-0.5,inferred-v1,8.0,9.0,8.5,8.5,-0.5,0.0,-0.5,-0.5,0.615,0.901,0.0355,3.19,3.55,0
B85-DIS-013,8.5,discussion,globalization-work,writing9.com,D-auto,293,5.0,8.0,8.0,9.0,7.5,-1.0,inferred-v1,7.5,9.0,9.0,9.0,-2.5,-1.0,-1.0,0.0,0.35,0.836,0.0137,3.07,2.73,0
B85-DIS-014,8.5,discussion,social,writing9.com,D-auto,324,7.5,9.0,7.0,6.5,7.5,-1.0,inferred-v1,8.5,9.0,8.0,7.5,-1.0,0.0,-1.0,-1.0,0.5,0.924,0.0216,6.79,4.01,0
B85-DIS-015,8.5,discussion,social,writing9.com,D-auto,344,7.0,9.0,8.0,8.0,8.0,-0.5,inferred-v1,7.5,9.0,8.5,8.5,-0.5,0.0,-0.5,-0.5,0.533,0.864,0.0174,4.65,3.49,0
B85-DIS-016,8.5,discussion,globalization-work,writing9.com,D-auto,273,6.0,8.0,6.0,7.5,7.0,-1.5,inferred-v1,7.5,9.0,7.5,9.0,-1.5,-1.0,-1.5,-1.5,0.476,0.88,0.0549,3.3,2.56,0
B85-DIS-017,8.5,discussion,globalization-work,writing9.com,D-auto,299,6.5,7.5,7.5,6.5,7.0,-1.5,inferred-v1,8.0,9.0,9.0,8.0,-1.5,-1.5,-1.5,-1.5,0.429,0.906,0.0468,5.02,4.68,0
B85-DIS-018,8.5,discussion,social,writing9.com,D-auto,334,6.0,8.0,7.5,7.5,7.5,-1.0,inferred-v1,7.5,9.0,9.0,9.0,-1.5,-1.0,-1.5,-1.5,0.64,0.893,0.018,1.5,2.69,1
B85-DIS-019,8.5,discussion,health,writing9.com,D-auto,294,8.0,7.5,8.0,7.5,8.0,-0.5,inferred-v1,8.5,8.5,9.0,8.5,-0.5,-1.0,-1.0,-1.0,0.714,0.858,0.017,5.44,2.04,0
B85-DIS-020,8.5,discussion,globalization-work,writing9.com,D-auto,274,5.5,8.0,7.5,8.0,7.5,-1.0,inferred-v1,7.5,9.0,9.0,9.0,-2.0,-1.0,-1.5,-1.0,0.581,0.788,0.0182,2.55,2.19,0
B85-DIS-021,8.5,discussion,media,writing9.com,D-auto,313,6.5,9.0,7.5,7.5,7.5,-1.0,inferred-v1,7.5,9.0,8.5,8.5,-1.0,0.0,-1.0,-1.0,0.619,0.721,0.0192,3.19,2.56,0
B85-DIS-022,8.5,discussion,social,writing9.com,D-auto,385,7.0,9.0,7.5,7.0,7.5,-1.0,inferred-v1,8.0,9.0,8.5,8.0,-1.0,0.0,-1.0,-1.0,0.792,0.771,0.0623,1.82,3.9,1
B85-DIS-024,8.5,discussion,education,writing9.com,D-auto,257,6.5,7.5,7.0,7.5,7.0,-1.5,inferred-v1,8.0,9.0,8.5,9.0,-1.5,-1.5,-1.5,-1.5,0.417,0.861,0.0272,3.5,3.11,0
B85-DIS-026,8.5,discussion,globalization-work,writing9.com,D-auto,302,7.0,7.5,7.5,7.5,7.5,-1.0,inferred-v1,8.0,8.5,8.5,8.5,-1.0,-1.0,-1.0,-1.0,0.562,0.788,0.0232,4.3,2.32,2
B85-DIS-027,8.5,discussion,environment,writing9.com,D-auto,395,6.5,8.0,7.5,6.5,7.0,-1.5,inferred-v1,8.0,9.0,9.0,8.0,-1.5,-1.0,-1.5,-1.5,0.529,0.826,0.0329,3.29,3.04,0
B85-DIS-030,8.5,discussion,health,writing9.com,D-auto,296,6.0,9.0,7.0,6.5,7.0,-1.5,inferred-v1,7.5,9.0,8.5,8.0,-1.5,0.0,-1.5,-1.5,0.611,0.881,0.0507,2.03,2.36,0
B85-DIS-031,8.5,discussion,environment,writing9.com,D-auto,270,5.5,9.0,7.0,7.5,7.5,-1.0,inferred-v1,7.5,9.0,8.5,9.0,-2.0,0.0,-1.5,-1.5,0.5,0.871,0.0333,3.33,2.59,0
B85-DIS-032,8.5,discussion,social,writing9.com,D-auto,273,6.5,9.0,7.5,8.0,8.0,-0.5,inferred-v1,7.5,9.0,8.5,9.0,-1.0,0.0,-1.0,-1.0,0.5,0.853,0.0293,2.56,4.4,0
B85-DIS-033,8.5,discussion,education,writing9.com,D-auto,282,6.5,9.0,8.0,7.5,8.0,-0.5,inferred-v1,7.5,9.0,9.0,8.5,-1.0,0.0,-1.0,-1.0,0.714,0.904,0.0284,1.42,2.84,0
B85-DIS-034,8.5,discussion,globalization-work,writing9.com,D-auto,390,7.0,8.0,7.5,6.5,7.5,-1.0,inferred-v1,8.5,9.0,9.0,8.0,-1.5,-1.0,-1.5,-1.5,0.619,0.763,0.0308,4.36,3.08,0
B85-OP-001,8.5,opinion,technology,allthingsielts.com,B-teacher,341,5.5,7.5,7.0,7.0,7.0,-1.5,inferred-v1,7.5,9.0,9.0,9.0,-2.0,-1.5,-2.0,-2.0,0.5,0.769,0.0293,2.05,2.05,0
B85-OP-002,8.5,opinion,education,writing9.com,D-auto,283,5.5,7.5,7.5,7.0,7.0,-1.5,inferred-v1,7.5,9.0,9.0,8.5,-2.0,-1.5,-1.5,-1.5,0.429,0.806,0.0283,1.41,5.3,0
B85-OP-003,8.5,opinion,social,writing9.com,D-auto,398,7.5,8.0,8.0,9.0,8.0,-0.5,inferred-v1,8.0,8.5,8.5,9.0,-0.5,-0.5,-0.5,0.0,0.833,0.751,0.0075,2.51,3.77,1
B85-OP-004,8.5,opinion,environment,writing9.com,D-auto,337,7.5,9.0,9.0,9.0,8.5,0.0,inferred-v1,7.5,9.0,9.0,9.0,0.0,0.0,0.0,0.0,0.643,0.842,0.0089,2.97,4.15,0
B85-OP-005,8.5,opinion,crime,writing9.com,D-auto,356,7.0,7.5,7.5,8.0,7.5,-1.0,inferred-v1,8.0,8.5,8.5,9.0,-1.0,-1.0,-1.0,-1.0,0.471,0.754,0.0337,3.37,2.81,0
B85-OP-006,8.5,opinion,environment,writing9.com,D-auto,297,7.5,8.0,7.5,8.0,8.0,-0.5,inferred-v1,8.5,8.5,8.5,9.0,-1.0,-0.5,-1.0,-1.0,0.512,0.896,0.0269,2.36,3.7,0
B85-OP-010,8.5,opinion,culture,writing9.com,D-auto,333,8.0,8.0,9.0,8.0,8.5,0.0,inferred-v1,8.5,8.5,9.0,8.5,-0.5,-0.5,0.0,-0.5,0.692,0.783,0.009,3.6,3.6,0
B85-OP-011,8.5,opinion,government,writing9.com,D-auto,384,7.0,9.0,8.0,8.0,8.0,-0.5,inferred-v1,7.5,9.0,8.5,8.5,-0.5,0.0,-0.5,-0.5,0.7,0.836,0.026,2.34,4.17,0
B85-OP-013,8.5,opinion,government,writing9.com,D-auto,256,6.0,8.0,7.0,7.0,7.0,-1.5,inferred-v1,7.5,9.0,8.5,8.5,-1.5,-1.0,-1.5,-1.5,0.636,0.821,0.0078,1.95,4.3,1
B85-OP-014,8.5,opinion,education,writing9.com,D-auto,417,7.5,9.0,7.0,8.0,8.0,-0.5,inferred-v1,8.0,9.0,7.5,8.5,-0.5,0.0,-0.5,-0.5,0.667,0.672,0.0216,3.12,2.4,1
B85-OP-015,8.5,opinion,globalization-work,writing9.com,D-auto,314,8.0,8.0,8.0,8.0,8.0,-0.5,inferred-v1,8.5,8.5,8.5,8.5,-0.5,-0.5,-0.5,-0.5,0.647,0.75,0.0255,3.82,4.46,0
B85-OP-018,8.5,opinion,culture,writing9.com,D-auto,300,4.5,7.0,7.0,6.5,6.5,-2.0,inferred-v1,7.5,9.0,9.0,9.0,-3.0,-2.0,-2.0,-2.5,0.4,0.783,0.1067,0.0,1.67,0
B85-OP-019,8.5,two-part,social,writing9.com,D-auto,263,8.0,9.0,8.0,7.5,8.0,-0.5,inferred-v1,8.5,9.0,8.5,8.0,-0.5,0.0,-0.5,-0.5,0.667,0.715,0.0228,2.28,3.8,0
B85-OP-020,8.5,opinion,education,writing9.com,D-auto,254,7.5,7.5,7.5,6.5,7.5,-1.0,inferred-v1,8.5,9.0,9.0,8.0,-1.0,-1.5,-1.5,-1.5,0.615,0.736,0.0354,1.57,3.54,0
B85-OP-021,8.5,opinion,media,writing9.com,D-auto,375,7.0,8.0,8.0,8.0,8.0,-0.5,inferred-v1,8.5,8.5,8.5,9.0,-1.5,-0.5,-0.5,-1.0,0.526,0.787,0.0187,2.4,3.47,0
B85-OP-022,8.5,opinion,media,writing9.com,D-auto,305,8.0,8.0,8.0,7.5,8.0,-0.5,inferred-v1,8.5,8.5,8.5,8.0,-0.5,-0.5,-0.5,-0.5,0.667,0.698,0.0361,2.62,3.28,0
B85-OP-023,8.5,opinion,environment,writing9.com,D-auto,280,8.0,8.0,8.0,7.5,8.0,-0.5,inferred-v1,8.5,8.5,8.5,8.0,-0.5,-0.5,-0.5,-0.5,0.789,0.837,0.0393,3.57,4.29,0
B85-OP-024,8.5,opinion,social,writing9.com,D-auto,306,6.0,9.0,7.5,7.5,7.5,-1.0,inferred-v1,7.5,9.0,8.5,8.5,-1.5,0.0,-1.0,-1.0,0.556,0.79,0.0686,3.59,2.61,0
B85-OP-025,8.5,opinion,crime,writing9.com,D-auto,305,7.0,8.0,7.5,6.5,7.5,-1.0,inferred-v1,8.5,9.0,9.0,8.0,-1.5,-1.0,-1.5,-1.5,0.815,0.812,0.0459,3.28,3.28,0
B85-OP-026,8.5,opinion,social,writing9.com,D-auto,282,7.0,7.5,7.5,9.0,8.0,-0.5,inferred-v1,8.0,8.5,8.5,9.0,-1.0,-1.0,-1.0,0.0,0.667,0.84,0.0071,2.48,2.48,1
B85-OP-027,8.5,opinion,government,writing9.com,D-auto,287,6.0,9.0,7.0,8.0,7.5,-1.0,inferred-v1,7.5,9.0,8.0,9.0,-1.5,0.0,-1.0,-1.0,0.538,0.92,0.0488,2.44,3.48,0
B85-OP-028,8.5,opinion,government,writing9.com,D-auto,429,7.5,8.0,8.0,6.0,7.5,-1.0,inferred-v1,8.5,9.0,9.0,7.5,-1.0,-1.0,-1.0,-1.5,0.765,0.818,0.0233,3.26,3.5,0
B85-OP-029,8.5,opinion,education,writing9.com,D-auto,290,6.0,9.0,7.5,7.5,7.5,-1.0,inferred-v1,7.5,9.0,8.5,8.5,-1.5,0.0,-1.0,-1.0,0.286,0.934,0.0414,1.72,4.83,0
B85-OP-030,8.5,opinion,education,writing9.com,D-auto,301,5.5,9.0,7.0,7.0,7.0,-1.5,inferred-v1,7.5,9.0,8.5,8.5,-2.0,0.0,-1.5,-1.5,0.368,0.754,0.0498,1.66,2.66,1
B85-OP-031,8.5,opinion,education,writing9.com,D-auto,299,6.5,8.0,7.5,7.0,7.5,-1.0,inferred-v1,8.0,9.0,9.0,8.5,-1.5,-1.0,-1.5,-1.5,0.562,0.726,0.0201,1.67,3.68,0
B85-OP-032,8.5,opinion,technology,writing9.com,D-auto,283,5.5,8.0,7.0,8.0,7.0,-1.5,inferred-v1,7.5,9.0,8.5,9.0,-2.0,-1.0,-1.5,-1.0,0.429,0.865,0.0424,4.24,5.65,0
B85-OP-034,8.5,opinion,education,writing9.com,D-auto,324,5.5,8.0,7.0,7.0,7.0,-1.5,inferred-v1,7.5,9.0,8.5,8.5,-2.0,-1.0,-1.5,-1.5,0.333,0.801,0.0247,3.4,3.4,0
B85-OP-035,8.5,opinion,social,writing9.com,D-auto,278,7.0,8.0,7.5,6.5,7.5,-1.0,inferred-v1,8.5,9.0,9.0,8.0,-1.5,-1.0,-1.5,-1.5,0.562,0.78,0.018,3.6,3.24,0
B85-OP-036,8.5,opinion,globalization-work,writing9.com,D-auto,333,6.0,9.0,8.0,9.0,8.0,-0.5,inferred-v1,7.5,9.0,8.5,9.0,-1.5,0.0,-0.5,0.0,0.5,0.821,0.012,2.4,2.7,0
B85-OP-037,8.5,opinion,technology,writing9.com,D-auto,439,7.0,9.0,7.5,6.5,7.5,-1.0,inferred-v1,8.0,9.0,8.5,7.5,-1.0,0.0,-1.0,-1.0,0.364,0.777,0.0296,3.64,4.1,0
B85-OP-038,8.5,opinion,media,writing9.com,D-auto,420,7.5,9.0,8.0,6.5,8.0,-0.5,inferred-v1,8.5,9.0,9.0,7.5,-1.0,0.0,-1.0,-1.0,0.636,0.759,0.0405,2.62,2.86,0
B85-OP-040,8.5,opinion,education,writing9.com,D-auto,289,6.0,8.0,7.0,5.5,6.5,-2.0,inferred-v1,8.0,9.0,9.0,7.5,-2.0,-1.0,-2.0,-2.0,0.263,0.855,0.0484,1.73,5.54,0
B85-OP-042,8.5,opinion,culture,writing9.com,D-auto,327,7.0,7.5,7.0,7.5,7.5,-1.0,inferred-v1,8.5,8.5,8.5,9.0,-1.5,-1.0,-1.5,-1.5,0.333,0.683,0.0245,4.28,4.89,0
B85-OP-043,8.5,opinion,technology,writing9.com,D-auto,314,7.5,9.0,9.0,6.5,8.0,-0.5,inferred-v1,8.0,9.0,9.0,7.5,-0.5,0.0,0.0,-1.0,0.6,0.851,0.0096,6.05,6.05,0
B85-OP-045,8.5,opinion,social,writing9.com,D-auto,258,7.0,8.0,9.0,8.0,8.0,-0.5,inferred-v1,7.5,8.5,9.0,8.5,-0.5,-0.5,0.0,-0.5,0.769,0.812,0.0078,1.94,2.71,0
B85-OP-046,8.5,opinion,social,writing9.com,D-auto,264,9.0,9.0,8.0,8.0,8.5,0.0,inferred-v1,9.0,9.0,8.0,8.0,0.0,0.0,0.0,0.0,0.846,0.791,0.0114,2.27,3.79,1
B85-OP-047,8.5,opinion,social,writing9.com,D-auto,273,6.5,9.0,9.0,9.0,8.5,0.0,inferred-v1,7.5,9.0,9.0,9.0,-1.0,0.0,0.0,0.0,0.615,0.719,0.0037,2.56,4.4,0
B85-OP-048,8.5,opinion,technology,writing9.com,D-auto,301,7.0,8.0,7.0,6.0,7.0,-1.5,inferred-v1,8.5,9.0,8.5,7.5,-1.5,-1.0,-1.5,-1.5,0.533,0.882,0.0299,1.0,2.33,0
B85-OP-049,8.5,opinion,globalization-work,writing9.com,D-auto,264,7.0,9.0,9.0,8.0,8.5,0.0,inferred-v1,7.5,9.0,9.0,8.5,-0.5,0.0,0.0,-0.5,0.611,0.827,0.0152,3.03,3.79,0
B85-OP-050,8.5,opinion,globalization-work,writing9.com,D-auto,274,7.0,9.0,7.5,7.0,7.5,-1.0,inferred-v1,8.0,9.0,8.5,8.0,-1.0,0.0,-1.0,-1.0,0.76,0.743,0.0182,1.82,3.28,0
B85-OP-052,8.5,opinion,media,writing9.com,D-auto,254,7.0,8.0,7.0,9.0,8.0,-0.5,inferred-v1,8.0,9.0,8.0,9.0,-1.0,-1.0,-1.0,0.0,0.75,0.654,0.0079,4.33,5.12,1
B85-OP-054,8.5,opinion,health,writing9.com,D-auto,320,7.0,9.0,8.0,6.5,7.5,-1.0,inferred-v1,8.0,9.0,9.0,7.5,-1.0,0.0,-1.0,-1.0,0.55,0.831,0.0219,2.19,3.44,0
B85-OP-055,8.5,opinion,environment,writing9.com,D-auto,273,5.5,8.0,7.5,6.0,7.0,-1.5,inferred-v1,7.5,9.0,9.0,8.0,-2.0,-1.0,-1.5,-2.0,0.25,0.874,0.0586,1.47,4.03,0
B85-OP-056,8.5,opinion,social,writing9.com,D-auto,268,6.5,9.0,7.0,6.5,7.5,-1.0,inferred-v1,8.0,9.0,8.5,8.0,-1.5,0.0,-1.5,-1.5,0.417,0.909,0.041,2.61,3.73,0
B85-OP-057,8.5,opinion,media,writing9.com,D-auto,255,7.0,9.0,7.0,8.0,8.0,-0.5,inferred-v1,8.0,9.0,8.0,9.0,-1.0,0.0,-1.0,-1.0,0.625,0.944,0.0353,2.75,3.14,0
B85-OP-058,8.5,opinion,social,writing9.com,D-auto,264,7.5,9.0,9.0,8.0,8.5,0.0,inferred-v1,7.5,9.0,9.0,8.0,0.0,0.0,0.0,0.0,0.636,0.756,0.0189,3.41,3.41,0
B85-OP-059,8.5,opinion,health,writing9.com,D-auto,261,7.5,9.0,9.0,7.5,8.5,0.0,inferred-v1,8.0,9.0,9.0,8.0,-0.5,0.0,0.0,-0.5,0.65,0.851,0.0077,1.15,3.07,0
B85-OP-063,8.5,opinion,education,writing9.com,D-auto,347,6.5,9.0,9.0,7.0,8.0,-0.5,inferred-v1,7.5,9.0,9.0,7.5,-1.0,0.0,0.0,-0.5,0.625,0.862,0.0058,3.46,3.17,0
B85-OP-065,8.5,opinion,social,writing9.com,D-auto,338,6.0,8.0,7.0,8.0,7.5,-1.0,inferred-v1,7.5,9.0,8.5,9.0,-1.5,-1.0,-1.5,-1.0,0.346,0.868,0.0355,2.96,4.14,0
B85-OP-066,8.5,opinion,social,writing9.com,D-auto,273,7.0,9.0,7.5,8.0,8.0,-0.5,inferred-v1,7.5,9.0,8.0,8.5,-0.5,0.0,-0.5,-0.5,0.556,0.868,0.0513,2.56,3.3,0
B85-OP-067,8.5,opinion,globalization-work,writing9.com,D-auto,272,6.5,8.0,7.5,8.0,7.5,-1.0,inferred-v1,7.5,9.0,8.5,9.0,-1.0,-1.0,-1.0,-1.0,0.429,0.91,0.0294,2.57,4.04,0
B85-OP-068,8.5,opinion,globalization-work,writing9.com,D-auto,324,8.0,9.0,7.5,6.5,8.0,-0.5,inferred-v1,9.0,9.0,8.5,7.5,-1.0,0.0,-1.0,-1.0,0.7,0.856,0.0247,4.63,4.32,0
B85-OP-069,8.5,opinion,technology,writing9.com,D-auto,321,6.5,8.0,9.0,8.0,8.0,-0.5,inferred-v1,7.5,8.5,9.0,8.5,-1.0,-0.5,0.0,-0.5,0.625,0.801,0.0187,2.18,3.43,0
B85-OP-070,8.5,opinion,social,writing9.com,D-auto,320,9.0,7.5,7.5,8.0,8.0,-0.5,inferred-v1,9.0,8.0,8.0,8.5,0.0,-0.5,-0.5,-0.5,0.667,0.75,0.0375,2.19,5.62,0
B85-OP-073,8.5,two-part,globalization-work,writing9.com,D-auto,284,7.0,9.0,8.0,8.0,8.0,-0.5,inferred-v1,7.5,9.0,8.5,8.5,-0.5,0.0,-0.5,-0.5,0.667,0.816,0.0211,2.46,3.52,0
B85-OP-074,8.5,opinion,government,writing9.com,D-auto,331,6.5,9.0,7.5,8.0,8.0,-0.5,inferred-v1,7.5,9.0,8.5,9.0,-1.0,0.0,-1.0,-1.0,0.9,0.812,0.0725,2.11,2.42,0
B85-OP-075,8.5,opinion,education,writing9.com,D-auto,343,7.5,9.0,9.0,8.0,8.5,0.0,inferred-v1,7.5,9.0,9.0,8.0,0.0,0.0,0.0,0.0,0.571,0.737,0.0117,2.92,4.96,0
B85-OP-076,8.5,opinion,media,writing9.com,D-auto,364,8.0,7.5,8.0,6.0,7.5,-1.0,inferred-v1,9.0,8.5,9.0,7.5,-1.0,-1.0,-1.0,-1.5,0.714,0.661,0.0192,1.37,2.47,1
B85-OP-077,8.5,opinion,technology,writing9.com,D-auto,291,6.5,9.0,7.0,8.0,7.5,-1.0,inferred-v1,7.5,9.0,8.0,9.0,-1.0,0.0,-1.0,-1.0,0.647,0.919,0.0241,4.12,3.78,1
B85-OP-078,8.5,opinion,environment,writing9.com,D-auto,277,6.5,7.5,8.0,8.0,7.5,-1.0,inferred-v1,7.5,8.5,9.0,9.0,-1.0,-1.0,-1.0,-1.0,0.643,0.692,0.0325,3.25,5.42,0
B85-OP-079,8.5,opinion,social,writing9.com,D-auto,284,6.5,9.0,7.5,7.5,7.5,-1.0,inferred-v1,7.5,9.0,8.5,8.5,-1.0,0.0,-1.0,-1.0,0.562,0.902,0.0423,1.76,6.34,0
B85-OP-080,8.5,opinion,technology,writing9.com,D-auto,275,7.0,9.0,7.5,9.0,8.0,-0.5,inferred-v1,7.5,9.0,8.0,9.0,-0.5,0.0,-0.5,0.0,0.214,0.855,0.0109,3.27,6.55,1
B85-OP-081,8.5,opinion,technology,writing9.com,D-auto,259,5.5,9.0,7.0,8.0,7.5,-1.0,inferred-v1,7.5,9.0,8.0,9.0,-2.0,0.0,-1.0,-1.0,0.429,0.909,0.0347,3.09,3.47,1
B85-OP-082,8.5,opinion,government,writing9.com,D-auto,364,6.5,8.0,7.0,7.5,7.5,-1.0,inferred-v1,8.0,9.0,8.5,9.0,-1.5,-1.0,-1.5,-1.5,0.684,0.795,0.0467,3.3,1.92,0
B85-OP-083,8.5,opinion,technology,writing9.com,D-auto,390,7.0,8.0,8.0,7.0,7.5,-1.0,inferred-v1,8.0,9.0,9.0,8.0,-1.0,-1.0,-1.0,-1.0,0.583,0.874,0.0487,1.28,2.82,0
B85-OP-084,8.5,opinion,technology,writing9.com,D-auto,299,5.5,9.0,7.5,7.5,7.5,-1.0,inferred-v1,7.5,9.0,8.5,8.5,-2.0,0.0,-1.0,-1.0,0.318,0.843,0.0602,3.34,4.01,0
B85-OP-085,8.5,opinion,technology,writing9.com,D-auto,270,5.5,9.0,6.5,7.5,7.0,-1.5,inferred-v1,7.5,9.0,8.0,9.0,-2.0,0.0,-1.5,-1.5,0.409,0.893,0.0593,4.07,4.07,0
B85-OP-087,8.5,opinion,globalization-work,writing9.com,D-auto,313,7.0,9.0,7.5,6.5,7.5,-1.0,inferred-v1,8.0,9.0,8.5,7.5,-1.0,0.0,-1.0,-1.0,0.667,0.739,0.0511,2.56,2.88,0
B85-OP-088,8.5,opinion,education,writing9.com,D-auto,259,6.5,9.0,7.5,7.5,7.5,-1.0,inferred-v1,7.5,9.0,8.5,8.5,-1.0,0.0,-1.0,-1.0,0.368,0.932,0.0425,2.7,2.7,0
B85-OP-089,8.5,opinion,globalization-work,writing9.com,D-auto,336,7.0,8.0,7.5,6.0,7.0,-1.5,inferred-v1,8.5,9.0,9.0,7.5,-1.5,-1.0,-1.5,-1.5,0.643,0.809,0.0208,2.38,3.27,1
B85-OP-090,8.5,opinion,technology,writing9.com,D-auto,252,7.0,9.0,9.0,8.0,8.5,0.0,inferred-v1,7.5,9.0,9.0,8.5,-0.5,0.0,0.0,-0.5,0.6,0.831,0.0159,2.78,4.37,0
B85-OP-091,8.5,opinion,social,writing9.com,D-auto,345,5.5,9.0,8.0,7.0,7.5,-1.0,inferred-v1,7.5,9.0,9.0,8.0,-2.0,0.0,-1.0,-1.0,0.333,0.856,0.0145,3.77,3.48,0
B85-OP-094,8.5,opinion,technology,writing9.com,D-auto,291,6.5,9.0,8.0,8.0,8.0,-0.5,inferred-v1,7.5,9.0,8.5,8.5,-1.0,0.0,-0.5,-0.5,0.667,0.663,0.0,2.75,2.75,0
B85-OP-095,8.5,opinion,media,writing9.com,D-auto,288,6.5,9.0,8.0,8.0,8.0,-0.5,inferred-v1,7.5,9.0,8.5,8.5,-1.0,0.0,-0.5,-0.5,0.444,0.705,0.0104,2.08,2.43,0
B85-OP-096,8.5,opinion,social,writing9.com,D-auto,282,7.0,7.5,7.5,9.0,8.0,-0.5,inferred-v1,8.0,8.5,8.5,9.0,-1.0,-1.0,-1.0,0.0,0.667,0.84,0.0071,2.48,2.48,1
B85-OP-097,8.5,opinion,globalization-work,writing9.com,D-auto,255,6.5,7.5,7.5,8.0,7.5,-1.0,inferred-v1,7.5,8.5,8.5,9.0,-1.0,-1.0,-1.0,-1.0,0.444,0.833,0.0078,1.96,2.75,0
B85-OP-098,8.5,opinion,social,writing9.com,D-auto,345,5.5,9.0,8.0,6.5,7.5,-1.0,inferred-v1,7.5,9.0,9.0,8.0,-2.0,0.0,-1.0,-1.5,0.417,0.874,0.0174,3.77,3.48,0
B85-OP-099,8.5,opinion,technology,writing9.com,D-auto,276,7.0,7.5,7.0,9.0,7.5,-1.0,inferred-v1,8.0,8.5,8.0,9.0,-1.0,-1.0,-1.0,0.0,0.381,0.851,0.0072,3.26,4.35,1
B85-OP-100,8.5,opinion,social,writing9.com,D-auto,283,5.5,8.0,8.0,9.0,7.5,-1.0,inferred-v1,7.5,9.0,9.0,9.0,-2.0,-1.0,-1.0,0.0,0.571,0.889,0.0106,2.47,2.83,0
B85-OP-101,8.5,opinion,social,writing9.com,D-auto,257,6.5,8.0,8.0,8.0,7.5,-1.0,inferred-v1,7.5,9.0,9.0,9.0,-1.0,-1.0,-1.0,-1.0,0.571,0.955,0.0545,3.11,3.5,0
B85-OP-102,8.5,opinion,social,writing9.com,D-auto,257,7.0,9.0,7.5,7.5,8.0,-0.5,inferred-v1,8.0,9.0,8.5,8.5,-1.0,0.0,-1.0,-1.0,0.462,0.842,0.0195,0.78,3.5,1
B85-OP-103,8.5,opinion,social,writing9.com,D-auto,307,7.0,7.5,7.5,7.5,7.5,-1.0,inferred-v1,8.0,8.5,8.5,8.5,-1.0,-1.0,-1.0,-1.0,0.5,0.812,0.0326,3.58,3.26,0
B85-REP-002,8.5,report,environment,writing9.com,D-auto,316,6.5,8.0,8.0,7.5,7.5,-1.0,inferred-v1,7.5,9.0,9.0,8.5,-1.0,-1.0,-1.0,-1.0,0.625,0.876,0.0222,1.9,3.8,0
B85-REP-003,8.5,report,environment,writing9.com,D-auto,315,6.5,7.5,9.0,9.0,8.0,-0.5,inferred-v1,7.5,8.0,9.0,9.0,-1.0,-0.5,0.0,0.0,0.909,0.781,0.0127,2.54,3.81,0
B85-REP-004,8.5,report,environment,writing9.com,D-auto,354,6.0,9.0,7.5,7.5,7.5,-1.0,inferred-v1,7.5,9.0,8.5,8.5,-1.5,0.0,-1.0,-1.0,0.286,0.717,0.0508,0.56,3.67,0
B85-REP-005,8.5,report,health,writing9.com,D-auto,288,6.5,8.0,7.0,8.0,7.5,-1.0,inferred-v1,7.5,9.0,8.0,9.0,-1.0,-1.0,-1.0,-1.0,0.588,0.755,0.0174,2.08,2.08,1
B85-REP-006,8.5,report,globalization-work,writing9.com,D-auto,352,6.0,9.0,8.0,7.5,7.5,-1.0,inferred-v1,7.5,9.0,9.0,8.5,-1.5,0.0,-1.0,-1.0,0.423,0.698,0.0114,0.57,3.41,0
B85-REP-008,8.5,adv-disadv,culture,writing9.com,D-auto,311,6.0,7.5,7.5,7.5,7.0,-1.5,inferred-v1,7.5,9.0,9.0,9.0,-1.5,-1.5,-1.5,-1.5,0.214,0.919,0.0547,2.89,3.86,0
B85-REP-009,8.5,report,social,writing9.com,D-auto,317,6.0,7.5,7.0,7.0,7.0,-1.5,inferred-v1,7.5,9.0,8.5,8.5,-1.5,-1.5,-1.5,-1.5,0.167,0.842,0.0221,2.84,1.89,0
B85-REP-011,8.5,report,education,writing9.com,D-auto,269,7.0,9.0,7.5,8.0,8.0,-0.5,inferred-v1,7.5,9.0,8.0,8.5,-0.5,0.0,-0.5,-0.5,0.733,0.824,0.0335,2.97,2.23,0
B85-REP-012,8.5,report,social,writing9.com,D-auto,307,5.0,9.0,7.5,7.5,7.5,-1.0,inferred-v1,7.5,9.0,9.0,9.0,-2.5,0.0,-1.5,-1.5,0.222,0.929,0.0423,2.61,2.28,0
B85-REP-013,8.5,report,social,writing9.com,D-auto,303,6.0,9.0,7.0,5.5,7.0,-1.5,inferred-v1,8.0,9.0,8.5,7.5,-2.0,0.0,-1.5,-2.0,0.478,0.851,0.0165,0.66,2.31,0
B85-REP-015,8.5,report,health,writing9.com,D-auto,268,6.0,7.5,7.0,7.0,7.0,-1.5,inferred-v1,7.5,9.0,8.5,8.5,-1.5,-1.5,-1.5,-1.5,0.556,0.898,0.0299,2.61,1.87,1
B85-REP-016,8.5,report,education,writing9.com,D-auto,262,6.5,8.0,7.0,7.0,7.0,-1.5,inferred-v1,8.0,9.0,8.5,8.5,-1.5,-1.0,-1.5,-1.5,0.483,0.841,0.042,1.53,3.44,0
B85-REP-017,8.5,report,environment,writing9.com,D-auto,338,6.0,8.0,7.0,6.5,7.0,-1.5,inferred-v1,7.5,9.0,8.5,8.0,-1.5,-1.0,-1.5,-1.5,0.529,0.765,0.0592,2.66,2.66,0
B85-REP-018,8.5,report,health,writing9.com,D-auto,295,6.5,8.0,7.5,8.0,7.5,-1.0,inferred-v1,7.5,9.0,8.5,9.0,-1.0,-1.0,-1.0,-1.0,0.474,0.892,0.0237,2.03,3.73,0
B85-REP-019,8.5,report,technology,writing9.com,D-auto,333,6.0,8.0,7.0,8.0,7.5,-1.0,inferred-v1,7.5,9.0,8.5,9.0,-1.5,-1.0,-1.5,-1.0,0.562,0.867,0.036,2.4,2.4,2
B85-REP-021,8.5,report,globalization-work,writing9.com,D-auto,289,6.0,9.0,8.0,8.0,8.0,-0.5,inferred-v1,7.5,9.0,9.0,9.0,-1.5,0.0,-1.0,-1.0,0.692,0.901,0.0415,2.42,3.11,0
B85-REP-022,8.5,report,health,writing9.com,D-auto,265,6.0,9.0,7.5,8.0,7.5,-1.0,inferred-v1,7.5,9.0,8.5,9.0,-1.5,0.0,-1.0,-1.0,0.364,0.826,0.0528,3.4,3.4,0
B85-REP-023,8.5,report,globalization-work,writing9.com,D-auto,271,6.5,7.5,7.5,7.0,7.0,-1.5,inferred-v1,8.0,9.0,9.0,8.5,-1.5,-1.5,-1.5,-1.5,0.571,0.786,0.0221,2.58,2.21,0
B85-REP-024,8.5,report,social,writing9.com,D-auto,253,5.5,9.0,7.0,7.0,7.0,-1.5,inferred-v1,7.5,9.0,8.5,8.5,-2.0,0.0,-1.5,-1.5,0.381,0.847,0.0316,1.58,1.98,0
B85-REP-025,8.5,report,social,writing9.com,D-auto,271,7.0,9.0,8.0,8.0,8.0,-0.5,inferred-v1,7.5,9.0,8.5,8.5,-0.5,0.0,-0.5,-0.5,0.929,0.712,0.0074,1.48,4.06,0
B85-TQ-002,8.5,two-part,social,writing9.com,D-auto,265,6.0,8.0,8.0,7.5,7.5,-1.0,inferred-v1,7.5,9.0,9.0,8.5,-1.5,-1.0,-1.0,-1.0,0.29,0.832,0.0151,3.4,3.4,0
B85-TQ-003,8.5,two-part,technology,writing9.com,D-auto,376,7.0,9.0,8.0,8.0,8.0,-0.5,inferred-v1,7.5,9.0,8.5,8.5,-0.5,0.0,-0.5,-0.5,0.308,0.776,0.016,3.72,4.52,0
B85-TQ-004,8.5,two-part,social,writing9.com,D-auto,328,8.0,8.0,7.5,6.5,7.5,-1.0,inferred-v1,9.0,9.0,8.5,7.5,-1.0,-1.0,-1.0,-1.0,0.655,0.837,0.0518,2.74,3.96,1
B85-TQ-005,8.5,two-part,media,writing9.com,D-auto,349,6.5,8.0,8.0,8.0,7.5,-1.0,inferred-v1,7.5,9.0,9.0,9.0,-1.0,-1.0,-1.0,-1.0,0.571,0.908,0.0774,4.3,4.87,0
B85-TQ-006,8.5,two-part,education,writing9.com,D-auto,289,7.0,8.0,8.0,8.0,8.0,-0.5,inferred-v1,8.5,8.5,8.5,9.0,-1.5,-0.5,-0.5,-1.0,0.429,0.846,0.0173,2.77,4.15,0
B85-TQ-007,8.5,two-part,environment,writing9.com,D-auto,291,6.5,8.0,7.5,6.5,7.0,-1.5,inferred-v1,8.0,9.0,9.0,8.0,-1.5,-1.0,-1.5,-1.5,0.414,0.861,0.0447,2.75,3.44,0
B85-TQ-008,8.5,opinion,social,writing9.com,D-auto,289,8.0,9.0,7.5,8.0,8.0,-0.5,inferred-v1,8.5,9.0,8.0,8.5,-0.5,0.0,-0.5,-0.5,0.571,0.735,0.0415,2.77,5.54,0
B85-TQ-009,8.5,two-part,health,writing9.com,D-auto,266,7.5,7.5,7.0,7.0,7.5,-1.0,inferred-v1,8.5,9.0,8.5,8.5,-1.0,-1.5,-1.5,-1.5,0.75,0.781,0.0226,1.5,3.38,1
B85-TQ-010,8.5,two-part,globalization-work,writing9.com,D-auto,359,6.5,8.0,9.0,9.0,8.0,-0.5,inferred-v1,7.5,8.5,9.0,9.0,-1.0,-0.5,0.0,0.0,0.778,0.742,0.0056,3.06,3.06,0
B85-TQ-011,8.5,two-part,culture,writing9.com,D-auto,330,6.5,8.0,7.5,7.0,7.5,-1.0,inferred-v1,8.0,9.0,9.0,8.5,-1.5,-1.0,-1.5,-1.5,0.7,0.714,0.0212,0.3,2.12,1
B9-ADV-001,9.0,adv-disadv,media,cdieltsprep.com,B-teacher,306,5.5,8.0,7.0,7.5,7.0,-2.0,inferred-v1,8.0,9.0,9.0,9.0,-2.5,-1.0,-2.0,-1.5,0.556,0.894,0.0686,4.58,1.31,0
B9-ADV-004,9.0,adv-disadv,education,cdieltsprep.com,B-teacher,304,6.0,7.5,8.0,7.0,7.0,-2.0,inferred-v1,8.0,9.0,9.0,9.0,-2.0,-1.5,-1.0,-2.0,0.688,0.903,0.0197,4.61,1.64,0
B9-ADV-005,9.0,adv-disadv,environment,ielts-blog.com,C-blog,340,7.5,9.0,7.5,8.0,8.0,-1.0,inferred-v1,8.5,9.0,8.5,9.0,-1.0,0.0,-1.0,-1.0,0.636,0.734,0.0206,2.35,2.65,0
B9-ADV-006,9.0,adv-disadv,social,writing9.com,D-auto,330,8.0,8.0,8.0,6.5,7.5,-1.5,inferred-v1,9.0,9.0,9.0,8.0,-1.0,-1.0,-1.0,-1.5,0.591,0.909,0.0485,5.15,2.42,0
B9-ADV-008,9.0,adv-disadv,globalization-work,cdieltsprep.com,B-teacher,313,5.0,8.0,6.5,7.0,6.5,-2.5,inferred-v1,8.0,9.0,9.0,9.0,-3.0,-1.0,-2.5,-2.0,0.4,0.848,0.0415,4.79,0.96,0
B9-ADV-009,9.0,adv-disadv,social,cdieltsprep.com,B-teacher,334,6.0,7.5,7.0,6.0,6.5,-2.5,inferred-v1,8.5,9.0,9.0,8.5,-2.5,-1.5,-2.0,-2.5,0.529,0.866,0.021,3.89,1.5,0
B9-ADV-010,9.0,two-part,social,writing9.com,D-auto,396,7.0,8.0,7.5,6.0,7.0,-2.0,inferred-v1,9.0,9.0,9.0,8.0,-2.0,-1.0,-1.5,-2.0,0.6,0.798,0.053,2.27,2.02,1
B9-ADV-011,9.0,adv-disadv,crime,cdieltsprep.com,B-teacher,352,6.5,7.5,7.0,6.0,7.0,-2.0,inferred-v1,9.0,9.0,9.0,8.5,-2.5,-1.5,-2.0,-2.5,0.792,0.889,0.0398,3.98,0.85,0
B9-ADV-014,9.0,adv-disadv,social,writing9.com,D-auto,338,8.0,8.0,7.5,7.5,8.0,-1.0,inferred-v1,9.0,9.0,9.0,9.0,-1.0,-1.0,-1.5,-1.5,0.538,0.815,0.0414,1.18,4.73,0
B9-ADV-015,9.0,adv-disadv,technology,cdieltsprep.com,B-teacher,309,5.5,7.5,6.5,7.5,7.0,-2.0,inferred-v1,8.0,9.0,9.0,9.0,-2.5,-1.5,-2.5,-1.5,0.545,0.844,0.0324,2.27,1.29,0
B9-ADV-016,9.0,adv-disadv,technology,cdieltsprep.com,B-teacher,314,7.0,7.5,7.5,7.5,7.5,-1.5,inferred-v1,8.5,9.0,9.0,9.0,-1.5,-1.5,-1.5,-1.5,0.667,0.864,0.0191,5.41,0.96,0
B9-ADV-017,9.0,adv-disadv,social,ielts-blog.com,C-blog,282,5.5,7.5,7.5,8.0,7.0,-2.0,inferred-v1,8.0,9.0,9.0,9.0,-2.5,-1.5,-1.5,-1.0,0.625,0.685,0.0071,2.13,1.06,0
B9-ADV-018,9.0,adv-disadv,education,writing9.com,D-auto,298,7.0,8.0,7.5,9.0,8.0,-1.0,inferred-v1,8.5,9.0,8.5,9.0,-1.5,-1.0,-1.0,0.0,0.824,0.772,0.0034,3.02,4.03,0
B9-ADV-019,9.0,adv-disadv,globalization-work,cdieltsprep.com,B-teacher,366,6.0,8.0,6.5,7.5,7.0,-2.0,inferred-v1,8.5,9.0,8.5,9.0,-2.5,-1.0,-2.0,-1.5,0.474,0.841,0.0355,4.1,2.73,0
B9-ADV-020,9.0,two-part,media,writing9.com,D-auto,339,7.0,8.0,8.0,6.5,7.5,-1.5,inferred-v1,8.5,9.0,9.0,8.5,-1.5,-1.0,-1.0,-2.0,0.5,0.885,0.0177,3.54,2.65,0
B9-ADV-021,9.0,two-part,globalization-work,cdieltsprep.com,B-teacher,311,5.0,7.5,6.5,5.5,6.0,-3.0,inferred-v1,8.5,9.0,9.0,8.5,-3.5,-1.5,-2.5,-3.0,0.353,0.892,0.0579,4.5,0.96,0
B9-ADV-022,9.0,adv-disadv,globalization-work,writing9.com,D-auto,315,8.0,9.0,7.5,9.0,8.5,-0.5,inferred-v1,8.5,9.0,8.5,9.0,-0.5,0.0,-1.0,0.0,0.706,0.744,0.0095,4.13,3.17,1
B9-ADV-023,9.0,adv-disadv,globalization-work,cdieltsprep.com,B-teacher,300,5.0,8.0,6.5,5.5,6.5,-2.5,inferred-v1,8.5,9.0,9.0,8.5,-3.5,-1.0,-2.5,-3.0,0.353,0.876,0.04,2.67,1.0,0
B9-ADV-025,9.0,adv-disadv,globalization-work,writing9.com,D-auto,334,6.0,9.0,7.5,6.5,7.5,-1.5,inferred-v1,8.5,9.0,9.0,8.5,-2.5,0.0,-1.5,-2.0,0.333,0.905,0.021,2.99,3.59,0
B9-ADV-027,9.0,adv-disadv,government,cdieltsprep.com,B-teacher,354,6.5,7.5,7.0,6.0,7.0,-2.0,inferred-v1,9.0,9.0,9.0,8.5,-2.5,-1.5,-2.0,-2.5,0.647,0.757,0.0169,4.52,0.85,0
B9-ADV-028,9.0,adv-disadv,globalization-work,cdieltsprep.com,B-teacher,327,5.5,7.5,7.5,7.0,7.0,-2.0,inferred-v1,8.0,9.0,9.0,9.0,-2.5,-1.5,-1.5,-2.0,0.562,0.809,0.0275,4.89,0.31,0
B9-ADV-029,9.0,adv-disadv,government,cdieltsprep.com,B-teacher,341,6.0,7.5,7.5,5.5,6.5,-2.5,inferred-v1,8.5,9.0,9.0,8.5,-2.5,-1.5,-1.5,-3.0,0.667,0.829,0.0352,4.99,2.35,0
B9-ADV-030,9.0,adv-disadv,social,ielts-blog.com,C-blog,325,7.0,9.0,8.0,8.0,8.0,-1.0,inferred-v1,8.0,9.0,9.0,9.0,-1.0,0.0,-1.0,-1.0,1.0,0.655,0.0123,1.54,3.69,0
B9-ADV-031,9.0,two-part,technology,writing9.com,D-auto,264,7.0,9.0,7.0,8.0,8.0,-1.0,inferred-v1,8.5,9.0,8.5,9.0,-1.5,0.0,-1.5,-1.0,0.417,0.796,0.0227,4.17,3.79,1
B9-ADV-032,9.0,two-part,technology,writing9.com,D-auto,277,8.0,7.5,8.0,8.0,8.0,-1.0,inferred-v1,9.0,8.5,9.0,9.0,-1.0,-1.0,-1.0,-1.0,0.667,0.726,0.0181,2.17,3.97,0
B9-ADV-033,9.0,adv-disadv,media,cdieltsprep.com,B-teacher,340,5.0,7.5,7.0,6.0,6.5,-2.5,inferred-v1,8.5,9.0,9.0,8.5,-3.5,-1.5,-2.0,-2.5,0.444,0.9,0.0441,5.0,1.18,0
B9-ADV-034,9.0,adv-disadv,education,writing9.com,D-auto,347,6.0,8.0,7.5,8.0,7.5,-1.5,inferred-v1,8.0,9.0,9.0,9.0,-2.0,-1.0,-1.5,-1.0,0.647,0.823,0.0259,2.59,2.59,3
B9-ADV-035,9.0,two-part,technology,writing9.com,D-auto,422,7.5,9.0,9.0,7.0,8.0,-1.0,inferred-v1,8.5,9.0,9.0,8.5,-1.0,0.0,0.0,-1.5,0.833,0.761,0.0118,2.61,2.37,0
B9-DIS-002,9.0,discussion,environment,ieltswritingcorrectionservice.com,A-examiner,284,5.0,7.0,7.0,7.5,6.5,-2.5,official,9.0,9.0,9.0,9.0,-4.0,-2.0,-2.0,-1.5,0.458,0.87,0.0704,2.11,1.76,0
B9-DIS-004,9.0,discussion,technology,ieltswritingcorrectionservice.com,A-examiner,281,4.5,7.0,7.0,7.0,6.5,-2.5,official,9.0,9.0,9.0,9.0,-4.5,-2.0,-2.0,-2.0,0.348,0.918,0.0925,3.2,1.07,0
B9-DIS-005,9.0,discussion,social,writing9.com,D-auto,372,6.0,8.0,7.5,6.5,7.0,-2.0,inferred-v1,8.5,9.0,9.0,8.5,-2.5,-1.0,-1.5,-2.0,0.4,0.759,0.0215,3.49,3.23,0
B9-DIS-007,9.0,discussion,social,writing9.com,D-auto,295,6.0,9.0,7.0,6.5,7.0,-2.0,inferred-v1,8.5,9.0,9.0,8.5,-2.5,0.0,-2.0,-2.0,0.455,0.778,0.0237,3.73,4.07,0
B9-DIS-009,9.0,discussion,social,cdieltsprep.com,B-teacher,345,5.0,8.0,6.5,7.5,7.0,-2.0,inferred-v1,8.0,9.0,9.0,9.0,-3.0,-1.0,-2.5,-1.5,0.405,0.842,0.0203,4.64,1.74,0
B9-DIS-010,9.0,discussion,social,cdieltsprep.com,B-teacher,330,5.0,8.0,6.5,7.0,6.5,-2.5,inferred-v1,8.0,9.0,9.0,9.0,-3.0,-1.0,-2.5,-2.0,0.318,0.849,0.0212,5.15,0.91,0
B9-DIS-011,9.0,discussion,globalization-work,cdieltsprep.com,B-teacher,313,5.5,7.5,6.5,7.5,7.0,-2.0,inferred-v1,8.0,9.0,9.0,9.0,-2.5,-1.5,-2.5,-1.5,0.259,0.888,0.0383,4.15,1.28,0
B9-DIS-012,9.0,discussion,culture,cdieltsprep.com,B-teacher,340,5.0,8.0,6.5,7.0,6.5,-2.5,inferred-v1,8.0,9.0,9.0,9.0,-3.0,-1.0,-2.5,-2.0,0.28,0.883,0.05,4.71,0.88,0
B9-DIS-014,9.0,discussion,media,cdieltsprep.com,B-teacher,353,5.0,8.0,6.5,6.0,6.5,-2.5,inferred-v1,8.5,9.0,9.0,8.5,-3.5,-1.0,-2.5,-2.5,0.346,0.809,0.0595,5.38,1.13,0
B9-DIS-015,9.0,discussion,media,writing9.com,D-auto,360,6.5,9.0,8.0,8.0,8.0,-1.0,inferred-v1,8.0,9.0,9.0,9.0,-1.5,0.0,-1.0,-1.0,0.69,0.816,0.0556,3.33,1.94,0
B9-DIS-016,9.0,discussion,environment,writing9.com,D-auto,292,7.0,7.5,7.0,7.0,7.0,-2.0,inferred-v1,9.0,9.0,9.0,9.0,-2.0,-1.5,-2.0,-2.0,0.5,0.834,0.0171,4.11,2.74,1
B9-DIS-017,9.0,discussion,technology,writing9.com,D-auto,331,7.5,8.0,8.0,8.0,8.0,-1.0,inferred-v1,8.5,9.0,9.0,9.0,-1.0,-1.0,-1.0,-1.0,0.556,0.81,0.0242,2.11,3.32,0
B9-DIS-018,9.0,discussion,education,cdieltsprep.com,B-teacher,336,5.5,7.5,6.5,7.0,6.5,-2.5,inferred-v1,8.0,9.0,9.0,9.0,-2.5,-1.5,-2.5,-2.0,0.478,0.898,0.0565,3.87,0.89,0
B9-DIS-019,9.0,discussion,globalization-work,writing9.com,D-auto,308,7.5,8.0,8.0,7.5,8.0,-1.0,inferred-v1,9.0,9.0,9.0,9.0,-1.5,-1.0,-1.0,-1.5,0.577,0.811,0.0292,1.62,3.25,0
B9-DIS-020,9.0,discussion,media,writing9.com,D-auto,582,5.5,8.0,6.5,7.5,7.0,-2.0,inferred-v1,8.5,9.0,8.5,9.0,-3.0,-1.0,-2.0,-1.5,0.292,0.808,0.1615,2.41,1.2,0
B9-DIS-022,9.0,discussion,environment,writing9.com,D-auto,258,7.0,8.0,8.0,7.5,7.5,-1.5,inferred-v1,8.5,9.0,9.0,9.0,-1.5,-1.0,-1.0,-1.5,0.739,0.777,0.031,3.49,4.26,0
B9-DIS-023,9.0,discussion,environment,writing9.com,D-auto,307,7.0,8.0,7.5,6.5,7.5,-1.5,inferred-v1,9.0,9.0,9.0,8.5,-2.0,-1.0,-1.5,-2.0,0.318,0.907,0.0423,3.91,4.56,0
B9-DIS-024,9.0,discussion,government,writing9.com,D-auto,256,6.5,8.0,7.0,7.5,7.5,-1.5,inferred-v1,8.5,9.0,9.0,9.0,-2.0,-1.0,-2.0,-1.5,0.5,0.881,0.0195,3.91,3.12,1
B9-DIS-025,9.0,discussion,crime,writing9.com,D-auto,272,6.5,8.0,7.0,8.0,7.5,-1.5,inferred-v1,8.5,9.0,8.5,9.0,-2.0,-1.0,-1.5,-1.0,0.407,0.787,0.0294,3.68,3.31,0
B9-DIS-026,9.0,discussion,health,writing9.com,D-auto,293,8.0,9.0,7.5,6.5,8.0,-1.0,inferred-v1,9.0,9.0,9.0,8.0,-1.0,0.0,-1.5,-1.5,0.5,0.847,0.0171,5.12,3.07,0
B9-DIS-027,9.0,discussion,education,writing9.com,D-auto,281,6.5,8.0,8.0,9.0,8.0,-1.0,inferred-v1,8.0,9.0,9.0,9.0,-1.5,-1.0,-1.0,0.0,0.579,0.803,0.0036,3.56,2.85,0
B9-DIS-028,9.0,discussion,education,writing9.com,D-auto,264,5.0,8.0,7.0,7.0,7.0,-2.0,inferred-v1,8.0,9.0,9.0,9.0,-3.0,-1.0,-2.0,-2.0,0.448,0.852,0.0227,3.79,1.89,0
B9-DIS-029,9.0,discussion,media,writing9.com,D-auto,253,6.5,8.0,7.5,8.0,7.5,-1.5,inferred-v1,8.0,9.0,9.0,9.0,-1.5,-1.0,-1.5,-1.0,0.375,0.841,0.0277,3.95,3.56,0
B9-DIS-030,9.0,discussion,technology,ieltswritingcorrectionservice.com,A-examiner,307,5.5,7.5,6.5,7.5,7.0,-2.0,official,9.0,9.0,9.0,9.0,-3.5,-1.5,-2.5,-1.5,0.19,0.849,0.0423,4.89,0.65,0
B9-DIS-031,9.0,discussion,education,ieltswritingcorrectionservice.com,A-examiner,304,5.0,8.0,6.5,6.5,6.5,-2.5,official,9.0,9.0,9.0,9.0,-4.0,-1.0,-2.5,-2.5,0.304,0.869,0.0625,3.95,1.64,0
B9-DIS-032,9.0,discussion,globalization-work,writing9.com,D-auto,298,7.0,9.0,8.0,8.0,8.0,-1.0,inferred-v1,8.0,9.0,9.0,9.0,-1.0,0.0,-1.0,-1.0,0.636,0.867,0.0336,3.36,4.36,0
B9-OP-002,9.0,opinion,social,writing9.com,D-auto,378,6.5,8.0,7.5,8.0,7.5,-1.5,inferred-v1,8.0,9.0,9.0,9.0,-1.5,-1.0,-1.5,-1.0,0.636,0.793,0.0291,3.97,2.12,0
B9-OP-003,9.0,opinion,globalization-work,ielts-blog.com,C-blog,318,5.5,8.0,7.0,6.0,6.5,-2.5,inferred-v1,8.5,9.0,9.0,8.5,-3.0,-1.0,-2.0,-2.5,0.615,0.787,0.0283,3.77,0.94,0
B9-OP-004,9.0,opinion,social,ielts-blog.com,C-blog,275,6.5,8.0,7.0,7.5,7.5,-1.5,inferred-v1,8.5,9.0,9.0,9.0,-2.0,-1.0,-2.0,-1.5,0.667,0.726,0.0218,1.09,3.27,0
B9-OP-005,9.0,opinion,health,ieltswritingcorrectionservice.com,A-examiner,285,4.5,7.0,7.0,6.0,6.0,-3.0,official,9.0,9.0,9.0,9.0,-4.5,-2.0,-2.0,-3.0,0.393,0.831,0.0667,2.46,1.05,0
B9-OP-006,9.0,opinion,social,writing9.com,D-auto,351,6.5,8.0,6.5,7.5,7.0,-2.0,inferred-v1,8.5,9.0,8.5,9.0,-2.0,-1.0,-2.0,-1.5,0.444,0.88,0.0712,2.28,2.28,0
B9-OP-007,9.0,opinion,education,ielts-blog.com,C-blog,319,7.0,8.0,8.0,7.5,7.5,-1.5,inferred-v1,8.5,9.0,9.0,9.0,-1.5,-1.0,-1.0,-1.5,0.8,0.665,0.0188,1.57,4.7,0
B9-OP-008,9.0,opinion,globalization-work,cdieltsprep.com,B-teacher,309,7.0,7.5,6.5,7.5,7.0,-2.0,inferred-v1,9.0,9.0,8.5,9.0,-2.0,-1.5,-2.0,-1.5,0.533,0.862,0.0388,5.5,1.94,0
B9-OP-009,9.0,opinion,social,ielts-blog.com,C-blog,304,6.5,7.5,7.0,6.0,7.0,-2.0,inferred-v1,9.0,9.0,9.0,8.5,-2.5,-1.5,-2.0,-2.5,0.7,0.683,0.0263,2.96,2.3,0
B9-OP-010,9.0,opinion,globalization-work,writing9.com,D-auto,278,7.5,9.0,9.0,8.0,8.5,-0.5,inferred-v1,8.5,9.0,9.0,8.5,-1.0,0.0,0.0,-0.5,0.56,0.741,0.0108,3.6,2.52,0
B9-OP-011,9.0,opinion,globalization-work,ielts-blog.com,C-blog,356,6.0,8.0,8.0,7.5,7.5,-1.5,inferred-v1,8.0,9.0,9.0,9.0,-2.0,-1.0,-1.0,-1.5,0.714,0.647,0.0084,1.97,2.25,0
B9-OP-012,9.0,opinion,social,writing9.com,D-auto,265,7.0,8.0,8.0,8.0,8.0,-1.0,inferred-v1,8.5,9.0,9.0,9.0,-1.5,-1.0,-1.0,-1.0,0.818,0.806,0.0113,3.02,3.02,0
B9-OP-013,9.0,opinion,government,ielts-blog.com,C-blog,291,6.5,8.0,6.5,7.5,7.0,-2.0,inferred-v1,8.5,9.0,8.5,9.0,-2.0,-1.0,-2.0,-1.5,0.7,0.74,0.0206,2.06,1.72,0
B9-OP-014,9.0,opinion,government,cdieltsprep.com,B-teacher,314,6.5,8.0,7.0,7.0,7.0,-2.0,inferred-v1,8.5,9.0,9.0,9.0,-2.0,-1.0,-2.0,-2.0,0.474,0.858,0.0382,5.41,0.96,0
B9-OP-015,9.0,opinion,health,ielts-blog.com,C-blog,276,6.0,8.0,7.5,8.0,7.5,-1.5,inferred-v1,8.0,9.0,9.0,9.0,-2.0,-1.0,-1.5,-1.0,0.9,0.765,0.0399,4.35,2.9,0
B9-OP-016,9.0,opinion,globalization-work,writing9.com,D-auto,280,7.5,9.0,8.0,7.5,8.0,-1.0,inferred-v1,8.5,9.0,9.0,8.5,-1.0,0.0,-1.0,-1.0,0.714,0.81,0.0357,5.71,4.64,0
B9-OP-017,9.0,opinion,social,ielts-blog.com,C-blog,287,6.0,8.0,7.5,9.0,7.5,-1.5,inferred-v1,8.0,9.0,9.0,9.0,-2.0,-1.0,-1.5,0.0,0.545,0.752,0.0139,2.79,3.48,0
B9-OP-019,9.0,opinion,education,ielts-blog.com,C-blog,322,5.5,8.0,7.0,7.5,7.0,-2.0,inferred-v1,8.0,9.0,9.0,9.0,-2.5,-1.0,-2.0,-1.5,0.444,0.677,0.0093,1.55,2.17,0
B9-OP-020,9.0,opinion,health,writing9.com,D-auto,282,7.0,9.0,9.0,8.0,8.5,-0.5,inferred-v1,8.0,9.0,9.0,9.0,-1.0,0.0,0.0,-1.0,0.727,0.786,0.0177,2.13,3.19,0
B9-OP-022,9.0,opinion,education,ielts-blog.com,C-blog,315,7.0,9.0,8.0,6.5,7.5,-1.5,inferred-v1,8.5,9.0,9.0,8.5,-1.5,0.0,-1.0,-2.0,1.0,0.601,0.0127,1.9,3.17,0
B9-OP-023,9.0,opinion,globalization-work,writing9.com,D-auto,266,7.0,8.0,9.0,9.0,8.5,-0.5,inferred-v1,8.0,9.0,9.0,9.0,-1.0,-1.0,0.0,0.0,0.6,0.82,0.0113,3.01,3.38,0
B9-OP-024,9.0,opinion,technology,ielts-blog.com,C-blog,301,6.5,9.0,8.0,9.0,8.0,-1.0,inferred-v1,8.0,9.0,9.0,9.0,-1.5,0.0,-1.0,0.0,0.769,0.718,0.0066,3.32,1.66,0
B9-OP-025,9.0,opinion,globalization-work,writing9.com,D-auto,312,6.0,9.0,7.0,8.0,7.5,-1.5,inferred-v1,8.5,9.0,8.5,9.0,-2.5,0.0,-1.5,-1.0,0.5,0.867,0.0481,2.56,2.88,0
B9-OP-026,9.0,opinion,education,ielts-blog.com,C-blog,303,7.5,8.0,7.5,9.0,8.0,-1.0,inferred-v1,8.5,9.0,8.5,9.0,-1.0,-1.0,-1.0,0.0,0.7,0.744,0.0099,3.63,2.31,0
B9-OP-028,9.0,opinion,health,ielts-blog.com,C-blog,333,7.5,8.0,6.5,6.5,7.0,-2.0,inferred-v1,9.0,9.0,8.5,8.5,-1.5,-1.0,-2.0,-2.0,0.75,0.661,0.024,2.7,2.1,0
B9-OP-029,9.0,opinion,globalization-work,writing9.com,D-auto,294,6.5,9.0,8.0,8.0,8.0,-1.0,inferred-v1,8.0,9.0,9.0,9.0,-1.5,0.0,-1.0,-1.0,0.562,0.839,0.0272,3.4,4.08,0
B9-OP-030,9.0,adv-disadv,education,ielts-blog.com,C-blog,350,7.0,8.0,8.0,8.0,8.0,-1.0,inferred-v1,8.5,9.0,9.0,9.0,-1.5,-1.0,-1.0,-1.0,1.0,0.656,0.0114,2.57,5.43,0
B9-OP-032,9.0,opinion,government,ielts-blog.com,C-blog,254,6.5,7.5,7.0,7.5,7.0,-2.0,inferred-v1,8.5,9.0,9.0,9.0,-2.0,-1.5,-2.0,-1.5,0.5,0.752,0.0157,3.54,2.76,0
B9-OP-033,9.0,opinion,social,writing9.com,D-auto,309,6.5,9.0,8.0,7.0,7.5,-1.5,inferred-v1,8.5,9.0,9.0,8.5,-2.0,0.0,-1.0,-1.5,0.667,0.878,0.0356,1.94,2.59,0
B9-OP-036,9.0,opinion,social,ielts-blog.com,C-blog,309,7.0,9.0,7.5,8.0,8.0,-1.0,inferred-v1,8.5,9.0,8.5,9.0,-1.5,0.0,-1.0,-1.0,1.0,0.73,0.0032,3.88,3.24,0
B9-OP-037,9.0,opinion,social,ielts-blog.com,C-blog,338,6.0,7.5,7.0,6.0,6.5,-2.5,inferred-v1,8.5,9.0,9.0,8.5,-2.5,-1.5,-2.0,-2.5,0.75,0.75,0.0178,4.44,1.48,0
B9-OP-038,9.0,opinion,culture,ielts-blog.com,C-blog,274,7.0,9.0,7.0,8.0,8.0,-1.0,inferred-v1,8.5,9.0,8.5,9.0,-1.5,0.0,-1.5,-1.0,0.846,0.72,0.0365,3.65,2.55,0
B9-OP-040,9.0,opinion,culture,ielts-blog.com,C-blog,340,6.0,9.0,7.5,8.0,7.5,-1.5,inferred-v1,8.0,9.0,9.0,9.0,-2.0,0.0,-1.5,-1.0,0.571,0.708,0.0059,1.76,3.24,0
B9-OP-042,9.0,opinion,social,ielts-blog.com,C-blog,364,7.0,8.0,7.0,7.5,7.5,-1.5,inferred-v1,8.5,9.0,8.5,9.0,-1.5,-1.0,-1.5,-1.5,0.714,0.669,0.0549,5.77,2.2,0
B9-OP-045,9.0,opinion,government,cdieltsprep.com,B-teacher,304,6.0,7.5,6.5,7.5,7.0,-2.0,inferred-v1,8.5,9.0,8.5,9.0,-2.5,-1.5,-2.0,-1.5,0.368,0.871,0.0757,4.28,0.66,0
B9-OP-046,9.0,opinion,social,writing9.com,D-auto,341,6.5,8.0,8.0,9.0,8.0,-1.0,inferred-v1,8.0,9.0,9.0,9.0,-1.5,-1.0,-1.0,0.0,0.583,0.775,0.0147,3.23,4.69,1
B9-OP-047,9.0,opinion,media,ielts-blog.com,C-blog,260,6.0,8.0,8.0,8.0,7.5,-1.5,inferred-v1,8.0,9.0,9.0,9.0,-2.0,-1.0,-1.0,-1.0,0.6,0.806,0.0038,2.69,1.54,0
B9-OP-048,9.0,opinion,social,writing9.com,D-auto,350,5.5,8.0,7.5,7.5,7.0,-2.0,inferred-v1,8.0,9.0,9.0,9.0,-2.5,-1.0,-1.5,-1.5,0.438,0.85,0.0486,3.43,3.43,0
B9-OP-049,9.0,opinion,globalization-work,ielts-blog.com,C-blog,302,7.0,8.0,7.5,6.5,7.5,-1.5,inferred-v1,9.0,9.0,9.0,8.5,-2.0,-1.0,-1.5,-2.0,0.889,0.727,0.0066,2.98,1.32,0
B9-OP-050,9.0,opinion,health,writing9.com,D-auto,358,7.5,8.0,6.5,6.0,7.0,-2.0,inferred-v1,9.0,9.0,8.5,8.5,-1.5,-1.0,-2.0,-2.5,0.522,0.809,0.0363,4.47,3.07,0
B9-OP-051,9.0,opinion,education,ielts-blog.com,C-blog,372,7.0,8.0,7.5,8.0,7.5,-1.5,inferred-v1,8.5,9.0,9.0,9.0,-1.5,-1.0,-1.5,-1.0,0.692,0.699,0.0134,2.42,2.15,0
B9-OP-052,9.0,opinion,education,writing9.com,D-auto,270,5.5,7.5,7.0,7.5,7.0,-2.0,inferred-v1,8.0,9.0,9.0,9.0,-2.5,-1.5,-2.0,-1.5,0.467,0.812,0.0519,0.74,2.96,0
B9-OP-053,9.0,opinion,education,ielts-blog.com,C-blog,322,7.0,8.0,7.5,8.0,7.5,-1.5,inferred-v1,8.5,9.0,9.0,9.0,-1.5,-1.0,-1.5,-1.0,1.0,0.688,0.028,4.04,3.73,0
B9-OP-054,9.0,opinion,technology,ielts-blog.com,C-blog,349,7.0,8.0,7.0,7.5,7.5,-1.5,inferred-v1,8.5,9.0,8.5,9.0,-1.5,-1.0,-1.5,-1.5,0.583,0.549,0.0258,4.01,2.58,0
B9-OP-055,9.0,opinion,education,writing9.com,D-auto,310,7.0,7.5,8.0,8.0,7.5,-1.5,inferred-v1,8.5,9.0,9.0,9.0,-1.5,-1.5,-1.0,-1.0,0.647,0.804,0.0194,3.55,4.19,1
B9-OP-057,9.0,opinion,education,ielts-blog.com,C-blog,340,7.5,8.0,8.0,9.0,8.0,-1.0,inferred-v1,8.5,9.0,9.0,9.0,-1.0,-1.0,-1.0,0.0,0.889,0.561,0.0059,2.06,2.65,0
B9-OP-058,9.0,opinion,environment,writing9.com,D-auto,268,6.5,9.0,8.0,8.0,8.0,-1.0,inferred-v1,8.0,9.0,9.0,9.0,-1.5,0.0,-1.0,-1.0,0.611,0.793,0.0187,3.73,1.87,0
B9-OP-059,9.0,opinion,health,ielts-blog.com,C-blog,363,7.5,9.0,8.0,7.5,8.0,-1.0,inferred-v1,8.5,9.0,9.0,8.5,-1.0,0.0,-1.0,-1.0,0.857,0.621,0.0165,1.65,3.03,0
B9-OP-060,9.0,opinion,media,cdieltsprep.com,B-teacher,325,6.5,8.0,6.0,7.0,7.0,-2.0,inferred-v1,8.5,9.0,8.5,9.0,-2.0,-1.0,-2.5,-2.0,0.545,0.824,0.0523,4.31,1.23,0
B9-OP-062,9.0,opinion,crime,ielts-blog.com,C-blog,332,7.0,9.0,7.5,8.0,8.0,-1.0,inferred-v1,8.5,9.0,8.5,9.0,-1.5,0.0,-1.0,-1.0,0.8,0.676,0.0331,3.01,4.52,0
B9-OP-063,9.0,opinion,globalization-work,writing9.com,D-auto,265,7.0,9.0,9.0,8.0,8.5,-0.5,inferred-v1,8.0,9.0,9.0,9.0,-1.0,0.0,0.0,-1.0,0.611,0.826,0.0151,3.02,3.77,0
B9-OP-064,9.0,opinion,social,ielts-blog.com,C-blog,347,5.5,8.0,7.0,8.0,7.0,-2.0,inferred-v1,8.0,9.0,9.0,9.0,-2.5,-1.0,-2.0,-1.0,0.286,0.727,0.0173,3.17,2.02,0
B9-OP-065,9.0,opinion,social,writing9.com,D-auto,289,6.0,8.0,7.5,7.5,7.5,-1.5,inferred-v1,8.0,9.0,9.0,9.0,-2.0,-1.0,-1.5,-1.5,0.6,0.811,0.0346,1.73,3.11,0
B9-OP-066,9.0,opinion,education,ielts-blog.com,C-blog,295,6.0,8.0,7.5,9.0,7.5,-1.5,inferred-v1,8.0,9.0,9.0,9.0,-2.0,-1.0,-1.5,0.0,0.5,0.691,0.0068,4.41,3.05,0
B9-OP-067,9.0,opinion,technology,writing9.com,D-auto,289,6.0,9.0,7.5,8.0,7.5,-1.5,inferred-v1,8.0,9.0,9.0,9.0,-2.0,0.0,-1.5,-1.0,0.478,0.819,0.0554,3.11,2.77,0
B9-OP-068,9.0,opinion,education,cdieltsprep.com,B-teacher,321,5.0,8.0,7.0,6.0,6.5,-2.5,inferred-v1,8.5,9.0,9.0,8.5,-3.5,-1.0,-2.0,-2.5,0.333,0.88,0.0654,3.43,0.93,0
B9-OP-069,9.0,opinion,education,writing9.com,D-auto,262,6.0,8.0,7.5,9.0,7.5,-1.5,inferred-v1,8.0,9.0,9.0,9.0,-2.0,-1.0,-1.5,0.0,0.562,0.861,0.0115,2.67,4.2,1
B9-OP-070,9.0,opinion,crime,cdieltsprep.com,B-teacher,331,5.0,8.0,6.5,7.5,7.0,-2.0,inferred-v1,8.0,9.0,9.0,9.0,-3.0,-1.0,-2.5,-1.5,0.353,0.851,0.0363,3.93,2.11,0
B9-OP-071,9.0,opinion,social,writing9.com,D-auto,275,6.5,9.0,7.5,7.5,7.5,-1.5,inferred-v1,8.0,9.0,9.0,9.0,-1.5,0.0,-1.5,-1.5,0.556,0.769,0.0255,3.64,3.64,0
B9-OP-072,9.0,opinion,media,ielts-blog.com,C-blog,316,6.5,8.0,7.0,7.5,7.5,-1.5,inferred-v1,8.5,9.0,9.0,9.0,-2.0,-1.0,-2.0,-1.5,0.857,0.704,0.0222,4.11,2.22,0
B9-OP-074,9.0,opinion,social,ielts-blog.com,C-blog,289,6.5,8.0,7.5,8.0,7.5,-1.5,inferred-v1,8.0,9.0,9.0,9.0,-1.5,-1.0,-1.5,-1.0,0.778,0.638,0.0104,2.42,2.42,0
B9-OP-075,9.0,opinion,environment,cdieltsprep.com,B-teacher,315,5.5,8.0,7.0,7.5,7.0,-2.0,inferred-v1,8.0,9.0,9.0,9.0,-2.5,-1.0,-2.0,-1.5,0.421,0.889,0.0508,4.76,1.27,0
B9-OP-077,9.0,opinion,globalization-work,ielts-blog.com,C-blog,379,6.5,8.0,8.0,8.0,7.5,-1.5,inferred-v1,8.0,9.0,9.0,9.0,-1.5,-1.0,-1.0,-1.0,0.5,0.712,0.0079,3.17,2.64,0
B9-OP-078,9.0,opinion,social,cdieltsprep.com,B-teacher,337,5.5,8.0,7.0,7.0,7.0,-2.0,inferred-v1,8.0,9.0,9.0,9.0,-2.5,-1.0,-2.0,-2.0,0.385,0.87,0.0653,4.45,0.59,0
B9-OP-079,9.0,opinion,environment,writing9.com,D-auto,372,7.0,7.5,7.5,6.0,7.0,-2.0,inferred-v1,9.0,9.0,9.0,8.0,-2.0,-1.5,-1.5,-2.0,0.565,0.755,0.0188,4.84,1.88,0
B9-OP-081,9.0,opinion,globalization-work,ielts-blog.com,C-blog,301,6.0,9.0,7.5,7.5,7.5,-1.5,inferred-v1,8.0,9.0,9.0,9.0,-2.0,0.0,-1.5,-1.5,0.444,0.75,0.0233,1.99,2.66,0
B9-OP-082,9.0,opinion,media,cdieltsprep.com,B-teacher,325,5.0,8.0,6.5,7.0,6.5,-2.5,inferred-v1,8.0,9.0,9.0,9.0,-3.0,-1.0,-2.5,-2.0,0.273,0.919,0.0523,3.08,2.15,0
B9-OP-083,9.0,opinion,social,ielts-blog.com,C-blog,335,6.5,8.0,6.5,7.0,7.0,-2.0,inferred-v1,8.5,9.0,8.5,9.0,-2.0,-1.0,-2.0,-2.0,0.875,0.675,0.0388,5.07,0.3,0
B9-OP-084,9.0,opinion,technology,cdieltsprep.com,B-teacher,334,5.5,8.0,6.5,7.0,7.0,-2.0,inferred-v1,8.0,9.0,9.0,9.0,-2.5,-1.0,-2.5,-2.0,0.364,0.894,0.0539,5.39,2.69,0
B9-OP-085,9.0,opinion,globalization-work,writing9.com,D-auto,279,7.0,9.0,7.5,6.5,7.5,-1.5,inferred-v1,8.5,9.0,9.0,8.5,-1.5,0.0,-1.5,-2.0,0.429,0.946,0.0394,4.66,4.3,0
B9-OP-086,9.0,opinion,environment,writing9.com,D-auto,259,7.0,9.0,7.5,7.5,8.0,-1.0,inferred-v1,8.5,9.0,9.0,9.0,-1.5,0.0,-1.5,-1.5,0.429,0.937,0.0154,1.93,2.7,0
B9-OP-087,9.0,opinion,technology,writing9.com,D-auto,340,6.0,9.0,8.0,7.5,7.5,-1.5,inferred-v1,8.0,9.0,9.0,9.0,-2.0,0.0,-1.0,-1.5,0.6,0.739,0.0382,1.18,2.94,0
B9-OP-088,9.0,opinion,social,writing9.com,D-auto,267,5.5,9.0,7.0,9.0,7.5,-1.5,inferred-v1,8.5,9.0,8.5,9.0,-3.0,0.0,-1.5,0.0,0.409,0.812,0.0112,2.62,3.75,1
B9-OP-089,9.0,opinion,culture,writing9.com,D-auto,324,6.0,7.5,7.5,6.5,7.0,-2.0,inferred-v1,8.5,9.0,9.0,8.5,-2.5,-1.5,-1.5,-2.0,0.6,0.838,0.0401,3.4,3.4,0
B9-OP-091,9.0,opinion,crime,writing9.com,D-auto,291,5.5,8.0,7.0,6.0,6.5,-2.5,inferred-v1,8.5,9.0,9.0,8.5,-3.0,-1.0,-2.0,-2.5,0.25,0.83,0.0241,3.44,2.06,0
B9-OP-092,9.0,opinion,health,writing9.com,D-auto,276,7.0,9.0,7.5,9.0,8.0,-1.0,inferred-v1,8.5,9.0,8.5,9.0,-1.5,0.0,-1.0,0.0,0.667,0.776,0.0109,4.35,4.71,1
B9-OP-093,9.0,opinion,health,writing9.com,D-auto,333,7.5,8.0,7.0,8.0,7.5,-1.5,inferred-v1,9.0,9.0,8.5,9.0,-1.5,-1.0,-1.5,-1.0,0.7,0.872,0.048,2.4,3.9,0
B9-OP-095,9.0,opinion,culture,writing9.com,D-auto,261,7.5,8.0,7.0,8.0,7.5,-1.5,inferred-v1,9.0,9.0,8.5,9.0,-1.5,-1.0,-1.5,-1.0,0.467,0.881,0.0728,3.45,4.21,0
B9-OP-096,9.0,opinion,education,writing9.com,D-auto,273,6.5,9.0,7.0,8.0,7.5,-1.5,inferred-v1,8.5,9.0,8.5,9.0,-2.0,0.0,-1.5,-1.0,0.692,0.922,0.0403,2.56,3.3,1
B9-OP-097,9.0,opinion,environment,writing9.com,D-auto,312,7.5,9.0,7.5,8.0,8.0,-1.0,inferred-v1,8.5,9.0,8.5,9.0,-1.0,0.0,-1.0,-1.0,0.778,0.76,0.0449,2.56,2.56,0
B9-OP-099,9.0,opinion,social,writing9.com,D-auto,286,7.0,8.0,8.0,8.0,8.0,-1.0,inferred-v1,8.5,9.0,9.0,9.0,-1.5,-1.0,-1.0,-1.0,0.556,0.819,0.0315,2.8,4.9,0
B9-OP-100,9.0,opinion,education,writing9.com,D-auto,319,6.5,8.0,7.5,8.0,7.5,-1.5,inferred-v1,8.0,9.0,9.0,9.0,-1.5,-1.0,-1.5,-1.0,0.538,0.811,0.0282,3.13,2.51,0
B9-OP-102,9.0,opinion,technology,writing9.com,D-auto,368,6.0,8.0,7.0,6.5,7.0,-2.0,inferred-v1,8.5,9.0,9.0,8.5,-2.5,-1.0,-2.0,-2.0,0.5,0.766,0.0489,3.53,2.17,1
B9-OP-103,9.0,opinion,crime,writing9.com,D-auto,385,5.5,9.0,7.5,7.5,7.5,-1.5,inferred-v1,8.0,9.0,9.0,9.0,-2.5,0.0,-1.5,-1.5,0.357,0.751,0.039,1.3,3.38,0
B9-OP-104,9.0,opinion,technology,writing9.com,D-auto,295,5.5,8.0,7.5,6.5,7.0,-2.0,inferred-v1,8.5,9.0,9.0,8.5,-3.0,-1.0,-1.5,-2.0,0.364,0.868,0.0407,2.03,3.39,0
B9-OP-105,9.0,opinion,education,writing9.com,D-auto,315,7.0,8.0,7.5,9.0,8.0,-1.0,inferred-v1,8.5,9.0,8.5,9.0,-1.5,-1.0,-1.0,0.0,0.5,0.685,0.0095,4.44,2.54,1
B9-OP-106,9.0,opinion,technology,writing9.com,D-auto,373,6.0,8.0,7.0,6.5,7.0,-2.0,inferred-v1,8.5,9.0,9.0,8.5,-2.5,-1.0,-2.0,-2.0,0.429,0.764,0.059,2.41,2.41,0
B9-OP-109,9.0,opinion,globalization-work,writing9.com,D-auto,294,7.5,9.0,8.0,6.0,7.5,-1.5,inferred-v1,9.0,9.0,9.0,8.0,-1.5,0.0,-1.0,-2.0,0.647,0.798,0.0476,1.7,2.72,0
B9-OP-110,9.0,opinion,technology,writing9.com,D-auto,263,5.5,8.0,6.5,7.0,7.0,-2.0,inferred-v1,8.0,9.0,9.0,9.0,-2.5,-1.0,-2.5,-2.0,0.333,0.84,0.0875,1.14,2.66,0
B9-REP-001,9.0,report,technology,writing9.com,D-auto,253,7.0,8.0,8.0,7.0,7.5,-1.5,inferred-v1,8.5,9.0,9.0,8.5,-1.5,-1.0,-1.0,-1.5,0.632,0.727,0.0158,1.58,3.56,0
B9-REP-002,9.0,report,crime,cdieltsprep.com,B-teacher,334,5.0,7.5,6.5,5.5,6.0,-3.0,inferred-v1,8.5,9.0,9.0,8.5,-3.5,-1.5,-2.5,-3.0,0.294,0.886,0.0659,3.89,1.2,0
B9-REP-003,9.0,report,social,cdieltsprep.com,B-teacher,363,5.5,8.0,7.0,6.0,6.5,-2.5,inferred-v1,8.5,9.0,9.0,8.5,-3.0,-1.0,-2.0,-2.5,0.556,0.823,0.022,4.96,1.38,0
B9-REP-004,9.0,report,crime,cdieltsprep.com,B-teacher,304,5.5,7.5,7.0,7.5,7.0,-2.0,inferred-v1,8.0,9.0,9.0,9.0,-2.5,-1.5,-2.0,-1.5,0.222,0.911,0.0526,4.28,1.64,0
B9-REP-005,9.0,report,health,writing9.com,D-auto,280,6.5,8.0,8.0,7.5,7.5,-1.5,inferred-v1,8.0,9.0,9.0,9.0,-1.5,-1.0,-1.0,-1.5,0.462,0.772,0.0071,1.43,3.21,0
B9-REP-006,9.0,report,education,cdieltsprep.com,B-teacher,318,5.5,8.0,6.5,7.0,7.0,-2.0,inferred-v1,8.0,9.0,9.0,9.0,-2.5,-1.0,-2.5,-2.0,0.368,0.925,0.0283,3.77,0.63,0
B9-REP-008,9.0,report,globalization-work,cdieltsprep.com,B-teacher,311,5.5,7.5,7.0,7.0,7.0,-2.0,inferred-v1,8.0,9.0,9.0,9.0,-2.5,-1.5,-2.0,-2.0,0.571,0.85,0.045,3.54,1.93,0
B9-REP-009,9.0,report,social,cdieltsprep.com,B-teacher,302,5.0,8.0,6.5,7.5,7.0,-2.0,inferred-v1,8.0,9.0,9.0,9.0,-3.0,-1.0,-2.5,-1.5,0.4,0.954,0.0397,3.97,1.99,0
B9-REP-010,9.0,report,environment,ielts-blog.com,C-blog,344,7.0,9.0,7.5,7.0,7.5,-1.5,inferred-v1,8.5,9.0,9.0,8.5,-1.5,0.0,-1.5,-1.5,0.714,0.674,0.0058,2.03,1.45,0
B9-REP-012,9.0,report,health,cdieltsprep.com,B-teacher,347,5.5,8.0,7.0,7.0,7.0,-2.0,inferred-v1,8.0,9.0,9.0,9.0,-2.5,-1.0,-2.0,-2.0,0.55,0.867,0.0576,5.19,1.44,0
B9-REP-013,9.0,report,culture,writing9.com,D-auto,312,5.5,9.0,7.5,8.0,7.5,-1.5,inferred-v1,8.0,9.0,9.0,9.0,-2.5,0.0,-1.5,-1.0,0.5,0.896,0.0577,3.53,2.88,0
B9-REP-015,9.0,report,health,cdieltsprep.com,B-teacher,312,6.0,8.0,6.5,7.0,7.0,-2.0,inferred-v1,8.5,9.0,8.5,9.0,-2.5,-1.0,-2.0,-2.0,0.478,0.867,0.0321,5.77,1.6,0
B9-REP-016,9.0,report,health,cdieltsprep.com,B-teacher,331,6.5,7.5,7.0,5.5,6.5,-2.5,inferred-v1,9.0,9.0,9.0,8.0,-2.5,-1.5,-2.0,-2.5,0.818,0.922,0.0574,5.74,1.51,0
B9-REP-018,9.0,report,education,writing9.com,D-auto,309,6.5,7.5,9.0,8.0,8.0,-1.0,inferred-v1,8.0,9.0,9.0,9.0,-1.5,-1.5,0.0,-1.0,0.786,0.769,0.0097,1.29,3.24,0
B9-REP-019,9.0,report,technology,cdieltsprep.com,B-teacher,303,5.5,7.5,7.0,7.0,7.0,-2.0,inferred-v1,8.0,9.0,9.0,9.0,-2.5,-1.5,-2.0,-2.0,0.467,0.877,0.0429,2.64,0.0,0
B9-REP-021,9.0,report,globalization-work,ielts-blog.com,C-blog,261,6.0,8.0,7.0,7.5,7.0,-2.0,inferred-v1,8.0,9.0,9.0,9.0,-2.0,-1.0,-2.0,-1.5,0.5,0.704,0.023,1.15,3.83,0
B9-REP-022,9.0,report,social,writing9.com,D-auto,272,6.5,8.0,9.0,7.5,8.0,-1.0,inferred-v1,8.0,9.0,9.0,9.0,-1.5,-1.0,0.0,-1.5,0.571,0.741,0.011,1.84,3.31,0
B9-REP-023,9.0,report,social,writing9.com,D-auto,294,5.0,8.0,7.0,7.0,7.0,-2.0,inferred-v1,8.0,9.0,9.0,9.0,-3.0,-1.0,-2.0,-2.0,0.348,0.816,0.0306,1.36,1.7,0
B9-REP-024,9.0,report,education,writing9.com,D-auto,301,6.5,7.5,9.0,8.0,8.0,-1.0,inferred-v1,8.0,9.0,9.0,9.0,-1.5,-1.5,0.0,-1.0,0.786,0.804,0.01,1.33,3.32,0
B9-REP-025,9.0,report,social,writing9.com,D-auto,360,6.5,9.0,8.0,6.0,7.5,-1.5,inferred-v1,8.5,9.0,9.0,8.5,-2.0,0.0,-1.0,-2.5,0.667,0.833,0.0833,2.78,3.33,0
B9-TQ-002,9.0,two-part,environment,cdieltsprep.com,B-teacher,299,5.0,7.5,6.5,7.0,6.5,-2.5,inferred-v1,8.0,9.0,9.0,9.0,-3.0,-1.5,-2.5,-2.0,0.222,0.885,0.0468,4.01,0.33,0
B9-TQ-003,9.0,two-part,crime,writing9.com,D-auto,368,7.5,9.0,8.0,6.5,8.0,-1.0,inferred-v1,9.0,9.0,9.0,8.0,-1.5,0.0,-1.0,-1.5,0.36,0.807,0.0163,3.26,3.26,0
B9-TQ-004,9.0,two-part,environment,cdieltsprep.com,B-teacher,308,5.0,7.5,6.5,6.5,6.5,-2.5,inferred-v1,8.0,9.0,9.0,9.0,-3.0,-1.5,-2.5,-2.5,0.278,0.896,0.0714,4.55,1.3,0
B9-TQ-005,9.0,two-part,culture,cdieltsprep.com,B-teacher,368,6.5,8.0,6.5,7.0,7.0,-2.0,inferred-v1,8.5,9.0,8.5,9.0,-2.0,-1.0,-2.0,-2.0,0.471,0.863,0.0679,4.62,2.17,0
B9-TQ-007,9.0,opinion,environment,writing9.com,D-auto,285,6.5,8.0,6.5,7.0,7.0,-2.0,inferred-v1,8.5,9.0,8.5,9.0,-2.0,-1.0,-2.0,-2.0,0.0,0.75,0.0175,1.05,2.11,1
B9-TQ-008,9.0,two-part,social,writing9.com,D-auto,335,6.0,9.0,8.0,7.5,7.5,-1.5,inferred-v1,8.0,9.0,9.0,9.0,-2.0,0.0,-1.0,-1.5,0.562,0.792,0.0299,0.9,1.79,0
