id,band,task_type,topic,source,reliability_tier,word_count,paragraph_count,avg_sentence_length,sentence_len_sd,long_sentence_ratio,simple_ratio,compound_ratio,complex_ratio,subordinate_density,connector_density,connector_variety,mechanical_connector_density,reference_density,reference_chain_max,ttr250,long_word_ratio,awl_ratio,rare_token_ratio,question_keyword_coverage,mechanism_hits,example_hits,implication_count,specific_example_count,proper_noun_count,numeric_count,template_hits,people_count,colloc_density
B6-ADV-001,6.0,adv-disadv,education,writing9.com,D-auto,258,4,19.846153846153847,7.502267901684067,0.23076923076923078,0.38461538461538464,0.0,0.6153846153846154,5.038759689922481,4.651162790697675,5,1.550387596899225,10.465116279069768,6,0.6791044776119403,0.24806201550387597,0.06716417910447761,0.011627906976744186,0.8333333333333334,4,3,0,1,1,0,2,2,1.1627906976744187
B6-ADV-002,6.0,adv-disadv,globalization-work,writing9.com,D-auto,349,5,17.45,5.843586227651646,0.1,0.3,0.05,0.65,4.871060171919771,5.157593123209169,5,1.146131805157593,6.590257879656161,8,0.4918032786885246,0.3438395415472779,0.03278688524590164,0.0,0.8421052631578947,10,4,0,0,0,0,0,0,0.28653295128939826
B6-ADV-003,6.0,adv-disadv,education,ielts-blog.com,C-blog,285,4,16.764705882352942,7.833032706690497,0.17647058823529413,0.7058823529411765,0.058823529411764705,0.23529411764705882,1.7543859649122806,3.8596491228070176,5,2.1052631578947367,8.070175438596491,4,0.678082191780822,0.30526315789473685,0.07534246575342465,0.010526315789473684,0.8235294117647058,1,1,0,0,4,0,0,3,0.7017543859649122
B6-ADV-004,6.0,adv-disadv,social,writing9.com,D-auto,341,4,21.3125,8.585734898656026,0.375,0.3125,0.1875,0.5,3.225806451612903,5.278592375366569,5,0.8797653958944281,8.211143695014663,4,0.6272189349112426,0.21700879765395895,0.0650887573964497,0.008797653958944282,0.631578947368421,7,4,0,2,5,2,2,6,0.5865102639296188
B6-ADV-005,6.0,adv-disadv,technology,writing9.com,D-auto,330,4,19.41176470588235,6.240841039941103,0.11764705882352941,0.5882352941176471,0.11764705882352941,0.29411764705882354,1.8181818181818181,3.6363636363636362,5,1.5151515151515151,6.363636363636363,6,0.7318435754189944,0.3181818181818182,0.0335195530726257,0.03939393939393939,0.4444444444444444,1,3,0,1,3,0,0,4,0.9090909090909091
B6-ADV-006,6.0,adv-disadv,education,writing9.com,D-auto,295,4,21.071428571428573,5.812109104696673,0.2857142857142857,0.42857142857142855,0.14285714285714285,0.42857142857142855,2.711864406779661,3.7288135593220337,5,1.3559322033898304,6.779661016949152,7,0.7581699346405228,0.27796610169491526,0.06535947712418301,0.006779661016949152,0.3448275862068966,0,4,0,3,4,0,0,2,0.0
B6-ADV-007,6.0,two-part,technology,writing9.com,D-auto,243,4,15.1875,3.20582965080804,0.0,0.4375,0.125,0.4375,2.880658436213992,4.11522633744856,5,1.2345679012345678,9.876543209876543,7,0.7575757575757576,0.37448559670781895,0.09090909090909091,0.0205761316872428,0.5,7,2,1,1,1,0,0,0,0.0
B6-ADV-008,6.0,two-part,education,writing9.com,D-auto,318,5,14.454545454545455,4.802719615226287,0.0,0.6818181818181818,0.0,0.3181818181818182,2.5157232704402515,3.7735849056603774,6,1.5723270440251573,6.918238993710692,5,0.7592592592592593,0.31446540880503143,0.09876543209876543,0.0,0.75,3,1,0,1,1,2,1,4,0.0
B6-ADV-009,6.0,adv-disadv,social,writing9.com,D-auto,292,5,16.22222222222222,4.825344611246325,0.0,0.3333333333333333,0.2222222222222222,0.4444444444444444,3.4246575342465753,5.136986301369863,6,1.0273972602739727,7.534246575342466,7,0.6274509803921569,0.2465753424657534,0.032679738562091505,0.0,0.8636363636363636,9,5,0,1,2,0,0,10,0.0
B6-ADV-010,6.0,adv-disadv,health,writing9.com,D-auto,270,6,27,9.412757300600074,0.4,0.2,0.0,0.8,4.444444444444445,2.962962962962963,5,0.7407407407407407,7.777777777777778,8,0.7553956834532374,0.2962962962962963,0.050359712230215826,0.003703703703703704,0.6666666666666666,3,2,0,0,4,0,1,2,0.0
B6-ADV-011,6.0,adv-disadv,culture,writing9.com,D-auto,230,4,15.333333333333334,4.361447262345633,0.0,0.3333333333333333,0.13333333333333333,0.5333333333333333,4.3478260869565215,4.782608695652174,5,0.8695652173913043,13.91304347826087,10,0.7314814814814815,0.2826086956521739,0.06481481481481481,0.0,0.9333333333333333,2,1,0,0,0,0,1,0,0.0
B6-ADV-012,6.0,adv-disadv,technology,writing9.com,D-auto,274,4,13.047619047619047,5.018785571906818,0.0,0.6190476190476191,0.09523809523809523,0.2857142857142857,2.5547445255474455,5.109489051094891,6,2.18978102189781,5.474452554744525,3,0.7086092715231788,0.32116788321167883,0.0728476821192053,0.014598540145985401,0.6129032258064516,2,2,0,0,0,0,0,4,0.36496350364963503
B6-ADV-013,6.0,adv-disadv,globalization-work,writing9.com,D-auto,267,4,20.53846153846154,6.789305896497301,0.38461538461538464,0.3076923076923077,0.07692307692307693,0.6153846153846154,3.3707865168539324,5.617977528089888,4,1.1235955056179776,9.363295880149813,13,0.7121212121212122,0.2808988764044944,0.08333333333333333,0.011235955056179775,0.6470588235294118,9,2,0,0,0,0,0,4,0.0
B6-ADV-014,6.0,adv-disadv,education,writing9.com,D-auto,285,4,23.75,6.139014578904337,0.4166666666666667,0.4166666666666667,0.16666666666666666,0.4166666666666667,3.1578947368421053,3.1578947368421053,3,1.0526315789473684,8.771929824561404,6,0.7902097902097902,0.256140350877193,0.06993006993006994,0.014035087719298246,0.5294117647058824,0,2,0,1,3,0,1,2,0.7017543859649122
B6-ADV-015,6.0,two-part,media,writing9.com,D-auto,326,5,18.11111111111111,6.349880916546466,0.1111111111111111,0.2777777777777778,0.1111111111111111,0.6111111111111112,4.294478527607362,3.6809815950920246,5,0.9202453987730062,10.429447852760736,14,0.6666666666666666,0.38650306748466257,0.09523809523809523,0.006134969325153374,1.0,5,1,0,0,1,0,0,1,0.0
B6-ADV-017,6.0,adv-disadv,social,writing9.com,D-auto,295,4,21.071428571428573,8.03087155663591,0.35714285714285715,0.5714285714285714,0.07142857142857142,0.35714285714285715,1.694915254237288,3.0508474576271185,5,0.3389830508474576,4.745762711864407,3,0.6369426751592356,0.2677966101694915,0.08280254777070063,0.006779661016949152,0.625,4,4,0,0,2,0,0,6,0.0
B6-ADV-018,6.0,two-part,globalization-work,writing9.com,D-auto,258,4,11.217391304347826,4.916312879093618,0.0,0.8695652173913043,0.0,0.13043478260869565,1.1627906976744187,5.813953488372093,5,1.550387596899225,2.3255813953488373,3,0.6330935251798561,0.26744186046511625,0.10071942446043165,0.031007751937984496,0.5833333333333334,7,2,0,0,3,2,0,4,0.0
B6-ADV-019,6.0,adv-disadv,globalization-work,writing9.com,D-auto,427,4,25.11764705882353,9.061115065397509,0.47058823529411764,0.4117647058823529,0.11764705882352941,0.47058823529411764,2.107728337236534,2.107728337236534,4,0.234192037470726,8.19672131147541,13,0.6952380952380952,0.26697892271662765,0.05714285714285714,0.0351288056206089,0.30303030303030304,0,4,0,3,8,0,0,0,0.0
B6-ADV-020,6.0,adv-disadv,social,writing9.com,D-auto,251,4,10.04,5.35522175077746,0.0,0.84,0.0,0.16,1.593625498007968,5.577689243027889,5,1.593625498007968,2.7888446215139444,3,0.5815602836879432,0.23904382470119523,0.10638297872340426,0.0,0.4,7,1,0,0,8,2,0,6,0.0
B6-ADV-021,6.0,adv-disadv,health,writing9.com,D-auto,295,4,17.352941176470587,7.60759045466773,0.11764705882352941,0.35294117647058826,0.23529411764705882,0.4117647058823529,2.3728813559322033,2.711864406779661,4,0.3389830508474576,6.101694915254237,6,0.7025316455696202,0.24745762711864408,0.0759493670886076,0.023728813559322035,0.7222222222222222,3,3,0,0,0,0,0,5,0.3389830508474576
B6-ADV-024,6.0,opinion,media,writing9.com,D-auto,315,5,22.5,5.220153254455275,0.2857142857142857,0.35714285714285715,0.0,0.6428571428571429,3.492063492063492,3.492063492063492,5,0.6349206349206349,5.079365079365079,3,0.7741935483870968,0.3682539682539683,0.10752688172043011,0.012698412698412698,0.782608695652174,1,4,0,2,3,1,0,5,0.0
B6-ADV-026,6.0,two-part,social,writing9.com,D-auto,271,4,15.941176470588236,5.546282148857961,0.058823529411764705,0.4117647058823529,0.17647058823529413,0.4117647058823529,3.321033210332103,4.797047970479705,4,0.36900369003690037,5.904059040590406,7,0.7874015748031497,0.23247232472324722,0.047244094488188976,0.0036900369003690036,1.0,9,3,1,0,0,0,0,3,0.0
B6-ADV-027,6.0,two-part,technology,writing9.com,D-auto,265,4,15.588235294117647,7.348940087878313,0.11764705882352941,0.4117647058823529,0.11764705882352941,0.47058823529411764,4.90566037735849,4.528301886792453,5,2.2641509433962264,16.22641509433962,17,0.7272727272727273,0.21509433962264152,0.05454545454545454,0.03018867924528302,0.3333333333333333,4,2,0,2,5,0,0,1,0.0
B6-ADV-029,6.0,adv-disadv,environment,writing9.com,D-auto,366,4,24.4,5.817215828899595,0.4666666666666667,0.3333333333333333,0.0,0.6666666666666666,3.8251366120218577,3.278688524590164,5,0.546448087431694,6.284153005464481,6,0.7671957671957672,0.3114754098360656,0.10052910052910052,0.0546448087431694,0.6153846153846154,1,2,0,1,4,0,0,3,0.273224043715847
B6-ADV-030,6.0,adv-disadv,globalization-work,writing9.com,D-auto,297,4,21.214285714285715,3.609087170474223,0.14285714285714285,0.6428571428571429,0.0,0.35714285714285715,2.356902356902357,3.7037037037037037,5,0.6734006734006734,5.3872053872053876,6,0.631578947368421,0.4478114478114478,0.09473684210526316,0.0,0.75,5,2,0,0,0,0,0,2,0.6734006734006734
B6-ADV-031,6.0,adv-disadv,globalization-work,writing9.com,D-auto,289,4,19.266666666666666,3.8895872388839523,0.06666666666666667,0.5333333333333333,0.13333333333333333,0.3333333333333333,2.422145328719723,2.7681660899653977,4,1.3840830449826989,4.844290657439446,5,0.7413793103448276,0.34256055363321797,0.06321839080459771,0.0034602076124567475,0.14285714285714285,3,0,0,0,0,0,0,0,0.3460207612456747
B6-ADV-033,6.0,adv-disadv,technology,writing9.com,D-auto,301,4,10.75,4.188632576049475,0.0,0.6785714285714286,0.10714285714285714,0.21428571428571427,1.9933554817275747,4.651162790697675,6,2.6578073089700998,7.308970099667774,3,0.71875,0.26578073089701,0.04375,0.009966777408637873,0.6153846153846154,1,1,1,0,3,0,0,3,0.33222591362126247
B6-ADV-034,6.0,adv-disadv,technology,writing9.com,D-auto,285,4,11.4,4.18568990729127,0.0,0.8,0.08,0.12,1.0526315789473684,5.2631578947368425,5,2.456140350877193,5.2631578947368425,4,0.7532467532467533,0.2912280701754386,0.03896103896103896,0.021052631578947368,0.8,3,4,0,1,3,0,0,6,0.3508771929824561
B6-ADV-035,6.0,two-part,health,writing9.com,D-auto,403,4,25.1875,9.767412336437937,0.3125,0.125,0.375,0.5,2.729528535980149,2.977667493796526,5,0.24813895781637718,7.94044665012407,15,0.7890295358649789,0.2655086848635236,0.046413502109704644,0.02977667493796526,0.5833333333333334,5,3,1,1,1,2,0,4,0.24813895781637718
B6-ADV-036,6.0,adv-disadv,media,writing9.com,D-auto,311,4,25.916666666666668,9.331473028889324,0.4166666666666667,0.3333333333333333,0.08333333333333333,0.5833333333333334,4.501607717041801,3.536977491961415,4,0.9646302250803859,5.144694533762058,4,0.7530120481927711,0.3054662379421222,0.0783132530120482,0.02572347266881029,0.3684210526315789,6,5,0,2,6,0,0,6,0.0
B6-ADV-039,6.0,adv-disadv,globalization-work,writing9.com,D-auto,291,4,22.384615384615383,5.609586047232164,0.3076923076923077,0.6923076923076923,0.0,0.3076923076923077,1.7182130584192439,2.4054982817869415,4,0.0,3.4364261168384878,6,0.8942307692307693,0.6219931271477663,0.09134615384615384,0.13058419243986255,0.15,2,2,0,0,0,0,0,0,0.0
B6-ADV-040,6.0,adv-disadv,technology,writing9.com,D-auto,235,6,11.75,3.7930858150060356,0.0,0.8,0.0,0.2,1.702127659574468,3.8297872340425534,5,0.425531914893617,6.382978723404255,2,0.6260162601626016,0.2127659574468085,0.032520325203252036,0.00851063829787234,0.875,3,2,0,0,0,0,0,8,0.0
B6-ADV-041,6.0,adv-disadv,social,writing9.com,D-auto,314,4,24.153846153846153,11.387213840674743,0.46153846153846156,0.3076923076923077,0.15384615384615385,0.5384615384615384,3.5031847133757963,4.45859872611465,6,1.2738853503184713,9.235668789808917,6,0.6258064516129033,0.20063694267515925,0.05161290322580645,0.01910828025477707,0.6666666666666666,6,3,0,2,8,0,2,3,0.6369426751592356
B6-ADV-042,6.0,adv-disadv,globalization-work,writing9.com,D-auto,398,4,26.533333333333335,10.223284968910706,0.6666666666666666,0.26666666666666666,0.06666666666666667,0.6666666666666666,4.271356783919598,4.773869346733668,5,0.7537688442211056,6.532663316582915,7,0.6666666666666666,0.3592964824120603,0.06060606060606061,0.005025125628140704,0.8125,9,6,0,1,2,0,0,3,1.5075376884422111
B6-DIS-001,6.0,discussion,social,ielts-blog.com,C-blog,252,5,21,5.369667897862337,0.25,0.5833333333333334,0.0,0.4166666666666667,1.9841269841269842,1.1904761904761905,3,0.3968253968253968,4.761904761904762,6,0.823076923076923,0.3134920634920635,0.07692307692307693,0.047619047619047616,0.42105263157894735,1,0,0,0,0,0,0,2,0.3968253968253968
B6-DIS-003,6.0,discussion,education,writing9.com,D-auto,278,4,16.352941176470587,4.337811544608616,0.0,0.47058823529411764,0.11764705882352941,0.4117647058823529,2.5179856115107913,4.316546762589928,5,1.4388489208633093,4.676258992805756,3,0.7857142857142857,0.27697841726618705,0.05844155844155844,0.02158273381294964,0.2727272727272727,2,3,0,2,2,3,0,0,0.0
B6-DIS-005,6.0,discussion,globalization-work,writing9.com,D-auto,267,5,14.833333333333334,3.5784850922639815,0.0,0.4444444444444444,0.0,0.5555555555555556,4.49438202247191,4.49438202247191,5,0.37453183520599254,4.868913857677903,3,0.6,0.2209737827715356,0.014814814814814815,0.003745318352059925,0.5714285714285714,6,2,0,0,0,0,0,5,0.37453183520599254
B6-DIS-007,6.0,discussion,health,writing9.com,D-auto,336,5,19.764705882352942,5.352617960506977,0.11764705882352941,0.29411764705882354,0.17647058823529413,0.5294117647058824,5.059523809523809,4.464285714285714,5,0.8928571428571429,5.059523809523809,5,0.5916230366492147,0.3958333333333333,0.041884816753926704,0.011904761904761904,0.5,5,2,0,0,0,0,0,3,1.7857142857142858
B6-DIS-008,6.0,discussion,globalization-work,writing9.com,D-auto,296,1,19.733333333333334,5.801915392542554,0.06666666666666667,0.26666666666666666,0.2,0.5333333333333333,4.72972972972973,2.364864864864865,4,0.6756756756756757,8.445945945945946,9,0.6894409937888198,0.3141891891891892,0.049689440993788817,0.0033783783783783786,0.4444444444444444,3,4,0,0,0,0,0,1,0.33783783783783783
B6-DIS-009,6.0,discussion,technology,writing9.com,D-auto,246,4,22.363636363636363,4.22702834093188,0.36363636363636365,0.18181818181818182,0.09090909090909091,0.7272727272727273,4.471544715447155,2.032520325203252,4,1.6260162601626016,5.691056910569106,6,0.7792207792207793,0.34552845528455284,0.07792207792207792,0.0,0.4666666666666667,2,0,0,0,0,0,0,0,2.4390243902439024
B6-DIS-010,6.0,discussion,social,writing9.com,D-auto,302,4,20.133333333333333,9.422431863495868,0.2,0.4666666666666667,0.06666666666666667,0.4666666666666667,3.9735099337748343,3.3112582781456954,3,0.33112582781456956,10.596026490066226,12,0.7987804878048781,0.33774834437086093,0.09146341463414634,0.019867549668874173,0.8076923076923077,6,0,0,0,0,0,0,4,0.6622516556291391
B6-DIS-012,6.0,discussion,social,writing9.com,D-auto,295,4,24.583333333333332,9.295682988474931,0.25,0.25,0.16666666666666666,0.5833333333333334,3.389830508474576,4.745762711864407,5,0.6779661016949152,8.474576271186441,6,0.8170731707317073,0.37966101694915255,0.08536585365853659,0.020338983050847456,0.40625,3,4,0,0,0,0,0,1,0.0
B6-DIS-013,6.0,discussion,globalization-work,writing9.com,D-auto,414,4,24.352941176470587,12.333317746802708,0.29411764705882354,0.35294117647058826,0.058823529411764705,0.5882352941176471,5.072463768115942,3.864734299516908,5,0.966183574879227,12.801932367149758,6,0.6912442396313364,0.32367149758454106,0.08294930875576037,0.012077294685990338,0.47368421052631576,7,4,0,1,1,0,0,3,0.4830917874396135
B6-DIS-014,6.0,discussion,social,writing9.com,D-auto,359,4,25.642857142857142,12.074809332166005,0.5,0.14285714285714285,0.21428571428571427,0.6428571428571429,3.6211699164345403,3.3426183844011144,4,0.5571030640668524,8.356545961002785,9,0.7337662337662337,0.2116991643454039,0.07792207792207792,0.019498607242339833,0.3448275862068966,3,8,0,0,0,0,1,0,0.0
B6-DIS-015,6.0,discussion,globalization-work,writing9.com,D-auto,448,5,24.88888888888889,7.294510027631046,0.4444444444444444,0.1111111111111111,0.1111111111111111,0.7777777777777778,4.464285714285714,3.3482142857142856,6,0.22321428571428573,4.910714285714286,8,0.796,0.40401785714285715,0.09433962264150944,0.060267857142857144,0.45454545454545453,0,4,0,1,1,0,1,0,0.0
B6-DIS-016,6.0,discussion,globalization-work,writing9.com,D-auto,259,1,25.9,10.454185764563398,0.4,0.1,0.2,0.7,3.474903474903475,4.633204633204633,5,1.1583011583011582,6.177606177606178,6,0.7611940298507462,0.25868725868725867,0.08208955223880597,0.007722007722007722,0.5454545454545454,2,5,0,0,0,0,0,6,0.0
B6-DIS-017,6.0,discussion,health,writing9.com,D-auto,275,4,19.642857142857142,6.0898879048696415,0.21428571428571427,0.6428571428571429,0.21428571428571427,0.14285714285714285,1.0909090909090908,3.272727272727273,4,1.8181818181818181,8.0,7,0.6538461538461539,0.3090909090909091,0.057692307692307696,0.0036363636363636364,0.4827586206896552,0,3,0,0,0,0,0,1,0.0
B6-DIS-018,6.0,discussion,media,writing9.com,D-auto,369,4,20.5,5.5,0.16666666666666666,0.5,0.0,0.5,2.9810298102981028,2.710027100271003,5,1.084010840108401,6.233062330623306,6,0.7157360406091371,0.31978319783197834,0.05583756345177665,0.018970189701897018,0.6428571428571429,2,3,0,1,3,0,0,3,0.0
B6-DIS-019,6.0,discussion,education,writing9.com,D-auto,276,4,23,6.110100926607787,0.3333333333333333,0.3333333333333333,0.16666666666666666,0.5,2.536231884057971,1.8115942028985508,3,0.7246376811594203,9.057971014492754,11,0.7063492063492064,0.2391304347826087,0.047619047619047616,0.014492753623188406,0.5882352941176471,1,4,0,0,0,0,0,0,0.0
B6-DIS-022,6.0,discussion,technology,writing9.com,D-auto,257,4,14.277777777777779,4.2531760100940454,0.0,0.6666666666666666,0.0,0.3333333333333333,3.8910505836575875,4.669260700389105,5,1.556420233463035,6.22568093385214,4,0.7197452229299363,0.33852140077821014,0.025477707006369428,0.0,0.5652173913043478,3,3,0,0,0,0,0,4,1.1673151750972763
B6-DIS-023,6.0,discussion,social,writing9.com,D-auto,245,4,27.22222222222222,4.365973934308555,0.5555555555555556,0.0,0.0,1.0,4.8979591836734695,2.857142857142857,4,1.6326530612244898,3.673469387755102,7,0.7727272727272727,0.40408163265306124,0.05844155844155844,0.02857142857142857,0.42857142857142855,1,0,0,0,0,0,1,1,0.0
B6-DIS-024,6.0,discussion,social,writing9.com,D-auto,269,4,16.8125,4.585558172131284,0.0625,0.5625,0.0625,0.375,2.973977695167286,4.4609665427509295,5,1.1152416356877324,5.947955390334572,5,0.7480916030534351,0.20446096654275092,0.03816793893129771,0.03345724907063197,0.55,5,2,0,2,4,0,0,4,0.0
B6-DIS-025,6.0,discussion,media,writing9.com,D-auto,302,4,18.875,6.881814804250402,0.125,0.4375,0.0625,0.5,3.9735099337748343,4.304635761589404,5,1.3245033112582782,5.629139072847682,6,0.7225433526011561,0.3741721854304636,0.08092485549132948,0.019867549668874173,0.47058823529411764,3,2,0,1,7,1,0,4,0.0
B6-DIS-026,6.0,discussion,social,writing9.com,D-auto,263,4,13.842105263157896,3.5579881644538043,0.0,0.5263157894736842,0.0,0.47368421052631576,4.942965779467681,4.942965779467681,5,0.38022813688212925,8.745247148288973,4,0.6971830985915493,0.35361216730038025,0.06338028169014084,0.0076045627376425855,0.8571428571428571,5,2,0,0,0,0,1,2,0.0
B6-DIS-027,6.0,discussion,government,writing9.com,D-auto,276,4,18.4,7.508217720160579,0.2,0.7333333333333333,0.0,0.26666666666666666,1.4492753623188406,4.3478260869565215,5,1.0869565217391304,1.8115942028985508,1,0.5789473684210527,0.2753623188405797,0.07894736842105263,0.0036231884057971015,0.8333333333333334,5,3,1,1,1,0,0,3,3.9855072463768115
B6-DIS-028,6.0,discussion,education,writing9.com,D-auto,276,1,27.6,12.167168939404105,0.5,0.2,0.1,0.7,4.3478260869565215,3.9855072463768115,5,1.4492753623188406,12.318840579710145,6,0.8582089552238806,0.26811594202898553,0.08955223880597014,0.007246376811594203,0.7391304347826086,1,3,1,1,2,0,0,0,0.0
B6-DIS-029,6.0,discussion,education,writing9.com,D-auto,284,4,20.285714285714285,11.27214373975935,0.21428571428571427,0.2857142857142857,0.07142857142857142,0.6428571428571429,5.633802816901408,3.8732394366197185,5,0.352112676056338,6.690140845070423,4,0.6982248520710059,0.3732394366197183,0.08284023668639054,0.0035211267605633804,0.29411764705882354,4,1,0,0,3,0,1,2,3.5211267605633805
B6-DIS-030,6.0,discussion,culture,writing9.com,D-auto,253,4,16.866666666666667,3.844765561412324,0.0,0.5333333333333333,0.06666666666666667,0.4,4.3478260869565215,4.3478260869565215,5,1.5810276679841897,8.300395256916996,9,0.6231884057971014,0.33201581027667987,0.050724637681159424,0.003952569169960474,0.7222222222222222,4,2,0,0,0,0,0,6,0.7905138339920948
B6-DIS-031,6.0,discussion,social,writing9.com,D-auto,251,4,17.928571428571427,7.333526589908702,0.21428571428571427,0.2857142857142857,0.21428571428571427,0.5,3.187250996015936,3.585657370517928,5,0.398406374501992,5.179282868525896,3,0.7702702702702703,0.30677290836653387,0.05405405405405406,0.01195219123505976,0.48,3,3,0,0,0,0,0,6,1.1952191235059761
B6-DIS-033,6.0,discussion,education,writing9.com,D-auto,231,4,25.666666666666668,6.928203230275509,0.5555555555555556,0.1111111111111111,0.1111111111111111,0.7777777777777778,5.194805194805195,3.896103896103896,5,0.4329004329004329,10.38961038961039,9,0.6440677966101694,0.3116883116883117,0.07627118644067797,0.0,0.7272727272727273,4,1,0,0,0,0,0,2,0.0
B6-DIS-036,6.0,discussion,globalization-work,writing9.com,D-auto,332,1,27.666666666666668,5.807083796728115,0.5833333333333334,0.08333333333333333,0.0,0.9166666666666666,5.72289156626506,3.3132530120481927,4,0.6024096385542169,9.337349397590362,12,0.64,0.3192771084337349,0.06285714285714286,0.006024096385542169,0.15,7,3,0,0,0,0,0,1,0.0
B6-DIS-037,6.0,discussion,education,writing9.com,D-auto,271,4,20.846153846153847,3.8399950690303646,0.15384615384615385,0.23076923076923078,0.07692307692307693,0.6923076923076923,4.797047970479705,3.321033210332103,5,1.4760147601476015,4.428044280442805,4,0.8212290502793296,0.4870848708487085,0.1452513966480447,0.025830258302583026,0.5625,3,2,0,0,0,0,2,0,0.7380073800738007
B6-DIS-038,6.0,discussion,media,writing9.com,D-auto,259,4,14.38888888888889,4.7742234841430715,0.05555555555555555,0.7222222222222222,0.05555555555555555,0.2222222222222222,1.5444015444015444,3.088803088803089,4,1.1583011583011582,3.861003861003861,3,0.6503496503496503,0.17374517374517376,0.03496503496503497,0.0,0.875,2,2,0,0,0,0,0,9,0.0
B6-DIS-039,6.0,discussion,government,writing9.com,D-auto,425,5,19.318181818181817,7.150247062714074,0.13636363636363635,0.5454545454545454,0.09090909090909091,0.36363636363636365,2.1176470588235294,4.0,5,1.1764705882352942,5.647058823529412,4,0.8099547511312217,0.31058823529411766,0.07239819004524888,0.018823529411764704,0.5217391304347826,6,1,0,0,6,0,2,0,0.23529411764705882
B6-DIS-040,6.0,discussion,globalization-work,writing9.com,D-auto,262,4,26.2,9.019977827023745,0.5,0.3,0.0,0.7,3.053435114503817,4.580152671755725,6,2.2900763358778624,8.778625954198473,8,0.6015625,0.29389312977099236,0.0546875,0.0,0.4666666666666667,4,1,0,1,0,1,0,11,1.1450381679389312
B6-DIS-041,6.0,discussion,education,writing9.com,D-auto,309,4,17.166666666666668,8.00173592277187,0.2222222222222222,0.5555555555555556,0.05555555555555555,0.3888888888888889,3.236245954692557,2.588996763754045,5,0.6472491909385113,8.090614886731391,5,0.75,0.35275080906148865,0.0755813953488372,0.04854368932038835,0.5666666666666667,3,3,0,0,0,0,1,2,0.32362459546925565
B6-DIS-042,6.0,discussion,education,writing9.com,D-auto,316,4,22.571428571428573,5.703561365050608,0.5,0.14285714285714285,0.07142857142857142,0.7857142857142857,5.69620253164557,3.481012658227848,5,0.9493670886075949,8.544303797468354,7,0.6012658227848101,0.30063291139240506,0.06962025316455696,0.00949367088607595,0.7142857142857143,2,1,1,0,0,0,0,1,0.6329113924050633
B6-DIS-043,6.0,discussion,health,writing9.com,D-auto,337,4,28.083333333333332,7.952550254827413,0.5833333333333334,0.16666666666666666,0.0,0.8333333333333334,5.637982195845697,4.451038575667655,5,0.8902077151335311,9.198813056379821,8,0.6256684491978609,0.27596439169139464,0.0748663101604278,0.03857566765578635,0.5,5,3,0,2,3,0,0,2,0.0
B6-DIS-044,6.0,discussion,education,writing9.com,D-auto,330,4,23.571428571428573,9.839528775841465,0.2857142857142857,0.42857142857142855,0.07142857142857142,0.5,4.545454545454546,4.545454545454546,5,0.9090909090909091,7.878787878787879,3,0.7396449704142012,0.2727272727272727,0.047337278106508875,0.00909090909090909,0.6363636363636364,4,4,1,1,1,0,0,1,0.0
B6-DIS-045,6.0,discussion,education,writing9.com,D-auto,241,4,24.1,13.721880337621371,0.3,0.8,0.0,0.2,1.2448132780082988,2.4896265560165975,3,1.6597510373443984,3.7344398340248963,2,0.8392857142857143,0.4979253112033195,0.07142857142857142,0.012448132780082987,0.6666666666666666,1,1,0,0,0,0,0,0,2.074688796680498
B6-OP-001,6.0,opinion,health,ielts-blog.com,C-blog,277,4,19.785714285714285,7.645526903533403,0.2857142857142857,0.42857142857142855,0.21428571428571427,0.35714285714285715,2.527075812274368,2.527075812274368,3,0.0,4.693140794223827,7,0.6692913385826772,0.12274368231046931,0.007874015748031496,0.04693140794223827,0.23076923076923078,0,1,0,0,2,1,0,2,0.7220216606498195
B6-OP-002,6.0,opinion,health,ielts-blog.com,C-blog,281,5,16.529411764705884,6.325649439421206,0.058823529411764705,0.5882352941176471,0.0,0.4117647058823529,2.491103202846975,1.4234875444839858,2,0.0,7.473309608540926,3,0.7676056338028169,0.24555160142348753,0.06338028169014084,0.010676156583629894,0.3333333333333333,2,0,0,0,0,0,0,3,0.35587188612099646
B6-OP-003,6.0,opinion,technology,ielts.international,A-examiner,200,4,14.285714285714286,3.080551236121118,0.0,0.42857142857142855,0.07142857142857142,0.5,4.0,3.0,4,1.5,8.5,6,0.7570093457943925,0.29,0.04672897196261682,0.0,0.5384615384615384,2,0,0,0,0,3,0,1,0.5
B6-OP-004,6.0,opinion,globalization-work,ielts-blog.com,C-blog,279,6,15.5,5.30461015427985,0.05555555555555555,0.6111111111111112,0.1111111111111111,0.2777777777777778,1.7921146953405018,3.225806451612903,3,0.0,5.376344086021505,3,0.8043478260869565,0.30824372759856633,0.09420289855072464,0.07526881720430108,0.4,0,5,0,3,5,0,0,1,0.0
B6-OP-005,6.0,opinion,globalization-work,ielts-blog.com,C-blog,216,4,19.636363636363637,8.138267933576387,0.2727272727272727,0.5454545454545454,0.0,0.45454545454545453,2.7777777777777777,3.7037037037037037,4,0.0,8.333333333333334,5,0.801980198019802,0.27314814814814814,0.039603960396039604,0.046296296296296294,0.46153846153846156,2,0,0,0,0,0,0,4,0.0
B6-OP-006,6.0,opinion,education,writing9.com,D-auto,300,5,18.75,6.628536791781426,0.125,0.4375,0.125,0.4375,3.0,5.0,6,0.6666666666666666,7.666666666666667,6,0.7931034482758621,0.38666666666666666,0.08045977011494253,0.02,0.8125,3,3,1,0,0,0,0,0,0.0
B6-OP-008,6.0,opinion,education,ielts-blog.com,C-blog,216,4,24,5.754225500544023,0.4444444444444444,0.3333333333333333,0.1111111111111111,0.5555555555555556,2.7777777777777777,0.46296296296296297,1,0.46296296296296297,6.481481481481482,7,0.8037383177570093,0.21296296296296297,0.08411214953271028,0.013888888888888888,0.3,0,0,0,0,0,0,0,4,0.0
B6-OP-010,6.0,opinion,globalization-work,writing9.com,D-auto,276,4,12.545454545454545,4.00825594273611,0.0,0.6818181818181818,0.18181818181818182,0.13636363636363635,1.0869565217391304,3.6231884057971016,3,1.4492753623188406,5.434782608695652,5,0.7152317880794702,0.2318840579710145,0.026490066225165563,0.014492753623188406,0.75,0,3,0,0,0,0,0,0,0.36231884057971014
B6-OP-013,6.0,opinion,globalization-work,writing9.com,D-auto,279,4,16.41176470588235,5.168442973291482,0.058823529411764705,0.6470588235294118,0.058823529411764705,0.29411764705882354,2.5089605734767026,2.867383512544803,4,0.35842293906810035,6.093189964157706,3,0.5974025974025974,0.33691756272401435,0.06493506493506493,0.017921146953405017,0.8,4,2,0,1,4,6,0,1,1.7921146953405018
B6-OP-014,6.0,opinion,globalization-work,ielts-blog.com,C-blog,292,4,17.176470588235293,4.949572698344148,0.058823529411764705,0.5294117647058824,0.11764705882352941,0.35294117647058826,3.0821917808219177,3.4246575342465753,4,1.0273972602739727,8.904109589041095,9,0.7426470588235294,0.2568493150684932,0.07352941176470588,0.017123287671232876,0.5185185185185185,2,0,0,0,0,0,1,0,0.0
B6-OP-015,6.0,opinion,government,writing9.com,D-auto,231,4,16.5,2.97008898375597,0.0,0.42857142857142855,0.07142857142857142,0.5,4.761904761904762,4.329004329004329,5,1.2987012987012987,6.926406926406926,5,0.7720588235294118,0.3203463203463203,0.029411764705882353,0.012987012987012988,0.5357142857142857,5,1,1,0,0,0,0,2,0.0
B6-OP-016,6.0,opinion,education,ielts-blog.com,C-blog,211,3,19.181818181818183,6.5618481573158505,0.18181818181818182,0.5454545454545454,0.09090909090909091,0.36363636363636365,1.8957345971563981,2.3696682464454977,3,0.47393364928909953,4.739336492890995,4,0.6947368421052632,0.22748815165876776,0.09473684210526316,0.014218009478672985,0.5454545454545454,2,3,0,2,5,0,0,2,0.47393364928909953
B6-OP-017,6.0,opinion,education,ielts-blog.com,C-blog,205,5,15.76923076923077,7.360537670095807,0.15384615384615385,0.5384615384615384,0.0,0.46153846153846156,2.926829268292683,4.878048780487805,6,0.4878048780487805,5.365853658536586,2,0.6631578947368421,0.2780487804878049,0.031578947368421054,0.01951219512195122,0.5833333333333334,3,1,0,0,0,0,0,5,0.975609756097561
B6-OP-018,6.0,opinion,education,writing9.com,D-auto,272,4,22.666666666666668,8.853749990195617,0.5,0.5,0.08333333333333333,0.4166666666666667,2.9411764705882355,5.147058823529412,6,0.7352941176470589,10.661764705882353,9,0.7518248175182481,0.3125,0.029197080291970802,0.03308823529411765,0.6875,3,2,0,0,0,0,0,0,0.36764705882352944
B6-OP-019,6.0,opinion,social,ielts-blog.com,C-blog,271,4,20.846153846153847,8.681068295179006,0.15384615384615385,0.46153846153846156,0.15384615384615385,0.38461538461538464,2.2140221402214024,3.321033210332103,5,1.1070110701107012,8.85608856088561,11,0.6666666666666666,0.14022140221402213,0.05,0.02214022140221402,0.42857142857142855,4,3,0,0,0,0,0,7,0.0
B6-OP-021,6.0,opinion,media,ielts-blog.com,C-blog,212,4,17.666666666666668,7.487025815072068,0.16666666666666666,0.3333333333333333,0.25,0.4166666666666667,2.358490566037736,4.245283018867925,5,0.0,3.7735849056603774,3,0.8426966292134831,0.2358490566037736,0.056179775280898875,0.03773584905660377,0.7777777777777778,2,2,0,1,8,0,0,0,0.0
B6-OP-022,6.0,opinion,social,writing9.com,D-auto,253,4,18.071428571428573,4.0082822418852,0.0,0.6428571428571429,0.07142857142857142,0.2857142857142857,1.5810276679841897,3.5573122529644268,5,1.5810276679841897,7.1146245059288535,4,0.7959183673469388,0.3557312252964427,0.05442176870748299,0.03162055335968379,0.5555555555555556,3,3,0,0,0,0,0,5,0.7905138339920948
B6-OP-023,6.0,two-part,crime,writing9.com,D-auto,371,4,21.823529411764707,5.669685063539525,0.17647058823529413,0.47058823529411764,0.11764705882352941,0.4117647058823529,2.4258760107816713,4.0431266846361185,6,0.8086253369272237,6.199460916442049,3,0.6355140186915887,0.39622641509433965,0.08878504672897196,0.0646900269541779,0.6666666666666666,4,5,0,1,2,0,0,4,0.2695417789757412
B6-OP-024,6.0,opinion,education,writing9.com,D-auto,294,8,19.6,5.4258639865002145,0.06666666666666667,0.4,0.06666666666666667,0.5333333333333333,3.061224489795918,2.0408163265306123,5,0.3401360544217687,3.741496598639456,4,0.7678571428571429,0.23809523809523808,0.03571428571428571,0.0,0.42105263157894735,2,4,1,0,0,0,0,2,0.0
B6-OP-025,6.0,opinion,education,writing9.com,D-auto,287,4,19.133333333333333,5.487764167268447,0.13333333333333333,0.5333333333333333,0.0,0.4666666666666667,2.7874564459930316,4.529616724738676,5,0.34843205574912894,9.75609756097561,5,0.7142857142857143,0.3310104529616725,0.037267080745341616,0.003484320557491289,0.5675675675675675,5,4,0,1,0,5,0,2,0.0
B6-OP-026,6.0,two-part,social,writing9.com,D-auto,305,4,20.333333333333332,7.254117604658903,0.3333333333333333,0.3333333333333333,0.06666666666666667,0.6,4.262295081967213,4.918032786885246,6,0.9836065573770492,9.180327868852459,12,0.6938775510204082,0.21639344262295082,0.027210884353741496,0.013114754098360656,0.75,3,2,0,1,1,0,1,5,0.0
B6-OP-028,6.0,opinion,education,writing9.com,D-auto,279,4,23.25,8.14580669219855,0.25,0.25,0.0,0.75,4.301075268817204,5.017921146953405,5,0.7168458781362007,6.810035842293907,5,0.660377358490566,0.4229390681003584,0.09433962264150944,0.0,0.5833333333333334,5,3,0,0,0,0,0,2,1.075268817204301
B6-OP-029,6.0,opinion,education,writing9.com,D-auto,302,4,17.764705882352942,5.319546771546546,0.058823529411764705,0.6470588235294118,0.058823529411764705,0.29411764705882354,1.6556291390728477,4.304635761589404,5,0.6622516556291391,10.596026490066226,7,0.6705202312138728,0.32781456953642385,0.028901734104046242,0.0,0.6190476190476191,6,3,0,0,0,0,1,10,0.0
B6-OP-030,6.0,opinion,education,writing9.com,D-auto,287,4,23.916666666666668,8.331249739518208,0.3333333333333333,0.25,0.16666666666666666,0.5833333333333334,3.484320557491289,4.181184668989547,4,0.6968641114982579,10.104529616724738,6,0.6818181818181818,0.40069686411149824,0.14204545454545456,0.003484320557491289,0.3181818181818182,7,2,0,0,0,0,0,1,1.0452961672473868
B6-OP-031,6.0,opinion,globalization-work,writing9.com,D-auto,241,1,24.1,10.958558299338467,0.4,0.2,0.1,0.7,3.319502074688797,3.7344398340248963,5,1.6597510373443984,8.298755186721992,5,0.8153846153846154,0.2863070539419087,0.08461538461538462,0.008298755186721992,0.391304347826087,3,2,1,0,0,0,1,4,0.0
B6-OP-032,6.0,opinion,health,writing9.com,D-auto,401,5,22.27777777777778,5.485390247998724,0.3333333333333333,0.2777777777777778,0.0,0.7222222222222222,3.491271820448878,3.7406483790523692,5,1.2468827930174564,8.478802992518704,10,0.7990867579908676,0.24438902743142144,0.0547945205479452,0.0199501246882793,0.8,9,2,0,0,0,2,0,3,0.0
B6-OP-033,6.0,opinion,environment,writing9.com,D-auto,364,5,19.157894736842106,7.596835614737278,0.10526315789473684,0.47368421052631576,0.05263157894736842,0.47368421052631576,3.5714285714285716,3.021978021978022,5,1.098901098901099,9.615384615384615,9,0.8633879781420765,0.29395604395604397,0.07650273224043716,0.04120879120879121,0.7058823529411765,3,4,0,1,2,0,0,3,0.0
B6-OP-035,6.0,opinion,globalization-work,writing9.com,D-auto,451,4,22.55,10.28336034572357,0.25,0.45,0.1,0.45,2.882483370288248,2.6607538802660753,3,0.0,6.208425720620842,8,0.8117154811715481,0.3392461197339246,0.0502092050209205,0.05321507760532151,0.42857142857142855,5,4,0,1,8,0,0,0,0.0
B6-OP-036,6.0,opinion,culture,writing9.com,D-auto,337,4,19.823529411764707,9.918700662756702,0.29411764705882354,0.5882352941176471,0.058823529411764705,0.35294117647058826,1.7804154302670623,4.154302670623146,5,0.29673590504451036,8.90207715133531,8,0.6285714285714286,0.34718100890207715,0.07428571428571429,0.02967359050445104,0.8421052631578947,4,3,0,2,3,0,0,3,3.5608308605341246
B6-OP-037,6.0,opinion,social,writing9.com,D-auto,288,5,16,5.5677643628300215,0.05555555555555555,0.6111111111111112,0.1111111111111111,0.2777777777777778,1.7361111111111112,5.555555555555555,6,2.0833333333333335,5.555555555555555,5,0.5962732919254659,0.2604166666666667,0.037267080745341616,0.003472222222222222,0.7391304347826086,5,2,0,0,0,0,0,9,2.0833333333333335
B6-OP-038,6.0,opinion,education,writing9.com,D-auto,246,4,20.5,6.238322424070967,0.16666666666666666,0.3333333333333333,0.25,0.4166666666666667,2.4390243902439024,3.658536585365854,5,0.8130081300813008,8.536585365853659,6,0.6575342465753424,0.3821138211382114,0.03424657534246575,0.02032520325203252,0.5833333333333334,4,2,0,0,0,0,0,1,0.0
B6-OP-039,6.0,opinion,globalization-work,writing9.com,D-auto,325,4,23.214285714285715,2.90759034814966,0.14285714285714285,0.2857142857142857,0.07142857142857142,0.6428571428571429,2.769230769230769,2.4615384615384617,5,1.5384615384615385,4.923076923076923,7,0.8634146341463415,0.40307692307692305,0.08780487804878048,0.10461538461538461,0.5454545454545454,2,2,0,0,4,0,0,1,0.0
B6-OP-040,6.0,opinion,globalization-work,writing9.com,D-auto,219,4,18.25,4.728019317501428,0.16666666666666666,0.4166666666666667,0.0,0.5833333333333334,4.566210045662101,3.1963470319634704,4,0.45662100456621,10.045662100456621,3,0.7727272727272727,0.3333333333333333,0.03787878787878788,0.0091324200913242,0.6666666666666666,2,0,1,0,0,0,0,0,0.0
B6-OP-041,6.0,opinion,education,writing9.com,D-auto,275,4,18.333333333333332,3.476907949441413,0.0,0.4666666666666667,0.13333333333333333,0.4,2.5454545454545454,4.363636363636363,6,1.4545454545454546,4.363636363636363,3,0.7352941176470589,0.27636363636363637,0.0661764705882353,0.007272727272727273,0.75,6,3,0,0,0,0,0,0,0.7272727272727273
B6-OP-042,6.0,opinion,social,writing9.com,D-auto,236,4,19.666666666666668,6.032320356951286,0.25,0.5,0.08333333333333333,0.4166666666666667,2.9661016949152543,4.661016949152542,6,1.271186440677966,8.898305084745763,4,0.6218487394957983,0.23728813559322035,0.01680672268907563,0.00423728813559322,1.0,1,3,0,0,0,0,0,1,0.423728813559322
B6-OP-043,6.0,opinion,environment,writing9.com,D-auto,349,4,31.727272727272727,6.061666573879873,0.8181818181818182,0.09090909090909091,0.0,0.9090909090909091,3.7249283667621778,6.017191977077364,5,0.8595988538681948,7.736389684813753,5,0.6787564766839378,0.3638968481375358,0.10880829015544041,0.014326647564469915,0.5833333333333334,6,8,0,2,5,0,0,3,1.7191977077363896
B6-OP-044,6.0,opinion,social,writing9.com,D-auto,259,4,16.1875,3.025284077570237,0.0,0.6875,0.1875,0.125,0.7722007722007722,4.2471042471042475,5,1.5444015444015444,4.2471042471042475,2,0.7083333333333334,0.3204633204633205,0.0763888888888889,0.003861003861003861,0.75,4,1,0,0,0,1,0,2,0.7722007722007722
B6-OP-045,6.0,opinion,education,writing9.com,D-auto,295,4,24.583333333333332,9.586955837085211,0.5833333333333334,0.25,0.08333333333333333,0.6666666666666666,3.0508474576271185,3.0508474576271185,3,0.3389830508474576,9.830508474576272,6,0.6702127659574468,0.41694915254237286,0.10106382978723404,0.006779661016949152,0.8518518518518519,4,5,0,0,0,0,0,1,1.694915254237288
B6-OP-046,6.0,opinion,globalization-work,writing9.com,D-auto,259,4,19.923076923076923,4.066023165046927,0.15384615384615385,0.3076923076923077,0.0,0.6923076923076923,3.861003861003861,5.405405405405405,4,0.3861003861003861,6.563706563706564,6,0.6987951807228916,0.40540540540540543,0.06626506024096386,0.0,0.7058823529411765,5,4,1,0,0,0,1,6,1.1583011583011582
B6-OP-047,6.0,opinion,education,writing9.com,D-auto,269,4,24.454545454545453,10.07574618363448,0.36363636363636365,0.36363636363636365,0.18181818181818182,0.45454545454545453,2.973977695167286,3.345724907063197,5,1.1152416356877324,4.089219330855019,3,0.7569444444444444,0.2899628252788104,0.09722222222222222,0.011152416356877323,0.8421052631578947,1,4,0,2,5,2,0,3,0.0
B6-OP-048,6.0,opinion,globalization-work,writing9.com,D-auto,235,5,16.785714285714285,5.226014206811527,0.07142857142857142,0.5714285714285714,0.07142857142857142,0.35714285714285715,2.127659574468085,3.404255319148936,5,0.425531914893617,3.8297872340425534,6,0.8791946308724832,0.33191489361702126,0.053691275167785234,0.03404255319148936,0.7142857142857143,1,1,0,0,0,6,0,1,1.2765957446808511
B6-OP-049,6.0,opinion,education,writing9.com,D-auto,246,4,17.571428571428573,6.705160972972192,0.21428571428571427,0.5714285714285714,0.07142857142857142,0.35714285714285715,2.032520325203252,4.878048780487805,5,0.8130081300813008,4.878048780487805,2,0.738562091503268,0.4024390243902439,0.0718954248366013,0.008130081300813009,0.75,2,3,0,2,2,2,0,1,0.0
B6-OP-050,6.0,opinion,government,writing9.com,D-auto,261,5,16.3125,8.801411463509702,0.1875,0.5625,0.0625,0.375,3.0651340996168583,4.597701149425287,4,0.7662835249042146,6.130268199233717,3,0.7517241379310344,0.3065134099616858,0.041379310344827586,0.038314176245210725,0.7777777777777778,0,6,0,2,4,0,0,3,0.0
B6-OP-052,6.0,opinion,globalization-work,writing9.com,D-auto,280,4,20,8.968197780411147,0.35714285714285715,0.2857142857142857,0.14285714285714285,0.5714285714285714,3.9285714285714284,6.785714285714286,6,1.0714285714285714,9.642857142857142,14,0.6737588652482269,0.2642857142857143,0.05673758865248227,0.017857142857142856,0.6,7,4,0,2,3,2,2,3,0.0
B6-OP-053,6.0,opinion,education,writing9.com,D-auto,266,5,22.166666666666668,9.914915811823898,0.3333333333333333,0.3333333333333333,0.0,0.6666666666666666,4.887218045112782,4.511278195488722,5,0.7518796992481203,7.518796992481203,6,0.5777777777777777,0.2781954887218045,0.014814814814814815,0.011278195488721804,0.6818181818181818,4,5,0,0,0,0,1,1,3.007518796992481
B6-OP-054,6.0,opinion,technology,writing9.com,D-auto,291,4,19.4,4.079215610874228,0.06666666666666667,0.3333333333333333,0.0,0.6666666666666666,3.4364261168384878,3.7800687285223367,5,0.3436426116838488,4.4673539518900345,4,0.5978835978835979,0.4742268041237113,0.10582010582010581,0.003436426116838488,0.85,5,2,0,0,0,0,0,8,4.810996563573883
B6-OP-055,6.0,opinion,education,writing9.com,D-auto,279,4,17.4375,4.911323014219285,0.0625,0.5625,0.125,0.3125,2.150537634408602,2.867383512544803,4,1.075268817204301,5.376344086021505,2,0.8852459016393442,0.43727598566308246,0.06557377049180328,0.025089605734767026,0.6666666666666666,4,2,0,0,0,0,0,1,2.150537634408602
B6-OP-056,6.0,opinion,media,writing9.com,D-auto,294,4,24.5,9.251126057585278,0.4166666666666667,0.6666666666666666,0.16666666666666666,0.16666666666666666,1.7006802721088434,2.380952380952381,4,1.3605442176870748,5.1020408163265305,4,0.8079470198675497,0.24829931972789115,0.059602649006622516,0.01020408163265306,0.47058823529411764,1,2,1,1,2,3,1,3,0.0
B6-OP-058,6.0,opinion,education,writing9.com,D-auto,275,4,22.916666666666668,7.642625348806667,0.4166666666666667,0.5833333333333334,0.08333333333333333,0.3333333333333333,1.4545454545454546,4.7272727272727275,5,1.4545454545454546,4.363636363636363,4,0.6805555555555556,0.29454545454545455,0.1111111111111111,0.014545454545454545,0.5909090909090909,5,3,0,0,0,0,0,1,0.36363636363636365
B6-OP-061,6.0,opinion,social,writing9.com,D-auto,313,4,20.866666666666667,5.352465683111746,0.2,0.3333333333333333,0.2,0.4666666666666667,2.5559105431309903,4.15335463258786,5,1.597444089456869,4.792332268370607,6,0.6910112359550562,0.4057507987220447,0.07303370786516854,0.04153354632587859,0.3888888888888889,4,3,0,1,1,0,0,0,0.0
B6-OP-062,6.0,opinion,health,writing9.com,D-auto,325,5,19.11764705882353,7.387448440677459,0.17647058823529413,0.4117647058823529,0.0,0.5882352941176471,4.3076923076923075,3.6923076923076925,4,0.3076923076923077,9.538461538461538,9,0.6684782608695652,0.3384615384615385,0.04891304347826087,0.009230769230769232,0.5625,5,0,0,0,0,0,0,8,0.0
B6-OP-063,6.0,opinion,media,writing9.com,D-auto,284,4,25.818181818181817,6.132153437832746,0.5454545454545454,0.0,0.2727272727272727,0.7272727272727273,4.225352112676056,2.816901408450704,6,1.056338028169014,7.746478873239437,11,0.815068493150685,0.28169014084507044,0.06164383561643835,0.017605633802816902,0.5789473684210527,1,1,0,0,1,2,0,3,0.0
B6-OP-064,6.0,opinion,education,writing9.com,D-auto,367,4,21.58823529411765,7.51515193795302,0.35294117647058826,0.35294117647058826,0.23529411764705882,0.4117647058823529,2.7247956403269753,4.087193460490464,6,1.0899182561307903,11.716621253405995,10,0.7183908045977011,0.21525885558583105,0.05172413793103448,0.021798365122615803,0.7727272727272727,4,2,0,0,0,0,0,2,0.2724795640326976
B6-OP-065,6.0,opinion,education,writing9.com,D-auto,394,4,23.176470588235293,6.688315484024422,0.35294117647058826,0.29411764705882354,0.17647058823529413,0.5294117647058824,2.284263959390863,2.030456852791878,3,0.5076142131979695,7.3604060913705585,8,0.7219251336898396,0.21573604060913706,0.03208556149732621,0.012690355329949238,0.8461538461538461,0,1,0,1,3,2,0,2,0.5076142131979695
B6-OP-068,6.0,opinion,social,writing9.com,D-auto,255,4,25.5,11.723907198540937,0.4,0.5,0.0,0.5,3.1372549019607843,2.7450980392156863,5,0.39215686274509803,5.882352941176471,3,0.753731343283582,0.2627450980392157,0.05223880597014925,0.0196078431372549,0.6666666666666666,1,4,0,2,5,1,0,1,0.0
B6-OP-069,6.0,opinion,crime,writing9.com,D-auto,288,4,18,6.614378277661476,0.125,0.5,0.25,0.25,1.7361111111111112,4.513888888888889,5,0.6944444444444444,5.902777777777778,8,0.6411764705882353,0.3125,0.052941176470588235,0.013888888888888888,0.6,4,3,0,1,1,0,0,5,0.0
B6-OP-071,6.0,opinion,technology,writing9.com,D-auto,243,4,16.2,5.5641710972974225,0.06666666666666667,0.3333333333333333,0.2,0.4666666666666667,4.11522633744856,4.11522633744856,5,1.646090534979424,6.172839506172839,6,0.6474820143884892,0.27983539094650206,0.07194244604316546,0.0,0.3888888888888889,3,2,0,0,0,0,0,14,0.0
B6-OP-072,6.0,opinion,technology,writing9.com,D-auto,467,4,20.304347826086957,7.887440663919007,0.2608695652173913,0.391304347826087,0.043478260869565216,0.5652173913043478,3.2119914346895073,1.9271948608137044,4,0.0,4.496788008565311,5,0.7777777777777778,0.25267665952890794,0.07818930041152264,0.042826552462526764,0.5151515151515151,0,2,0,1,7,1,0,2,0.0
B6-OP-073,6.0,opinion,technology,writing9.com,D-auto,275,4,10.185185185185185,3.3778914860652898,0.0,0.8518518518518519,0.037037037037037035,0.1111111111111111,1.0909090909090908,6.181818181818182,6,2.1818181818181817,8.363636363636363,5,0.753731343283582,0.2727272727272727,0.007462686567164179,0.014545454545454545,0.5,1,5,0,0,2,0,0,6,0.0
B6-OP-074,6.0,opinion,media,writing9.com,D-auto,369,4,24.6,7.570116687784057,0.4,0.4,0.0,0.6,2.710027100271003,5.149051490514905,4,0.8130081300813008,6.504065040650406,6,0.5592417061611374,0.3143631436314363,0.13270142180094788,0.013550135501355014,0.7307692307692307,5,8,0,1,1,0,0,3,0.0
B6-OP-075,6.0,opinion,technology,writing9.com,D-auto,282,5,18.8,10.12719112093773,0.2,0.4,0.13333333333333333,0.4666666666666667,3.1914893617021276,4.25531914893617,5,1.4184397163120568,6.028368794326241,3,0.7785234899328859,0.2872340425531915,0.0738255033557047,0.010638297872340425,0.5384615384615384,3,3,0,0,0,3,0,3,0.0
B6-OP-076,6.0,opinion,technology,writing9.com,D-auto,258,7,19.846153846153847,5.681903173113658,0.07692307692307693,0.7692307692307693,0.0,0.23076923076923078,1.550387596899225,4.651162790697675,4,1.1627906976744187,3.488372093023256,3,0.7054794520547946,0.4069767441860465,0.0958904109589041,0.031007751937984496,0.5,4,3,1,3,7,2,0,2,0.0
B6-OP-080,6.0,opinion,education,writing9.com,D-auto,286,5,19.066666666666666,5.322488974989886,0.0,0.6,0.06666666666666667,0.3333333333333333,2.097902097902098,3.4965034965034967,6,1.048951048951049,5.944055944055944,5,0.8291139240506329,0.3986013986013986,0.08227848101265822,0.027972027972027972,1.0,2,3,0,2,9,3,0,1,0.34965034965034963
B6-OP-081,6.0,opinion,globalization-work,writing9.com,D-auto,262,4,20.153846153846153,7.262614001182874,0.15384615384615385,0.15384615384615385,0.15384615384615385,0.6923076923076923,6.106870229007634,4.580152671755725,5,1.9083969465648856,9.16030534351145,13,0.71875,0.24045801526717558,0.0703125,0.015267175572519083,0.6666666666666666,2,3,1,1,1,0,0,4,0.0
B6-OP-082,6.0,opinion,culture,writing9.com,D-auto,228,4,17.53846153846154,5.242069242277176,0.07692307692307693,0.5384615384615384,0.07692307692307693,0.38461538461538464,3.0701754385964914,4.824561403508772,5,0.8771929824561403,4.824561403508772,3,0.6854838709677419,0.35964912280701755,0.04032258064516129,0.0,0.5238095238095238,3,3,0,1,2,0,0,4,0.8771929824561403
B6-OP-083,6.0,opinion,globalization-work,ielts-blog.com,C-blog,155,3,17.22222222222222,7.771425977798094,0.1111111111111111,0.4444444444444444,0.2222222222222222,0.3333333333333333,1.935483870967742,3.225806451612903,5,1.935483870967742,4.516129032258065,2,0.8987341772151899,0.3032258064516129,0.12658227848101267,0.03225806451612903,0.38461538461538464,1,0,0,0,6,0,0,1,0.0
B6-REP-001,6.0,report,environment,ielts.international,A-examiner,205,4,13.666666666666666,2.9363620727393656,0.0,0.5333333333333333,0.2,0.26666666666666666,1.951219512195122,2.4390243902439024,3,1.951219512195122,5.365853658536586,3,0.7461538461538462,0.3170731707317073,0.023076923076923078,0.00975609756097561,0.75,3,1,0,0,0,0,1,1,3.4146341463414633
B6-REP-002,6.0,report,environment,writing9.com,D-auto,267,4,22.25,6.8935356192111845,0.3333333333333333,0.16666666666666666,0.16666666666666666,0.6666666666666666,2.9962546816479403,4.49438202247191,6,1.4981273408239701,6.741573033707865,9,0.7681159420289855,0.3258426966292135,0.09420289855072464,0.00749063670411985,0.5714285714285714,4,1,0,0,0,0,0,1,1.4981273408239701
B6-REP-003,6.0,report,health,writing9.com,D-auto,297,4,19.8,9.14476170639053,0.26666666666666666,0.5333333333333333,0.06666666666666667,0.4,2.356902356902357,2.356902356902357,4,0.3367003367003367,5.3872053872053876,4,0.7019867549668874,0.2895622895622896,0.07947019867549669,0.05387205387205387,0.5625,7,3,0,0,0,0,0,0,0.3367003367003367
B6-REP-004,6.0,report,education,ielts-blog.com,C-blog,285,5,17.8125,5.72515010720243,0.0625,0.5625,0.0625,0.375,2.456140350877193,2.807017543859649,6,1.4035087719298245,12.982456140350877,7,0.5579710144927537,0.24912280701754386,0.021739130434782608,0.021052631578947368,0.6666666666666666,1,1,0,0,0,0,0,7,0.3508771929824561
B6-REP-005,6.0,report,education,writing9.com,D-auto,314,4,17.444444444444443,5.3667931892148095,0.05555555555555555,0.5555555555555556,0.05555555555555555,0.3888888888888889,2.8662420382165603,3.821656050955414,6,0.6369426751592356,5.732484076433121,4,0.8041237113402062,0.4299363057324841,0.06701030927835051,0.01592356687898089,0.625,2,1,0,0,0,0,0,1,0.0
B6-REP-006,6.0,report,social,writing9.com,D-auto,391,4,21.72222222222222,7.201894469555722,0.3888888888888889,0.3333333333333333,0.16666666666666666,0.5,2.813299232736573,4.092071611253197,6,1.278772378516624,4.859335038363171,3,0.680952380952381,0.31202046035805625,0.04285714285714286,0.023017902813299233,0.7058823529411765,5,2,0,2,2,0,0,4,0.0
B6-REP-010,6.0,report,social,writing9.com,D-auto,328,5,19.294117647058822,4.786804237660924,0.058823529411764705,0.29411764705882354,0.23529411764705882,0.47058823529411764,3.3536585365853657,3.658536585365854,5,0.6097560975609756,8.841463414634147,8,0.6887417218543046,0.2804878048780488,0.06622516556291391,0.024390243902439025,0.7272727272727273,6,1,0,0,0,0,0,9,0.3048780487804878
B6-REP-011,6.0,report,health,writing9.com,D-auto,284,4,11.833333333333334,3.519785346990479,0.0,0.7083333333333334,0.041666666666666664,0.25,2.112676056338028,4.577464788732394,4,2.816901408450704,5.985915492957746,3,0.7192982456140351,0.34507042253521125,0.011695906432748537,0.02112676056338028,0.8125,1,1,0,0,0,0,0,1,0.352112676056338
B6-REP-013,6.0,report,health,writing9.com,D-auto,287,4,10.62962962962963,3.0809828656422846,0.0,0.8888888888888888,0.0,0.1111111111111111,1.0452961672473868,5.923344947735192,6,2.7874564459930316,5.923344947735192,3,0.7212121212121212,0.3170731707317073,0.06666666666666667,0.003484320557491289,0.6923076923076923,2,5,0,0,0,0,0,0,1.0452961672473868
B6-REP-014,6.0,report,health,writing9.com,D-auto,265,4,10.6,4.13763217311544,0.0,0.76,0.08,0.16,1.509433962264151,5.660377358490566,6,2.641509433962264,7.169811320754717,4,0.6923076923076923,0.32452830188679244,0.03205128205128205,0.026415094339622643,0.75,1,2,0,0,0,0,0,0,1.1320754716981132
B6-REP-015,6.0,report,social,writing9.com,D-auto,299,5,16.61111111111111,5.303446352125809,0.1111111111111111,0.7222222222222222,0.1111111111111111,0.16666666666666666,1.0033444816053512,2.0066889632107023,3,0.33444816053511706,3.3444816053511706,3,0.6705202312138728,0.3779264214046823,0.04046242774566474,0.05351170568561873,0.34782608695652173,6,3,0,0,0,0,0,0,0.0
B6-REP-016,6.0,report,culture,writing9.com,D-auto,341,4,21.3125,5.107821820502355,0.25,0.5625,0.0,0.4375,2.346041055718475,3.225806451612903,3,0.2932551319648094,9.090909090909092,7,0.7081081081081081,0.2873900293255132,0.08648648648648649,0.011730205278592375,0.7142857142857143,8,6,0,1,1,0,0,3,0.5865102639296188
B6-REP-017,6.0,report,globalization-work,writing9.com,D-auto,297,4,21.214285714285715,5.633808296203142,0.2857142857142857,0.5714285714285714,0.07142857142857142,0.35714285714285715,2.0202020202020203,3.367003367003367,6,1.6835016835016836,7.407407407407407,12,0.673202614379085,0.265993265993266,0.0457516339869281,0.02356902356902357,0.6875,1,1,0,0,0,0,0,2,0.0
B6-REP-018,6.0,report,health,writing9.com,D-auto,290,4,24.166666666666668,6.465721580423608,0.3333333333333333,0.5,0.0,0.5,3.103448275862069,5.172413793103448,5,1.0344827586206897,7.241379310344827,6,0.6685714285714286,0.2793103448275862,0.09142857142857143,0.006896551724137931,0.46153846153846156,5,5,0,1,2,0,0,9,0.0
B6-REP-019,6.0,report,social,writing9.com,D-auto,467,7,24.57894736842105,9.309394177098655,0.47368421052631576,0.3157894736842105,0.15789473684210525,0.5263157894736842,3.2119914346895073,4.282655246252677,6,0.0,9.635974304068522,13,0.6882591093117408,0.24197002141327623,0.048582995951417005,0.021413276231263382,0.5833333333333334,11,5,3,0,0,5,0,5,0.21413276231263384
B6-REP-020,6.0,report,environment,writing9.com,D-auto,285,4,17.8125,5.83329613083375,0.0625,0.75,0.125,0.125,0.7017543859649122,3.1578947368421053,5,1.0526315789473684,5.964912280701754,4,0.7333333333333333,0.30526315789473685,0.08666666666666667,0.028070175438596492,0.8181818181818182,3,2,0,0,1,0,1,2,0.3508771929824561
B6-REP-021,6.0,report,social,writing9.com,D-auto,253,4,18.071428571428573,4.772903963510889,0.07142857142857142,0.21428571428571427,0.07142857142857142,0.7142857142857143,5.138339920948616,3.1620553359683794,3,0.3952569169960474,11.067193675889328,8,0.8181818181818182,0.233201581027668,0.06060606060606061,0.011857707509881422,0.6153846153846154,3,3,0,0,0,0,0,4,1.1857707509881423
B6-REP-022,6.0,report,social,writing9.com,D-auto,214,4,19.454545454545453,3.5255853508482393,0.09090909090909091,0.6363636363636364,0.0,0.36363636363636365,2.336448598130841,2.803738317757009,4,0.9345794392523364,7.009345794392523,4,0.8235294117647058,0.3878504672897196,0.08088235294117647,0.014018691588785047,0.4,0,2,0,0,0,0,0,2,0.4672897196261682
B6-REP-023,6.0,report,globalization-work,writing9.com,D-auto,266,4,19,7.54983443527075,0.35714285714285715,0.5714285714285714,0.07142857142857142,0.35714285714285715,2.6315789473684212,2.6315789473684212,5,1.5037593984962405,6.390977443609023,4,0.8188405797101449,0.23684210526315788,0.036231884057971016,0.007518796992481203,0.5,0,3,0,1,1,0,0,3,0.37593984962406013
B6-REP-025,6.0,report,globalization-work,writing9.com,D-auto,314,5,18.470588235294116,5.030701588994188,0.11764705882352941,0.47058823529411764,0.17647058823529413,0.35294117647058826,1.910828025477707,3.1847133757961785,3,0.9554140127388535,3.1847133757961785,3,0.7333333333333333,0.4426751592356688,0.09230769230769231,0.01910828025477707,0.4074074074074074,0,0,0,0,0,0,1,3,0.3184713375796178
B6-REP-026,6.0,report,globalization-work,writing9.com,D-auto,268,4,14.88888888888889,5.526591162420395,0.05555555555555555,0.5555555555555556,0.05555555555555555,0.3888888888888889,2.611940298507463,4.477611940298507,5,1.492537313432836,6.343283582089552,3,0.6410256410256411,0.4216417910447761,0.07051282051282051,0.0037313432835820895,0.4,7,0,0,0,0,0,1,3,0.0
B6-REP-027,6.0,report,environment,writing9.com,D-auto,248,4,9.92,5.395701993253519,0.0,0.88,0.0,0.12,1.2096774193548387,5.645161290322581,6,2.0161290322580645,3.225806451612903,3,0.6312056737588653,0.28225806451612906,0.1347517730496454,0.008064516129032258,0.4444444444444444,6,1,0,0,5,2,0,1,0.0
B6-REP-029,6.0,report,social,writing9.com,D-auto,271,4,20.846153846153847,6.061811786106322,0.23076923076923078,0.6153846153846154,0.07692307692307693,0.3076923076923077,1.845018450184502,2.5830258302583027,5,0.7380073800738007,4.797047970479705,8,0.7278481012658228,0.3247232472324723,0.05063291139240506,0.02952029520295203,0.5714285714285714,5,1,0,1,3,3,0,0,1.4760147601476015
B6-TQ-002,6.0,opinion,social,ielts-blog.com,C-blog,308,5,25.666666666666668,18.75870168452201,0.3333333333333333,0.5833333333333334,0.08333333333333333,0.3333333333333333,1.6233766233766234,3.896103896103896,5,0.0,6.1688311688311686,3,0.6666666666666666,0.2012987012987013,0.05673758865248227,0.022727272727272728,0.625,3,2,0,0,0,0,0,0,0.0
B6-TQ-003,6.0,opinion,social,ielts-blog.com,C-blog,162,3,27,7.505553499465135,0.6666666666666666,0.5,0.0,0.5,2.4691358024691357,2.4691358024691357,3,0.6172839506172839,2.4691358024691357,2,0.7530864197530864,0.2777777777777778,0.04938271604938271,0.024691358024691357,0.6470588235294118,2,0,0,0,0,1,0,0,0.0
B6-TQ-004,6.0,two-part,health,writing9.com,D-auto,265,4,17.666666666666668,5.055250296034367,0.0,0.7333333333333333,0.13333333333333333,0.13333333333333333,1.1320754716981132,1.8867924528301887,3,0.7547169811320755,6.037735849056604,5,0.8589743589743589,0.3132075471698113,0.07051282051282051,0.018867924528301886,0.35294117647058826,0,3,0,2,2,2,1,4,0.37735849056603776
B6-TQ-005,6.0,two-part,social,writing9.com,D-auto,275,4,18.333333333333332,6.528569691917382,0.26666666666666666,0.4666666666666667,0.13333333333333333,0.4,2.909090909090909,4.363636363636363,6,1.0909090909090908,5.454545454545454,3,0.6838235294117647,0.24,0.0661764705882353,0.0036363636363636364,0.7692307692307693,11,3,0,1,1,0,1,1,0.0
B6-TQ-006,6.0,two-part,environment,writing9.com,D-auto,286,5,22,7.274824872330393,0.46153846153846156,0.23076923076923078,0.07692307692307693,0.6923076923076923,4.195804195804196,3.1468531468531467,5,1.048951048951049,6.293706293706293,9,0.7450980392156863,0.2867132867132867,0.0915032679738562,0.017482517482517484,0.7894736842105263,0,2,1,0,0,0,0,1,0.0
B6-TQ-007,6.0,opinion,social,writing9.com,D-auto,249,4,10.375,4.9649815373943404,0.0,0.8333333333333334,0.041666666666666664,0.125,1.2048192771084338,6.024096385542169,6,2.0080321285140563,2.8112449799196786,3,0.6015037593984962,0.21686746987951808,0.12030075187969924,0.0,0.4,7,2,0,0,6,2,0,6,0.0
B65-ADV-001,6.5,adv-disadv,media,cdieltsprep.com,B-teacher,254,4,21.166666666666668,9.931711276959721,0.4166666666666667,0.3333333333333333,0.3333333333333333,0.3333333333333333,2.3622047244094486,3.543307086614173,6,1.1811023622047243,7.086614173228346,6,0.7623762376237624,0.2047244094488189,0.0297029702970297,0.003937007874015748,0.7777777777777778,1,1,0,1,3,0,0,3,0.0
B65-ADV-002,6.5,adv-disadv,social,writing9.com,D-auto,350,4,18.42105263157895,7.450296987889558,0.15789473684210525,0.47368421052631576,0.10526315789473684,0.42105263157894735,2.5714285714285716,3.7142857142857144,4,0.5714285714285714,5.714285714285714,4,0.7193877551020408,0.3485714285714286,0.04591836734693878,0.03428571428571429,0.625,8,4,1,2,4,1,0,3,0.8571428571428571
B65-ADV-003,6.5,adv-disadv,education,cdieltsprep.com,B-teacher,264,4,18.857142857142858,7.4148224413491315,0.21428571428571427,0.35714285714285715,0.2857142857142857,0.35714285714285715,2.272727272727273,5.681818181818182,6,1.5151515151515151,9.090909090909092,4,0.7542372881355932,0.26515151515151514,0.01694915254237288,0.003787878787878788,0.7777777777777778,3,2,0,0,1,0,0,2,0.3787878787878788
B65-ADV-004,6.5,adv-disadv,globalization-work,writing9.com,D-auto,272,4,19.428571428571427,7.659860924831149,0.21428571428571427,0.5714285714285714,0.0,0.42857142857142855,2.573529411764706,4.779411764705882,5,1.1029411764705883,6.25,3,0.7348484848484849,0.33455882352941174,0.12878787878787878,0.014705882352941176,0.7333333333333333,7,4,0,0,0,0,0,1,0.7352941176470589
B65-ADV-006,6.5,adv-disadv,education,writing9.com,D-auto,250,4,25,8.520563361656317,0.4,0.2,0.1,0.7,2.8,3.6,5,0.8,5.2,6,0.7456140350877193,0.276,0.07017543859649122,0.016,0.7222222222222222,1,3,0,3,6,1,0,1,0.0
B65-ADV-009,6.5,adv-disadv,globalization-work,cdieltsprep.com,B-teacher,256,4,18.285714285714285,5.811670173373712,0.14285714285714285,0.35714285714285715,0.35714285714285715,0.2857142857142857,1.953125,5.46875,6,2.734375,7.03125,4,0.7307692307692307,0.21875,0.028846153846153848,0.00390625,0.7368421052631579,4,1,0,0,0,0,1,1,0.0
B65-ADV-010,6.5,adv-disadv,globalization-work,cdieltsprep.com,B-teacher,255,4,18.214285714285715,6.950627632796618,0.14285714285714285,0.5714285714285714,0.14285714285714285,0.2857142857142857,1.5686274509803921,3.9215686274509802,5,0.7843137254901961,9.019607843137255,5,0.7628865979381443,0.2,0.061855670103092786,0.00784313725490196,0.5,3,2,0,0,0,0,0,1,0.0
B65-ADV-012,6.5,adv-disadv,crime,cdieltsprep.com,B-teacher,266,4,19,6.0,0.07142857142857142,0.42857142857142855,0.21428571428571427,0.35714285714285715,2.6315789473684212,4.511278195488722,5,1.5037593984962405,5.2631578947368425,5,0.6439393939393939,0.2669172932330827,0.030303030303030304,0.0037593984962406013,0.7083333333333334,3,3,0,0,0,0,0,4,0.0
B65-ADV-013,6.5,adv-disadv,social,cdieltsprep.com,B-teacher,288,4,20.571428571428573,8.1478681323424,0.21428571428571427,0.21428571428571427,0.2857142857142857,0.5,2.7777777777777777,3.8194444444444446,6,1.3888888888888888,5.208333333333333,4,0.753731343283582,0.19444444444444445,0.022388059701492536,0.0,0.8461538461538461,2,1,0,0,0,0,0,6,0.3472222222222222
B65-ADV-014,6.5,adv-disadv,social,writing9.com,D-auto,340,4,24.285714285714285,7.235118435486057,0.5,0.5714285714285714,0.07142857142857142,0.35714285714285715,2.3529411764705883,3.235294117647059,4,1.1764705882352942,6.764705882352941,5,0.8252427184466019,0.37941176470588234,0.06796116504854369,0.03235294117647059,0.8461538461538461,0,4,0,0,0,0,0,0,0.29411764705882354
B65-ADV-015,6.5,adv-disadv,technology,cdieltsprep.com,B-teacher,264,4,16.5,9.096702699330127,0.1875,0.5,0.1875,0.3125,2.6515151515151514,5.303030303030303,5,1.5151515151515151,6.4393939393939394,7,0.7232142857142857,0.20454545454545456,0.017857142857142856,0.003787878787878788,0.45454545454545453,3,0,0,0,0,0,1,4,0.0
B65-ADV-018,6.5,adv-disadv,globalization-work,writing9.com,D-auto,266,4,22.166666666666668,5.550275268448904,0.3333333333333333,0.5833333333333334,0.0,0.4166666666666667,2.255639097744361,3.3834586466165413,4,1.8796992481203008,3.3834586466165413,2,0.84,0.424812030075188,0.08,0.02631578947368421,0.6666666666666666,1,0,0,0,0,0,0,0,0.0
B65-ADV-020,6.5,two-part,globalization-work,cdieltsprep.com,B-teacher,263,4,20.23076923076923,7.816686747975534,0.3076923076923077,0.23076923076923078,0.23076923076923078,0.5384615384615384,3.802281368821293,5.32319391634981,6,1.1406844106463878,6.083650190114068,4,0.7345132743362832,0.19391634980988592,0.09734513274336283,0.0,0.5294117647058824,6,2,0,0,0,0,0,4,0.0
B65-ADV-021,6.5,adv-disadv,social,writing9.com,D-auto,251,4,10.458333333333334,5.408166407285273,0.0,0.875,0.0,0.125,1.1952191235059761,6.374501992031872,6,2.3904382470119523,2.3904382470119523,3,0.635036496350365,0.27091633466135456,0.145985401459854,0.0,0.4230769230769231,7,1,0,0,6,2,0,5,0.398406374501992
B65-ADV-022,6.5,adv-disadv,health,writing9.com,D-auto,423,5,16.26923076923077,7.214076476464886,0.07692307692307693,0.4230769230769231,0.07692307692307693,0.5,4.0189125295508275,4.491725768321513,5,0.7092198581560284,6.619385342789598,5,0.6437768240343348,0.3144208037825059,0.055793991416309016,0.030732860520094562,0.6428571428571429,10,1,3,0,0,0,0,5,0.0
B65-ADV-023,6.5,adv-disadv,social,writing9.com,D-auto,356,5,19.77777777777778,6.416606541324849,0.2222222222222222,0.6111111111111112,0.1111111111111111,0.2777777777777778,1.9662921348314606,1.9662921348314606,3,0.8426966292134831,5.898876404494382,5,0.7417840375586855,0.4606741573033708,0.07981220657276995,0.014044943820224719,0.3684210526315789,1,0,0,0,0,0,0,5,0.0
B65-ADV-024,6.5,adv-disadv,globalization-work,cdieltsprep.com,B-teacher,258,4,17.2,6.123180001709351,0.13333333333333333,0.5333333333333333,0.2,0.26666666666666666,1.550387596899225,6.589147286821706,6,3.488372093023256,4.263565891472868,7,0.7272727272727273,0.29457364341085274,0.01652892561983471,0.011627906976744186,0.5294117647058824,4,1,0,0,0,0,1,5,0.0
B65-ADV-025,6.5,adv-disadv,media,cdieltsprep.com,B-teacher,282,4,21.692307692307693,9.05865175385571,0.38461538461538464,0.38461538461538464,0.23076923076923078,0.38461538461538464,2.127659574468085,5.673758865248227,6,2.127659574468085,3.900709219858156,3,0.6805555555555556,0.16666666666666666,0.05555555555555555,0.01773049645390071,0.7333333333333333,2,3,0,0,1,0,0,10,1.7730496453900708
B65-ADV-026,6.5,adv-disadv,education,writing9.com,D-auto,285,4,19,5.440588203494177,0.06666666666666667,0.4,0.06666666666666667,0.5333333333333333,3.508771929824561,4.2105263157894735,4,0.7017543859649122,12.280701754385966,15,0.75177304964539,0.26666666666666666,0.07092198581560284,0.0035087719298245615,0.8,5,4,0,0,0,0,0,0,0.3508771929824561
B65-ADV-027,6.5,adv-disadv,social,writing9.com,D-auto,332,4,18.444444444444443,7.025526648683217,0.16666666666666666,0.7222222222222222,0.16666666666666666,0.1111111111111111,0.6024096385542169,5.120481927710843,5,1.8072289156626506,4.518072289156627,4,0.6914893617021277,0.30120481927710846,0.03723404255319149,0.02710843373493976,0.47058823529411764,6,3,0,2,6,2,0,3,0.0
B65-ADV-028,6.5,adv-disadv,technology,writing9.com,D-auto,293,5,16.27777777777778,5.752347883502831,0.16666666666666666,0.7222222222222222,0.1111111111111111,0.16666666666666666,2.04778156996587,4.436860068259386,6,1.3651877133105803,3.0716723549488054,2,0.7341040462427746,0.3447098976109215,0.06358381502890173,0.010238907849829351,0.7619047619047619,4,1,0,0,0,1,0,3,0.0
B65-ADV-029,6.5,adv-disadv,health,writing9.com,D-auto,270,4,16.875,4.211220131980754,0.0,0.375,0.25,0.375,2.2222222222222223,6.296296296296297,5,0.7407407407407407,5.555555555555555,4,0.7050359712230215,0.36666666666666664,0.06474820143884892,0.007407407407407408,0.9285714285714286,6,3,0,0,0,0,0,1,0.0
B65-ADV-030,6.5,adv-disadv,government,cdieltsprep.com,B-teacher,290,5,18.125,6.641488914392616,0.125,0.1875,0.4375,0.375,2.0689655172413794,3.793103448275862,4,1.0344827586206897,6.551724137931035,5,0.6875,0.16551724137931034,0.046875,0.0,0.5882352941176471,4,0,0,0,0,0,0,6,1.0344827586206897
B65-ADV-031,6.5,adv-disadv,globalization-work,cdieltsprep.com,B-teacher,268,4,16.75,6.2599920127744575,0.125,0.375,0.25,0.375,2.611940298507463,4.104477611940299,5,1.1194029850746268,7.08955223880597,8,0.7128712871287128,0.1791044776119403,0.039603960396039604,0.0,0.625,4,1,0,0,0,0,1,2,0.373134328358209
B65-ADV-032,6.5,adv-disadv,education,writing9.com,D-auto,255,4,21.25,7.8328900583799,0.25,0.5833333333333334,0.25,0.16666666666666666,1.1764705882352942,5.098039215686274,6,1.1764705882352942,7.0588235294117645,6,0.7642276422764228,0.25882352941176473,0.06504065040650407,0.0196078431372549,0.4166666666666667,4,4,0,3,2,2,0,3,0.7843137254901961
B65-ADV-033,6.5,adv-disadv,government,cdieltsprep.com,B-teacher,279,4,18.6,5.885575587824865,0.06666666666666667,0.3333333333333333,0.3333333333333333,0.3333333333333333,1.7921146953405018,4.301075268817204,6,1.4336917562724014,5.734767025089606,6,0.6854838709677419,0.24014336917562723,0.03225806451612903,0.007168458781362007,0.8095238095238095,3,1,0,0,0,0,0,2,0.0
B65-ADV-034,6.5,adv-disadv,social,writing9.com,D-auto,290,4,19.333333333333332,3.9271137266728378,0.06666666666666667,0.5333333333333333,0.13333333333333333,0.3333333333333333,2.413793103448276,2.7586206896551726,4,1.3793103448275863,4.827586206896552,5,0.7413793103448276,0.3413793103448276,0.06321839080459771,0.0034482758620689655,0.3125,3,0,0,0,0,0,0,0,0.0
B65-ADV-035,6.5,adv-disadv,media,cdieltsprep.com,B-teacher,261,4,15.352941176470589,7.202460171771278,0.058823529411764705,0.47058823529411764,0.35294117647058826,0.17647058823529413,1.5325670498084292,3.0651340996168583,5,1.5325670498084292,5.747126436781609,3,0.7,0.19540229885057472,0.01818181818181818,0.0,0.6111111111111112,1,0,0,0,0,0,0,6,0.0
B65-ADV-036,6.5,adv-disadv,globalization-work,writing9.com,D-auto,357,5,23.8,8.392059739221752,0.4,0.4666666666666667,0.06666666666666667,0.4666666666666667,2.8011204481792715,3.081232492997199,5,0.5602240896358543,4.481792717086835,4,0.7511111111111111,0.38375350140056025,0.08444444444444445,0.014005602240896359,0.7333333333333333,2,3,0,1,3,0,0,0,0.5602240896358543
B65-ADV-037,6.5,adv-disadv,education,writing9.com,D-auto,288,4,10.666666666666666,2.9938207967349952,0.0,0.7777777777777778,0.0,0.2222222222222222,2.4305555555555554,6.944444444444445,6,3.125,11.805555555555555,12,0.7142857142857143,0.3298611111111111,0.025974025974025976,0.010416666666666666,0.8888888888888888,1,3,0,0,1,0,0,0,1.0416666666666667
B65-ADV-038,6.5,adv-disadv,social,writing9.com,D-auto,288,4,24,8.897565210026093,0.3333333333333333,0.5,0.16666666666666666,0.3333333333333333,2.0833333333333335,3.8194444444444446,5,1.3888888888888888,5.555555555555555,6,0.7721518987341772,0.2222222222222222,0.0759493670886076,0.013888888888888888,0.6,1,4,0,3,9,1,0,2,0.6944444444444444
B65-ADV-040,6.5,adv-disadv,health,writing9.com,D-auto,289,4,20.642857142857142,6.421027319419744,0.21428571428571427,0.2857142857142857,0.14285714285714285,0.5714285714285714,2.7681660899653977,3.8062283737024223,5,1.7301038062283738,6.228373702422146,9,0.7814569536423841,0.2560553633217993,0.052980132450331126,0.04152249134948097,0.5,5,2,0,0,0,0,1,3,0.0
B65-ADV-041,6.5,adv-disadv,environment,writing9.com,D-auto,279,4,23.25,6.520800053163211,0.5,0.25,0.16666666666666666,0.5833333333333334,2.867383512544803,5.017921146953405,6,1.7921146953405018,6.810035842293907,10,0.8671328671328671,0.32616487455197135,0.1048951048951049,0.02867383512544803,0.3939393939393939,3,3,0,1,2,0,0,0,0.0
B65-ADV-042,6.5,adv-disadv,social,writing9.com,D-auto,445,5,19.347826086956523,7.3815792798971165,0.21739130434782608,0.43478260869565216,0.17391304347826086,0.391304347826087,2.4719101123595504,4.719101123595506,5,1.5730337078651686,12.134831460674157,20,0.7487437185929648,0.2157303370786517,0.06532663316582915,0.0044943820224719105,0.9230769230769231,7,5,0,1,1,0,1,3,0.2247191011235955
B65-ADV-044,6.5,adv-disadv,health,writing9.com,D-auto,274,4,18.266666666666666,7.233870947762953,0.13333333333333333,0.4,0.0,0.6,5.109489051094891,4.014598540145985,4,0.7299270072992701,6.569343065693431,4,0.609271523178808,0.3722627737226277,0.039735099337748346,0.01824817518248175,0.75,4,3,0,0,0,0,0,1,0.0
B65-ADV-045,6.5,adv-disadv,globalization-work,writing9.com,D-auto,246,4,20.5,3.227486121839514,0.0,0.75,0.08333333333333333,0.16666666666666666,0.8130081300813008,4.065040650406504,4,0.8130081300813008,3.658536585365854,3,0.6518987341772152,0.46747967479674796,0.13291139240506328,0.008130081300813009,0.5238095238095238,3,0,0,0,0,0,0,1,0.4065040650406504
B65-ADV-046,6.5,adv-disadv,education,writing9.com,D-auto,268,4,67,15.411035007422441,1.0,0.0,0.0,1.0,5.597014925373134,3.3582089552238807,5,1.492537313432836,8.955223880597014,4,0.6906474820143885,0.2798507462686567,0.07194244604316546,0.041044776119402986,0.5333333333333333,2,2,0,1,8,0,0,2,0.373134328358209
B65-ADV-047,6.5,adv-disadv,environment,writing9.com,D-auto,285,4,20.357142857142858,6.574921431981883,0.21428571428571427,0.2857142857142857,0.14285714285714285,0.5714285714285714,3.508771929824561,5.614035087719298,5,0.7017543859649122,7.719298245614035,8,0.6811594202898551,0.22807017543859648,0.07971014492753623,0.007017543859649123,0.6842105263157895,10,2,0,0,0,0,0,4,3.508771929824561
B65-ADV-048,6.5,adv-disadv,health,writing9.com,D-auto,365,4,21.470588235294116,5.281684747467071,0.29411764705882354,0.47058823529411764,0.11764705882352941,0.4117647058823529,1.917808219178082,2.73972602739726,6,0.821917808219178,2.4657534246575343,4,0.7,0.4602739726027397,0.10416666666666667,0.06301369863013699,0.4166666666666667,2,1,0,0,0,0,0,0,0.0
B65-ADV-049,6.5,adv-disadv,social,writing9.com,D-auto,280,4,18.666666666666668,6.084588911522472,0.13333333333333333,0.6,0.06666666666666667,0.3333333333333333,1.7857142857142858,3.9285714285714284,5,1.7857142857142858,8.214285714285714,7,0.7397260273972602,0.26785714285714285,0.07534246575342465,0.0035714285714285713,0.5625,1,3,0,2,3,0,0,4,0.7142857142857143
B65-ADV-050,6.5,adv-disadv,technology,writing9.com,D-auto,338,4,19.88235294117647,5.9099353329912505,0.11764705882352941,0.4117647058823529,0.29411764705882354,0.29411764705882354,1.7751479289940828,2.366863905325444,5,0.8875739644970414,5.029585798816568,5,0.7361111111111112,0.4822485207100592,0.08796296296296297,0.020710059171597635,0.5555555555555556,0,2,0,0,0,0,0,0,0.591715976331361
B65-ADV-052,6.5,adv-disadv,social,writing9.com,D-auto,267,4,17.8,6.594947561075322,0.13333333333333333,0.6,0.0,0.4,2.9962546816479403,4.868913857677903,6,2.247191011235955,4.119850187265918,2,0.6811594202898551,0.31086142322097376,0.021739130434782608,0.0,0.8148148148148148,1,2,1,0,0,0,0,10,3.745318352059925
B65-ADV-054,6.5,adv-disadv,technology,writing9.com,D-auto,379,4,18.95,8.817454281140334,0.15,0.4,0.05,0.55,3.6939313984168867,3.430079155672823,5,0.2638522427440633,4.485488126649076,3,0.8151658767772512,0.33509234828496043,0.09004739336492891,0.002638522427440633,0.6923076923076923,4,4,0,0,0,0,0,2,0.0
B65-ADV-055,6.5,adv-disadv,globalization-work,writing9.com,D-auto,290,9,16.11111111111111,3.510126444206959,0.05555555555555555,0.5555555555555556,0.0,0.4444444444444444,3.4482758620689653,3.793103448275862,5,0.3448275862068966,6.206896551724138,4,0.6028368794326241,0.24482758620689654,0.09929078014184398,0.03103448275862069,0.8823529411764706,2,4,0,2,3,0,0,2,0.0
B65-DIS-001,6.5,discussion,social,ieltswritingcorrectionservice.com,A-examiner,270,1,16.875,4.807221130757353,0.0,0.4375,0.25,0.3125,3.3333333333333335,2.962962962962963,4,0.7407407407407407,5.185185185185185,4,0.6598639455782312,0.26666666666666666,0.04081632653061224,0.0,0.8076923076923077,1,3,1,1,3,0,1,10,0.0
B65-DIS-002,6.5,discussion,environment,ieltswritingcorrectionservice.com,A-examiner,263,1,21.916666666666668,7.847062436917963,0.25,0.25,0.3333333333333333,0.4166666666666667,4.182509505703422,1.9011406844106464,3,0.7604562737642585,7.604562737642586,7,0.8142857142857143,0.3155893536121673,0.02857142857142857,0.0,0.7916666666666666,0,3,0,0,0,0,1,3,1.1406844106463878
B65-DIS-003,6.5,discussion,environment,cdieltsprep.com,B-teacher,261,4,18.642857142857142,6.618233934227716,0.21428571428571427,0.35714285714285715,0.2857142857142857,0.35714285714285715,2.2988505747126435,4.21455938697318,4,2.2988505747126435,5.363984674329502,4,0.7241379310344828,0.2260536398467433,0.02586206896551724,0.0038314176245210726,0.6,3,0,0,0,0,0,1,3,1.9157088122605364
B65-DIS-004,6.5,discussion,technology,ieltswritingcorrectionservice.com,A-examiner,288,1,18,3.9370039370059056,0.0625,0.125,0.3125,0.5625,4.166666666666667,3.4722222222222223,4,1.0416666666666667,6.944444444444445,6,0.6233766233766234,0.2569444444444444,0.03896103896103896,0.0,0.782608695652174,5,2,1,0,0,0,1,9,0.6944444444444444
B65-DIS-005,6.5,discussion,culture,cdieltsprep.com,B-teacher,265,4,17.666666666666668,5.861361237422204,0.06666666666666667,0.3333333333333333,0.13333333333333333,0.5333333333333333,3.3962264150943398,5.660377358490566,4,1.509433962264151,6.037735849056604,3,0.7280701754385965,0.2490566037735849,0.02631578947368421,0.0037735849056603774,0.5925925925925926,5,0,0,0,9,0,1,4,0.0
B65-DIS-006,6.5,discussion,social,writing9.com,D-auto,256,4,64,51.570340313013254,0.5,0.5,0.0,0.5,3.125,5.46875,6,1.953125,7.03125,3,0.8442622950819673,0.265625,0.06557377049180328,0.04296875,0.5357142857142857,3,1,0,1,5,0,0,2,0.0
B65-DIS-007,6.5,discussion,social,cdieltsprep.com,B-teacher,299,5,19.933333333333334,5.591263025669801,0.26666666666666666,0.4,0.3333333333333333,0.26666666666666666,1.6722408026755853,4.682274247491639,6,2.0066889632107023,5.68561872909699,5,0.6642335766423357,0.2140468227424749,0.043795620437956206,0.006688963210702341,0.8108108108108109,2,3,0,0,0,0,0,8,0.0
B65-DIS-009,6.5,discussion,social,writing9.com,D-auto,347,5,18.263157894736842,6.094364137317949,0.10526315789473684,0.47368421052631576,0.05263157894736842,0.47368421052631576,4.322766570605188,3.7463976945244957,5,0.8645533141210374,6.628242074927954,3,0.678391959798995,0.39481268011527376,0.10552763819095477,0.0,0.42424242424242425,5,2,0,0,0,0,0,5,0.0
B65-DIS-010,6.5,discussion,globalization-work,cdieltsprep.com,B-teacher,251,4,16.733333333333334,6.1586434292698655,0.06666666666666667,0.4666666666666667,0.26666666666666666,0.26666666666666666,2.7888446215139444,5.577689243027889,5,2.3904382470119523,7.968127490039841,4,0.7383177570093458,0.19123505976095617,0.06542056074766354,0.00796812749003984,0.48148148148148145,3,0,0,0,0,0,1,1,0.0
B65-DIS-012,6.5,discussion,globalization-work,writing9.com,D-auto,308,5,19.25,3.6827299656640586,0.0625,0.25,0.25,0.5,3.5714285714285716,2.9220779220779223,5,1.2987012987012987,7.467532467532467,16,0.6823529411764706,0.37337662337662336,0.041176470588235294,0.006493506493506494,0.7894736842105263,2,2,0,0,0,0,1,11,1.6233766233766234
B65-DIS-013,6.5,discussion,culture,cdieltsprep.com,B-teacher,268,4,19.142857142857142,7.039248568431383,0.21428571428571427,0.21428571428571427,0.2857142857142857,0.5,2.985074626865672,3.3582089552238807,3,1.8656716417910448,9.701492537313433,10,0.7407407407407407,0.19776119402985073,0.018518518518518517,0.011194029850746268,0.56,0,0,0,0,2,0,1,6,0.373134328358209
B65-DIS-014,6.5,discussion,media,cdieltsprep.com,B-teacher,261,4,18.642857142857142,5.419635502466179,0.07142857142857142,0.35714285714285715,0.21428571428571427,0.42857142857142855,2.681992337164751,4.21455938697318,5,1.5325670498084292,6.130268199233717,6,0.6695652173913044,0.1532567049808429,0.06086956521739131,0.007662835249042145,0.6153846153846154,2,1,0,0,0,0,1,8,2.2988505747126435
B65-DIS-015,6.5,discussion,media,writing9.com,D-auto,290,4,16.11111111111111,8.177807970958755,0.1111111111111111,0.5,0.16666666666666666,0.3333333333333333,2.413793103448276,2.0689655172413794,4,0.6896551724137931,8.275862068965518,8,0.7337278106508875,0.33793103448275863,0.07100591715976332,0.05862068965517241,0.6,2,1,0,0,0,0,1,2,0.0
B65-DIS-016,6.5,discussion,media,cdieltsprep.com,B-teacher,288,4,19.2,5.467479614350046,0.13333333333333333,0.2,0.2,0.6,4.166666666666667,4.513888888888889,4,1.0416666666666667,11.458333333333334,9,0.676923076923077,0.1736111111111111,0.06153846153846154,0.006944444444444444,0.8461538461538461,6,3,0,0,0,0,1,12,0.3472222222222222
B65-DIS-017,6.5,discussion,education,writing9.com,D-auto,315,5,16.57894736842105,4.637555951981198,0.05263157894736842,0.5263157894736842,0.0,0.47368421052631576,3.1746031746031744,3.1746031746031744,4,0.31746031746031744,6.666666666666667,6,0.6703296703296703,0.4253968253968254,0.09340659340659341,0.006349206349206349,0.47619047619047616,3,1,0,0,0,0,0,1,1.5873015873015872
B65-DIS-018,6.5,discussion,environment,writing9.com,D-auto,257,4,15.117647058823529,6.076786621244686,0.058823529411764705,0.5294117647058824,0.0,0.47058823529411764,5.447470817120623,4.669260700389105,5,1.556420233463035,7.003891050583658,6,0.803030303030303,0.3540856031128405,0.12121212121212122,0.03501945525291829,0.47058823529411764,4,2,0,0,0,0,0,0,0.0
B65-DIS-019,6.5,discussion,education,cdieltsprep.com,B-teacher,259,4,17.266666666666666,5.2973788067517145,0.0,0.26666666666666666,0.3333333333333333,0.4,2.3166023166023164,4.2471042471042475,5,1.9305019305019304,5.019305019305019,5,0.6754385964912281,0.2277992277992278,0.0,0.007722007722007722,0.5652173913043478,2,0,0,0,0,0,0,2,0.0
B65-DIS-020,6.5,discussion,education,writing9.com,D-auto,407,5,22.61111111111111,5.841792807852444,0.3333333333333333,0.3888888888888889,0.05555555555555555,0.5555555555555556,3.9312039312039313,3.9312039312039313,6,1.4742014742014742,9.336609336609337,15,0.6111111111111112,0.3538083538083538,0.06481481481481481,0.0,0.7222222222222222,3,3,0,0,0,0,0,1,0.4914004914004914
B65-DIS-021,6.5,discussion,social,writing9.com,D-auto,341,4,20.058823529411764,5.795237276117794,0.11764705882352941,0.47058823529411764,0.23529411764705882,0.29411764705882354,1.7595307917888563,4.105571847507331,5,1.7595307917888563,11.143695014662757,8,0.6611111111111111,0.2844574780058651,0.03888888888888889,0.02346041055718475,0.5714285714285714,4,2,0,1,2,0,0,0,0.0
B65-DIS-023,6.5,discussion,media,writing9.com,D-auto,363,5,22.6875,8.266791623719568,0.375,0.375,0.25,0.375,2.7548209366391183,2.7548209366391183,5,1.3774104683195592,6.6115702479338845,8,0.8368421052631579,0.29201101928374656,0.04736842105263158,0.06887052341597796,0.27586206896551724,4,4,1,2,7,1,0,1,0.0
B65-DIS-024,6.5,discussion,environment,writing9.com,D-auto,325,4,18.055555555555557,8.396244016240054,0.2222222222222222,0.3888888888888889,0.2222222222222222,0.3888888888888889,3.076923076923077,3.6923076923076925,4,1.5384615384615385,6.461538461538462,2,0.7006802721088435,0.19692307692307692,0.034013605442176874,0.024615384615384615,0.6428571428571429,0,5,0,0,0,0,1,1,0.0
B65-DIS-025,6.5,discussion,media,writing9.com,D-auto,260,5,14.444444444444445,4.179609527512007,0.0,0.5555555555555556,0.1111111111111111,0.3333333333333333,3.076923076923077,4.230769230769231,4,1.5384615384615385,7.3076923076923075,5,0.5869565217391305,0.2923076923076923,0.007246376811594203,0.015384615384615385,0.84,1,5,0,0,0,0,1,11,0.0
B65-DIS-026,6.5,discussion,globalization-work,writing9.com,D-auto,286,5,17.875,5.2544623892459255,0.0625,0.4375,0.0625,0.5,3.4965034965034967,3.8461538461538463,4,1.3986013986013985,6.293706293706293,6,0.8227848101265823,0.2902097902097902,0.056962025316455694,0.01048951048951049,0.7619047619047619,3,4,0,0,0,0,0,7,0.34965034965034963
B65-DIS-027,6.5,discussion,education,writing9.com,D-auto,339,4,19.941176470588236,5.630490400074288,0.23529411764705882,0.4117647058823529,0.23529411764705882,0.35294117647058826,2.359882005899705,4.129793510324483,6,1.1799410029498525,7.964601769911504,5,0.6666666666666666,0.3008849557522124,0.026881720430107527,0.0,0.6086956521739131,3,3,0,1,1,0,1,5,0.0
B65-DIS-028,6.5,discussion,technology,writing9.com,D-auto,250,4,16.666666666666668,4.044200236827494,0.0,0.4666666666666667,0.26666666666666666,0.26666666666666666,2.0,4.8,5,2.0,5.6,4,0.7279411764705882,0.208,0.007352941176470588,0.008,0.64,1,3,0,0,0,0,0,1,0.8
B65-DIS-031,6.5,discussion,technology,writing9.com,D-auto,257,4,18.357142857142858,5.1493015179195885,0.07142857142857142,0.42857142857142855,0.07142857142857142,0.5,4.669260700389105,5.058365758754864,5,1.1673151750972763,7.782101167315175,7,0.5985401459854015,0.26848249027237353,0.1386861313868613,0.0,0.6818181818181818,6,1,0,0,10,0,0,7,0.0
B65-DIS-032,6.5,discussion,social,writing9.com,D-auto,254,4,16.933333333333334,6.191032941996746,0.13333333333333333,0.4,0.26666666666666666,0.3333333333333333,2.3622047244094486,2.7559055118110236,5,1.1811023622047243,8.26771653543307,7,0.7863247863247863,0.17716535433070865,0.042735042735042736,0.011811023622047244,0.6842105263157895,2,1,1,0,0,0,1,4,0.0
B65-DIS-033,6.5,discussion,education,writing9.com,D-auto,306,4,20.4,5.919459434779497,0.06666666666666667,0.2,0.13333333333333333,0.6666666666666666,5.228758169934641,3.9215686274509802,5,1.3071895424836601,7.189542483660131,6,0.6842105263157895,0.35294117647058826,0.07017543859649122,0.0032679738562091504,0.7916666666666666,5,2,0,0,0,0,1,4,1.3071895424836601
B65-DIS-034,6.5,discussion,technology,writing9.com,D-auto,258,5,17.2,6.48279774994305,0.0,0.3333333333333333,0.2,0.4666666666666667,3.875968992248062,5.813953488372093,5,0.7751937984496124,8.527131782945736,6,0.6956521739130435,0.313953488372093,0.043478260869565216,0.01937984496124031,0.4074074074074074,6,4,0,0,0,0,0,5,0.3875968992248062
B65-DIS-037,6.5,discussion,social,writing9.com,D-auto,353,5,23.533333333333335,9.372773809758181,0.26666666666666666,0.2,0.13333333333333333,0.6666666666666666,3.3994334277620397,4.2492917847025495,5,1.4164305949008498,7.932011331444759,5,0.5672514619883041,0.23229461756373937,0.05847953216374269,0.0084985835694051,0.5333333333333333,2,4,0,0,0,0,0,12,0.0
B65-DIS-038,6.5,discussion,health,writing9.com,D-auto,273,4,22.75,5.2934708210524155,0.25,0.4166666666666667,0.0,0.5833333333333334,2.5641025641025643,5.128205128205129,4,1.8315018315018314,2.93040293040293,4,0.6627906976744186,0.3882783882783883,0.06395348837209303,0.0,0.48,0,3,0,0,0,0,0,4,4.029304029304029
B65-DIS-040,6.5,discussion,health,writing9.com,D-auto,313,4,18.41176470588235,5.2024747903893465,0.17647058823529413,0.6470588235294118,0.058823529411764705,0.29411764705882354,2.5559105431309903,4.792332268370607,5,0.9584664536741214,7.348242811501597,5,0.6741573033707865,0.33226837060702874,0.0898876404494382,0.009584664536741214,0.5416666666666666,3,7,0,0,0,0,0,6,0.0
B65-DIS-041,6.5,discussion,education,writing9.com,D-auto,309,4,25.75,7.417602937157889,0.4166666666666667,0.4166666666666667,0.0,0.5833333333333334,3.236245954692557,4.207119741100324,5,1.2944983818770226,4.854368932038835,6,0.6932515337423313,0.313915857605178,0.10429447852760736,0.019417475728155338,0.6842105263157895,2,5,0,0,0,0,0,4,0.0
B65-DIS-042,6.5,discussion,education,writing9.com,D-auto,282,4,23.5,7.4888806462203235,0.25,0.25,0.08333333333333333,0.6666666666666666,3.5460992907801416,3.5460992907801416,5,0.3546099290780142,3.5460992907801416,3,0.559748427672956,0.33687943262411346,0.050314465408805034,0.0070921985815602835,0.7894736842105263,5,2,0,0,0,0,0,1,0.3546099290780142
B65-DIS-043,6.5,discussion,social,writing9.com,D-auto,237,4,15.8,5.923962637739483,0.0,0.4,0.06666666666666667,0.5333333333333333,6.329113924050633,5.9071729957805905,4,1.2658227848101267,8.860759493670885,4,0.6198347107438017,0.27848101265822783,0.06611570247933884,0.0,0.5,6,2,0,0,0,0,1,4,0.4219409282700422
B65-DIS-044,6.5,discussion,culture,writing9.com,D-auto,263,4,12.523809523809524,3.2310848483214047,0.0,0.42857142857142855,0.23809523809523808,0.3333333333333333,4.182509505703422,4.182509505703422,5,0.38022813688212925,6.844106463878327,5,0.4855072463768116,0.20152091254752852,0.0,0.0,0.875,6,2,1,0,0,0,0,4,0.0
B65-DIS-045,6.5,discussion,education,writing9.com,D-auto,329,4,20.5625,6.679902226080858,0.25,0.25,0.125,0.625,3.6474164133738602,2.127659574468085,4,0.9118541033434651,9.118541033434651,13,0.7633136094674556,0.2796352583586626,0.0650887573964497,0.0,0.8,0,1,0,0,0,0,1,2,0.9118541033434651
B65-DIS-046,6.5,discussion,education,writing9.com,D-auto,275,4,12.5,3.2578576340344223,0.0,0.4090909090909091,0.22727272727272727,0.36363636363636365,4.0,3.6363636363636362,4,0.36363636363636365,5.454545454545454,3,0.5185185185185185,0.2290909090909091,0.0,0.0,0.6551724137931034,5,2,0,0,0,0,0,4,0.0
B65-DIS-048,6.5,discussion,health,writing9.com,D-auto,273,4,21,7.027418828034614,0.23076923076923078,0.38461538461538464,0.38461538461538464,0.23076923076923078,2.5641025641025643,2.93040293040293,3,0.3663003663003663,7.6923076923076925,10,0.6470588235294118,0.2673992673992674,0.026143790849673203,0.007326007326007326,0.48,3,3,0,0,0,0,0,1,0.3663003663003663
B65-DIS-049,6.5,discussion,social,writing9.com,D-auto,413,4,24.294117647058822,4.737394492164914,0.47058823529411764,0.35294117647058826,0.11764705882352941,0.5294117647058824,3.87409200968523,3.389830508474576,5,0.7263922518159807,4.600484261501211,8,0.6947791164658634,0.43341404358353514,0.07630522088353414,0.009685230024213076,0.47619047619047616,7,1,0,0,0,0,0,4,0.7263922518159807
B65-DIS-050,6.5,discussion,education,writing9.com,D-auto,285,4,23.75,5.494315243958978,0.4166666666666667,0.25,0.08333333333333333,0.6666666666666666,3.8596491228070176,3.8596491228070176,4,1.7543859649122806,4.2105263157894735,5,0.798941798941799,0.4421052631578947,0.08994708994708994,0.007017543859649123,0.4444444444444444,3,0,0,0,0,0,0,1,0.3508771929824561
B65-DIS-052,6.5,discussion,education,ieltswritingcorrectionservice.com,A-examiner,269,4,19.214285714285715,4.67788980858084,0.14285714285714285,0.14285714285714285,0.21428571428571427,0.6428571428571429,3.717472118959108,4.089219330855019,6,1.486988847583643,9.66542750929368,5,0.708029197080292,0.30111524163568776,0.06569343065693431,0.0,0.9130434782608695,1,1,0,0,0,0,0,3,0.0
B65-OP-001,6.5,opinion,education,writing9.com,D-auto,338,4,21.125,5.12195031213697,0.1875,0.1875,0.3125,0.5,3.2544378698224854,3.5502958579881656,5,0.8875739644970414,6.21301775147929,9,0.7650273224043715,0.35798816568047337,0.04371584699453552,0.01775147928994083,0.7391304347826086,7,3,1,2,2,1,0,1,0.2958579881656805
B65-OP-002,6.5,opinion,health,ieltswritingcorrectionservice.com,A-examiner,270,1,20.76923076923077,4.963774093815901,0.3076923076923077,0.46153846153846156,0.07692307692307693,0.46153846153846156,2.962962962962963,2.962962962962963,5,1.4814814814814814,8.518518518518519,5,0.7465753424657534,0.2777777777777778,0.0821917808219178,0.0,0.7857142857142857,1,1,0,0,0,0,0,7,1.1111111111111112
B65-OP-004,6.5,opinion,technology,writing9.com,D-auto,290,4,19.333333333333332,6.051629716218782,0.26666666666666666,0.4,0.0,0.6,3.103448275862069,4.482758620689655,5,0.6896551724137931,13.10344827586207,15,0.5379310344827586,0.2517241379310345,0.027586206896551724,0.0,0.875,8,2,1,0,0,0,0,0,2.0689655172413794
B65-OP-006,6.5,opinion,government,writing9.com,D-auto,259,4,23.545454545454547,12.108326484198132,0.2727272727272727,0.2727272727272727,0.0,0.7272727272727273,3.861003861003861,2.3166023166023164,4,1.5444015444015444,6.177606177606178,6,0.8984375,0.25096525096525096,0.0703125,0.03088803088803089,0.42857142857142855,1,3,0,0,2,0,0,4,0.0
B65-OP-007,6.5,opinion,education,writing9.com,D-auto,284,4,21.846153846153847,4.520826232281573,0.23076923076923078,0.3076923076923077,0.15384615384615385,0.5384615384615384,2.816901408450704,4.929577464788732,5,0.704225352112676,6.338028169014085,7,0.7551020408163265,0.3732394366197183,0.07482993197278912,0.0035211267605633804,0.75,6,1,0,0,0,0,1,0,1.056338028169014
B65-OP-009,6.5,opinion,culture,writing9.com,D-auto,317,5,18.647058823529413,6.077356008607964,0.17647058823529413,0.47058823529411764,0.11764705882352941,0.4117647058823529,2.8391167192429023,4.100946372239748,5,0.6309148264984227,5.993690851735016,5,0.7388888888888889,0.4195583596214511,0.05555555555555555,0.012618296529968454,0.46153846153846156,4,3,0,2,10,0,0,4,0.31545741324921134
B65-OP-014,6.5,opinion,social,writing9.com,D-auto,252,4,21,4.377975178854566,0.16666666666666666,0.3333333333333333,0.16666666666666666,0.5,2.7777777777777777,2.380952380952381,4,0.3968253968253968,5.9523809523809526,5,0.751937984496124,0.23809523809523808,0.03875968992248062,0.015873015873015872,0.5,2,1,0,0,0,0,0,2,0.0
B65-OP-015,6.5,opinion,social,writing9.com,D-auto,314,4,24.153846153846153,4.9744911428383825,0.46153846153846156,0.23076923076923078,0.07692307692307693,0.6923076923076923,3.5031847133757963,2.229299363057325,4,0.6369426751592356,6.369426751592357,5,0.798941798941799,0.28662420382165604,0.0582010582010582,0.028662420382165606,0.4666666666666667,3,2,0,1,4,0,0,4,1.2738853503184713
B65-OP-016,6.5,two-part,social,writing9.com,D-auto,419,6,19.045454545454547,6.588400776621625,0.18181818181818182,0.45454545454545453,0.13636363636363635,0.4090909090909091,2.1479713603818618,2.863961813842482,4,0.7159904534606205,4.2959427207637235,6,0.8,0.3054892601431981,0.07916666666666666,0.03341288782816229,0.6666666666666666,0,3,0,1,3,0,0,3,0.477326968973747
B65-OP-017,6.5,opinion,government,cdieltsprep.com,B-teacher,257,4,19.76923076923077,7.846153846153846,0.07692307692307693,0.15384615384615385,0.23076923076923078,0.6153846153846154,3.501945525291829,4.280155642023346,4,1.556420233463035,7.782101167315175,8,0.7747747747747747,0.19455252918287938,0.02702702702702703,0.0,0.7368421052631579,2,0,0,0,1,0,0,2,0.38910505836575876
B65-OP-018,6.5,opinion,social,writing9.com,D-auto,251,5,17.928571428571427,5.147319492627563,0.07142857142857142,0.42857142857142855,0.07142857142857142,0.5,3.585657370517928,3.585657370517928,5,1.1952191235059761,8.366533864541832,5,0.7828947368421053,0.3466135458167331,0.046052631578947366,0.00398406374501992,0.75,6,1,0,0,0,0,0,0,0.0
B65-OP-019,6.5,opinion,social,writing9.com,D-auto,311,4,20.733333333333334,8.955197125443725,0.3333333333333333,0.6666666666666666,0.06666666666666667,0.26666666666666666,1.9292604501607717,2.8938906752411575,5,0.6430868167202572,6.430868167202572,6,0.7611111111111111,0.3954983922829582,0.1,0.022508038585209004,0.65,4,3,0,0,1,0,0,8,0.0
B65-OP-020,6.5,opinion,media,cdieltsprep.com,B-teacher,259,4,19.923076923076923,9.579316969881905,0.23076923076923078,0.3076923076923077,0.15384615384615385,0.5384615384615384,3.088803088803089,5.019305019305019,6,1.5444015444015444,7.722007722007722,5,0.7,0.1969111969111969,0.02727272727272727,0.007722007722007722,0.7272727272727273,3,2,0,0,0,0,0,4,0.0
B65-OP-021,6.5,opinion,culture,writing9.com,D-auto,284,5,17.75,5.4715171570598224,0.125,0.4375,0.0625,0.5,3.8732394366197185,4.929577464788732,6,1.056338028169014,5.985915492957746,3,0.6766467065868264,0.39436619718309857,0.05389221556886228,0.0,0.5,5,2,0,0,0,0,0,6,0.0
B65-OP-022,6.5,opinion,social,writing9.com,D-auto,280,4,16.470588235294116,4.983710489405913,0.058823529411764705,0.47058823529411764,0.11764705882352941,0.4117647058823529,2.857142857142857,3.2142857142857144,5,0.7142857142857143,8.928571428571429,6,0.6442953020134228,0.18571428571428572,0.026845637583892617,0.007142857142857143,0.875,1,5,0,0,0,0,0,7,0.0
B65-OP-023,6.5,opinion,education,cdieltsprep.com,B-teacher,279,4,21.46153846153846,9.49992214231565,0.38461538461538464,0.23076923076923078,0.15384615384615385,0.6153846153846154,3.942652329749104,6.451612903225806,6,1.4336917562724014,6.810035842293907,10,0.6446280991735537,0.23655913978494625,0.06611570247933884,0.0,0.5333333333333333,3,2,0,0,0,0,0,0,0.0
B65-OP-025,6.5,opinion,crime,cdieltsprep.com,B-teacher,253,5,19.46153846153846,7.291885739171733,0.23076923076923078,0.15384615384615385,0.38461538461538464,0.46153846153846156,3.5573122529644268,5.533596837944664,6,1.1857707509881423,3.952569169960474,3,0.794392523364486,0.2015810276679842,0.04672897196261682,0.011857707509881422,0.5882352941176471,4,1,0,0,0,0,0,3,0.0
B65-OP-026,6.5,opinion,education,writing9.com,D-auto,278,4,17.375,5.764926278800103,0.125,0.4375,0.0625,0.5,3.597122302158273,3.9568345323741005,5,0.3597122302158273,11.151079136690647,8,0.7388535031847133,0.32014388489208634,0.05732484076433121,0.0035971223021582736,0.5416666666666666,6,2,0,0,0,0,0,8,0.0
B65-OP-027,6.5,opinion,health,cdieltsprep.com,B-teacher,266,5,20.46153846153846,7.291885739171733,0.15384615384615385,0.3076923076923077,0.15384615384615385,0.5384615384615384,4.135338345864661,4.135338345864661,6,1.5037593984962405,6.390977443609023,4,0.6554621848739496,0.21052631578947367,0.0,0.0,0.47368421052631576,3,1,0,0,0,0,0,5,0.37593984962406013
B65-OP-028,6.5,opinion,globalization-work,writing9.com,D-auto,253,4,16.866666666666667,4.937835783237655,0.0,0.26666666666666666,0.06666666666666667,0.6666666666666666,5.138339920948616,5.138339920948616,5,0.7905138339920948,8.695652173913043,6,0.5310344827586206,0.3557312252964427,0.013793103448275862,0.011857707509881422,0.8823529411764706,8,2,1,0,0,0,0,2,0.0
B65-OP-029,6.5,opinion,environment,cdieltsprep.com,B-teacher,262,4,20.153846153846153,8.226095006335292,0.23076923076923078,0.15384615384615385,0.07692307692307693,0.7692307692307693,4.961832061068702,6.870229007633588,6,1.5267175572519085,9.541984732824428,12,0.6880733944954128,0.22900763358778625,0.01834862385321101,0.0,0.3684210526315789,4,1,0,0,0,0,0,4,0.3816793893129771
B65-OP-030,6.5,opinion,social,cdieltsprep.com,B-teacher,269,5,16.8125,7.666638360454992,0.125,0.375,0.3125,0.3125,2.2304832713754648,4.089219330855019,6,1.486988847583643,4.089219330855019,4,0.7391304347826086,0.17100371747211895,0.008695652173913044,0.0037174721189591076,0.6153846153846154,3,1,0,0,1,0,0,8,0.7434944237918215
B65-OP-033,6.5,opinion,health,writing9.com,D-auto,298,4,21.285714285714285,7.795864942652716,0.2857142857142857,0.2857142857142857,0.14285714285714285,0.5714285714285714,3.3557046979865772,6.040268456375839,5,1.342281879194631,4.697986577181208,3,0.7152317880794702,0.2214765100671141,0.052980132450331126,0.0436241610738255,0.6956521739130435,10,3,0,1,2,0,0,2,0.33557046979865773
B65-OP-034,6.5,opinion,media,cdieltsprep.com,B-teacher,259,5,18.5,6.790224065312047,0.07142857142857142,0.35714285714285715,0.07142857142857142,0.5714285714285714,3.474903474903475,3.474903474903475,5,1.5444015444015444,7.722007722007722,6,0.7339449541284404,0.2084942084942085,0.0,0.003861003861003861,0.6363636363636364,5,0,0,0,0,0,0,1,0.0
B65-OP-035,6.5,opinion,technology,cdieltsprep.com,B-teacher,250,4,19.23076923076923,7.846153846153846,0.15384615384615385,0.15384615384615385,0.3076923076923077,0.5384615384615384,4.0,6.0,6,2.0,9.2,9,0.6915887850467289,0.212,0.009345794392523364,0.0,0.6363636363636364,4,2,0,0,0,0,0,2,0.0
B65-OP-036,6.5,opinion,social,writing9.com,D-auto,318,4,19.875,5.6995065575889985,0.1875,0.5625,0.125,0.3125,1.5723270440251573,5.031446540880503,6,0.31446540880503143,4.716981132075472,5,0.6217616580310881,0.2893081761006289,0.09326424870466321,0.0,0.8333333333333334,6,2,0,0,0,0,0,9,0.9433962264150944
B65-OP-038,6.5,opinion,education,cdieltsprep.com,B-teacher,265,4,18.928571428571427,9.698779641306025,0.14285714285714285,0.35714285714285715,0.35714285714285715,0.2857142857142857,1.8867924528301887,4.528301886792453,5,1.509433962264151,6.037735849056604,3,0.6822429906542056,0.1811320754716981,0.009345794392523364,0.018867924528301886,0.6428571428571429,1,0,0,0,0,0,0,2,0.0
B65-OP-039,6.5,opinion,culture,writing9.com,D-auto,269,4,20.692307692307693,4.777907739467549,0.23076923076923078,0.38461538461538464,0.07692307692307693,0.5384615384615384,3.345724907063197,4.83271375464684,5,0.7434944237918215,5.5762081784386615,10,0.7361111111111112,0.27137546468401486,0.0763888888888889,0.03345724907063197,0.5,5,3,0,2,4,0,0,4,0.0
B65-OP-040,6.5,opinion,social,writing9.com,D-auto,259,4,17.266666666666666,6.016274225428521,0.13333333333333333,0.3333333333333333,0.06666666666666667,0.6,3.474903474903475,5.405405405405405,5,0.7722007722007722,5.7915057915057915,4,0.5228758169934641,0.2972972972972973,0.058823529411764705,0.0,0.8695652173913043,8,3,1,0,0,0,0,9,0.0
B65-OP-041,6.5,opinion,globalization-work,writing9.com,D-auto,257,4,25.7,11.225417586887358,0.4,0.2,0.2,0.6,3.11284046692607,3.8910505836575875,5,1.1673151750972763,10.894941634241246,7,0.6388888888888888,0.3540856031128405,0.09722222222222222,0.0311284046692607,0.8125,3,2,0,1,4,0,0,3,0.38910505836575876
B65-OP-042,6.5,opinion,social,writing9.com,D-auto,264,4,18.857142857142858,4.469853670617718,0.07142857142857142,0.35714285714285715,0.21428571428571427,0.42857142857142855,2.272727272727273,3.787878787878788,5,0.3787878787878788,14.015151515151516,14,0.8264462809917356,0.2196969696969697,0.06611570247933884,0.01893939393939394,0.6111111111111112,5,1,0,0,0,0,0,0,0.0
B65-OP-043,6.5,opinion,media,writing9.com,D-auto,382,4,23.875,12.737125853189957,0.1875,0.3125,0.0625,0.625,3.6649214659685865,3.141361256544503,5,0.5235602094240838,9.947643979057592,16,0.7301587301587301,0.2670157068062827,0.0582010582010582,0.02356020942408377,0.625,6,2,1,1,1,0,0,8,0.0
B65-OP-044,6.5,two-part,media,writing9.com,D-auto,313,5,18.41176470588235,6.800162831349847,0.058823529411764705,0.4117647058823529,0.058823529411764705,0.5294117647058824,3.194888178913738,3.194888178913738,4,0.3194888178913738,11.821086261980831,17,0.6628571428571428,0.30670926517571884,0.06857142857142857,0.01597444089456869,0.7692307692307693,3,0,0,0,0,0,0,16,0.0
B65-OP-045,6.5,opinion,globalization-work,writing9.com,D-auto,257,4,19.76923076923077,8.068493769965762,0.23076923076923078,0.38461538461538464,0.07692307692307693,0.5384615384615384,3.501945525291829,5.836575875486381,5,1.556420233463035,9.33852140077821,7,0.6557377049180327,0.1828793774319066,0.09016393442622951,0.023346303501945526,0.42857142857142855,5,3,0,0,0,0,0,3,0.0
B65-OP-046,6.5,opinion,globalization-work,writing9.com,D-auto,316,4,24.307692307692307,11.138185291942001,0.3076923076923077,0.46153846153846156,0.0,0.5384615384615384,4.746835443037975,5.379746835443038,5,0.9493670886075949,7.9113924050632916,3,0.6705202312138728,0.27531645569620256,0.10982658959537572,0.0031645569620253164,0.3181818181818182,6,3,0,3,7,1,0,6,0.0
B65-OP-047,6.5,opinion,health,writing9.com,D-auto,343,4,24.5,8.541913469140606,0.42857142857142855,0.42857142857142855,0.07142857142857142,0.5,3.206997084548105,3.498542274052478,4,0.8746355685131195,4.373177842565598,3,0.743455497382199,0.37317784256559766,0.08900523560209424,0.02040816326530612,0.6153846153846154,4,6,0,1,1,0,0,3,0.0
B65-OP-048,6.5,opinion,globalization-work,writing9.com,D-auto,289,4,22.23076923076923,10.80707635802968,0.3076923076923077,0.3076923076923077,0.0,0.6923076923076923,3.4602076124567476,3.114186851211073,3,0.6920415224913494,9.688581314878892,10,0.6484848484848484,0.4429065743944637,0.07878787878787878,0.0,0.6666666666666666,4,0,0,0,1,0,0,2,0.0
B65-OP-050,6.5,opinion,health,writing9.com,D-auto,254,4,16.933333333333334,5.195724738239657,0.06666666666666667,0.4,0.13333333333333333,0.4666666666666667,3.1496062992125986,3.937007874015748,4,0.3937007874015748,6.299212598425197,4,0.795774647887324,0.2677165354330709,0.04225352112676056,0.015748031496062992,0.5384615384615384,5,1,0,0,0,0,0,6,0.7874015748031497
B65-OP-052,6.5,opinion,globalization-work,writing9.com,D-auto,491,5,18.884615384615383,7.46441261060117,0.23076923076923078,0.6923076923076923,0.038461538461538464,0.2692307692307692,1.8329938900203666,2.443991853360489,3,0.20366598778004075,3.4623217922606924,3,0.8,0.319755600814664,0.08771929824561403,0.05091649694501019,0.6666666666666666,14,2,0,1,6,1,0,2,0.4073319755600815
B65-OP-053,6.5,opinion,media,writing9.com,D-auto,322,5,23,6.6332495807108,0.35714285714285715,0.21428571428571427,0.14285714285714285,0.6428571428571429,3.7267080745341614,5.279503105590062,5,0.6211180124223602,7.453416149068323,7,0.7485380116959064,0.2546583850931677,0.07602339181286549,0.021739130434782608,0.4,11,3,0,1,1,0,0,3,2.1739130434782608
B65-OP-054,6.5,opinion,education,writing9.com,D-auto,311,4,22.214285714285715,5.771587692290217,0.21428571428571427,0.2857142857142857,0.21428571428571427,0.5,2.8938906752411575,2.8938906752411575,4,0.6430868167202572,9.003215434083602,11,0.71875,0.2733118971061093,0.09375,0.00964630225080386,0.5517241379310345,4,3,0,0,0,0,0,1,0.0
B65-OP-055,6.5,opinion,government,writing9.com,D-auto,252,4,16.8,4.48998886412873,0.0,0.3333333333333333,0.0,0.6666666666666666,4.761904761904762,4.365079365079365,4,0.7936507936507936,7.936507936507937,11,0.6214285714285714,0.27380952380952384,0.05,0.0,0.7857142857142857,8,2,1,0,0,0,0,9,1.1904761904761905
B65-OP-056,6.5,opinion,health,writing9.com,D-auto,290,4,18.125,4.456385867493972,0.0,0.4375,0.125,0.4375,2.413793103448276,5.517241379310345,5,2.0689655172413794,3.4482758620689653,3,0.7575757575757576,0.33448275862068966,0.09090909090909091,0.017241379310344827,0.8333333333333334,4,2,0,1,0,1,0,2,1.3793103448275863
B65-OP-057,6.5,opinion,technology,writing9.com,D-auto,263,4,21.916666666666668,9.169317798445471,0.4166666666666667,0.3333333333333333,0.08333333333333333,0.5833333333333334,3.4220532319391634,5.7034220532319395,5,1.9011406844106464,7.984790874524715,12,0.6928104575163399,0.38022813688212925,0.0718954248366013,0.0076045627376425855,0.6956521739130435,5,3,0,0,0,0,0,3,3.4220532319391634
B65-OP-058,6.5,opinion,education,writing9.com,D-auto,359,5,23.933333333333334,6.329472507422891,0.4,0.26666666666666666,0.13333333333333333,0.6,4.456824512534819,3.3426183844011144,5,0.8356545961002786,7.520891364902507,8,0.697560975609756,0.3955431754874652,0.06829268292682927,0.005571030640668524,0.6923076923076923,2,3,0,0,0,0,0,2,2.785515320334262
B65-OP-059,6.5,opinion,technology,writing9.com,D-auto,369,7,24.6,15.30054465261504,0.3333333333333333,0.3333333333333333,0.2,0.4666666666666667,2.9810298102981028,4.607046070460704,5,0.5420054200542005,7.046070460704607,4,0.6612021857923497,0.25203252032520324,0.09289617486338798,0.016260162601626018,0.6153846153846154,7,5,0,1,5,0,2,6,0.5420054200542005
B65-OP-060,6.5,opinion,education,writing9.com,D-auto,252,5,25.2,11.796609682446903,0.4,0.3,0.2,0.5,1.9841269841269842,4.365079365079365,6,0.7936507936507936,9.920634920634921,10,0.8461538461538461,0.25793650793650796,0.07692307692307693,0.003968253968253968,0.6818181818181818,3,1,0,0,0,0,0,1,0.3968253968253968
B65-OP-061,6.5,opinion,technology,writing9.com,D-auto,254,5,14.941176470588236,4.721298279016733,0.058823529411764705,0.35294117647058826,0.11764705882352941,0.5294117647058824,4.330708661417323,6.692913385826771,6,1.1811023622047243,6.299212598425197,5,0.6527777777777778,0.32677165354330706,0.020833333333333332,0.0,0.8181818181818182,5,2,0,0,0,0,0,2,1.1811023622047243
B65-OP-062,6.5,opinion,health,writing9.com,D-auto,287,4,19.133333333333333,6.76132794320432,0.13333333333333333,0.3333333333333333,0.0,0.6666666666666666,3.484320557491289,6.2717770034843205,5,0.6968641114982579,8.710801393728223,7,0.6040268456375839,0.36585365853658536,0.06711409395973154,0.024390243902439025,0.7857142857142857,9,6,1,0,0,0,0,4,0.0
B65-OP-063,6.5,opinion,education,writing9.com,D-auto,291,4,22.384615384615383,8.651709137847687,0.3076923076923077,0.3076923076923077,0.07692307692307693,0.6153846153846154,4.123711340206185,3.7800687285223367,5,0.3436426116838488,8.59106529209622,7,0.7763975155279503,0.32646048109965636,0.06832298136645963,0.003436426116838488,0.6923076923076923,2,3,0,1,1,3,0,2,1.0309278350515463
B65-OP-064,6.5,opinion,education,writing9.com,D-auto,275,4,21.153846153846153,7.969616860264255,0.3076923076923077,0.23076923076923078,0.07692307692307693,0.6923076923076923,5.454545454545454,3.6363636363636362,5,1.0909090909090908,9.818181818181818,13,0.8,0.28,0.044444444444444446,0.0036363636363636364,0.5714285714285714,4,1,0,1,1,12,0,1,1.8181818181818181
B65-OP-065,6.5,opinion,technology,writing9.com,D-auto,285,4,23.75,6.4307205402401575,0.4166666666666667,0.4166666666666667,0.0,0.5833333333333334,3.508771929824561,3.1578947368421053,5,0.3508771929824561,7.368421052631579,7,0.8131868131868132,0.47017543859649125,0.09340659340659341,0.06315789473684211,0.6923076923076923,2,1,0,1,3,0,0,0,0.3508771929824561
B65-OP-066,6.5,opinion,education,writing9.com,D-auto,251,4,22.818181818181817,10.802509656373052,0.36363636363636365,0.45454545454545453,0.0,0.5454545454545454,2.7888446215139444,3.187250996015936,5,1.593625498007968,9.163346613545817,6,0.7723577235772358,0.29880478087649404,0.056910569105691054,0.01593625498007968,0.5555555555555556,2,2,0,0,0,0,0,0,0.0
B65-OP-068,6.5,opinion,environment,writing9.com,D-auto,278,4,19.857142857142858,4.273792943329026,0.07142857142857142,0.2857142857142857,0.07142857142857142,0.6428571428571429,4.316546762589928,5.0359712230215825,5,1.7985611510791366,8.992805755395683,6,0.717948717948718,0.38489208633093525,0.08974358974358974,0.01079136690647482,0.35714285714285715,1,7,0,1,4,0,0,2,1.7985611510791366
B65-OP-069,6.5,opinion,globalization-work,writing9.com,D-auto,248,4,17.714285714285715,6.40790328343023,0.21428571428571427,0.5714285714285714,0.14285714285714285,0.2857142857142857,2.0161290322580645,3.225806451612903,4,1.2096774193548387,8.46774193548387,5,0.6692913385826772,0.2862903225806452,0.047244094488188976,0.004032258064516129,0.8888888888888888,2,2,0,2,4,2,1,0,0.4032258064516129
B65-OP-070,6.5,opinion,globalization-work,writing9.com,D-auto,229,5,16.357142857142858,5.121483362926672,0.07142857142857142,0.42857142857142855,0.14285714285714285,0.42857142857142855,4.366812227074236,4.366812227074236,5,1.3100436681222707,5.676855895196507,2,0.84375,0.34497816593886466,0.09375,0.026200873362445413,0.7333333333333333,0,2,0,1,3,0,0,4,0.0
B65-OP-071,6.5,opinion,education,writing9.com,D-auto,270,4,19.285714285714285,5.921251936017916,0.21428571428571427,0.35714285714285715,0.14285714285714285,0.5,2.962962962962963,4.074074074074074,4,1.1111111111111112,7.407407407407407,6,0.7575757575757576,0.28888888888888886,0.10606060606060606,0.011111111111111112,0.6111111111111112,3,2,0,0,0,0,0,3,1.1111111111111112
B65-OP-072,6.5,opinion,government,writing9.com,D-auto,265,4,24.09090909090909,9.27807332521678,0.36363636363636365,0.18181818181818182,0.36363636363636365,0.45454545454545453,1.8867924528301887,4.90566037735849,5,1.1320754716981132,9.433962264150944,7,0.6846153846153846,0.21509433962264152,0.046153846153846156,0.0037735849056603774,0.5,6,2,0,2,4,2,2,6,0.0
B65-OP-073,6.5,opinion,culture,writing9.com,D-auto,255,5,21.25,8.842369591913696,0.4166666666666667,0.08333333333333333,0.3333333333333333,0.5833333333333334,3.9215686274509802,4.313725490196078,5,0.7843137254901961,6.666666666666667,4,0.7730496453900709,0.3333333333333333,0.06382978723404255,0.01568627450980392,0.6666666666666666,2,3,0,2,2,0,0,0,0.39215686274509803
B65-REP-001,6.5,report,crime,cdieltsprep.com,B-teacher,254,4,18.142857142857142,7.520041250429633,0.14285714285714285,0.35714285714285715,0.2857142857142857,0.35714285714285715,2.7559055118110236,2.7559055118110236,3,0.3937007874015748,6.692913385826771,9,0.8,0.19291338582677164,0.0380952380952381,0.011811023622047244,0.5294117647058824,3,0,0,0,0,0,1,4,0.0
B65-REP-002,6.5,report,social,cdieltsprep.com,B-teacher,274,4,18.266666666666666,7.646059260967196,0.2,0.5333333333333333,0.2,0.26666666666666666,1.4598540145985401,4.37956204379562,6,2.18978102189781,9.124087591240876,5,0.768595041322314,0.19343065693430658,0.05785123966942149,0.0036496350364963502,0.7222222222222222,3,1,0,0,0,0,1,7,0.7299270072992701
B65-REP-004,6.5,report,environment,writing9.com,D-auto,280,4,23.333333333333332,7.5314156851300025,0.5833333333333334,0.25,0.0,0.75,5.0,3.2142857142857144,6,0.35714285714285715,4.642857142857143,2,0.802547770700637,0.3678571428571429,0.07006369426751592,0.02142857142857143,0.6875,4,2,0,0,0,0,0,1,1.0714285714285714
B65-REP-005,6.5,report,crime,cdieltsprep.com,B-teacher,279,4,21.46153846153846,8.025108526612293,0.3076923076923077,0.23076923076923078,0.5384615384615384,0.23076923076923078,1.075268817204301,2.867383512544803,4,2.5089605734767026,7.526881720430108,4,0.6271186440677966,0.17204301075268819,0.0423728813559322,0.007168458781362007,0.3888888888888889,1,0,0,0,0,0,1,6,0.35842293906810035
B65-REP-006,6.5,report,education,cdieltsprep.com,B-teacher,258,5,18.428571428571427,7.770955867976656,0.14285714285714285,0.42857142857142855,0.14285714285714285,0.42857142857142855,2.3255813953488373,3.488372093023256,5,1.550387596899225,5.813953488372093,3,0.7131147540983607,0.27906976744186046,0.01639344262295082,0.0,0.5263157894736842,2,2,0,0,0,0,1,0,0.3875968992248062
B65-REP-008,6.5,report,health,cdieltsprep.com,B-teacher,257,4,18.357142857142858,9.262884022169514,0.14285714285714285,0.5,0.2857142857142857,0.21428571428571427,1.1673151750972763,4.280155642023346,5,2.3346303501945527,8.171206225680933,4,0.7192982456140351,0.22568093385214008,0.008771929824561403,0.0038910505836575876,0.3684210526315789,2,1,0,0,0,0,1,0,0.38910505836575876
B65-REP-009,6.5,report,globalization-work,cdieltsprep.com,B-teacher,279,4,19.928571428571427,5.637429577821612,0.14285714285714285,0.35714285714285715,0.42857142857142855,0.21428571428571427,1.075268817204301,3.5842293906810037,6,2.150537634408602,5.017921146953405,4,0.6854838709677419,0.1827956989247312,0.008064516129032258,0.007168458781362007,0.5,1,2,0,0,0,0,1,4,0.0
B65-REP-010,6.5,report,social,cdieltsprep.com,B-teacher,289,4,22.23076923076923,10.562297580427982,0.46153846153846156,0.23076923076923078,0.6153846153846154,0.15384615384615385,0.6920415224913494,3.8062283737024223,6,2.0761245674740483,6.57439446366782,4,0.6504065040650406,0.17301038062283736,0.056910569105691054,0.0,0.4,4,1,0,0,0,0,1,8,0.6920415224913494
B65-REP-012,6.5,report,health,cdieltsprep.com,B-teacher,265,4,18.928571428571427,9.946027819574763,0.21428571428571427,0.42857142857142855,0.35714285714285715,0.21428571428571427,1.509433962264151,3.7735849056603774,6,2.641509433962264,6.037735849056604,4,0.6535433070866141,0.24528301886792453,0.007874015748031496,0.0,0.43478260869565216,1,1,0,0,0,0,0,3,0.0
B65-REP-013,6.5,report,health,cdieltsprep.com,B-teacher,253,4,18.071428571428573,9.52788603232102,0.21428571428571427,0.42857142857142855,0.2857142857142857,0.2857142857142857,2.3715415019762847,2.766798418972332,4,0.7905138339920948,6.324110671936759,4,0.7981651376146789,0.18972332015810275,0.0,0.007905138339920948,0.8181818181818182,5,1,1,0,0,0,0,2,0.0
B65-REP-014,6.5,report,social,cdieltsprep.com,B-teacher,289,4,18.0625,6.20955664681465,0.0625,0.4375,0.3125,0.25,1.3840830449826989,4.1522491349480966,6,2.0761245674740483,6.920415224913495,5,0.7049180327868853,0.2041522491349481,0.00819672131147541,0.02768166089965398,0.6470588235294118,2,1,0,0,0,0,1,6,0.0
B65-REP-015,6.5,report,technology,cdieltsprep.com,B-teacher,252,4,19.384615384615383,7.731438930043623,0.3076923076923077,0.23076923076923078,0.23076923076923078,0.5384615384615384,3.1746031746031744,2.7777777777777777,3,0.3968253968253968,6.349206349206349,4,0.8,0.14682539682539683,0.08421052631578947,0.0,0.6,3,0,0,0,0,0,0,5,0.0
B65-REP-016,6.5,report,health,writing9.com,D-auto,318,6,15.142857142857142,4.223355856884138,0.0,0.5238095238095238,0.09523809523809523,0.38095238095238093,2.5157232704402515,5.345911949685535,5,0.9433962264150944,5.345911949685535,5,0.6918918918918919,0.33962264150943394,0.03783783783783784,0.0031446540880503146,0.8235294117647058,12,3,0,0,0,0,1,8,1.5723270440251573
B65-REP-018,6.5,two-part,globalization-work,writing9.com,D-auto,260,4,23.636363636363637,9.227160769585009,0.36363636363636365,0.2727272727272727,0.18181818181818182,0.5454545454545454,3.8461538461538463,5.0,5,0.7692307692307693,8.076923076923077,11,0.5899280575539568,0.28846153846153844,0.08633093525179857,0.0,1.0,6,2,0,0,0,0,0,8,0.7692307692307693
B65-REP-019,6.5,report,education,writing9.com,D-auto,283,4,20.214285714285715,9.088285799616461,0.21428571428571427,0.7142857142857143,0.0,0.2857142857142857,1.4134275618374559,4.946996466431095,5,0.7067137809187279,5.30035335689046,3,0.7215909090909091,0.3957597173144876,0.10795454545454546,0.007067137809187279,0.75,3,5,0,1,2,0,0,3,0.0
B65-TQ-002,6.5,two-part,education,writing9.com,D-auto,256,4,32,15.157506391224118,0.625,0.375,0.25,0.375,1.5625,5.078125,5,0.78125,6.25,6,0.7540983606557377,0.24609375,0.040983606557377046,0.0078125,0.7777777777777778,6,3,0,2,3,0,1,1,0.0
B65-TQ-003,6.5,two-part,environment,cdieltsprep.com,B-teacher,263,4,20.23076923076923,9.544662996459138,0.3076923076923077,0.38461538461538464,0.3076923076923077,0.3076923076923077,1.520912547528517,4.562737642585551,6,2.661596958174905,6.844106463878327,4,0.6779661016949152,0.22433460076045628,0.03389830508474576,0.0076045627376425855,0.3888888888888889,1,1,0,0,0,0,0,5,0.0
B65-TQ-004,6.5,two-part,health,writing9.com,D-auto,297,4,22.846153846153847,12.383898689248154,0.23076923076923078,0.3076923076923077,0.15384615384615385,0.5384615384615384,3.0303030303030303,4.713804713804714,6,1.0101010101010102,9.090909090909092,13,0.7880794701986755,0.265993265993266,0.046357615894039736,0.013468013468013467,0.6666666666666666,8,3,0,1,1,0,0,7,0.3367003367003367
B65-TQ-006,6.5,opinion,environment,writing9.com,D-auto,321,4,24.692307692307693,10.701434953274799,0.3076923076923077,0.5384615384615384,0.07692307692307693,0.38461538461538464,1.557632398753894,4.361370716510903,5,1.2461059190031152,4.672897196261682,4,0.6467661691542289,0.2803738317757009,0.06965174129353234,0.009345794392523364,0.6,5,3,0,2,3,1,0,3,0.9345794392523364
B65-TQ-007,6.5,two-part,culture,cdieltsprep.com,B-teacher,270,4,18,8.294576541331088,0.2,0.3333333333333333,0.26666666666666666,0.4,2.5925925925925926,3.7037037037037037,5,1.1111111111111112,8.518518518518519,9,0.75,0.2111111111111111,0.017857142857142856,0.022222222222222223,0.47058823529411764,4,0,0,0,0,0,1,2,0.0
B65-TQ-009,6.5,two-part,government,writing9.com,D-auto,420,6,19.09090909090909,4.842135994758464,0.09090909090909091,0.7272727272727273,0.045454545454545456,0.22727272727272727,2.142857142857143,2.857142857142857,4,0.23809523809523808,4.523809523809524,3,0.6172839506172839,0.38571428571428573,0.06172839506172839,0.02142857142857143,0.6666666666666666,7,3,1,0,0,0,0,3,0.0
B65-TQ-010,6.5,opinion,social,writing9.com,D-auto,336,4,28,10.311805532172013,0.5833333333333334,0.16666666666666666,0.0,0.8333333333333334,5.654761904761905,4.761904761904762,5,0.8928571428571429,7.142857142857143,11,0.702247191011236,0.27976190476190477,0.06741573033707865,0.017857142857142856,0.5555555555555556,6,5,0,2,2,0,0,7,1.1904761904761905
B65-TQ-011,6.5,opinion,government,writing9.com,D-auto,313,4,18.41176470588235,5.811336016578103,0.17647058823529413,0.47058823529411764,0.0,0.5294117647058824,4.15335463258786,4.15335463258786,5,0.6389776357827476,5.111821086261981,10,0.5632183908045977,0.29073482428115016,0.034482758620689655,0.0,0.6666666666666666,3,2,0,0,0,0,0,5,2.5559105431309903
B65-TQ-012,6.5,two-part,social,writing9.com,D-auto,307,5,18.058823529411764,5.672125737377728,0.11764705882352941,0.5294117647058824,0.17647058823529413,0.29411764705882354,1.9543973941368078,1.6286644951140066,4,0.6514657980456026,7.817589576547231,5,0.6526946107784432,0.3550488599348534,0.05389221556886228,0.006514657980456026,0.8125,1,1,0,0,0,0,0,0,0.0
B65-TQ-013,6.5,opinion,education,writing9.com,D-auto,307,5,23.615384615384617,9.152876483870745,0.38461538461538464,0.23076923076923078,0.0,0.7692307692307693,4.88599348534202,3.9087947882736156,4,0.6514657980456026,5.863192182410423,5,0.7885714285714286,0.3550488599348534,0.05714285714285714,0.016286644951140065,0.6428571428571429,3,3,0,0,0,0,1,1,2.6058631921824102
B7-ADV-001,7.0,adv-disadv,technology,writing9.com,D-auto,311,4,20.733333333333334,7.767167365834786,0.3333333333333333,0.3333333333333333,0.06666666666666667,0.6,4.501607717041801,2.2508038585209005,5,0.9646302250803859,7.395498392282958,8,0.8246753246753247,0.2861736334405145,0.11688311688311688,0.00964630225080386,0.7619047619047619,3,2,1,1,2,0,1,1,0.0
B7-ADV-002,7.0,adv-disadv,education,writing9.com,D-auto,353,5,20.764705882352942,4.98856824637981,0.058823529411764705,0.6470588235294118,0.058823529411764705,0.29411764705882354,1.9830028328611897,2.26628895184136,5,0.28328611898017,4.81586402266289,3,0.6932773109243697,0.5269121813031161,0.07563025210084033,0.0113314447592068,0.5263157894736842,1,1,0,1,11,0,0,1,0.8498583569405099
B7-ADV-003,7.0,adv-disadv,education,writing9.com,D-auto,332,5,19.529411764705884,5.499921358355671,0.11764705882352941,0.47058823529411764,0.11764705882352941,0.4117647058823529,2.108433734939759,3.3132530120481927,5,1.2048192771084338,9.036144578313253,9,0.7142857142857143,0.3463855421686747,0.10285714285714286,0.024096385542168676,0.24,1,1,0,0,0,0,0,1,0.0
B7-ADV-005,7.0,adv-disadv,government,writing9.com,D-auto,300,4,23.076923076923077,8.222497640961736,0.3076923076923077,0.23076923076923078,0.07692307692307693,0.6923076923076923,3.6666666666666665,2.0,5,0.6666666666666666,9.333333333333334,9,0.7975460122699386,0.31333333333333335,0.0736196319018405,0.01,0.375,2,2,0,0,0,0,0,2,0.0
B7-ADV-006,7.0,two-part,globalization-work,writing9.com,D-auto,355,4,25.357142857142858,13.890423951450165,0.42857142857142855,0.35714285714285715,0.07142857142857142,0.5714285714285714,2.535211267605634,1.1267605633802817,3,0.28169014084507044,5.070422535211268,5,0.9104477611940298,0.3464788732394366,0.03980099502487562,0.05070422535211268,0.6153846153846154,1,1,0,0,0,0,0,1,0.0
B7-ADV-007,7.0,adv-disadv,social,writing9.com,D-auto,301,4,18.8125,5.1504702455212765,0.1875,0.625,0.0625,0.3125,2.6578073089700998,4.651162790697675,5,1.3289036544850499,3.654485049833887,2,0.6304347826086957,0.3588039867109635,0.07608695652173914,0.0,0.7647058823529411,4,2,0,0,0,0,0,6,2.990033222591362
B7-ADV-008,7.0,adv-disadv,government,writing9.com,D-auto,267,4,22.25,10.385286065711751,0.25,0.16666666666666666,0.16666666666666666,0.6666666666666666,3.3707865168539324,3.3707865168539324,5,0.7490636704119851,5.992509363295881,9,0.7328767123287672,0.21722846441947566,0.0547945205479452,0.0149812734082397,0.5483870967741935,0,2,0,1,2,0,0,2,1.4981273408239701
B7-ADV-009,7.0,adv-disadv,social,writing9.com,D-auto,307,4,25.583333333333332,11.280206361390539,0.5,0.3333333333333333,0.16666666666666666,0.5,1.9543973941368078,3.583061889250814,5,0.6514657980456026,9.120521172638437,4,0.7643312101910829,0.31596091205211724,0.07006369426751592,0.05537459283387622,0.5,1,3,0,1,2,0,0,2,0.0
B7-ADV-010,7.0,adv-disadv,health,writing9.com,D-auto,305,4,17.941176470588236,5.546282148857961,0.058823529411764705,0.47058823529411764,0.0,0.5294117647058824,3.278688524590164,4.262295081967213,5,0.6557377049180327,4.262295081967213,5,0.7096774193548387,0.3704918032786885,0.06989247311827956,0.003278688524590164,0.8,2,1,0,0,0,0,0,2,0.32786885245901637
B7-ADV-011,7.0,adv-disadv,media,writing9.com,D-auto,285,4,20.357142857142858,7.137497989563318,0.2857142857142857,0.2857142857142857,0.07142857142857142,0.6428571428571429,3.8596491228070176,3.508771929824561,5,0.7017543859649122,5.2631578947368425,3,0.6294117647058823,0.38596491228070173,0.07647058823529412,0.010526315789473684,0.8125,3,2,0,0,0,0,0,11,0.7017543859649122
B7-ADV-012,7.0,adv-disadv,technology,writing9.com,D-auto,301,4,21.5,4.013370510822899,0.14285714285714285,0.42857142857142855,0.0,0.5714285714285714,2.990033222591362,4.983388704318937,5,0.33222591362126247,5.3156146179401995,5,0.6914893617021277,0.42857142857142855,0.13297872340425532,0.0033222591362126247,0.5806451612903226,6,2,0,0,0,0,0,2,0.0
B7-ADV-013,7.0,adv-disadv,culture,writing9.com,D-auto,252,5,19.384615384615383,5.955455954106434,0.15384615384615385,0.23076923076923078,0.38461538461538464,0.38461538461538464,2.7777777777777777,3.5714285714285716,5,0.3968253968253968,7.5396825396825395,5,0.8,0.3253968253968254,0.0,0.027777777777777776,0.4583333333333333,0,1,0,0,0,0,0,2,0.0
B7-ADV-014,7.0,adv-disadv,education,writing9.com,D-auto,265,4,18.928571428571427,4.1826902777021004,0.14285714285714285,0.7142857142857143,0.0,0.2857142857142857,1.8867924528301887,3.7735849056603774,5,1.509433962264151,5.660377358490566,8,0.7066666666666667,0.3132075471698113,0.07333333333333333,0.03018867924528302,0.3888888888888889,1,3,0,3,3,2,0,2,1.8867924528301887
B7-ADV-016,7.0,adv-disadv,social,writing9.com,D-auto,246,5,35.142857142857146,16.940472007495384,0.7142857142857143,0.14285714285714285,0.14285714285714285,0.7142857142857143,3.252032520325203,2.845528455284553,3,0.4065040650406504,8.130081300813009,5,0.7387387387387387,0.21544715447154472,0.02702702702702703,0.0040650406504065045,0.6,4,2,0,1,0,2,0,3,0.0
B7-ADV-017,7.0,adv-disadv,globalization-work,writing9.com,D-auto,287,4,22.076923076923077,7.878515464042687,0.3076923076923077,0.3076923076923077,0.0,0.6923076923076923,3.484320557491289,4.878048780487805,4,0.6968641114982579,8.710801393728223,7,0.7086092715231788,0.34146341463414637,0.039735099337748346,0.0,0.55,5,3,0,2,1,1,0,1,0.6968641114982579
B7-ADV-018,7.0,adv-disadv,globalization-work,writing9.com,D-auto,345,7,19.166666666666668,8.82074574826616,0.2777777777777778,0.3888888888888889,0.05555555555555555,0.5555555555555556,4.057971014492754,2.028985507246377,5,0.8695652173913043,7.826086956521739,11,0.7921348314606742,0.30434782608695654,0.10112359550561797,0.014492753623188406,1.0,3,2,1,0,3,0,1,2,0.2898550724637681
B7-ADV-019,7.0,two-part,globalization-work,writing9.com,D-auto,362,7,27.846153846153847,10.24954898704669,0.6153846153846154,0.3076923076923077,0.15384615384615385,0.5384615384615384,2.4861878453038675,2.7624309392265194,6,0.8287292817679558,4.696132596685083,3,0.828125,0.26795580110497236,0.057291666666666664,0.019337016574585635,0.5,3,3,0,1,5,2,0,1,0.0
B7-ADV-020,7.0,adv-disadv,globalization-work,writing9.com,D-auto,267,4,16.6875,4.831132760543846,0.0625,0.625,0.0,0.375,2.247191011235955,5.2434456928838955,6,1.8726591760299625,9.737827715355806,5,0.8484848484848485,0.2883895131086142,0.06060606060606061,0.00749063670411985,0.5,3,3,0,0,0,0,0,0,0.37453183520599254
B7-ADV-021,7.0,adv-disadv,media,writing9.com,D-auto,301,5,17.705882352941178,5.570560283177278,0.11764705882352941,0.35294117647058826,0.11764705882352941,0.5294117647058824,3.654485049833887,3.9867109634551494,5,0.33222591362126247,6.644518272425249,8,0.6888888888888889,0.3687707641196013,0.08888888888888889,0.006644518272425249,0.8235294117647058,5,2,0,0,0,0,0,8,0.33222591362126247
B7-ADV-022,7.0,adv-disadv,technology,writing9.com,D-auto,320,4,18.823529411764707,5.9333087100820014,0.11764705882352941,0.6470588235294118,0.17647058823529413,0.17647058823529413,1.25,4.6875,6,2.1875,6.5625,7,0.7441860465116279,0.25,0.06976744186046512,0.01875,0.5555555555555556,5,2,0,0,0,0,1,3,0.0
B7-ADV-023,7.0,two-part,social,writing9.com,D-auto,258,5,19.846153846153847,5.8157102065956305,0.07692307692307693,0.46153846153846156,0.15384615384615385,0.38461538461538464,2.3255813953488373,1.937984496124031,3,0.3875968992248062,9.689922480620154,5,0.7194244604316546,0.32170542635658916,0.10071942446043165,0.007751937984496124,0.6153846153846154,4,0,0,0,1,0,0,8,0.0
B7-ADV-024,7.0,two-part,technology,writing9.com,D-auto,305,4,23.46153846153846,5.583153018961248,0.38461538461538464,0.5384615384615384,0.0,0.46153846153846156,2.622950819672131,2.622950819672131,5,0.6557377049180327,7.868852459016393,4,0.793939393939394,0.3377049180327869,0.03636363636363636,0.006557377049180328,0.75,2,4,0,0,0,0,0,0,0.6557377049180327
B7-ADV-026,7.0,adv-disadv,culture,writing9.com,D-auto,282,4,18.8,7.025667228100119,0.26666666666666666,0.6666666666666666,0.0,0.3333333333333333,1.7730496453900708,3.900709219858156,5,1.0638297872340425,6.382978723404255,3,0.8051948051948052,0.31560283687943264,0.06493506493506493,0.024822695035460994,0.8571428571428571,6,2,0,1,8,0,0,4,0.7092198581560284
B7-ADV-027,7.0,adv-disadv,education,writing9.com,D-auto,285,4,23.75,5.11737237261468,0.4166666666666667,0.25,0.08333333333333333,0.6666666666666666,3.1578947368421053,2.456140350877193,4,1.7543859649122806,4.912280701754386,3,0.7457627118644068,0.41754385964912283,0.0903954802259887,0.02456140350877193,0.625,2,2,0,0,0,0,0,0,0.0
B7-ADV-028,7.0,adv-disadv,globalization-work,writing9.com,D-auto,323,4,23.071428571428573,9.794052756022662,0.21428571428571427,0.6428571428571429,0.07142857142857142,0.2857142857142857,2.1671826625387,3.7151702786377707,4,0.30959752321981426,4.953560371517028,5,0.6421568627450981,0.42724458204334365,0.06862745098039216,0.006191950464396285,0.9166666666666666,5,2,0,0,1,0,0,1,0.6191950464396285
B7-ADV-029,7.0,adv-disadv,environment,writing9.com,D-auto,311,4,19.4375,6.10295778700787,0.25,0.5,0.0625,0.4375,3.215434083601286,5.466237942122186,5,0.6430868167202572,7.717041800643087,4,0.8176100628930818,0.2990353697749196,0.025157232704402517,0.00964630225080386,0.4782608695652174,8,5,0,0,1,0,0,1,1.2861736334405145
B7-ADV-033,7.0,adv-disadv,health,writing9.com,D-auto,318,4,18.705882352941178,4.7621634465903755,0.058823529411764705,0.47058823529411764,0.17647058823529413,0.35294117647058826,2.20125786163522,4.716981132075472,5,1.5723270440251573,7.547169811320755,7,0.7647058823529411,0.18238993710691823,0.0392156862745098,0.012578616352201259,0.36,4,4,0,3,5,6,1,4,0.0
B7-ADV-035,7.0,adv-disadv,social,writing9.com,D-auto,294,4,21,3.3806170189140663,0.14285714285714285,0.35714285714285715,0.0,0.6428571428571429,3.401360544217687,4.081632653061225,5,1.3605442176870748,6.122448979591836,5,0.7588235294117647,0.3129251700680272,0.08235294117647059,0.006802721088435374,0.6875,4,4,0,0,0,0,0,1,0.0
B7-ADV-036,7.0,two-part,globalization-work,writing9.com,D-auto,353,4,19.61111111111111,6.659486874534611,0.2222222222222222,0.5,0.0,0.5,2.8328611898016995,3.9660056657223794,6,0.8498583569405099,7.36543909348442,9,0.6456310679611651,0.39660056657223797,0.10679611650485436,0.0028328611898017,0.9444444444444444,6,3,1,0,0,0,0,5,0.0
B7-ADV-037,7.0,two-part,technology,writing9.com,D-auto,279,4,18.6,9.068627239003707,0.2,0.6,0.06666666666666667,0.3333333333333333,2.5089605734767026,2.5089605734767026,4,1.075268817204301,5.376344086021505,4,0.8888888888888888,0.46236559139784944,0.07222222222222222,0.035842293906810034,0.4166666666666667,3,0,0,0,0,0,0,0,0.7168458781362007
B7-DIS-001,7.0,discussion,media,ielts-blog.com,C-blog,214,4,16.46153846153846,8.025108526612293,0.23076923076923078,0.46153846153846156,0.15384615384615385,0.38461538461538464,3.2710280373831777,4.672897196261682,4,1.4018691588785046,10.280373831775702,8,0.851063829787234,0.1822429906542056,0.07446808510638298,0.014018691588785047,0.2631578947368421,0,2,0,0,1,0,0,3,0.0
B7-DIS-002,7.0,discussion,globalization-work,ielts.international,A-examiner,240,4,20,5.845225972250061,0.25,0.3333333333333333,0.0,0.6666666666666666,3.75,0.4166666666666667,1,0.4166666666666667,6.25,3,0.8674698795180723,0.5291666666666667,0.05421686746987952,0.058333333333333334,0.3,0,0,0,0,0,0,0,0,0.0
B7-DIS-004,7.0,discussion,crime,writing9.com,D-auto,378,5,22.235294117647058,5.128116404165498,0.29411764705882354,0.11764705882352941,0.17647058823529413,0.7058823529411765,5.291005291005291,2.9100529100529102,5,0.5291005291005291,4.761904761904762,7,0.6565217391304348,0.42857142857142855,0.06086956521739131,0.023809523809523808,0.5357142857142857,4,3,0,0,0,0,0,4,2.1164021164021163
B7-DIS-005,7.0,discussion,education,ielts.international,A-examiner,253,4,21.083333333333332,5.251322584729383,0.25,0.16666666666666666,0.16666666666666666,0.6666666666666666,4.3478260869565215,1.5810276679841897,3,0.7905138339920948,3.952569169960474,4,0.88,0.5375494071146245,0.10857142857142857,0.02766798418972332,0.391304347826087,0,1,0,0,0,0,0,0,0.7905138339920948
B7-DIS-006,7.0,discussion,environment,ielts-blog.com,C-blog,294,4,18.375,4.442338910979215,0.0,0.625,0.0625,0.3125,1.7006802721088434,2.380952380952381,4,1.0204081632653061,6.122448979591836,4,0.8231292517006803,0.30952380952380953,0.10204081632653061,0.023809523809523808,0.5,4,2,0,0,0,0,1,3,1.0204081632653061
B7-DIS-007,7.0,discussion,social,writing9.com,D-auto,302,4,23.23076923076923,7.566666232220269,0.38461538461538464,0.3076923076923077,0.07692307692307693,0.6153846153846154,4.304635761589404,4.966887417218543,5,1.3245033112582782,5.629139072847682,3,0.7444444444444445,0.4205298013245033,0.08333333333333333,0.0033112582781456954,0.45454545454545453,5,4,0,1,2,0,0,3,0.0
B7-DIS-008,7.0,discussion,technology,writing9.com,D-auto,286,4,16.823529411764707,5.008643048801883,0.0,0.35294117647058826,0.35294117647058826,0.29411764705882354,2.4475524475524475,2.797202797202797,3,0.6993006993006993,9.79020979020979,13,0.753731343283582,0.16433566433566432,0.03731343283582089,0.05244755244755245,0.631578947368421,2,1,0,0,0,0,0,0,0.0
B7-DIS-010,7.0,discussion,globalization-work,writing9.com,D-auto,240,4,17.142857142857142,6.457079645708299,0.14285714285714285,0.42857142857142855,0.14285714285714285,0.42857142857142855,2.9166666666666665,3.3333333333333335,4,1.25,5.0,3,0.8503937007874016,0.25416666666666665,0.07086614173228346,0.008333333333333333,0.5652173913043478,1,2,0,0,0,0,1,2,0.0
B7-DIS-011,7.0,discussion,education,writing9.com,D-auto,284,4,23.666666666666668,11.883695646650592,0.3333333333333333,0.4166666666666667,0.08333333333333333,0.5,3.8732394366197185,4.225352112676056,5,1.408450704225352,7.042253521126761,6,0.6851851851851852,0.3204225352112676,0.043209876543209874,0.02112676056338028,0.4375,4,3,0,1,2,0,0,3,2.112676056338028
B7-DIS-012,7.0,discussion,government,writing9.com,D-auto,289,4,18.0625,5.825254822752392,0.125,0.625,0.0625,0.3125,3.114186851211073,4.498269896193771,6,2.0761245674740483,5.190311418685121,4,0.7083333333333334,0.42214532871972316,0.047619047619047616,0.010380622837370242,0.7272727272727273,1,5,0,0,0,0,1,3,1.0380622837370241
B7-DIS-013,7.0,discussion,globalization-work,writing9.com,D-auto,253,4,23,5.239708527632568,0.36363636363636365,0.2727272727272727,0.18181818181818182,0.5454545454545454,3.952569169960474,3.952569169960474,4,1.1857707509881423,6.324110671936759,6,0.7969924812030075,0.3359683794466403,0.08270676691729323,0.015810276679841896,0.6842105263157895,4,2,0,0,0,0,1,0,0.0
B7-DIS-014,7.0,discussion,environment,writing9.com,D-auto,272,4,20.923076923076923,4.746845729397388,0.15384615384615385,0.3076923076923077,0.15384615384615385,0.5384615384615384,3.3088235294117645,5.147058823529412,6,2.2058823529411766,6.25,6,0.7910447761194029,0.29411764705882354,0.04477611940298507,0.04779411764705882,0.625,5,1,0,0,0,0,0,4,0.7352941176470589
B7-DIS-015,7.0,discussion,globalization-work,writing9.com,D-auto,269,4,20.692307692307693,5.849189495261655,0.3076923076923077,0.23076923076923078,0.0,0.7692307692307693,5.947955390334572,4.4609665427509295,5,0.37174721189591076,5.947955390334572,5,0.75,0.38661710037174724,0.11428571428571428,0.0037174721189591076,0.42857142857142855,8,2,0,1,2,1,0,0,0.0
B7-DIS-018,7.0,discussion,environment,writing9.com,D-auto,348,5,20.470588235294116,5.699511300606741,0.29411764705882354,0.4117647058823529,0.17647058823529413,0.4117647058823529,3.735632183908046,4.597701149425287,5,1.4367816091954022,6.0344827586206895,6,0.751219512195122,0.40804597701149425,0.05853658536585366,0.0028735632183908046,0.5,5,3,0,0,0,0,1,5,0.5747126436781609
B7-DIS-019,7.0,discussion,environment,writing9.com,D-auto,329,4,18.27777777777778,6.797103595205138,0.2222222222222222,0.5,0.1111111111111111,0.3888888888888889,2.43161094224924,3.6474164133738602,6,1.5197568389057752,6.382978723404255,3,0.6927374301675978,0.2917933130699088,0.05027932960893855,0.015197568389057751,0.6666666666666666,7,2,1,0,1,0,0,5,0.60790273556231
B7-DIS-020,7.0,discussion,education,writing9.com,D-auto,295,4,26.818181818181817,6.14696054704617,0.5454545454545454,0.2727272727272727,0.0,0.7272727272727273,5.084745762711864,4.067796610169491,4,0.6779661016949152,12.542372881355933,11,0.47368421052631576,0.28135593220338984,0.013157894736842105,0.0,0.7272727272727273,7,2,0,0,0,0,0,1,0.3389830508474576
B7-DIS-021,7.0,discussion,education,writing9.com,D-auto,287,4,26.09090909090909,4.521756405616687,0.6363636363636364,0.18181818181818182,0.09090909090909091,0.7272727272727273,4.878048780487805,4.529616724738676,4,0.6968641114982579,9.75609756097561,11,0.5403726708074534,0.313588850174216,0.055900621118012424,0.0,0.7692307692307693,7,3,0,0,0,0,0,3,4.181184668989547
B7-DIS-023,7.0,discussion,government,writing9.com,D-auto,322,4,20.125,8.045767520877048,0.3125,0.5625,0.0625,0.375,2.484472049689441,0.9316770186335404,2,0.3105590062111801,1.2422360248447204,1,0.8073770491803278,0.4658385093167702,0.11065573770491803,0.06832298136645963,0.25806451612903225,0,0,0,0,0,0,0,0,0.6211180124223602
B7-DIS-024,7.0,discussion,education,writing9.com,D-auto,290,4,26.363636363636363,6.049383548950591,0.5454545454545454,0.18181818181818182,0.09090909090909091,0.7272727272727273,4.827586206896552,4.482758620689655,4,0.6896551724137931,8.96551724137931,5,0.5364238410596026,0.32413793103448274,0.059602649006622516,0.0,0.6,7,3,0,0,0,0,0,2,2.7586206896551726
B7-DIS-026,7.0,discussion,globalization-work,writing9.com,D-auto,272,4,14.31578947368421,5.311879750332688,0.05263157894736842,0.631578947368421,0.05263157894736842,0.3157894736842105,3.676470588235294,4.411764705882353,5,0.36764705882352944,5.514705882352941,4,0.6907894736842105,0.3235294117647059,0.07894736842105263,0.0,0.875,6,2,0,0,0,0,1,1,0.0
B7-DIS-027,7.0,discussion,media,writing9.com,D-auto,284,4,17.75,4.130677910464576,0.0,0.3125,0.375,0.3125,2.464788732394366,3.8732394366197185,5,1.7605633802816902,3.5211267605633805,3,0.793939393939394,0.3626760563380282,0.024242424242424242,0.007042253521126761,0.6,4,2,0,0,0,0,0,1,0.0
B7-DIS-028,7.0,discussion,social,writing9.com,D-auto,293,4,18.3125,4.5376033046091635,0.125,0.375,0.3125,0.3125,2.3890784982935154,3.4129692832764507,5,1.7064846416382253,4.09556313993174,4,0.6909090909090909,0.36177474402730375,0.04242424242424243,0.006825938566552901,0.5,2,2,0,1,1,0,0,2,0.3412969283276451
B7-DIS-029,7.0,discussion,technology,writing9.com,D-auto,286,4,35.75,13.926144477205455,0.75,0.125,0.0,0.875,4.545454545454546,3.1468531468531467,5,0.6993006993006993,5.944055944055944,6,0.7424242424242424,0.24825174825174826,0.07575757575757576,0.013986013986013986,0.5217391304347826,1,3,0,2,6,2,0,3,0.0
B7-DIS-030,7.0,discussion,technology,writing9.com,D-auto,280,4,18.666666666666668,6.182412330330469,0.13333333333333333,0.4,0.06666666666666667,0.5333333333333333,3.5714285714285716,3.9285714285714284,5,1.4285714285714286,8.571428571428571,15,0.7925925925925926,0.2857142857142857,0.1037037037037037,0.0035714285714285713,0.46875,2,3,0,0,0,0,0,4,0.0
B7-DIS-031,7.0,discussion,globalization-work,writing9.com,D-auto,279,4,18.6,4.513682901282868,0.13333333333333333,0.4666666666666667,0.06666666666666667,0.4666666666666667,3.225806451612903,2.5089605734767026,4,0.35842293906810035,5.376344086021505,4,0.7962962962962963,0.3727598566308244,0.06172839506172839,0.007168458781362007,0.2,2,1,0,0,0,0,0,4,0.0
B7-DIS-032,7.0,discussion,government,writing9.com,D-auto,274,4,21.076923076923077,7.054311703452538,0.3076923076923077,0.6153846153846154,0.0,0.38461538461538464,3.6496350364963503,4.014598540145985,5,1.4598540145985401,5.474452554744525,6,0.88,0.35036496350364965,0.05333333333333334,0.01824817518248175,0.6111111111111112,3,2,0,1,3,1,1,3,0.0
B7-DIS-033,7.0,discussion,social,writing9.com,D-auto,277,4,19.785714285714285,5.570054775680544,0.2857142857142857,0.42857142857142855,0.0,0.5714285714285714,3.2490974729241877,3.6101083032490973,5,1.0830324909747293,10.830324909747292,10,0.7404580152671756,0.20577617328519857,0.030534351145038167,0.0,0.6842105263157895,3,1,0,1,1,1,0,2,0.0
B7-DIS-034,7.0,discussion,environment,writing9.com,D-auto,255,4,23.181818181818183,6.819999757640383,0.18181818181818182,0.18181818181818182,0.09090909090909091,0.7272727272727273,3.9215686274509802,2.3529411764705883,4,0.39215686274509803,7.450980392156863,4,0.8043478260869565,0.27450980392156865,0.050724637681159424,0.023529411764705882,0.5652173913043478,2,0,0,0,0,0,0,4,0.0
B7-DIS-035,7.0,discussion,media,writing9.com,D-auto,260,4,17.333333333333332,5.88406511029766,0.06666666666666667,0.6,0.06666666666666667,0.3333333333333333,3.8461538461538463,4.230769230769231,5,1.9230769230769231,7.3076923076923075,3,0.7974683544303798,0.4423076923076923,0.06962025316455696,0.0038461538461538464,0.6470588235294118,4,1,0,0,0,0,1,4,0.38461538461538464
B7-DIS-036,7.0,discussion,education,writing9.com,D-auto,255,4,18.214285714285715,5.557216305059979,0.14285714285714285,0.5714285714285714,0.0,0.42857142857142855,3.5294117647058822,3.9215686274509802,4,2.3529411764705883,6.666666666666667,5,0.7692307692307693,0.27058823529411763,0.05384615384615385,0.0,0.38461538461538464,4,1,0,0,0,0,0,0,0.39215686274509803
B7-DIS-038,7.0,discussion,social,writing9.com,D-auto,384,5,20.210526315789473,4.162222930477378,0.15789473684210525,0.05263157894736842,0.15789473684210525,0.7894736842105263,6.510416666666667,3.125,5,0.78125,5.989583333333333,9,0.6869158878504673,0.3932291666666667,0.0794392523364486,0.010416666666666666,0.5294117647058824,2,3,0,0,0,0,0,5,0.0
B7-DIS-039,7.0,discussion,crime,writing9.com,D-auto,261,4,20.076923076923077,8.507567115506763,0.23076923076923078,0.23076923076923078,0.0,0.7692307692307693,5.747126436781609,3.8314176245210727,4,0.3831417624521073,7.662835249042145,7,0.7619047619047619,0.3448275862068966,0.09523809523809523,0.011494252873563218,0.7222222222222222,3,2,0,0,0,0,0,2,0.7662835249042146
B7-DIS-040,7.0,discussion,globalization-work,writing9.com,D-auto,312,4,19.5,7.254309064273454,0.25,0.5625,0.0625,0.375,2.8846153846153846,3.2051282051282053,5,1.6025641025641026,4.487179487179487,3,0.7301587301587301,0.3557692307692308,0.13756613756613756,0.01282051282051282,0.7058823529411765,8,1,0,0,0,0,1,3,0.0
B7-DIS-041,7.0,discussion,social,writing9.com,D-auto,422,5,19.181818181818183,6.786593493032378,0.13636363636363635,0.45454545454545453,0.09090909090909091,0.45454545454545453,3.7914691943127963,2.6066350710900474,6,0.9478672985781991,9.95260663507109,7,0.7661691542288557,0.24644549763033174,0.0945273631840796,0.02843601895734597,0.47368421052631576,2,2,1,0,2,0,2,0,0.0
B7-DIS-042,7.0,discussion,social,writing9.com,D-auto,410,5,21.57894736842105,5.949929583605297,0.2631578947368421,0.2631578947368421,0.10526315789473684,0.631578947368421,4.146341463414634,2.926829268292683,5,0.4878048780487805,5.121951219512195,4,0.7021276595744681,0.35609756097560974,0.06382978723404255,0.014634146341463415,0.4444444444444444,3,3,0,0,0,0,0,7,0.0
B7-DIS-043,7.0,discussion,globalization-work,writing9.com,D-auto,320,4,22.857142857142858,6.1858957413174185,0.2857142857142857,0.2857142857142857,0.14285714285714285,0.5714285714285714,4.375,5.3125,5,1.25,5.9375,3,0.7311827956989247,0.425,0.10752688172043011,0.003125,0.47058823529411764,5,4,0,1,2,0,0,4,0.3125
B7-DIS-044,7.0,discussion,globalization-work,writing9.com,D-auto,257,4,21.416666666666668,3.6846151615723572,0.16666666666666666,0.16666666666666666,0.08333333333333333,0.75,3.8910505836575875,4.280155642023346,4,1.1673151750972763,5.836575875486381,4,0.7222222222222222,0.33852140077821014,0.0763888888888889,0.011673151750972763,0.5,6,3,0,2,4,1,0,2,0.0
B7-DIS-047,7.0,discussion,education,writing9.com,D-auto,355,4,23.666666666666668,7.879650302449271,0.3333333333333333,0.4,0.06666666666666667,0.5333333333333333,3.0985915492957745,3.6619718309859155,5,0.5633802816901409,8.169014084507042,6,0.6507936507936508,0.3352112676056338,0.07936507936507936,0.0028169014084507044,0.6363636363636364,4,3,0,1,1,0,0,7,0.0
B7-DIS-048,7.0,discussion,health,writing9.com,D-auto,264,4,16.5,5.488624600025037,0.0,0.5,0.0625,0.4375,3.787878787878788,6.4393939393939394,5,1.893939393939394,9.469696969696969,4,0.7066666666666667,0.36742424242424243,0.07333333333333333,0.007575757575757576,0.6470588235294118,7,3,0,0,0,0,0,1,0.0
B7-DIS-049,7.0,discussion,environment,writing9.com,D-auto,264,4,18.857142857142858,5.742786069211937,0.0,0.35714285714285715,0.07142857142857142,0.5714285714285714,4.545454545454546,6.0606060606060606,4,2.6515151515151514,8.712121212121213,5,0.7114093959731543,0.29924242424242425,0.026845637583892617,0.04924242424242424,0.5882352941176471,8,0,0,0,0,0,0,1,0.3787878787878788
B7-DIS-052,7.0,discussion,education,writing9.com,D-auto,256,4,19.692307692307693,4.936280371425983,0.15384615384615385,0.5384615384615384,0.0,0.46153846153846156,3.125,2.734375,5,1.171875,9.765625,4,0.7952755905511811,0.296875,0.07086614173228346,0.0078125,0.4090909090909091,2,2,0,0,0,0,0,1,0.390625
B7-DIS-053,7.0,discussion,health,writing9.com,D-auto,280,4,18.666666666666668,5.827139568909908,0.13333333333333333,0.4666666666666667,0.0,0.5333333333333333,3.5714285714285716,2.857142857142857,5,1.0714285714285714,9.642857142857142,10,0.879746835443038,0.4,0.11392405063291139,0.010714285714285714,0.3181818181818182,3,2,0,0,0,0,1,0,0.0
B7-OP-001,7.0,opinion,education,bandnine.ai,B-teacher,255,5,19.615384615384617,8.325479533783962,0.15384615384615385,0.46153846153846156,0.0,0.5384615384615384,4.313725490196078,1.5686274509803921,3,0.39215686274509803,8.235294117647058,5,0.8783783783783784,0.4117647058823529,0.0945945945945946,0.0196078431372549,0.6153846153846154,0,1,0,0,1,0,0,1,0.7843137254901961
B7-OP-002,7.0,opinion,media,writing9.com,D-auto,292,4,19.466666666666665,5.0841802573166985,0.06666666666666667,0.26666666666666666,0.2,0.5333333333333333,3.4246575342465753,3.0821917808219177,4,0.3424657534246575,6.506849315068493,6,0.7732558139534884,0.3321917808219178,0.12209302325581395,0.010273972602739725,0.5,5,2,0,1,4,1,0,4,2.0547945205479454
B7-OP-007,7.0,opinion,globalization-work,ielts-blog.com,C-blog,289,4,20.642857142857142,5.651891502056671,0.14285714285714285,0.42857142857142855,0.07142857142857142,0.5,3.4602076124567476,2.7681660899653977,5,1.0380622837370241,5.190311418685121,5,0.7114093959731543,0.2906574394463668,0.03355704697986577,0.03806228373702422,0.68,1,2,0,2,19,0,0,0,0.0
B7-OP-008,7.0,opinion,technology,writing9.com,D-auto,354,4,18.63157894736842,5.049341033773245,0.15789473684210525,0.21052631578947367,0.2631578947368421,0.5263157894736842,3.1073446327683616,4.237288135593221,5,0.5649717514124294,4.519774011299435,4,0.665,0.3305084745762712,0.06,0.00847457627118644,0.7777777777777778,5,2,0,0,1,0,0,6,0.5649717514124294
B7-OP-009,7.0,opinion,crime,ielts-blog.com,C-blog,234,5,26,20.58586354219268,0.3333333333333333,0.6666666666666666,0.1111111111111111,0.2222222222222222,0.8547008547008547,2.5641025641025643,4,0.8547008547008547,5.128205128205129,6,0.9133858267716536,0.2777777777777778,0.06299212598425197,0.07264957264957266,0.2222222222222222,0,2,0,0,6,0,0,1,0.0
B7-OP-011,7.0,opinion,environment,writing9.com,D-auto,284,4,17.75,4.670385423067351,0.0625,0.5,0.0,0.5,3.1690140845070425,4.577464788732394,5,0.704225352112676,2.816901408450704,4,0.6536312849162011,0.4753521126760563,0.09497206703910614,0.0,0.7222222222222222,3,2,0,0,0,0,0,0,1.056338028169014
B7-OP-012,7.0,opinion,health,ielts-blog.com,C-blog,379,4,15.791666666666666,6.576341223574769,0.08333333333333333,0.5833333333333334,0.125,0.2916666666666667,2.37467018469657,4.485488126649076,5,1.3192612137203166,4.485488126649076,4,0.7661691542288557,0.2717678100263852,0.03980099502487562,0.023746701846965697,0.2857142857142857,4,3,0,2,4,3,0,9,0.2638522427440633
B7-OP-013,7.0,opinion,education,writing9.com,D-auto,312,4,22.285714285714285,7.553888037944163,0.2857142857142857,0.14285714285714285,0.21428571428571427,0.6428571428571429,4.166666666666667,4.487179487179487,5,0.6410256410256411,6.730769230769231,4,0.7441860465116279,0.3301282051282051,0.06395348837209303,0.00641025641025641,0.5,2,2,0,1,0,1,0,3,0.32051282051282054
B7-OP-014,7.0,opinion,technology,ielts-blog.com,C-blog,202,4,15.538461538461538,8.298427882764528,0.07692307692307693,0.8461538461538461,0.0,0.15384615384615385,1.4851485148514851,3.4653465346534653,4,0.49504950495049505,3.9603960396039604,4,0.7941176470588235,0.23267326732673269,0.06862745098039216,0.034653465346534656,0.3333333333333333,1,0,0,0,5,0,0,1,0.49504950495049505
B7-OP-015,7.0,opinion,technology,writing9.com,D-auto,313,4,20.866666666666667,8.048740412152837,0.26666666666666666,0.5333333333333333,0.06666666666666667,0.4,2.5559105431309903,3.8338658146964857,5,0.6389776357827476,3.5143769968051117,3,0.7272727272727273,0.4217252396166134,0.06060606060606061,0.003194888178913738,0.8461538461538461,2,2,0,0,0,0,0,6,1.9169329073482428
B7-OP-016,7.0,opinion,education,ielts-blog.com,C-blog,366,4,16.636363636363637,7.82504983745648,0.13636363636363635,0.6363636363636364,0.0,0.36363636363636365,3.0054644808743167,4.098360655737705,5,1.366120218579235,6.284153005464481,5,0.6242774566473989,0.21311475409836064,0.06358381502890173,0.01639344262295082,0.6086956521739131,3,1,0,0,1,0,0,2,0.0
B7-OP-017,7.0,opinion,technology,ielts-blog.com,C-blog,350,4,23.333333333333332,7.498147919467995,0.4,0.26666666666666666,0.26666666666666666,0.4666666666666667,2.2857142857142856,1.4285714285714286,3,0.0,2.5714285714285716,2,0.8523489932885906,0.1742857142857143,0.040268456375838924,0.04285714285714286,0.25,1,0,0,0,1,1,0,1,0.0
B7-OP-020,7.0,opinion,health,writing9.com,D-auto,319,5,16.789473684210527,6.947767133694416,0.10526315789473684,0.42105263157894735,0.15789473684210525,0.42105263157894735,3.4482758620689653,3.4482758620689653,4,0.31347962382445144,7.836990595611285,10,0.8125,0.4106583072100313,0.09375,0.018808777429467086,0.6923076923076923,5,3,0,0,0,0,0,2,0.0
B7-OP-021,7.0,opinion,government,ielts-blog.com,C-blog,240,4,17.142857142857142,7.229474816502854,0.07142857142857142,0.42857142857142855,0.07142857142857142,0.5,2.9166666666666665,3.75,4,0.4166666666666667,4.583333333333333,3,0.7166666666666667,0.23333333333333334,0.041666666666666664,0.025,0.35714285714285715,0,1,0,0,0,0,1,3,0.0
B7-OP-023,7.0,opinion,crime,ielts-blog.com,C-blog,298,3,14.19047619047619,4.238362752391739,0.0,0.5238095238095238,0.09523809523809523,0.38095238095238093,2.684563758389262,2.684563758389262,4,0.33557046979865773,6.375838926174497,6,0.7832167832167832,0.27181208053691275,0.02097902097902098,0.03691275167785235,0.5294117647058824,2,0,0,0,7,0,0,2,0.0
B7-OP-024,7.0,opinion,government,writing9.com,D-auto,360,4,24,9.68159766429763,0.3333333333333333,0.13333333333333333,0.0,0.8666666666666667,5.833333333333333,3.3333333333333335,5,1.3888888888888888,8.333333333333334,14,0.65,0.39444444444444443,0.1,0.005555555555555556,0.7647058823529411,2,4,0,0,0,0,0,1,0.8333333333333334
B7-OP-026,7.0,opinion,government,writing9.com,D-auto,267,4,19.071428571428573,6.029265362905047,0.21428571428571427,0.2857142857142857,0.07142857142857142,0.6428571428571429,4.868913857677903,4.49438202247191,5,1.1235955056179776,6.741573033707865,7,0.7786259541984732,0.27715355805243447,0.05343511450381679,0.02247191011235955,0.75,7,3,0,1,1,0,0,0,0.0
B7-OP-027,7.0,opinion,environment,writing9.com,D-auto,286,4,19.066666666666666,5.6741127549208565,0.2,0.5333333333333333,0.06666666666666667,0.4,2.097902097902098,2.4475524475524475,4,0.6993006993006993,6.993006993006993,7,0.8258426966292135,0.32867132867132864,0.03932584269662921,0.07692307692307693,0.3888888888888889,3,2,0,1,3,0,0,1,0.6993006993006993
B7-OP-028,7.0,opinion,globalization-work,writing9.com,D-auto,353,4,22.0625,5.9526123466928365,0.375,0.4375,0.0625,0.5,2.54957507082153,3.9660056657223794,5,0.56657223796034,7.0821529745042495,6,0.6884422110552764,0.3286118980169972,0.09045226130653267,0.0056657223796034,0.4,4,5,0,2,4,1,0,2,0.8498583569405099
B7-OP-029,7.0,two-part,social,writing9.com,D-auto,254,3,25.4,5.332916650389353,0.4,0.3,0.2,0.5,2.7559055118110236,2.3622047244094486,4,0.0,3.543307086614173,3,0.8780487804878049,0.25196850393700787,0.032520325203252036,0.047244094488188976,0.16666666666666666,2,1,0,0,0,0,0,1,0.0
B7-OP-031,7.0,opinion,social,writing9.com,D-auto,381,4,23.8125,8.994573016547255,0.3125,0.4375,0.1875,0.375,1.5748031496062993,0.7874015748031497,3,0.26246719160104987,3.674540682414698,5,0.9099099099099099,0.33858267716535434,0.036036036036036036,0.08923884514435695,0.55,0,0,0,0,6,0,0,1,0.0
B7-OP-032,7.0,opinion,technology,writing9.com,D-auto,290,4,22.307692307692307,5.689188334492491,0.3076923076923077,0.5384615384615384,0.07692307692307693,0.38461538461538464,2.413793103448276,1.7241379310344827,4,0.3448275862068966,4.137931034482759,4,0.859375,0.4827586206896552,0.109375,0.04482758620689655,0.44,0,2,0,0,0,0,0,0,1.0344827586206897
B7-OP-033,7.0,opinion,social,writing9.com,D-auto,317,5,18.647058823529413,6.342584150204249,0.11764705882352941,0.35294117647058826,0.23529411764705882,0.4117647058823529,3.1545741324921135,3.470031545741325,5,0.9463722397476341,5.678233438485805,6,0.6831683168316832,0.45741324921135645,0.07920792079207921,0.0,0.8947368421052632,3,1,0,0,0,0,0,6,2.2082018927444795
B7-OP-034,7.0,opinion,social,writing9.com,D-auto,342,4,14.869565217391305,4.5712175889741555,0.043478260869565216,0.30434782608695654,0.08695652173913043,0.6086956521739131,4.970760233918129,4.093567251461988,6,0.5847953216374269,9.064327485380117,8,0.6582278481012658,0.1608187134502924,0.03164556962025317,0.011695906432748537,0.75,8,2,0,0,0,0,0,8,0.5847953216374269
B7-OP-035,7.0,opinion,environment,writing9.com,D-auto,321,5,16.894736842105264,3.905390833492452,0.0,0.47368421052631576,0.05263157894736842,0.47368421052631576,3.115264797507788,4.049844236760125,5,0.3115264797507788,6.230529595015576,6,0.6984924623115578,0.3364485981308411,0.07035175879396985,0.009345794392523364,0.875,4,3,0,0,0,0,0,2,0.0
B7-OP-036,7.0,opinion,education,writing9.com,D-auto,276,4,17.25,5.006246098625197,0.0625,0.25,0.1875,0.5625,4.7101449275362315,5.072463768115942,5,1.0869565217391304,6.159420289855072,5,0.674074074074074,0.30434782608695654,0.02962962962962963,0.0036231884057971015,0.5,5,2,0,0,0,0,0,2,0.0
B7-OP-037,7.0,opinion,culture,writing9.com,D-auto,262,4,32.75,16.850445097978866,0.625,0.375,0.0,0.625,4.198473282442748,3.816793893129771,4,0.0,9.541984732824428,8,0.7716535433070866,0.2824427480916031,0.05511811023622047,0.011450381679389313,0.5,3,3,0,0,2,1,0,0,0.3816793893129771
B7-OP-038,7.0,opinion,health,writing9.com,D-auto,323,4,19,4.886957431897322,0.058823529411764705,0.47058823529411764,0.17647058823529413,0.35294117647058826,2.476780185758514,4.643962848297214,5,0.9287925696594427,5.572755417956657,8,0.6847826086956522,0.33746130030959753,0.04891304347826087,0.006191950464396285,0.8260869565217391,3,2,0,0,0,0,0,2,0.9287925696594427
B7-OP-039,7.0,opinion,education,writing9.com,D-auto,268,4,15.764705882352942,6.974992403661947,0.11764705882352941,0.47058823529411764,0.0,0.5294117647058824,4.104477611940299,5.223880597014926,5,1.1194029850746268,5.970149253731344,7,0.618421052631579,0.3619402985074627,0.17763157894736842,0.007462686567164179,0.6666666666666666,10,2,0,0,0,0,0,0,0.746268656716418
B7-OP-040,7.0,opinion,education,writing9.com,D-auto,266,4,11.083333333333334,4.462031176742518,0.041666666666666664,0.8333333333333334,0.08333333333333333,0.08333333333333333,1.1278195488721805,3.7593984962406015,5,1.8796992481203008,4.887218045112782,2,0.7801418439716312,0.32706766917293234,0.04964539007092199,0.0,0.5789473684210527,3,2,0,0,0,0,0,0,0.37593984962406013
B7-OP-041,7.0,opinion,social,writing9.com,D-auto,254,4,16.933333333333334,5.567365225630123,0.06666666666666667,0.4666666666666667,0.06666666666666667,0.4666666666666667,2.7559055118110236,4.724409448818897,5,0.3937007874015748,11.023622047244094,3,0.7591240875912408,0.20866141732283464,0.0948905109489051,0.007874015748031496,0.6666666666666666,7,3,0,0,0,0,0,8,2.3622047244094486
B7-OP-043,7.0,opinion,technology,writing9.com,D-auto,386,6,17.545454545454547,4.914979633059371,0.045454545454545456,0.5,0.2727272727272727,0.22727272727272727,1.8134715025906736,3.1088082901554404,4,0.5181347150259067,3.1088082901554404,3,0.724,0.43523316062176165,0.05905511811023622,0.031088082901554404,0.6153846153846154,2,0,0,0,0,0,0,2,0.25906735751295334
B7-OP-044,7.0,opinion,social,writing9.com,D-auto,322,4,23,6.740072064048828,0.35714285714285715,0.5,0.0,0.5,2.7950310559006213,2.7950310559006213,4,0.9316770186335404,4.3478260869565215,5,0.7262569832402235,0.39751552795031053,0.07262569832402235,0.006211180124223602,0.6666666666666666,3,4,0,0,0,0,0,1,0.0
B7-OP-045,7.0,opinion,social,writing9.com,D-auto,369,5,20.5,5.002777006601211,0.16666666666666666,0.2777777777777778,0.05555555555555555,0.6666666666666666,4.607046070460704,3.794037940379404,5,0.27100271002710025,5.420054200542006,5,0.6545454545454545,0.3685636856368564,0.05454545454545454,0.0027100271002710027,0.46153846153846156,6,2,0,0,0,0,0,7,0.5420054200542005
B7-OP-046,7.0,opinion,globalization-work,writing9.com,D-auto,312,4,20.8,4.860726968948849,0.2,0.26666666666666666,0.0,0.7333333333333333,3.8461538461538463,4.166666666666667,5,0.6410256410256411,6.730769230769231,5,0.5117647058823529,0.32371794871794873,0.06470588235294118,0.009615384615384616,0.8888888888888888,8,3,1,0,0,0,0,3,2.2435897435897436
B7-OP-048,7.0,opinion,globalization-work,writing9.com,D-auto,267,5,17.8,5.491812087098392,0.13333333333333333,0.4,0.13333333333333333,0.4666666666666667,2.6217228464419478,4.49438202247191,5,1.4981273408239701,6.367041198501872,4,0.7622377622377622,0.3595505617977528,0.055944055944055944,0.003745318352059925,0.6666666666666666,4,2,0,0,0,0,0,1,0.0
B7-OP-049,7.0,opinion,globalization-work,writing9.com,D-auto,289,4,28.9,13.670771741200275,0.5,0.2,0.2,0.6,5.536332179930795,4.1522491349480966,4,0.3460207612456747,8.996539792387543,9,0.7816901408450704,0.3391003460207612,0.07042253521126761,0.02768166089965398,0.6,11,1,0,1,2,2,0,0,0.3460207612456747
B7-OP-050,7.0,opinion,education,writing9.com,D-auto,278,4,21.384615384615383,5.650574668371371,0.3076923076923077,0.46153846153846156,0.0,0.5384615384615384,2.8776978417266186,3.9568345323741005,5,0.3597122302158273,3.9568345323741005,2,0.776536312849162,0.48201438848920863,0.07262569832402235,0.02158273381294964,0.4827586206896552,4,1,0,0,0,0,0,1,1.4388489208633093
B7-OP-051,7.0,opinion,social,writing9.com,D-auto,315,7,16.57894736842105,6.877237737054519,0.10526315789473684,0.631578947368421,0.10526315789473684,0.2631578947368421,1.9047619047619047,5.079365079365079,5,1.9047619047619047,5.396825396825397,5,0.7612903225806451,0.2698412698412698,0.07096774193548387,0.012698412698412698,0.6363636363636364,8,3,1,0,0,0,2,1,1.2698412698412698
B7-OP-052,7.0,opinion,education,writing9.com,D-auto,321,4,22.928571428571427,6.158203422083027,0.35714285714285715,0.2857142857142857,0.07142857142857142,0.6428571428571429,3.426791277258567,4.049844236760125,5,0.3115264797507788,5.29595015576324,5,0.7422680412371134,0.4454828660436137,0.11855670103092783,0.009345794392523364,0.7058823529411765,3,4,0,0,1,0,0,0,0.9345794392523364
B7-OP-054,7.0,opinion,technology,writing9.com,D-auto,273,4,16.058823529411764,5.6928292173812745,0.058823529411764705,0.5294117647058824,0.17647058823529413,0.29411764705882354,2.5641025641025643,4.395604395604396,4,0.7326007326007326,10.256410256410257,8,0.71875,0.28205128205128205,0.1015625,0.01098901098901099,0.3,2,4,0,0,0,0,0,2,0.0
B7-OP-055,7.0,opinion,education,writing9.com,D-auto,313,4,22.357142857142858,7.84316939269126,0.2857142857142857,0.21428571428571427,0.07142857142857142,0.7142857142857143,4.472843450479234,4.472843450479234,5,0.6389776357827476,7.0287539936102235,4,0.7616279069767442,0.3546325878594249,0.06976744186046512,0.006389776357827476,0.3333333333333333,2,2,0,1,0,1,0,3,0.0
B7-OP-056,7.0,opinion,technology,writing9.com,D-auto,325,4,21.666666666666668,6.095535707019979,0.2,0.6,0.0,0.4,1.8461538461538463,3.3846153846153846,5,1.2307692307692308,5.230769230769231,4,0.7759562841530054,0.38461538461538464,0.07103825136612021,0.0,0.23076923076923078,2,3,0,0,1,2,1,2,0.3076923076923077
B7-OP-057,7.0,opinion,globalization-work,writing9.com,D-auto,311,4,23.923076923076923,7.086949419249859,0.46153846153846156,0.38461538461538464,0.3076923076923077,0.3076923076923077,1.9292604501607717,3.536977491961415,5,1.2861736334405145,5.144694533762058,5,0.8176100628930818,0.2990353697749196,0.06918238993710692,0.02572347266881029,0.42105263157894735,4,5,0,2,8,0,0,4,0.0
B7-OP-058,7.0,opinion,social,writing9.com,D-auto,251,4,17.928571428571427,6.32979672111295,0.07142857142857142,0.35714285714285715,0.07142857142857142,0.5714285714285714,3.585657370517928,4.382470119521912,5,0.796812749003984,5.9760956175298805,6,0.6783216783216783,0.41832669322709165,0.04895104895104895,0.07171314741035857,0.4,6,2,0,0,0,0,0,5,0.0
B7-OP-059,7.0,opinion,globalization-work,writing9.com,D-auto,255,4,19.615384615384617,5.877446613813251,0.15384615384615385,0.46153846153846156,0.07692307692307693,0.46153846153846156,3.1372549019607843,3.1372549019607843,5,0.7843137254901961,5.098039215686274,2,0.8625,0.4745098039215686,0.08125,0.09019607843137255,0.375,3,1,0,0,0,0,0,0,0.0
B7-OP-060,7.0,opinion,globalization-work,writing9.com,D-auto,263,4,20.23076923076923,3.0672926211349054,0.0,0.38461538461538464,0.3076923076923077,0.3076923076923077,1.9011406844106464,3.4220532319391634,4,1.9011406844106464,4.562737642585551,5,0.7577639751552795,0.4068441064638783,0.049689440993788817,0.0076045627376425855,0.75,0,2,0,0,0,0,0,1,0.7604562737642585
B7-OP-061,7.0,opinion,government,writing9.com,D-auto,326,4,23.285714285714285,6.932620319171959,0.35714285714285715,0.42857142857142855,0.0,0.5714285714285714,3.9877300613496933,2.4539877300613497,5,0.3067484662576687,9.815950920245399,7,0.659217877094972,0.38650306748466257,0.1005586592178771,0.003067484662576687,0.8181818181818182,1,2,0,0,0,0,0,0,0.0
B7-OP-063,7.0,opinion,social,writing9.com,D-auto,279,4,21.46153846153846,6.675044046128196,0.3076923076923077,0.3076923076923077,0.0,0.6923076923076923,5.376344086021505,4.659498207885305,4,1.075268817204301,6.093189964157706,6,0.7012987012987013,0.33691756272401435,0.09090909090909091,0.0035842293906810036,0.7222222222222222,7,3,0,1,3,0,0,1,0.7168458781362007
B7-OP-064,7.0,opinion,media,writing9.com,D-auto,278,4,19.857142857142858,6.220440302022069,0.14285714285714285,0.5,0.07142857142857142,0.42857142857142855,2.158273381294964,2.5179856115107913,4,0.7194244604316546,5.755395683453237,3,0.8958333333333334,0.3345323741007194,0.06944444444444445,0.02158273381294964,0.6666666666666666,2,2,0,1,2,0,1,1,0.7194244604316546
B7-OP-065,7.0,opinion,social,writing9.com,D-auto,355,5,20.88235294117647,4.800519003083098,0.17647058823529413,0.4117647058823529,0.0,0.5882352941176471,3.0985915492957745,3.380281690140845,5,0.8450704225352113,5.633802816901408,7,0.6881188118811881,0.37746478873239436,0.04950495049504951,0.014084507042253521,0.6,2,2,0,0,0,0,0,5,0.28169014084507044
B7-OP-066,7.0,opinion,education,writing9.com,D-auto,281,4,16.529411764705884,7.874886718578867,0.23529411764705882,0.5294117647058824,0.23529411764705882,0.23529411764705882,2.1352313167259784,2.8469750889679717,5,1.7793594306049823,8.540925266903914,6,0.7469879518072289,0.35231316725978645,0.09036144578313253,0.017793594306049824,0.9333333333333333,1,2,0,0,0,0,0,1,3.202846975088968
B7-OP-069,7.0,opinion,social,writing9.com,D-auto,365,4,22.8125,6.146327663735477,0.1875,0.375,0.3125,0.3125,2.4657534246575343,3.287671232876712,5,1.095890410958904,3.835616438356164,3,0.7929515418502202,0.3972602739726027,0.09691629955947137,0.00821917808219178,0.42857142857142855,4,2,0,1,3,0,0,4,0.0
B7-OP-070,7.0,opinion,education,writing9.com,D-auto,324,4,23.142857142857142,4.421653583012046,0.42857142857142855,0.07142857142857142,0.07142857142857142,0.8571428571428571,4.62962962962963,2.4691358024691357,5,0.30864197530864196,7.407407407407407,13,0.7297297297297297,0.37037037037037035,0.11891891891891893,0.0,0.5555555555555556,3,3,0,0,0,0,0,2,3.3950617283950617
B7-OP-071,7.0,opinion,social,writing9.com,D-auto,256,5,16,4.8218253804964775,0.0,0.5625,0.0,0.4375,3.125,5.078125,6,1.171875,7.421875,3,0.6041666666666666,0.2265625,0.034722222222222224,0.0,0.8888888888888888,4,2,0,0,0,0,0,8,2.734375
B7-OP-072,7.0,opinion,education,writing9.com,D-auto,325,5,20.3125,5.609353238119347,0.0625,0.4375,0.25,0.3125,2.1538461538461537,3.3846153846153846,5,0.6153846153846154,8.923076923076923,7,0.7062146892655368,0.37538461538461537,0.05649717514124294,0.009230769230769232,0.8461538461538461,1,5,0,0,0,0,0,2,1.2307692307692308
B7-OP-073,7.0,opinion,education,writing9.com,D-auto,319,4,22.785714285714285,6.04954037721133,0.5,0.5,0.07142857142857142,0.42857142857142855,3.134796238244514,3.134796238244514,5,0.9404388714733543,6.896551724137931,7,0.6388888888888888,0.4012539184952978,0.08888888888888889,0.0,0.7142857142857143,2,3,0,0,0,0,0,0,2.19435736677116
B7-OP-075,7.0,opinion,social,writing9.com,D-auto,288,4,26.181818181818183,11.566551948050126,0.2727272727272727,0.0,0.18181818181818182,0.8181818181818182,3.8194444444444446,4.861111111111111,5,0.0,7.638888888888889,11,0.7837837837837838,0.2743055555555556,0.07432432432432433,0.020833333333333332,0.5,4,4,0,2,2,1,0,2,0.3472222222222222
B7-OP-076,7.0,opinion,social,writing9.com,D-auto,311,4,22.214285714285715,3.9129559785149537,0.14285714285714285,0.5714285714285714,0.07142857142857142,0.35714285714285715,1.607717041800643,2.8938906752411575,5,0.9646302250803859,3.215434083601286,3,0.6494845360824743,0.3729903536977492,0.07731958762886598,0.00964630225080386,0.35714285714285715,3,2,0,1,5,0,0,1,0.3215434083601286
B7-OP-077,7.0,opinion,technology,writing9.com,D-auto,399,5,19.95,8.151533598041537,0.15,0.45,0.3,0.25,1.5037593984962405,2.506265664160401,4,0.5012531328320802,3.7593984962406015,5,0.7899159663865546,0.37844611528822053,0.09663865546218488,0.020050125313283207,0.75,0,4,0,0,0,0,0,6,0.0
B7-OP-078,7.0,opinion,globalization-work,writing9.com,D-auto,276,4,18.4,3.8436094147732196,0.06666666666666667,0.4,0.2,0.4,2.1739130434782608,2.536231884057971,3,0.36231884057971014,6.521739130434782,8,0.6164383561643836,0.3188405797101449,0.0547945205479452,0.0,0.631578947368421,5,1,0,0,0,0,0,0,0.0
B7-OP-079,7.0,opinion,technology,writing9.com,D-auto,301,4,21.5,7.168881163951397,0.21428571428571427,0.5714285714285714,0.0,0.42857142857142855,2.6578073089700998,1.6611295681063123,4,0.9966777408637874,6.644518272425249,8,0.8395061728395061,0.2591362126245847,0.06790123456790123,0.016611295681063124,0.4444444444444444,0,2,0,1,4,0,1,1,0.0
B7-OP-080,7.0,opinion,technology,writing9.com,D-auto,279,4,19.928571428571427,8.362025435727585,0.2857142857142857,0.5714285714285714,0.07142857142857142,0.35714285714285715,2.867383512544803,3.942652329749104,5,1.7921146953405018,7.526881720430108,5,0.8553459119496856,0.3835125448028674,0.11949685534591195,0.021505376344086023,0.5714285714285714,4,3,0,1,1,1,0,2,0.0
B7-OP-081,7.0,opinion,education,writing9.com,D-auto,320,4,32,19.601020381602588,0.6,0.3,0.0,0.7,2.8125,3.4375,4,0.9375,3.75,4,0.7040816326530612,0.434375,0.10714285714285714,0.015625,0.6190476190476191,3,5,0,1,5,0,0,1,0.3125
B7-OP-082,7.0,opinion,technology,writing9.com,D-auto,296,4,21.142857142857142,4.15515416349971,0.07142857142857142,0.35714285714285715,0.14285714285714285,0.5,2.7027027027027026,2.027027027027027,3,0.6756756756756757,6.418918918918919,4,0.7018633540372671,0.3141891891891892,0.024844720496894408,0.0,0.6153846153846154,4,0,0,0,0,2,0,9,0.6756756756756757
B7-OP-083,7.0,opinion,education,writing9.com,D-auto,281,4,28.1,11.237882362794158,0.5,0.3,0.0,0.7,4.98220640569395,3.9145907473309607,5,0.35587188612099646,7.117437722419929,6,0.7235772357723578,0.2597864768683274,0.08943089430894309,0.0035587188612099642,0.6428571428571429,4,2,0,2,2,0,0,1,0.0
B7-OP-085,7.0,opinion,education,writing9.com,D-auto,376,4,28.923076923076923,9.351771024879467,0.6153846153846154,0.38461538461538464,0.23076923076923078,0.38461538461538464,1.8617021276595744,2.925531914893617,5,1.0638297872340425,4.787234042553192,6,0.7268518518518519,0.40425531914893614,0.09259259259259259,0.03723404255319149,0.4666666666666667,3,1,0,0,0,0,0,0,0.26595744680851063
B7-OP-086,7.0,opinion,education,writing9.com,D-auto,307,5,19.1875,4.759447840873981,0.125,0.25,0.125,0.625,4.234527687296417,2.9315960912052117,5,0.3257328990228013,8.143322475570033,9,0.712707182320442,0.36156351791530944,0.055248618784530384,0.0,0.8,4,1,0,0,0,0,0,4,1.3029315960912051
B7-OP-087,7.0,opinion,social,writing9.com,D-auto,346,5,18.210526315789473,6.040032653871483,0.10526315789473684,0.42105263157894735,0.05263157894736842,0.5263157894736842,3.179190751445087,4.624277456647399,6,0.8670520231213873,7.803468208092486,9,0.7411764705882353,0.36416184971098264,0.11764705882352941,0.017341040462427744,0.6,8,2,0,0,0,0,0,4,0.0
B7-OP-088,7.0,opinion,globalization-work,writing9.com,D-auto,281,4,21.615384615384617,9.152876483870745,0.3076923076923077,0.3076923076923077,0.15384615384615385,0.5384615384615384,3.9145907473309607,3.9145907473309607,4,0.7117437722419929,6.049822064056939,5,0.6240601503759399,0.2526690391459075,0.03759398496240601,0.0035587188612099642,0.8125,8,2,0,0,0,0,0,1,0.0
B7-OP-089,7.0,opinion,globalization-work,writing9.com,D-auto,261,4,21.75,6.634819766454348,0.25,0.4166666666666667,0.08333333333333333,0.5,3.0651340996168583,3.4482758620689653,5,1.5325670498084292,7.2796934865900385,6,0.7933884297520661,0.27586206896551724,0.06611570247933884,0.0038314176245210726,0.75,3,2,0,0,0,1,0,2,0.0
B7-OP-091,7.0,opinion,crime,writing9.com,D-auto,344,5,18.105263157894736,5.729836379055507,0.15789473684210525,0.47368421052631576,0.10526315789473684,0.42105263157894735,3.197674418604651,4.3604651162790695,5,0.5813953488372093,6.976744186046512,6,0.7909604519774012,0.33430232558139533,0.0903954802259887,0.023255813953488372,0.8333333333333334,5,3,0,0,0,0,0,3,0.29069767441860467
B7-OP-092,7.0,opinion,environment,writing9.com,D-auto,264,4,20.307692307692307,7.6599318673874475,0.23076923076923078,0.3076923076923077,0.0,0.6923076923076923,4.545454545454546,2.272727272727273,4,0.7575757575757576,8.712121212121213,7,0.7744360902255639,0.3143939393939394,0.13533834586466165,0.015151515151515152,0.26666666666666666,3,2,0,0,0,0,0,1,0.3787878787878788
B7-REP-001,7.0,report,health,writing9.com,D-auto,385,4,22.647058823529413,9.304908106955851,0.35294117647058826,0.47058823529411764,0.17647058823529413,0.35294117647058826,1.5584415584415585,1.0389610389610389,3,0.5194805194805194,3.3766233766233764,3,0.8151260504201681,0.3194805194805195,0.08823529411764706,0.03116883116883117,0.7333333333333333,2,0,0,0,0,1,0,0,0.0
B7-REP-002,7.0,report,social,writing9.com,D-auto,270,4,15.882352941176471,5.211777984314515,0.058823529411764705,0.5294117647058824,0.17647058823529413,0.29411764705882354,1.8518518518518519,5.185185185185185,5,1.1111111111111112,3.3333333333333335,2,0.8378378378378378,0.29259259259259257,0.08108108108108109,0.018518518518518517,0.35714285714285715,6,3,0,2,6,1,0,2,0.0
B7-REP-003,7.0,report,globalization-work,writing9.com,D-auto,283,4,20.214285714285715,7.113152520191747,0.21428571428571427,0.5,0.2857142857142857,0.21428571428571427,1.0600706713780919,2.1201413427561837,3,0.7067137809187279,5.6537102473498235,7,0.7470588235294118,0.3957597173144876,0.08823529411764706,0.014134275618374558,0.625,2,0,0,0,1,0,1,1,0.7067137809187279
B7-REP-004,7.0,report,culture,writing9.com,D-auto,250,1,13.88888888888889,4.108107010519144,0.0,0.6666666666666666,0.05555555555555555,0.2777777777777778,2.4,2.0,3,0.8,7.2,3,0.7348484848484849,0.288,0.030303030303030304,0.032,0.6923076923076923,2,0,0,0,0,0,1,4,0.0
B7-REP-007,7.0,report,globalization-work,writing9.com,D-auto,294,4,17.294117647058822,5.003113217638805,0.058823529411764705,0.5882352941176471,0.11764705882352941,0.29411764705882354,2.380952380952381,3.741496598639456,6,1.3605442176870748,6.462585034013605,7,0.6571428571428571,0.3299319727891156,0.05714285714285714,0.006802721088435374,0.8333333333333334,4,1,0,0,0,0,0,6,0.3401360544217687
B7-REP-008,7.0,report,environment,writing9.com,D-auto,298,4,19.866666666666667,8.655377262462657,0.2,0.6,0.13333333333333333,0.26666666666666666,2.348993288590604,4.3624161073825505,5,0.6711409395973155,6.7114093959731544,5,0.7261146496815286,0.3087248322147651,0.07006369426751592,0.053691275167785234,0.6363636363636364,7,3,0,1,1,0,0,5,0.0
B7-REP-009,7.0,report,social,writing9.com,D-auto,344,4,20.235294117647058,6.575618170579821,0.23529411764705882,0.5294117647058824,0.23529411764705882,0.23529411764705882,1.1627906976744187,4.3604651162790695,6,0.5813953488372093,6.976744186046512,7,0.7701149425287356,0.24709302325581395,0.10344827586206896,0.023255813953488372,0.6428571428571429,2,5,0,0,0,0,0,0,0.0
B7-REP-011,7.0,report,social,writing9.com,D-auto,303,5,15.947368421052632,4.285516418067849,0.0,0.631578947368421,0.15789473684210525,0.21052631578947367,1.3201320132013201,1.9801980198019802,4,1.3201320132013201,4.29042904290429,3,0.6808510638297872,0.35313531353135313,0.0797872340425532,0.0033003300330033004,0.6944444444444444,5,1,0,0,0,0,1,7,2.31023102310231
B7-REP-012,7.0,report,environment,writing9.com,D-auto,299,4,15.736842105263158,4.688643673962123,0.0,0.7894736842105263,0.05263157894736842,0.15789473684210525,1.0033444816053512,4.3478260869565215,5,0.6688963210702341,4.013377926421405,3,0.7722222222222223,0.4013377926421405,0.09444444444444444,0.0033444816053511705,0.7142857142857143,6,4,0,1,2,0,0,2,5.016722408026756
B7-REP-013,7.0,report,media,writing9.com,D-auto,313,4,19.5625,4.227421643271463,0.0625,0.5,0.0625,0.4375,2.8753993610223643,4.472843450479234,5,1.2779552715654952,7.667731629392971,6,0.654054054054054,0.3769968051118211,0.07567567567567568,0.0,0.7333333333333333,5,4,0,0,0,0,0,8,0.0
B7-REP-014,7.0,report,social,writing9.com,D-auto,321,5,20.0625,7.241104456503856,0.125,0.5,0.0,0.5,3.426791277258567,5.607476635514018,6,1.2461059190031152,5.919003115264798,6,0.6972972972972973,0.5015576323987538,0.10270270270270271,0.012461059190031152,0.8,5,5,0,1,1,0,0,1,0.3115264797507788
B7-REP-015,7.0,report,environment,writing9.com,D-auto,270,5,20.76923076923077,8.806936480837976,0.3076923076923077,0.5384615384615384,0.15384615384615385,0.3076923076923077,1.4814814814814814,2.2222222222222223,3,1.4814814814814814,2.962962962962963,6,0.8192771084337349,0.42592592592592593,0.060240963855421686,0.040740740740740744,0.6923076923076923,4,0,0,0,0,0,0,0,0.7407407407407407
B7-REP-016,7.0,report,social,writing9.com,D-auto,310,4,25.833333333333332,12.641422212534298,0.5833333333333334,0.3333333333333333,0.0,0.6666666666666666,3.870967741935484,5.161290322580645,5,0.967741935483871,6.129032258064516,9,0.7352941176470589,0.27741935483870966,0.03529411764705882,0.012903225806451613,0.3888888888888889,5,4,0,2,6,0,0,2,1.2903225806451613
B7-REP-017,7.0,report,social,writing9.com,D-auto,310,4,25.833333333333332,12.44878396560171,0.5833333333333334,0.3333333333333333,0.0,0.6666666666666666,3.870967741935484,5.161290322580645,5,0.967741935483871,6.129032258064516,9,0.7543859649122807,0.2806451612903226,0.04678362573099415,0.012903225806451613,0.4375,5,4,0,2,6,0,0,2,0.967741935483871
B7-TQ-001,7.0,two-part,media,ielts-blog.com,C-blog,321,3,13.375,5.99174779731813,0.041666666666666664,0.4583333333333333,0.08333333333333333,0.4583333333333333,4.049844236760125,1.8691588785046729,3,0.0,5.29595015576324,3,0.6428571428571429,0.14330218068535824,0.01948051948051948,0.01557632398753894,0.65,4,0,0,0,1,0,0,2,0.0
B7-TQ-002,7.0,two-part,social,writing9.com,D-auto,363,5,19.105263157894736,6.664080754250279,0.15789473684210525,0.5789473684210527,0.2631578947368421,0.15789473684210525,1.3774104683195592,2.479338842975207,5,0.27548209366391185,5.785123966942149,4,0.7799043062200957,0.36363636363636365,0.07177033492822966,0.024793388429752067,0.6666666666666666,4,3,0,1,4,0,0,5,0.0
B7-TQ-003,7.0,two-part,government,ielts-blog.com,C-blog,307,6,13.954545454545455,4.557484081927746,0.0,0.5454545454545454,0.18181818181818182,0.2727272727272727,1.9543973941368078,3.9087947882736156,4,1.3029315960912051,4.88599348534202,2,0.6387096774193548,0.254071661237785,0.01935483870967742,0.02280130293159609,0.7894736842105263,3,2,0,0,4,0,0,2,0.0
B7-TQ-004,7.0,two-part,globalization-work,writing9.com,D-auto,389,5,22.88235294117647,7.283198658485291,0.29411764705882354,0.4117647058823529,0.11764705882352941,0.47058823529411764,2.570694087403599,2.827763496143959,5,0.5141388174807198,5.141388174807198,4,0.7130434782608696,0.3676092544987147,0.06086956521739131,0.02056555269922879,0.7333333333333333,3,4,0,1,7,0,0,2,0.2570694087403599
B7-TQ-006,7.0,two-part,technology,ielts-blog.com,C-blog,152,2,16.88888888888889,6.9672957362626144,0.2222222222222222,0.6666666666666666,0.0,0.3333333333333333,3.289473684210526,3.289473684210526,3,0.6578947368421053,7.2368421052631575,3,0.8904109589041096,0.3092105263157895,0.0547945205479452,0.046052631578947366,0.22727272727272727,1,0,0,0,0,1,0,2,0.0
B7-TQ-007,7.0,two-part,environment,writing9.com,D-auto,286,4,19.066666666666666,4.419150245113747,0.06666666666666667,0.8666666666666667,0.06666666666666667,0.06666666666666667,0.34965034965034963,2.4475524475524475,5,0.6993006993006993,3.1468531468531467,4,0.8232044198895028,0.4755244755244755,0.0718232044198895,0.0034965034965034965,0.45454545454545453,3,2,0,1,3,0,1,1,1.7482517482517483
B7-TQ-008,7.0,two-part,health,writing9.com,D-auto,305,4,17.941176470588236,4.021568149444049,0.11764705882352941,0.7058823529411765,0.058823529411764705,0.23529411764705882,1.3114754098360655,4.590163934426229,6,1.3114754098360655,4.262295081967213,2,0.6804123711340206,0.35737704918032787,0.05670103092783505,0.006557377049180328,0.7647058823529411,5,2,0,0,0,0,0,5,0.9836065573770492
B7-TQ-010,7.0,two-part,crime,writing9.com,D-auto,354,4,25.285714285714285,8.275856204548708,0.35714285714285715,0.14285714285714285,0.0,0.8571428571428571,4.519774011299435,3.672316384180791,5,0.5649717514124294,9.6045197740113,13,0.8705882352941177,0.2853107344632768,0.047058823529411764,0.022598870056497175,0.5,6,6,0,2,2,0,0,2,0.2824858757062147
B7-TQ-011,7.0,two-part,social,writing9.com,D-auto,271,4,20.846153846153847,4.588382551386689,0.07692307692307693,0.38461538461538464,0.0,0.6153846153846154,3.690036900369004,1.845018450184502,5,0.7380073800738007,4.797047970479705,5,0.8418079096045198,0.4022140221402214,0.07909604519774012,0.007380073800738007,0.6666666666666666,1,1,0,0,0,0,1,1,0.36900369003690037
B75-ADV-001,7.5,adv-disadv,media,cdieltsprep.com,B-teacher,285,4,21.923076923076923,9.522940225190137,0.46153846153846156,0.23076923076923078,0.15384615384615385,0.6153846153846154,4.56140350877193,1.0526315789473684,2,0.0,6.315789473684211,3,0.8601398601398601,0.28771929824561404,0.08391608391608392,0.05263157894736842,0.7222222222222222,1,1,0,0,3,0,0,0,0.0
B75-ADV-002,7.5,two-part,culture,ielts.international,A-examiner,262,4,18.714285714285715,6.028842241716912,0.21428571428571427,0.5,0.21428571428571427,0.2857142857142857,1.5267175572519085,0.3816793893129771,1,0.0,3.053435114503817,2,0.9251336898395722,0.5267175572519084,0.0855614973262032,0.03435114503816794,0.5454545454545454,0,1,0,0,0,0,0,0,0.0
B75-ADV-003,7.5,adv-disadv,globalization-work,allthingsielts.com,B-teacher,404,6,20.2,7.487322618933954,0.3,0.55,0.2,0.25,1.2376237623762376,2.4752475247524752,5,0.49504950495049505,2.722772277227723,3,0.76,0.400990099009901,0.07326007326007326,0.01485148514851485,0.8125,2,2,0,0,0,1,0,0,0.49504950495049505
B75-ADV-004,7.5,adv-disadv,education,cdieltsprep.com,B-teacher,282,4,25.636363636363637,8.997704023024452,0.36363636363636365,0.18181818181818182,0.18181818181818182,0.6363636363636364,4.609929078014185,1.7730496453900708,4,0.0,6.028368794326241,5,0.8905109489051095,0.2801418439716312,0.0948905109489051,0.028368794326241134,0.6666666666666666,1,1,0,0,0,0,0,1,0.0
B75-ADV-005,7.5,adv-disadv,education,writing9.com,D-auto,331,5,22.066666666666666,8.774711138012211,0.4,0.6,0.13333333333333333,0.26666666666666666,1.2084592145015105,2.1148036253776437,5,0.3021148036253776,3.6253776435045317,3,0.9041666666666667,0.5498489425981873,0.0875,0.0513595166163142,0.7222222222222222,2,1,0,0,10,0,0,0,0.3021148036253776
B75-ADV-006,7.5,adv-disadv,education,cdieltsprep.com,B-teacher,280,4,21.53846153846154,9.60460934708222,0.3076923076923077,0.23076923076923078,0.07692307692307693,0.6923076923076923,4.642857142857143,2.142857142857143,3,0.0,5.357142857142857,7,0.8604651162790697,0.2785714285714286,0.06201550387596899,0.02142857142857143,0.6875,1,0,0,0,0,0,0,0,0.0
B75-ADV-007,7.5,adv-disadv,technology,writing9.com,D-auto,328,4,27.333333333333332,9.46337971105226,0.4166666666666667,0.25,0.25,0.5,1.829268292682927,3.3536585365853657,5,1.2195121951219512,6.097560975609756,9,0.7090909090909091,0.27134146341463417,0.03636363636363636,0.021341463414634148,0.4666666666666667,2,2,0,1,4,1,0,1,0.6097560975609756
B75-ADV-009,7.5,adv-disadv,globalization-work,writing9.com,D-auto,253,4,18.071428571428573,9.003684053242441,0.21428571428571427,0.35714285714285715,0.0,0.6428571428571429,5.138339920948616,5.138339920948616,5,0.7905138339920948,8.695652173913043,6,0.7333333333333333,0.33992094861660077,0.044444444444444446,0.019762845849802372,0.6521739130434783,9,2,0,1,1,0,0,1,0.3952569169960474
B75-ADV-010,7.5,adv-disadv,social,writing9.com,D-auto,278,4,17.375,7.192661190407901,0.125,0.5,0.0,0.5,4.316546762589928,3.237410071942446,5,1.079136690647482,9.352517985611511,11,0.7956204379562044,0.28776978417266186,0.12408759124087591,0.0035971223021582736,0.6363636363636364,3,4,1,0,0,0,1,2,0.3597122302158273
B75-ADV-012,7.5,adv-disadv,globalization-work,cdieltsprep.com,B-teacher,290,4,20.714285714285715,10.024459881627905,0.2857142857142857,0.2857142857142857,0.07142857142857142,0.6428571428571429,5.172413793103448,1.3793103448275863,3,0.0,4.827586206896552,5,0.8561151079136691,0.2517241379310345,0.08633093525179857,0.03103448275862069,0.45,0,2,0,0,0,0,0,1,0.0
B75-ADV-013,7.5,adv-disadv,social,writing9.com,D-auto,344,4,22.933333333333334,8.10322295276529,0.3333333333333333,0.4,0.06666666666666667,0.5333333333333333,3.7790697674418605,6.686046511627907,6,0.872093023255814,6.976744186046512,7,0.6881720430107527,0.311046511627907,0.03763440860215054,0.05232558139534884,0.6,6,5,0,1,4,0,0,3,0.0
B75-ADV-014,7.5,adv-disadv,social,cdieltsprep.com,B-teacher,290,4,19.333333333333332,9.809292646374773,0.3333333333333333,0.3333333333333333,0.13333333333333333,0.5333333333333333,3.793103448275862,1.0344827586206897,2,0.0,5.862068965517241,3,0.9071428571428571,0.27241379310344827,0.03571428571428571,0.02413793103448276,0.5294117647058824,2,0,0,0,0,0,0,2,0.0
B75-ADV-015,7.5,adv-disadv,crime,cdieltsprep.com,B-teacher,301,4,23.153846153846153,12.284112026679978,0.46153846153846156,0.3076923076923077,0.07692307692307693,0.6153846153846154,5.3156146179401995,2.3255813953488373,5,0.0,6.312292358803987,4,0.8627450980392157,0.31893687707641194,0.0718954248366013,0.029900332225913623,0.625,1,1,0,0,0,0,0,0,0.0
B75-ADV-016,7.5,adv-disadv,social,cdieltsprep.com,B-teacher,300,4,21.428571428571427,9.839528775841465,0.42857142857142855,0.35714285714285715,0.35714285714285715,0.2857142857142857,2.0,2.6666666666666665,5,0.0,4.333333333333333,3,0.9036144578313253,0.29,0.04819277108433735,0.013333333333333334,0.8846153846153846,2,1,0,0,0,0,0,2,0.0
B75-ADV-018,7.5,adv-disadv,social,writing9.com,D-auto,263,4,17.533333333333335,3.879289740260308,0.0,0.4,0.3333333333333333,0.26666666666666666,1.520912547528517,5.7034220532319395,5,0.7604562737642585,4.182509505703422,3,0.779874213836478,0.3650190114068441,0.06918238993710692,0.026615969581749048,0.6428571428571429,6,2,0,0,0,0,1,3,0.0
B75-ADV-019,7.5,adv-disadv,technology,cdieltsprep.com,B-teacher,286,4,22,9.306738666975914,0.46153846153846156,0.23076923076923078,0.15384615384615385,0.6153846153846154,4.545454545454546,1.3986013986013985,3,0.0,6.993006993006993,2,0.8657718120805369,0.2692307692307692,0.06711409395973154,0.038461538461538464,0.75,2,1,0,0,0,0,0,2,0.0
B75-ADV-020,7.5,adv-disadv,globalization-work,cdieltsprep.com,B-teacher,305,4,23.46153846153846,10.463235156529189,0.38461538461538464,0.23076923076923078,0.15384615384615385,0.6153846153846154,3.278688524590164,2.2950819672131146,4,0.0,7.213114754098361,7,0.8851351351351351,0.26885245901639343,0.08108108108108109,0.03934426229508197,0.6842105263157895,0,1,0,0,0,0,0,2,0.0
B75-ADV-022,7.5,adv-disadv,social,writing9.com,D-auto,282,4,18.8,5.7642576856579435,0.13333333333333333,0.4666666666666667,0.06666666666666667,0.4666666666666667,3.1914893617021276,3.900709219858156,5,1.0638297872340425,4.25531914893617,4,0.7724137931034483,0.29432624113475175,0.08275862068965517,0.024822695035460994,0.5625,6,2,0,0,0,0,0,2,1.0638297872340425
B75-ADV-023,7.5,adv-disadv,technology,writing9.com,D-auto,315,4,19.6875,4.818178468052008,0.125,0.375,0.125,0.5,3.1746031746031744,3.1746031746031744,5,1.9047619047619047,4.761904761904762,5,0.7182320441988951,0.35873015873015873,0.06077348066298342,0.009523809523809525,0.5,2,0,0,0,0,0,0,3,0.0
B75-ADV-024,7.5,adv-disadv,globalization-work,cdieltsprep.com,B-teacher,295,4,21.071428571428573,7.629494326196815,0.14285714285714285,0.21428571428571427,0.42857142857142855,0.35714285714285715,2.0338983050847457,1.694915254237288,3,0.0,3.0508474576271185,1,0.8910256410256411,0.33220338983050846,0.08333333333333333,0.04406779661016949,0.6470588235294118,3,0,0,0,0,0,0,1,0.0
B75-ADV-025,7.5,adv-disadv,social,writing9.com,D-auto,340,4,18.88888888888889,5.655762930055295,0.1111111111111111,0.4444444444444444,0.3333333333333333,0.2222222222222222,1.1764705882352942,2.9411764705882355,5,0.8823529411764706,3.5294117647058822,3,0.8089887640449438,0.27058823529411763,0.03932584269662921,0.026470588235294117,0.625,3,3,0,0,0,0,0,3,0.8823529411764706
B75-ADV-026,7.5,adv-disadv,media,writing9.com,D-auto,281,4,21.615384615384617,6.3795160358816405,0.23076923076923078,0.3076923076923077,0.07692307692307693,0.6153846153846154,4.6263345195729535,4.270462633451957,4,0.35587188612099646,6.761565836298932,4,0.6927710843373494,0.4234875444839858,0.05421686746987952,0.0035587188612099642,0.875,6,4,0,0,0,0,0,9,0.35587188612099646
B75-ADV-028,7.5,adv-disadv,technology,writing9.com,D-auto,295,4,19.666666666666668,8.607490278175682,0.26666666666666666,0.4,0.0,0.6,5.084745762711864,2.711864406779661,5,1.0169491525423728,9.152542372881356,8,0.7841726618705036,0.25084745762711863,0.11510791366906475,0.0,0.5294117647058824,4,2,1,0,0,0,1,3,0.0
B75-ADV-029,7.5,adv-disadv,government,cdieltsprep.com,B-teacher,298,4,22.923076923076923,8.887861544839495,0.38461538461538464,0.3076923076923077,0.15384615384615385,0.5384615384615384,3.6912751677852347,2.348993288590604,4,0.0,5.369127516778524,3,0.8571428571428571,0.22818791946308725,0.061224489795918366,0.02348993288590604,0.7647058823529411,2,2,0,0,0,0,0,2,0.6711409395973155
B75-ADV-030,7.5,adv-disadv,globalization-work,cdieltsprep.com,B-teacher,307,4,21.928571428571427,9.42234642989197,0.35714285714285715,0.35714285714285715,0.21428571428571427,0.42857142857142855,3.257328990228013,1.6286644951140066,4,0.0,5.537459283387622,4,0.8450704225352113,0.23127035830618892,0.056338028169014086,0.048859934853420196,0.6875,2,0,0,0,0,0,0,1,0.0
B75-ADV-031,7.5,adv-disadv,government,cdieltsprep.com,B-teacher,305,4,23.46153846153846,10.29275611303245,0.5384615384615384,0.23076923076923078,0.3076923076923077,0.46153846153846156,3.278688524590164,1.9672131147540983,2,0.0,6.885245901639344,3,0.8509316770186336,0.30491803278688523,0.049689440993788817,0.009836065573770493,0.8571428571428571,1,2,0,0,0,0,0,1,0.0
B75-ADV-032,7.5,adv-disadv,social,writing9.com,D-auto,284,4,16.705882352941178,5.5811100085319625,0.11764705882352941,0.4117647058823529,0.0,0.5882352941176471,4.929577464788732,3.5211267605633805,4,0.352112676056338,4.577464788732394,4,0.8194444444444444,0.2711267605633803,0.06944444444444445,0.028169014084507043,0.6666666666666666,4,4,0,0,0,0,0,0,0.0
B75-ADV-034,7.5,adv-disadv,globalization-work,writing9.com,D-auto,332,4,22.133333333333333,5.596030339048883,0.2,0.4,0.06666666666666667,0.5333333333333333,3.9156626506024095,2.4096385542168677,4,0.6024096385542169,7.530120481927711,10,0.817258883248731,0.39156626506024095,0.116751269035533,0.0572289156626506,0.30303030303030304,4,3,0,0,0,0,1,1,0.0
B75-ADV-036,7.5,adv-disadv,globalization-work,writing9.com,D-auto,332,4,23.714285714285715,6.052491475518531,0.42857142857142855,0.21428571428571427,0.07142857142857142,0.7142857142857143,4.518072289156627,2.710843373493976,4,0.30120481927710846,7.530120481927711,13,0.727810650887574,0.25,0.0650887573964497,0.0,0.6428571428571429,4,3,0,0,0,0,0,6,0.6024096385542169
B75-ADV-037,7.5,adv-disadv,health,writing9.com,D-auto,290,4,18.125,4.211220131980754,0.0625,0.3125,0.125,0.5625,4.482758620689655,3.793103448275862,5,1.3793103448275863,5.517241379310345,4,0.6666666666666666,0.3275862068965517,0.047619047619047616,0.013793103448275862,0.8181818181818182,4,3,0,0,0,0,0,4,0.6896551724137931
B75-ADV-038,7.5,adv-disadv,education,writing9.com,D-auto,294,4,22.615384615384617,5.299324507584565,0.3076923076923077,0.23076923076923078,0.0,0.7692307692307693,4.761904761904762,4.081632653061225,5,1.3605442176870748,5.442176870748299,4,0.7948717948717948,0.30272108843537415,0.07051282051282051,0.013605442176870748,0.5882352941176471,4,3,0,1,2,0,0,4,0.0
B75-ADV-039,7.5,adv-disadv,social,writing9.com,D-auto,313,4,28.454545454545453,7.02416137166613,0.5454545454545454,0.7272727272727273,0.09090909090909091,0.18181818181818182,1.2779552715654952,3.194888178913738,5,1.597444089456869,2.236421725239617,2,0.7197802197802198,0.3258785942492013,0.054945054945054944,0.01597444089456869,0.5909090909090909,2,3,0,2,6,0,0,2,0.6389776357827476
B75-ADV-040,7.5,adv-disadv,environment,writing9.com,D-auto,253,4,19.46153846153846,4.601260439611748,0.07692307692307693,0.5384615384615384,0.07692307692307693,0.38461538461538464,3.952569169960474,4.3478260869565215,5,1.1857707509881423,7.905138339920948,7,0.8079470198675497,0.3794466403162055,0.09271523178807947,0.007905138339920948,0.21739130434782608,2,2,0,0,0,0,0,1,0.0
B75-ADV-041,7.5,two-part,globalization-work,writing9.com,D-auto,284,4,16.705882352941178,6.666551325415147,0.17647058823529413,0.5882352941176471,0.0,0.4117647058823529,2.816901408450704,4.225352112676056,5,0.352112676056338,4.929577464788732,3,0.7852760736196319,0.34507042253521125,0.08588957055214724,0.04225352112676056,0.4782608695652174,5,1,1,0,0,0,0,2,0.0
B75-ADV-042,7.5,adv-disadv,technology,writing9.com,D-auto,268,4,19.142857142857142,5.841442371503106,0.14285714285714285,0.42857142857142855,0.07142857142857142,0.5,3.3582089552238807,4.104477611940299,5,1.1194029850746268,5.970149253731344,2,0.7435897435897436,0.4253731343283582,0.08974358974358974,0.0037313432835820895,0.8666666666666667,4,1,0,0,0,0,0,3,0.0
B75-ADV-043,7.5,adv-disadv,technology,writing9.com,D-auto,280,5,17.5,6.020797289396148,0.0625,0.1875,0.4375,0.375,2.857142857142857,3.5714285714285716,5,0.7142857142857143,5.714285714285714,3,0.788235294117647,0.37142857142857144,0.11176470588235295,0.007142857142857143,0.47058823529411764,1,1,0,0,0,0,0,8,1.0714285714285714
B75-ADV-045,7.5,adv-disadv,technology,writing9.com,D-auto,338,5,15.363636363636363,4.810456929208346,0.0,0.5909090909090909,0.045454545454545456,0.36363636363636365,3.2544378698224854,3.8461538461538463,6,1.4792899408284024,5.9171597633136095,3,0.6395939086294417,0.40828402366863903,0.03553299492385787,0.0029585798816568047,0.7857142857142857,2,2,0,0,0,0,0,1,0.2958579881656805
B75-ADV-046,7.5,two-part,education,writing9.com,D-auto,498,6,19.92,5.912156966793084,0.2,0.64,0.04,0.32,1.8072289156626506,3.0120481927710845,4,0.0,6.024096385542169,11,0.816,0.3353413654618474,0.05555555555555555,0.06626506024096386,0.2571428571428571,11,3,0,0,2,0,0,2,0.0
B75-ADV-047,7.5,two-part,globalization-work,writing9.com,D-auto,294,4,18.375,5.085211401701998,0.0625,0.5,0.125,0.375,2.7210884353741496,3.741496598639456,4,0.6802721088435374,3.741496598639456,3,0.7513227513227513,0.43537414965986393,0.08465608465608465,0.013605442176870748,0.6,7,2,0,1,2,1,0,1,0.6802721088435374
B75-ADV-050,7.5,adv-disadv,globalization-work,writing9.com,D-auto,312,4,20.8,5.867424193516833,0.26666666666666666,0.5333333333333333,0.13333333333333333,0.3333333333333333,1.6025641025641026,4.487179487179487,5,0.9615384615384616,6.730769230769231,5,0.7151515151515152,0.32371794871794873,0.07272727272727272,0.019230769230769232,0.3888888888888889,7,3,0,2,6,0,0,2,0.0
B75-ADV-051,7.5,adv-disadv,technology,writing9.com,D-auto,253,4,18.071428571428573,5.762740986151416,0.07142857142857142,0.5714285714285714,0.07142857142857142,0.35714285714285715,1.976284584980237,3.1620553359683794,4,1.976284584980237,7.1146245059288535,5,0.8266666666666667,0.33992094861660077,0.05333333333333334,0.0,0.6153846153846154,1,2,0,0,0,0,0,5,0.0
B75-ADV-052,7.5,two-part,health,writing9.com,D-auto,327,4,18.166666666666668,7.646713164636308,0.1111111111111111,0.5,0.16666666666666666,0.3333333333333333,2.140672782874618,1.834862385321101,4,0.6116207951070336,3.9755351681957185,2,0.7586206896551724,0.37003058103975534,0.04310344827586207,0.021406727828746176,0.6666666666666666,3,0,0,0,0,0,0,2,0.3058103975535168
B75-ADV-053,7.5,opinion,media,writing9.com,D-auto,387,5,20.36842105263158,6.367768561615099,0.21052631578947367,0.2631578947368421,0.15789473684210525,0.5789473684210527,3.359173126614987,3.359173126614987,4,0.25839793281653745,5.167958656330749,12,0.7413793103448276,0.42118863049095606,0.11637931034482758,0.007751937984496124,0.71875,5,3,0,0,0,0,0,3,0.25839793281653745
B75-ADV-055,7.5,adv-disadv,social,writing9.com,D-auto,252,4,15.75,7.318640584152224,0.125,0.8125,0.0,0.1875,2.380952380952381,7.5396825396825395,6,2.380952380952381,5.555555555555555,2,0.7612903225806451,0.45634920634920634,0.05806451612903226,0.011904761904761904,0.7142857142857143,4,2,0,0,0,0,0,0,0.0
B75-ADV-056,7.5,adv-disadv,globalization-work,writing9.com,D-auto,266,4,19,3.9821028185046727,0.07142857142857142,0.5714285714285714,0.07142857142857142,0.35714285714285715,2.255639097744361,2.6315789473684212,5,1.5037593984962405,3.3834586466165413,3,0.8548387096774194,0.48872180451127817,0.06451612903225806,0.022556390977443608,0.6,2,1,0,1,2,0,0,0,0.37593984962406013
B75-ADV-058,7.5,adv-disadv,technology,writing9.com,D-auto,289,4,20.642857142857142,7.696076392340106,0.2857142857142857,0.35714285714285715,0.21428571428571427,0.42857142857142855,2.422145328719723,4.498269896193771,6,2.0761245674740483,6.228373702422146,6,0.7945205479452054,0.28027681660899656,0.0684931506849315,0.02768166089965398,0.7777777777777778,3,2,0,1,2,0,1,2,0.3460207612456747
B75-ADV-059,7.5,adv-disadv,globalization-work,writing9.com,D-auto,295,5,19.666666666666668,5.172577264338886,0.2,0.4,0.2,0.4,2.3728813559322033,2.3728813559322033,5,1.0169491525423728,5.423728813559322,7,0.8111888111888111,0.2677966101694915,0.06293706293706294,0.01694915254237288,0.35714285714285715,1,2,0,0,0,0,1,1,0.0
B75-ADV-060,7.5,adv-disadv,education,writing9.com,D-auto,276,4,18.4,5.559376463837169,0.06666666666666667,0.3333333333333333,0.2,0.4666666666666667,2.898550724637681,2.898550724637681,5,1.0869565217391304,4.7101449275362315,3,0.8333333333333334,0.5108695652173914,0.12365591397849462,0.0036231884057971015,0.4642857142857143,2,1,0,0,0,0,0,1,1.4492753623188406
B75-ADV-061,7.5,adv-disadv,globalization-work,writing9.com,D-auto,257,4,19.76923076923077,3.1416273625634057,0.07692307692307693,0.6923076923076923,0.07692307692307693,0.23076923076923078,1.1673151750972763,3.501945525291829,5,0.38910505836575876,3.501945525291829,3,0.6036585365853658,0.4396887159533074,0.09146341463414634,0.01556420233463035,0.7142857142857143,2,1,0,0,0,0,0,0,0.0
B75-DIS-001,7.5,discussion,social,ieltswritingcorrectionservice.com,A-examiner,266,1,19,5.7817446699565895,0.14285714285714285,0.14285714285714285,0.14285714285714285,0.7142857142857143,4.887218045112782,1.8796992481203008,3,0.0,4.887218045112782,4,0.8392857142857143,0.424812030075188,0.08333333333333333,0.03007518796992481,0.5,2,0,0,0,1,0,0,0,0.0
B75-DIS-002,7.5,discussion,crime,ielts.international,A-examiner,264,4,20.307692307692307,5.593741219291644,0.15384615384615385,0.3076923076923077,0.07692307692307693,0.6153846153846154,3.787878787878788,0.7575757575757576,1,0.0,4.924242424242424,4,0.8516483516483516,0.5189393939393939,0.10989010989010989,0.041666666666666664,0.36363636363636365,1,0,0,0,0,0,0,0,1.5151515151515151
B75-DIS-003,7.5,discussion,environment,ieltswritingcorrectionservice.com,A-examiner,234,1,23.4,8.546344247688598,0.7,0.3,0.3,0.4,2.1367521367521367,1.2820512820512822,2,0.42735042735042733,2.1367521367521367,2,0.8648648648648649,0.45726495726495725,0.08108108108108109,0.017094017094017096,0.4583333333333333,0,0,0,0,0,0,0,0,0.0
B75-DIS-004,7.5,discussion,environment,cdieltsprep.com,B-teacher,305,4,21.785714285714285,9.704038713182197,0.35714285714285715,0.21428571428571427,0.07142857142857142,0.7142857142857143,3.9344262295081966,1.639344262295082,3,0.0,3.6065573770491803,5,0.8035714285714286,0.29508196721311475,0.05952380952380952,0.03934426229508197,0.56,1,1,0,0,0,0,0,1,0.0
B75-DIS-005,7.5,discussion,technology,ieltswritingcorrectionservice.com,A-examiner,264,1,20.307692307692307,6.268168857681035,0.3076923076923077,0.5384615384615384,0.0,0.46153846153846156,3.409090909090909,1.893939393939394,2,0.0,5.681818181818182,6,0.8837209302325582,0.4621212121212121,0.09883720930232558,0.06439393939393939,0.43478260869565216,0,0,0,0,0,0,0,0,0.7575757575757576
B75-DIS-006,7.5,discussion,culture,cdieltsprep.com,B-teacher,294,4,18.375,6.392133837772798,0.0625,0.375,0.125,0.5,4.081632653061225,2.0408163265306123,2,0.0,6.802721088435374,4,0.8503401360544217,0.3299319727891156,0.05442176870748299,0.03741496598639456,0.37037037037037035,0,0,0,0,5,0,0,0,0.0
B75-DIS-007,7.5,discussion,globalization-work,writing9.com,D-auto,325,4,27.083333333333332,9.707886255800258,0.5833333333333334,0.16666666666666666,0.0,0.8333333333333334,5.846153846153846,2.769230769230769,5,0.3076923076923077,7.384615384615385,6,0.7584269662921348,0.30153846153846153,0.07865168539325842,0.012307692307692308,0.4230769230769231,5,4,0,1,1,0,1,5,0.0
B75-DIS-008,7.5,discussion,environment,writing9.com,D-auto,244,4,22.181818181818183,7.158188976374373,0.18181818181818182,0.45454545454545453,0.09090909090909091,0.45454545454545453,3.278688524590164,2.0491803278688523,4,0.0,4.098360655737705,3,0.8620689655172413,0.5,0.10919540229885058,0.012295081967213115,0.4230769230769231,3,2,0,0,0,0,0,0,1.2295081967213115
B75-DIS-009,7.5,discussion,technology,writing9.com,D-auto,301,4,18.8125,6.267163931955187,0.1875,0.375,0.125,0.5,3.654485049833887,3.654485049833887,5,1.9933554817275747,6.976744186046512,5,0.7607361963190185,0.32558139534883723,0.049079754601226995,0.0,0.6538461538461539,2,1,0,0,0,0,1,5,0.0
B75-DIS-010,7.5,discussion,social,cdieltsprep.com,B-teacher,318,4,21.2,6.794115100585212,0.2,0.4,0.2,0.4,3.1446540880503147,1.8867924528301887,3,0.0,6.289308176100629,4,0.8830409356725146,0.3081761006289308,0.06432748538011696,0.012578616352201259,0.7837837837837838,0,0,0,0,0,0,0,4,0.0
B75-DIS-011,7.5,discussion,environment,writing9.com,D-auto,300,4,17.647058823529413,2.785280141588639,0.0,0.29411764705882354,0.29411764705882354,0.4117647058823529,2.6666666666666665,5.0,5,1.6666666666666667,4.666666666666667,4,0.807909604519774,0.3566666666666667,0.06779661016949153,0.006666666666666667,0.625,3,3,0,0,0,0,0,2,0.3333333333333333
B75-DIS-012,7.5,discussion,technology,writing9.com,D-auto,270,4,24.545454545454547,4.559976801448892,0.36363636363636365,0.18181818181818182,0.09090909090909091,0.7272727272727273,4.814814814814815,3.7037037037037037,5,1.4814814814814814,7.407407407407407,8,0.7248322147651006,0.34814814814814815,0.0738255033557047,0.025925925925925925,0.6842105263157895,4,1,0,0,0,0,0,2,0.37037037037037035
B75-DIS-013,7.5,discussion,social,cdieltsprep.com,B-teacher,290,4,20.714285714285715,10.443238218569752,0.21428571428571427,0.35714285714285715,0.0,0.6428571428571429,4.482758620689655,1.3793103448275863,3,0.0,2.7586206896551726,2,0.8402777777777778,0.25862068965517243,0.04861111111111111,0.034482758620689655,0.5909090909090909,1,0,0,0,0,0,0,0,0.0
B75-DIS-014,7.5,discussion,globalization-work,writing9.com,D-auto,358,5,19.88888888888889,5.486234175834893,0.1111111111111111,0.3888888888888889,0.1111111111111111,0.5,3.35195530726257,3.0726256983240225,5,1.3966480446927374,4.4692737430167595,2,0.7587719298245614,0.44692737430167595,0.09649122807017543,0.01675977653631285,0.5,2,3,0,0,0,0,0,5,0.5586592178770949
B75-DIS-016,7.5,discussion,culture,cdieltsprep.com,B-teacher,291,4,22.384615384615383,10.666543391792587,0.3076923076923077,0.3076923076923077,0.07692307692307693,0.6153846153846154,3.7800687285223367,1.3745704467353952,3,0.0,6.185567010309279,3,0.8741721854304636,0.3230240549828179,0.0728476821192053,0.01718213058419244,0.56,0,0,0,0,0,0,0,0,0.0
B75-DIS-017,7.5,discussion,media,cdieltsprep.com,B-teacher,288,4,19.2,6.705221845696084,0.13333333333333333,0.2,0.13333333333333333,0.6666666666666666,4.861111111111111,1.3888888888888888,2,0.0,5.555555555555555,3,0.8666666666666667,0.3159722222222222,0.06666666666666667,0.0625,0.5,0,0,1,0,0,0,0,0,0.3472222222222222
B75-DIS-019,7.5,discussion,education,cdieltsprep.com,B-teacher,292,4,20.857142857142858,7.520041250429633,0.42857142857142855,0.35714285714285715,0.14285714285714285,0.5,3.0821917808219177,0.684931506849315,2,0.0,4.4520547945205475,3,0.8726114649681529,0.3184931506849315,0.05732484076433121,0.03767123287671233,0.5217391304347826,0,0,0,0,0,0,0,0,0.0
B75-DIS-020,7.5,discussion,culture,writing9.com,D-auto,275,4,17.1875,6.395494019229476,0.125,0.5625,0.0625,0.375,3.6363636363636362,4.0,5,1.0909090909090908,5.454545454545454,4,0.7952755905511811,0.2509090909090909,0.07874015748031496,0.03636363636363636,0.65,0,2,0,1,5,0,0,3,0.0
B75-DIS-021,7.5,discussion,social,writing9.com,D-auto,256,4,18.285714285714285,5.495824017620384,0.07142857142857142,0.21428571428571427,0.07142857142857142,0.7142857142857143,5.078125,5.859375,5,1.171875,10.15625,8,0.75,0.3203125,0.07857142857142857,0.0078125,0.5333333333333333,5,2,0,0,0,0,0,0,0.0
B75-DIS-023,7.5,discussion,technology,writing9.com,D-auto,320,5,16.842105263157894,6.0372803034647875,0.10526315789473684,0.5789473684210527,0.10526315789473684,0.3157894736842105,2.8125,4.6875,5,1.5625,6.25,3,0.6612903225806451,0.315625,0.053763440860215055,0.009375,0.6,3,2,0,0,0,0,0,1,2.8125
B75-DIS-024,7.5,discussion,media,writing9.com,D-auto,406,5,22.555555555555557,5.899361756648126,0.3888888888888889,0.2777777777777778,0.05555555555555555,0.6666666666666666,3.9408866995073892,3.2019704433497536,5,0.9852216748768473,6.650246305418719,6,0.7291666666666666,0.35960591133004927,0.0625,0.03694581280788178,0.5789473684210527,2,3,0,1,2,0,0,7,0.0
B75-DIS-025,7.5,discussion,social,writing9.com,D-auto,359,4,21.11764705882353,8.628832331482881,0.35294117647058826,0.29411764705882354,0.11764705882352941,0.5882352941176471,3.064066852367688,2.2284122562674096,5,1.392757660167131,6.685236768802229,6,0.8023255813953488,0.2590529247910863,0.05232558139534884,0.019498607242339833,0.47058823529411764,2,2,0,0,0,0,0,2,0.0
B75-DIS-026,7.5,discussion,education,writing9.com,D-auto,332,4,22.133333333333333,7.455348564770277,0.4,0.26666666666666666,0.13333333333333333,0.6,3.3132530120481927,1.8072289156626506,3,0.30120481927710846,5.120481927710843,6,0.7936507936507936,0.49096385542168675,0.1111111111111111,0.06927710843373494,0.47619047619047616,0,0,0,0,0,0,0,0,0.0
B75-DIS-027,7.5,discussion,globalization-work,writing9.com,D-auto,298,4,21.285714285714285,9.37647947509825,0.42857142857142855,0.35714285714285715,0.14285714285714285,0.5,3.6912751677852347,4.026845637583893,5,1.342281879194631,10.06711409395973,9,0.75,0.3624161073825503,0.1282051282051282,0.026845637583892617,0.4583333333333333,2,4,0,1,1,0,0,1,0.0
B75-DIS-028,7.5,discussion,government,writing9.com,D-auto,267,4,19.071428571428573,8.171940543402036,0.21428571428571427,0.2857142857142857,0.14285714285714285,0.5714285714285714,3.745318352059925,1.8726591760299625,4,0.37453183520599254,7.49063670411985,8,0.7692307692307693,0.3445692883895131,0.07692307692307693,0.00749063670411985,0.5454545454545454,1,3,0,0,0,0,0,1,0.0
B75-DIS-029,7.5,discussion,social,writing9.com,D-auto,344,4,22.933333333333334,7.6634775975981615,0.4,0.3333333333333333,0.13333333333333333,0.5333333333333333,2.9069767441860463,2.0348837209302326,5,0.872093023255814,10.174418604651162,10,0.7590361445783133,0.2936046511627907,0.05421686746987952,0.0377906976744186,0.4,1,2,0,2,8,0,0,0,0.0
B75-DIS-030,7.5,discussion,social,writing9.com,D-auto,409,4,19.476190476190474,6.953033237502469,0.23809523809523808,0.5714285714285714,0.09523809523809523,0.3333333333333333,2.444987775061125,3.4229828850855744,5,0.7334963325183375,4.400977995110025,4,0.6382978723404256,0.31784841075794623,0.059574468085106386,0.007334963325183374,0.72,2,5,0,0,0,0,0,3,0.24449877750611246
B75-DIS-032,7.5,discussion,globalization-work,writing9.com,D-auto,320,4,16.842105263157894,5.421819056705647,0.05263157894736842,0.5263157894736842,0.05263157894736842,0.42105263157894735,3.75,3.75,5,1.25,6.25,4,0.5652173913043478,0.428125,0.06521739130434782,0.003125,0.75,3,3,0,0,0,0,0,1,0.0
B75-DIS-033,7.5,discussion,social,writing9.com,D-auto,305,4,21.785714285714285,7.46590891441674,0.2857142857142857,0.42857142857142855,0.0,0.5714285714285714,3.9344262295081966,5.245901639344262,5,0.6557377049180327,8.19672131147541,12,0.8224852071005917,0.36065573770491804,0.05325443786982249,0.009836065573770493,0.5555555555555556,7,4,0,1,2,0,0,3,0.32786885245901637
B75-DIS-034,7.5,discussion,government,writing9.com,D-auto,289,4,20.642857142857142,5.245503419353473,0.21428571428571427,0.2857142857142857,0.07142857142857142,0.6428571428571429,4.498269896193771,2.7681660899653977,4,1.3840830449826989,4.844290657439446,2,0.6685714285714286,0.43944636678200694,0.045714285714285714,0.0034602076124567475,0.7,3,1,0,0,0,0,1,5,0.0
B75-DIS-036,7.5,discussion,media,writing9.com,D-auto,288,4,19.2,4.928826770473206,0.06666666666666667,0.26666666666666666,0.13333333333333333,0.6,4.861111111111111,3.8194444444444446,5,1.0416666666666667,6.597222222222222,6,0.8216216216216217,0.4895833333333333,0.05405405405405406,0.003472222222222222,0.6,3,2,0,0,0,0,1,4,0.0
B75-DIS-038,7.5,discussion,education,writing9.com,D-auto,353,4,23.533333333333335,7.410503056848135,0.3333333333333333,0.26666666666666666,0.13333333333333333,0.6,4.2492917847025495,3.1161473087818696,4,0.8498583569405099,7.932011331444759,8,0.748792270531401,0.42776203966005666,0.09178743961352658,0.0084985835694051,0.6956521739130435,3,3,1,0,0,0,1,1,0.8498583569405099
B75-DIS-039,7.5,discussion,government,writing9.com,D-auto,307,4,21.928571428571427,9.49785152934438,0.35714285714285715,0.2857142857142857,0.0,0.7142857142857143,5.2117263843648205,4.88599348534202,5,0.6514657980456026,5.537459283387622,4,0.6830601092896175,0.4201954397394137,0.11475409836065574,0.006514657980456026,0.6111111111111112,6,6,0,1,2,0,0,3,0.0
B75-DIS-041,7.5,discussion,globalization-work,writing9.com,D-auto,287,4,17.9375,6.64707407435783,0.125,0.375,0.0,0.625,4.529616724738676,3.484320557491289,5,1.0452961672473868,8.362369337979095,11,0.6834532374100719,0.2508710801393728,0.08633093525179857,0.003484320557491289,0.7647058823529411,5,3,1,1,1,0,1,3,0.34843205574912894
B75-DIS-042,7.5,discussion,social,writing9.com,D-auto,321,4,24.692307692307693,9.016093434986262,0.38461538461538464,0.6153846153846154,0.07692307692307693,0.3076923076923077,2.1806853582554515,2.803738317757009,4,0.6230529595015576,6.542056074766355,5,0.8630952380952381,0.34890965732087226,0.05952380952380952,0.009345794392523364,0.8095238095238095,2,2,0,0,0,0,1,4,0.9345794392523364
B75-DIS-045,7.5,discussion,government,writing9.com,D-auto,255,4,15,5.698296959205805,0.11764705882352941,0.47058823529411764,0.058823529411764705,0.47058823529411764,3.5294117647058822,3.9215686274509802,5,1.5686274509803921,5.882352941176471,5,0.7341772151898734,0.4470588235294118,0.12025316455696203,0.011764705882352941,0.4,5,3,0,0,0,0,1,2,0.0
B75-OP-003,7.5,opinion,globalization-work,cdieltsprep.com,B-teacher,282,4,21.692307692307693,12.274956464811504,0.38461538461538464,0.38461538461538464,0.07692307692307693,0.5384615384615384,4.964539007092198,0.0,0,0.0,8.156028368794326,6,0.8507462686567164,0.25886524822695034,0.06716417910447761,0.03900709219858156,0.7333333333333333,0,0,0,0,0,0,0,1,0.0
B75-OP-004,7.5,opinion,globalization-work,writing9.com,D-auto,268,4,19.142857142857142,5.8901508937395155,0.21428571428571427,0.35714285714285715,0.0,0.6428571428571429,5.223880597014926,4.104477611940299,4,0.373134328358209,4.477611940298507,4,0.6569767441860465,0.5111940298507462,0.12790697674418605,0.018656716417910446,0.8823529411764706,6,3,0,0,0,0,0,0,0.746268656716418
B75-OP-005,7.5,opinion,government,cdieltsprep.com,B-teacher,288,4,22.153846153846153,6.904247899174424,0.38461538461538464,0.07692307692307693,0.15384615384615385,0.7692307692307693,5.555555555555555,1.7361111111111112,3,0.0,9.375,5,0.8444444444444444,0.2638888888888889,0.037037037037037035,0.017361111111111112,0.5263157894736842,0,0,0,0,0,0,0,2,0.0
B75-OP-008,7.5,opinion,social,writing9.com,D-auto,270,4,20.76923076923077,7.484896033950856,0.38461538461538464,0.3076923076923077,0.07692307692307693,0.6153846153846154,4.074074074074074,4.074074074074074,5,1.1111111111111112,9.62962962962963,7,0.6805555555555556,0.35185185185185186,0.0625,0.0,0.6111111111111112,2,2,0,1,2,0,1,2,0.0
B75-OP-009,7.5,opinion,government,writing9.com,D-auto,261,4,23.727272727272727,6.046650599387596,0.45454545454545453,0.45454545454545453,0.0,0.5454545454545454,3.4482758620689653,4.597701149425287,5,1.5325670498084292,4.980842911877395,2,0.8113207547169812,0.4482758620689655,0.09433962264150944,0.03065134099616858,0.5,2,4,0,0,0,0,0,1,0.0
B75-OP-010,7.5,opinion,government,writing9.com,D-auto,272,4,19.428571428571427,6.020373573058708,0.14285714285714285,0.5714285714285714,0.07142857142857142,0.35714285714285715,2.2058823529411766,3.676470588235294,5,0.36764705882352944,4.411764705882353,5,0.7251461988304093,0.5,0.03508771929824561,0.01838235294117647,0.5185185185185185,5,3,0,0,0,0,0,0,0.0
B75-OP-011,7.5,opinion,technology,writing9.com,D-auto,295,4,21.071428571428573,8.092891816846663,0.2857142857142857,0.35714285714285715,0.2857142857142857,0.35714285714285715,2.0338983050847457,3.389830508474576,5,2.3728813559322033,3.389830508474576,3,0.797979797979798,0.4576271186440678,0.10101010101010101,0.01694915254237288,0.29411764705882354,0,2,0,0,0,0,0,2,0.3389830508474576
B75-OP-012,7.5,opinion,globalization-work,writing9.com,D-auto,278,5,18.533333333333335,4.529410067056808,0.0,0.06666666666666667,0.2,0.7333333333333333,4.316546762589928,2.5179856115107913,4,0.3597122302158273,7.553956834532374,6,0.844311377245509,0.36330935251798563,0.08383233532934131,0.01079136690647482,0.7333333333333333,3,1,0,0,0,0,0,0,0.0
B75-OP-013,7.5,opinion,social,writing9.com,D-auto,276,4,21.23076923076923,7.836343791824644,0.23076923076923078,0.46153846153846156,0.23076923076923078,0.3076923076923077,2.536231884057971,3.9855072463768115,5,0.7246376811594203,9.782608695652174,4,0.6818181818181818,0.358695652173913,0.032467532467532464,0.010869565217391304,0.5,4,3,0,0,0,0,0,2,0.0
B75-OP-014,7.5,opinion,media,writing9.com,D-auto,258,4,19.846153846153847,7.450824981128485,0.15384615384615385,0.5384615384615384,0.07692307692307693,0.38461538461538464,2.7131782945736433,2.7131782945736433,4,0.7751937984496124,7.364341085271318,8,0.7631578947368421,0.40310077519379844,0.06578947368421052,0.01937984496124031,0.45454545454545453,3,2,0,0,1,0,1,3,0.3875968992248062
B75-OP-017,7.5,opinion,crime,writing9.com,D-auto,327,6,27.25,8.032486124067276,0.6666666666666666,0.25,0.0,0.75,4.587155963302752,3.9755351681957185,4,1.2232415902140672,7.339449541284404,12,0.7197802197802198,0.3211009174311927,0.08241758241758242,0.024464831804281346,0.5714285714285714,4,5,0,0,0,0,0,0,0.0
B75-OP-018,7.5,opinion,environment,writing9.com,D-auto,393,4,18.714285714285715,7.534952568137482,0.19047619047619047,0.47619047619047616,0.14285714285714285,0.38095238095238093,3.3078880407124682,3.816793893129771,5,0.5089058524173028,5.597964376590331,5,0.8246445497630331,0.26208651399491095,0.07109004739336493,0.04071246819338423,0.625,7,4,0,1,3,0,2,2,0.0
B75-OP-019,7.5,opinion,media,cdieltsprep.com,B-teacher,284,4,23.666666666666668,11.728408057172787,0.3333333333333333,0.16666666666666666,0.08333333333333333,0.75,4.225352112676056,1.408450704225352,2,0.0,5.28169014084507,5,0.8540145985401459,0.25704225352112675,0.014598540145985401,0.04929577464788732,0.5909090909090909,2,0,0,0,0,0,0,0,0.0
B75-OP-020,7.5,opinion,social,writing9.com,D-auto,282,4,18.8,5.2814139520902295,0.13333333333333333,0.4666666666666667,0.0,0.5333333333333333,3.1914893617021276,3.1914893617021276,5,0.7092198581560284,4.25531914893617,2,0.6460674157303371,0.3404255319148936,0.03932584269662921,0.0,0.7368421052631579,2,3,0,0,0,0,0,2,0.0
B75-OP-021,7.5,opinion,culture,writing9.com,D-auto,284,4,18.933333333333334,5.709251750935104,0.06666666666666667,0.3333333333333333,0.13333333333333333,0.5333333333333333,2.816901408450704,3.8732394366197185,4,0.352112676056338,5.985915492957746,4,0.7210884353741497,0.2852112676056338,0.02040816326530612,0.045774647887323945,0.5714285714285714,5,5,0,2,6,0,0,3,0.352112676056338
B75-OP-022,7.5,opinion,social,writing9.com,D-auto,314,4,22.428571428571427,7.752550600694363,0.35714285714285715,0.35714285714285715,0.0,0.6428571428571429,4.140127388535032,4.140127388535032,5,1.5923566878980893,12.101910828025478,10,0.75,0.3089171974522293,0.038461538461538464,0.01592356687898089,0.6,1,5,0,1,2,0,0,1,0.0
B75-OP-023,7.5,opinion,social,writing9.com,D-auto,287,4,19.133333333333333,7.392488680335526,0.2,0.4666666666666667,0.06666666666666667,0.4666666666666667,2.7874564459930316,3.1358885017421603,5,1.0452961672473868,12.89198606271777,6,0.7246376811594203,0.3344947735191638,0.014492753623188406,0.059233449477351915,0.6153846153846154,4,3,0,1,2,0,0,2,0.6968641114982579
B75-OP-024,7.5,opinion,education,cdieltsprep.com,B-teacher,263,4,21.916666666666668,7.2509577911396565,0.4166666666666667,0.25,0.08333333333333333,0.6666666666666666,4.942965779467681,2.661596958174905,3,0.0,7.224334600760456,6,0.9264705882352942,0.34600760456273766,0.058823529411764705,0.03802281368821293,0.4666666666666667,1,0,0,0,0,0,0,0,0.38022813688212925
B75-OP-025,7.5,opinion,crime,cdieltsprep.com,B-teacher,290,5,22.307692307692307,9.243580852799878,0.46153846153846156,0.15384615384615385,0.07692307692307693,0.7692307692307693,4.137931034482759,1.3793103448275863,3,0.0,4.482758620689655,5,0.8344370860927153,0.2793103448275862,0.046357615894039736,0.034482758620689655,0.6470588235294118,2,0,0,0,0,0,0,0,0.0
B75-OP-026,7.5,opinion,culture,writing9.com,D-auto,283,4,20.214285714285715,4.930641387263519,0.14285714285714285,0.5714285714285714,0.0,0.42857142857142855,2.1201413427561837,3.5335689045936394,5,1.4134275618374559,5.30035335689046,4,0.8793103448275862,0.42402826855123676,0.06321839080459771,0.04946996466431095,0.4375,4,4,0,0,0,0,1,1,0.35335689045936397
B75-OP-027,7.5,opinion,health,cdieltsprep.com,B-teacher,294,5,22.615384615384617,8.696050929884663,0.3076923076923077,0.15384615384615385,0.23076923076923078,0.6153846153846154,4.081632653061225,1.3605442176870748,3,0.0,6.802721088435374,4,0.8904109589041096,0.24149659863945577,0.0684931506849315,0.027210884353741496,0.631578947368421,1,0,0,0,0,0,0,0,0.0
B75-OP-028,7.5,opinion,environment,cdieltsprep.com,B-teacher,296,4,24.666666666666668,9.732534213770956,0.5,0.16666666666666666,0.08333333333333333,0.75,5.0675675675675675,3.0405405405405403,4,0.0,7.4324324324324325,6,0.8993288590604027,0.28040540540540543,0.06711409395973154,0.030405405405405407,0.42105263157894735,3,0,1,0,0,0,0,0,0.0
B75-OP-029,7.5,opinion,social,cdieltsprep.com,B-teacher,278,5,21.384615384615383,9.261487349718408,0.38461538461538464,0.46153846153846156,0.23076923076923078,0.3076923076923077,2.158273381294964,0.3597122302158273,1,0.0,3.237410071942446,2,0.8782051282051282,0.3345323741007194,0.04487179487179487,0.04316546762589928,0.6153846153846154,0,0,1,0,0,0,0,4,0.3597122302158273
B75-OP-030,7.5,opinion,health,writing9.com,D-auto,251,4,17.928571428571427,6.363560163869253,0.21428571428571427,0.42857142857142855,0.14285714285714285,0.42857142857142855,3.9840637450199203,3.187250996015936,4,1.1952191235059761,6.772908366533865,9,0.8333333333333334,0.3346613545816733,0.045454545454545456,0.027888446215139442,0.6666666666666666,5,0,0,0,0,0,0,2,0.0
B75-OP-031,7.5,opinion,government,cdieltsprep.com,B-teacher,304,5,19,6.754628043053148,0.125,0.25,0.125,0.625,5.2631578947368425,1.644736842105263,3,0.0,6.25,6,0.8553459119496856,0.3256578947368421,0.06289308176100629,0.10197368421052631,0.6153846153846154,2,0,0,0,0,0,0,2,0.0
B75-OP-033,7.5,opinion,education,writing9.com,D-auto,277,4,27.7,8.149233092751734,0.5,0.3,0.1,0.6,2.888086642599278,4.693140794223827,6,0.7220216606498195,7.2202166064981945,10,0.9280575539568345,0.2815884476534296,0.05755395683453238,0.036101083032490974,0.5172413793103449,6,3,0,2,5,2,0,0,0.0
B75-OP-034,7.5,opinion,technology,cdieltsprep.com,B-teacher,290,5,20.714285714285715,9.129454462097405,0.35714285714285715,0.21428571428571427,0.14285714285714285,0.6428571428571429,4.827586206896552,2.0689655172413794,3,0.0,4.827586206896552,5,0.8562091503267973,0.3137931034482759,0.058823529411764705,0.03103448275862069,0.45454545454545453,2,0,0,0,0,0,0,0,0.0
B75-OP-035,7.5,opinion,globalization-work,writing9.com,D-auto,344,4,26.46153846153846,11.439576273859263,0.5384615384615384,0.23076923076923078,0.3076923076923077,0.46153846153846156,1.744186046511628,2.0348837209302326,4,0.872093023255814,6.104651162790698,7,0.7803468208092486,0.23546511627906977,0.09248554913294797,0.011627906976744186,0.7692307692307693,0,2,0,1,0,2,1,0,0.29069767441860467
B75-OP-037,7.5,opinion,media,writing9.com,D-auto,326,5,20.375,5.18260311040697,0.125,0.375,0.0625,0.5625,3.6809815950920246,2.7607361963190185,5,0.9202453987730062,5.214723926380368,3,0.7027027027027027,0.3098159509202454,0.06486486486486487,0.006134969325153374,0.8181818181818182,1,1,0,0,0,0,0,6,0.6134969325153374
B75-OP-038,7.5,opinion,globalization-work,writing9.com,D-auto,286,4,17.875,4.121210380458634,0.0625,0.375,0.25,0.375,2.4475524475524475,3.4965034965034967,5,0.6993006993006993,6.643356643356643,5,0.8245614035087719,0.3986013986013986,0.10526315789473684,0.006993006993006993,0.6875,3,2,0,0,0,0,0,2,1.048951048951049
B75-OP-039,7.5,opinion,culture,writing9.com,D-auto,309,4,17.166666666666668,5.639641438562877,0.1111111111111111,0.5,0.0,0.5,3.236245954692557,4.207119741100324,4,0.32362459546925565,4.854368932038835,4,0.7105263157894737,0.3592233009708738,0.08947368421052632,0.016181229773462782,0.5714285714285714,5,3,0,0,0,0,0,5,0.0
B75-OP-040,7.5,opinion,social,writing9.com,D-auto,271,4,18.066666666666666,5.065789397736766,0.06666666666666667,0.3333333333333333,0.13333333333333333,0.5333333333333333,2.952029520295203,4.797047970479705,5,0.7380073800738007,10.70110701107011,7,0.6453900709219859,0.3062730627306273,0.0425531914893617,0.014760147601476014,0.8461538461538461,8,4,1,0,0,0,0,2,1.1070110701107012
B75-OP-041,7.5,opinion,crime,writing9.com,D-auto,258,4,17.2,3.919183588453085,0.0,0.4,0.0,0.6,3.488372093023256,5.038759689922481,5,0.7751937984496124,6.976744186046512,5,0.5578231292517006,0.34108527131782945,0.08163265306122448,0.007751937984496124,0.7058823529411765,8,4,1,0,0,0,0,4,0.7751937984496124
B75-OP-043,7.5,opinion,social,writing9.com,D-auto,296,5,15.578947368421053,4.308080406248658,0.0,0.3157894736842105,0.3157894736842105,0.3684210526315789,2.364864864864865,4.054054054054054,5,0.33783783783783783,5.0675675675675675,4,0.7865168539325843,0.38513513513513514,0.0449438202247191,0.033783783783783786,0.8,3,3,0,1,2,0,0,1,0.0
B75-OP-045,7.5,opinion,technology,writing9.com,D-auto,313,4,24.076923076923077,6.318002830271098,0.38461538461538464,0.07692307692307693,0.15384615384615385,0.7692307692307693,3.5143769968051117,3.5143769968051117,5,0.9584664536741214,6.0702875399361025,8,0.7151162790697675,0.36421725239616615,0.0872093023255814,0.006389776357827476,0.38461538461538464,2,3,0,2,6,1,0,4,0.0
B75-OP-046,7.5,opinion,education,writing9.com,D-auto,341,5,20.058823529411764,3.780298591308148,0.058823529411764705,0.5882352941176471,0.0,0.4117647058823529,2.932551319648094,3.225806451612903,5,1.1730205278592376,3.812316715542522,2,0.6354679802955665,0.44868035190615835,0.08374384236453201,0.002932551319648094,0.7916666666666666,4,3,0,0,0,0,0,2,2.346041055718475
B75-OP-047,7.5,opinion,government,writing9.com,D-auto,283,4,20.214285714285715,4.901582418370789,0.14285714285714285,0.5714285714285714,0.07142857142857142,0.35714285714285715,2.8268551236749118,3.8869257950530036,5,1.4134275618374559,2.8268551236749118,2,0.6766467065868264,0.34275618374558303,0.04790419161676647,0.0035335689045936395,0.7777777777777778,5,2,0,0,0,0,0,4,2.1201413427561837
B75-OP-049,7.5,opinion,education,writing9.com,D-auto,253,4,21.083333333333332,8.77931596930472,0.25,0.4166666666666667,0.25,0.3333333333333333,3.1620553359683794,3.952569169960474,5,2.3715415019762847,5.928853754940712,4,0.7393939393939394,0.4782608695652174,0.048484848484848485,0.003952569169960474,0.8,2,2,0,0,0,0,0,2,2.3715415019762847
B75-OP-050,7.5,opinion,education,writing9.com,D-auto,301,4,25.083333333333332,5.808877305947816,0.5,0.0,0.0,1.0,5.980066445182724,3.654485049833887,5,0.33222591362126247,6.976744186046512,4,0.7663043478260869,0.4717607973421927,0.10869565217391304,0.009966777408637873,0.6111111111111112,3,3,1,0,0,0,0,2,0.9966777408637874
B75-OP-051,7.5,opinion,social,writing9.com,D-auto,281,5,17.5625,4.329675940529499,0.0625,0.625,0.0,0.375,2.1352313167259784,4.270462633451957,6,1.0676156583629892,6.405693950177936,10,0.6766467065868264,0.33807829181494664,0.05389221556886228,0.0,0.6666666666666666,4,3,0,0,0,0,0,5,2.1352313167259784
B75-OP-052,7.5,opinion,media,writing9.com,D-auto,283,4,20.214285714285715,5.143353150684198,0.21428571428571427,0.42857142857142855,0.35714285714285715,0.21428571428571427,1.7667844522968197,3.5335689045936394,5,1.7667844522968197,6.007067137809187,3,0.7639751552795031,0.3392226148409894,0.055900621118012424,0.007067137809187279,0.7368421052631579,2,2,0,0,0,0,0,6,0.0
B75-OP-053,7.5,opinion,environment,writing9.com,D-auto,263,4,18.785714285714285,3.589241293257461,0.07142857142857142,0.6428571428571429,0.14285714285714285,0.21428571428571427,1.520912547528517,4.942965779467681,4,0.7604562737642585,4.562737642585551,3,0.7283950617283951,0.4714828897338403,0.06790123456790123,0.022813688212927757,0.6111111111111112,4,0,0,0,0,0,0,0,0.0
B75-OP-054,7.5,opinion,health,writing9.com,D-auto,260,4,20,8.467131018964317,0.3076923076923077,0.46153846153846156,0.0,0.5384615384615384,2.6923076923076925,5.0,5,1.5384615384615385,3.8461538461538463,3,0.8513513513513513,0.35,0.05405405405405406,0.026923076923076925,0.5909090909090909,6,2,0,1,6,2,0,0,0.0
B75-OP-055,7.5,opinion,technology,writing9.com,D-auto,348,5,18.31578947368421,5.84945010082097,0.15789473684210525,0.5263157894736842,0.0,0.47368421052631576,4.022988505747127,3.4482758620689653,6,1.1494252873563218,4.885057471264368,3,0.7304347826086957,0.45689655172413796,0.09130434782608696,0.017241379310344827,0.4666666666666667,4,2,0,0,1,0,0,4,0.0
B75-OP-057,7.5,opinion,culture,writing9.com,D-auto,269,4,16.8125,4.772561550153125,0.0625,0.625,0.0625,0.3125,2.6022304832713754,6.319702602230484,5,1.1152416356877324,3.345724907063197,2,0.6184971098265896,0.39776951672862454,0.10982658959537572,0.0,0.7857142857142857,4,2,0,0,0,0,0,1,0.0
B75-OP-058,7.5,opinion,technology,writing9.com,D-auto,257,4,23.363636363636363,11.194744930081558,0.2727272727272727,0.5454545454545454,0.0,0.45454545454545453,2.7237354085603114,4.669260700389105,6,2.3346303501945527,7.003891050583658,6,0.8072289156626506,0.4046692607003891,0.0783132530120482,0.019455252918287938,0.6875,4,1,0,0,0,0,0,1,0.38910505836575876
B75-OP-059,7.5,opinion,social,writing9.com,D-auto,249,4,17.785714285714285,5.608393854986743,0.07142857142857142,0.6428571428571429,0.07142857142857142,0.2857142857142857,1.606425702811245,3.21285140562249,4,0.40160642570281124,8.032128514056225,7,0.6956521739130435,0.27309236947791166,0.036231884057971016,0.012048192771084338,0.7,2,3,0,2,4,2,0,8,3.21285140562249
B75-OP-060,7.5,opinion,social,writing9.com,D-auto,335,4,27.916666666666668,7.454957336490189,0.5,0.16666666666666666,0.25,0.5833333333333334,2.985074626865672,2.6865671641791047,6,1.1940298507462686,6.268656716417911,10,0.6407185628742516,0.2,0.029940119760479042,0.029850746268656716,0.6111111111111112,2,2,0,2,6,2,0,3,0.0
B75-OP-061,7.5,opinion,social,writing9.com,D-auto,259,4,19.923076923076923,4.46286452441855,0.23076923076923078,0.46153846153846156,0.0,0.5384615384615384,3.474903474903475,3.088803088803089,5,0.7722007722007722,5.019305019305019,4,0.7544910179640718,0.39768339768339767,0.0718562874251497,0.003861003861003861,0.35714285714285715,2,1,0,1,3,0,0,0,0.3861003861003861
B75-OP-062,7.5,opinion,social,writing9.com,D-auto,335,5,17.63157894736842,4.195367449132554,0.0,0.2631578947368421,0.15789473684210525,0.5789473684210527,3.582089552238806,2.985074626865672,5,0.29850746268656714,4.477611940298507,4,0.7403846153846154,0.4537313432835821,0.0673076923076923,0.008955223880597015,0.7857142857142857,3,2,0,0,0,0,0,4,0.8955223880597015
B75-OP-063,7.5,opinion,technology,writing9.com,D-auto,303,5,17.823529411764707,3.9887384725093376,0.11764705882352941,0.35294117647058826,0.29411764705882354,0.35294117647058826,1.9801980198019802,3.3003300330033003,5,0.6600660066006601,3.9603960396039604,2,0.7978142076502732,0.41254125412541254,0.08743169398907104,0.006600660066006601,0.8181818181818182,4,2,0,0,0,0,0,7,0.0
B75-OP-064,7.5,opinion,technology,writing9.com,D-auto,358,5,18.842105263157894,4.22103950647651,0.05263157894736842,0.47368421052631576,0.05263157894736842,0.47368421052631576,2.793296089385475,4.748603351955308,5,0.8379888268156425,3.35195530726257,4,0.7385321100917431,0.42178770949720673,0.10091743119266056,0.019553072625698324,0.5909090909090909,3,3,0,0,0,0,0,5,0.0
B75-OP-065,7.5,opinion,globalization-work,writing9.com,D-auto,297,4,18.5625,8.26111940054131,0.125,0.75,0.0625,0.1875,1.0101010101010102,1.6835016835016836,4,0.6734006734006734,5.723905723905724,6,0.7607361963190185,0.25252525252525254,0.06134969325153374,0.020202020202020204,0.5263157894736842,2,2,0,1,3,0,1,0,1.0101010101010102
B75-OP-068,7.5,opinion,globalization-work,writing9.com,D-auto,285,4,20.357142857142858,4.401414429429685,0.14285714285714285,0.21428571428571427,0.35714285714285715,0.42857142857142855,2.807017543859649,2.807017543859649,5,1.0526315789473684,3.508771929824561,4,0.7969543147208121,0.47368421052631576,0.06598984771573604,0.02456140350877193,0.5882352941176471,3,1,0,0,0,0,0,1,0.7017543859649122
B75-REP-001,7.5,report,environment,allthingsielts.com,B-teacher,381,6,19.05,6.240793218814416,0.1,0.7,0.15,0.15,0.7874015748031497,2.8871391076115485,5,0.5249343832020997,4.4619422572178475,5,0.8104838709677419,0.4671916010498688,0.056451612903225805,0.031496062992125984,0.5714285714285714,1,4,0,0,5,1,0,1,0.0
B75-REP-002,7.5,report,crime,cdieltsprep.com,B-teacher,314,5,22.428571428571427,11.505987793407431,0.35714285714285715,0.21428571428571427,0.21428571428571427,0.5714285714285714,2.8662420382165603,0.9554140127388535,2,0.0,3.5031847133757963,3,0.9197530864197531,0.28343949044585987,0.08641975308641975,0.041401273885350316,0.47058823529411764,1,0,0,0,0,0,0,1,0.0
B75-REP-003,7.5,report,social,cdieltsprep.com,B-teacher,287,4,22.076923076923077,10.75218431090266,0.38461538461538464,0.23076923076923078,0.07692307692307693,0.6923076923076923,3.832752613240418,1.3937282229965158,4,0.34843205574912894,6.2717770034843205,8,0.8311688311688312,0.22996515679442509,0.045454545454545456,0.010452961672473868,0.5,0,1,0,0,1,0,0,6,0.0
B75-REP-004,7.5,report,crime,cdieltsprep.com,B-teacher,259,4,21.583333333333332,9.725039274413698,0.4166666666666667,0.25,0.08333333333333333,0.6666666666666666,4.633204633204633,1.1583011583011582,2,0.0,6.177606177606178,7,0.8333333333333334,0.3204633204633205,0.07246376811594203,0.03474903474903475,0.5,1,0,0,0,0,0,0,2,0.3861003861003861
B75-REP-007,7.5,report,social,writing9.com,D-auto,301,1,20.066666666666666,7.056596598612929,0.2,0.6666666666666666,0.13333333333333333,0.2,0.9966777408637874,4.651162790697675,5,0.33222591362126247,4.318936877076412,5,0.8011049723756906,0.40863787375415284,0.11049723756906077,0.016611295681063124,0.75,6,1,0,1,1,0,1,0,0.9966777408637874
B75-REP-008,7.5,report,globalization-work,cdieltsprep.com,B-teacher,276,4,25.09090909090909,10.535261531504098,0.45454545454545453,0.18181818181818182,0.18181818181818182,0.6363636363636364,3.6231884057971016,0.7246376811594203,2,0.0,6.521739130434782,8,0.8450704225352113,0.213768115942029,0.04225352112676056,0.028985507246376812,0.42857142857142855,3,0,1,0,0,0,0,3,0.0
B75-REP-009,7.5,report,social,cdieltsprep.com,B-teacher,272,4,20.923076923076923,8.425798647026683,0.3076923076923077,0.3076923076923077,0.23076923076923078,0.46153846153846156,3.3088235294117645,1.1029411764705883,2,0.0,4.044117647058823,6,0.903448275862069,0.27205882352941174,0.06896551724137931,0.03308823529411765,0.7333333333333333,3,0,0,0,0,0,0,2,0.0
B75-REP-011,7.5,report,health,writing9.com,D-auto,283,4,15.722222222222221,5.183366083021465,0.0,0.7222222222222222,0.2222222222222222,0.05555555555555555,0.35335689045936397,2.1201413427561837,4,1.4134275618374559,3.5335689045936394,3,0.7679558011049724,0.43462897526501765,0.09944751381215469,0.01060070671378092,0.8947368421052632,5,0,0,0,0,0,0,0,0.0
B75-REP-012,7.5,report,health,cdieltsprep.com,B-teacher,272,4,20.923076923076923,8.166173555132438,0.3076923076923077,0.23076923076923078,0.23076923076923078,0.5384615384615384,3.3088235294117645,1.1029411764705883,2,0.0,6.617647058823529,6,0.9,0.3014705882352941,0.1,0.025735294117647058,0.34782608695652173,1,0,1,0,0,0,0,0,0.0
B75-REP-014,7.5,report,social,cdieltsprep.com,B-teacher,329,4,23.5,10.781929326423912,0.5,0.21428571428571427,0.0,0.7857142857142857,3.6474164133738602,2.43161094224924,4,0.303951367781155,4.86322188449848,6,0.84375,0.2796352583586626,0.0625,0.0486322188449848,0.5882352941176471,1,0,0,0,0,0,0,2,0.0
B75-REP-015,7.5,report,health,writing9.com,D-auto,297,4,19.8,5.3065996645686395,0.2,0.3333333333333333,0.26666666666666666,0.4,2.356902356902357,4.040404040404041,5,0.3367003367003367,6.397306397306397,4,0.776536312849162,0.3468013468013468,0.03910614525139665,0.003367003367003367,0.75,3,3,0,1,1,0,0,4,0.3367003367003367
B75-REP-016,7.5,report,technology,cdieltsprep.com,B-teacher,291,5,20.785714285714285,9.282691815790223,0.2857142857142857,0.14285714285714285,0.2857142857142857,0.5714285714285714,3.4364261168384878,2.0618556701030926,3,0.0,6.185567010309279,7,0.8851351351351351,0.27835051546391754,0.0472972972972973,0.041237113402061855,0.6,3,0,0,0,0,0,0,2,0.0
B75-REP-017,7.5,report,health,writing9.com,D-auto,339,4,14.73913043478261,5.7120573564921715,0.043478260869565216,0.6956521739130435,0.17391304347826086,0.13043478260869565,0.8849557522123894,3.5398230088495577,6,1.4749262536873156,5.014749262536873,4,0.7277227722772277,0.3480825958702065,0.04950495049504951,0.0029498525073746312,0.8125,4,2,0,0,0,0,0,0,1.7699115044247788
B75-REP-018,7.5,report,environment,writing9.com,D-auto,252,4,16.8,4.3848223073080925,0.06666666666666667,0.6,0.2,0.2,1.1904761904761905,5.555555555555555,5,0.3968253968253968,3.5714285714285716,3,0.7884615384615384,0.32142857142857145,0.04487179487179487,0.0,0.47619047619047616,3,2,0,0,0,0,0,3,0.0
B75-REP-020,7.5,report,education,writing9.com,D-auto,308,4,22,8.468428763016533,0.2857142857142857,0.5,0.0,0.5,2.272727272727273,1.948051948051948,5,0.6493506493506493,8.766233766233766,4,0.8579881656804734,0.3344155844155844,0.09467455621301775,0.04220779220779221,0.7857142857142857,5,2,1,0,2,0,1,1,0.0
B75-REP-021,7.5,report,media,writing9.com,D-auto,294,5,18.375,4.428247395979588,0.0625,0.3125,0.125,0.5625,3.061224489795918,4.421768707482993,4,1.3605442176870748,5.1020408163265305,4,0.69375,0.3333333333333333,0.0625,0.0,1.0,6,0,0,0,0,0,1,6,0.0
B75-REP-023,7.5,report,health,writing9.com,D-auto,282,4,18.8,4.5927479065732895,0.13333333333333333,0.6,0.13333333333333333,0.26666666666666666,1.7730496453900708,3.1914893617021276,6,1.4184397163120568,4.964539007092198,3,0.7325581395348837,0.32269503546099293,0.05813953488372093,0.0035460992907801418,0.6875,1,3,1,0,0,0,1,3,0.0
B75-REP-024,7.5,report,environment,writing9.com,D-auto,321,4,17.833333333333332,6.954215348341688,0.16666666666666666,0.5555555555555556,0.16666666666666666,0.2777777777777778,1.8691588785046729,4.361370716510903,6,1.557632398753894,5.919003115264798,5,0.8595505617977528,0.30218068535825543,0.09550561797752809,0.03426791277258567,0.4666666666666667,5,3,0,1,1,0,0,1,1.2461059190031152
B75-REP-025,7.5,report,globalization-work,writing9.com,D-auto,261,4,20.076923076923077,5.876439770702855,0.23076923076923078,0.6153846153846154,0.07692307692307693,0.3076923076923077,1.9157088122605364,1.9157088122605364,3,0.3831417624521073,4.980842911877395,7,0.8513513513513513,0.3218390804597701,0.0472972972972973,0.02681992337164751,0.8666666666666667,0,1,0,0,0,0,0,3,0.0
B75-REP-026,7.5,report,environment,writing9.com,D-auto,264,4,16.5,5.291502622129181,0.125,0.875,0.0625,0.0625,0.3787878787878788,2.6515151515151514,4,1.1363636363636365,3.0303030303030303,1,0.7272727272727273,0.44696969696969696,0.03636363636363636,0.01893939393939394,0.7692307692307693,3,0,0,0,0,0,0,0,1.893939393939394
B75-REP-027,7.5,report,globalization-work,writing9.com,D-auto,255,4,23.181818181818183,6.644453350771492,0.36363636363636365,0.45454545454545453,0.0,0.5454545454545454,2.7450980392156863,4.313725490196078,5,0.39215686274509803,6.666666666666667,4,0.7671232876712328,0.3764705882352941,0.06164383561643835,0.027450980392156862,0.8571428571428571,5,3,0,2,4,1,1,0,0.0
B75-REP-028,7.5,report,globalization-work,writing9.com,D-auto,279,4,17.4375,5.978803705591948,0.0625,0.4375,0.1875,0.375,2.5089605734767026,3.225806451612903,5,1.075268817204301,5.017921146953405,3,0.7987804878048781,0.4121863799283154,0.0975609756097561,0.010752688172043012,0.4,2,0,0,0,0,0,1,2,0.0
B75-TQ-001,7.5,two-part,government,writing9.com,D-auto,297,5,18.5625,5.255577394540014,0.1875,0.4375,0.0625,0.5,2.6936026936026938,3.0303030303030303,5,0.6734006734006734,3.367003367003367,4,0.6685393258426966,0.3501683501683502,0.016853932584269662,0.006734006734006734,0.8571428571428571,4,2,0,1,1,0,0,5,2.0202020202020203
B75-TQ-002,7.5,two-part,government,cdieltsprep.com,B-teacher,287,5,19.133333333333333,7.982202425117742,0.26666666666666666,0.3333333333333333,0.26666666666666666,0.4,3.484320557491289,2.0905923344947737,2,0.0,5.574912891986063,5,0.9342105263157895,0.3519163763066202,0.06578947368421052,0.08013937282229965,0.4,3,0,0,0,0,0,0,0,0.0
B75-TQ-003,7.5,two-part,environment,cdieltsprep.com,B-teacher,283,4,25.727272727272727,11.128104544072258,0.5454545454545454,0.09090909090909091,0.18181818181818182,0.7272727272727273,3.5335689045936394,1.0600706713780919,2,0.0,8.480565371024735,6,0.8611111111111112,0.2756183745583039,0.05555555555555555,0.0353356890459364,0.3333333333333333,2,0,0,0,0,0,0,0,0.0
B75-TQ-004,7.5,two-part,environment,writing9.com,D-auto,367,5,16.681818181818183,6.587773548823495,0.045454545454545456,0.5454545454545454,0.36363636363636365,0.09090909090909091,0.5449591280653951,2.1798365122615806,4,0.8174386920980926,2.7247956403269753,3,0.7551867219917012,0.49318801089918257,0.06224066390041494,0.02997275204359673,0.5454545454545454,1,2,0,0,0,0,0,1,2.997275204359673
B75-TQ-006,7.5,two-part,environment,cdieltsprep.com,B-teacher,291,5,22.384615384615383,12.797466465242021,0.38461538461538464,0.46153846153846156,0.15384615384615385,0.38461538461538464,2.0618556701030926,1.7182130584192439,4,0.0,4.123711340206185,4,0.9144736842105263,0.25773195876288657,0.08552631578947369,0.020618556701030927,0.6111111111111112,1,0,0,0,0,0,0,2,0.0
B75-TQ-007,7.5,two-part,social,writing9.com,D-auto,297,4,16.5,8.757536436946435,0.05555555555555555,0.5,0.2222222222222222,0.2777777777777778,2.0202020202020203,5.3872053872053876,5,1.0101010101010102,6.397306397306397,5,0.6716417910447762,0.12794612794612795,0.04477611940298507,0.010101010101010102,0.45161290322580644,5,5,0,0,0,0,0,8,0.0
B75-TQ-008,7.5,opinion,social,writing9.com,D-auto,265,4,20.384615384615383,9.311188154691699,0.3076923076923077,0.3076923076923077,0.07692307692307693,0.6153846153846154,3.7735849056603774,3.018867924528302,5,1.509433962264151,9.056603773584905,5,0.8194444444444444,0.3018867924528302,0.05555555555555555,0.011320754716981131,0.5,4,1,0,0,0,0,0,3,0.37735849056603776
B75-TQ-009,7.5,two-part,health,writing9.com,D-auto,292,4,20.857142857142858,5.012229940813953,0.14285714285714285,0.6428571428571429,0.0,0.35714285714285715,2.3972602739726026,3.767123287671233,6,1.0273972602739727,7.191780821917808,8,0.7085714285714285,0.4315068493150685,0.08,0.023972602739726026,0.6428571428571429,2,1,0,0,0,0,1,3,1.36986301369863
B75-TQ-010,7.5,two-part,culture,cdieltsprep.com,B-teacher,287,4,23.916666666666668,11.131474395704382,0.5833333333333334,0.25,0.08333333333333333,0.6666666666666666,4.181184668989547,2.4390243902439024,4,0.0,7.317073170731708,6,0.8541666666666666,0.25435540069686413,0.041666666666666664,0.03832752613240418,0.7058823529411765,3,3,0,0,0,0,0,3,0.0
B75-TQ-011,7.5,two-part,social,cdieltsprep.com,B-teacher,269,4,22.416666666666668,9.096320990134174,0.4166666666666667,0.08333333333333333,0.16666666666666666,0.75,3.717472118959108,1.486988847583643,3,0.0,5.204460966542751,7,0.8827586206896552,0.2825278810408922,0.06206896551724138,0.01858736059479554,0.5714285714285714,4,0,0,0,0,0,0,1,0.37174721189591076
B75-TQ-013,7.5,two-part,education,writing9.com,D-auto,286,4,20.428571428571427,7.770955867976656,0.2857142857142857,0.5714285714285714,0.0,0.42857142857142855,2.797202797202797,3.8461538461538463,5,0.6993006993006993,4.895104895104895,3,0.7441860465116279,0.45454545454545453,0.06976744186046512,0.006993006993006993,0.7142857142857143,2,3,0,0,0,0,0,5,0.6993006993006993
B75-TQ-014,7.5,two-part,social,writing9.com,D-auto,348,5,18.31578947368421,5.80428726826307,0.10526315789473684,0.5789473684210527,0.05263157894736842,0.3684210526315789,3.160919540229885,3.4482758620689653,5,0.8620689655172413,7.183908045977011,5,0.675392670157068,0.34195402298850575,0.06282722513089005,0.008620689655172414,0.7,3,2,0,0,2,3,0,2,0.0
B8-ADV-001,8.0,two-part,social,ieltsprepstudio.com,B-teacher,260,4,23.636363636363637,8.731059784394887,0.36363636363636365,0.36363636363636365,0.0,0.6363636363636364,3.4615384615384617,1.1538461538461537,2,0.0,5.384615384615385,6,0.8536585365853658,0.4,0.0975609756097561,0.046153846153846156,0.7142857142857143,0,1,0,0,4,0,0,1,1.5384615384615385
B8-ADV-002,8.0,adv-disadv,globalization-work,ieltsprepstudio.com,B-teacher,237,4,21.545454545454547,4.99752004613991,0.36363636363636365,0.45454545454545453,0.0,0.5454545454545454,3.3755274261603376,0.8438818565400844,1,0.0,3.7974683544303796,2,0.8680555555555556,0.4345991561181435,0.06944444444444445,0.02531645569620253,0.8888888888888888,0,0,0,0,2,2,0,1,2.109704641350211
B8-ADV-003,8.0,adv-disadv,environment,writing9.com,D-auto,266,4,19,7.1813249871753175,0.14285714285714285,0.2857142857142857,0.0,0.7142857142857143,5.639097744360902,3.7593984962406015,5,1.1278195488721805,8.646616541353383,10,0.7862595419847328,0.2857142857142857,0.1450381679389313,0.0,0.46153846153846156,6,3,1,0,0,0,0,3,1.5037593984962405
B8-ADV-004,8.0,adv-disadv,technology,writing9.com,D-auto,281,4,18.733333333333334,8.417970196087785,0.26666666666666666,0.4666666666666667,0.06666666666666667,0.4666666666666667,4.270462633451957,3.5587188612099645,5,1.0676156583629892,8.185053380782918,6,0.8380281690140845,0.2918149466192171,0.11267605633802817,0.0,0.5789473684210527,4,4,1,0,0,0,1,1,0.35587188612099646
B8-ADV-005,8.0,adv-disadv,globalization-work,writing9.com,D-auto,358,5,18.842105263157894,5.1632625130234615,0.05263157894736842,0.42105263157894735,0.21052631578947367,0.3684210526315789,1.9553072625698324,3.35195530726257,5,0.5586592178770949,6.70391061452514,6,0.7537688442211056,0.31564245810055863,0.08542713567839195,0.002793296089385475,0.7272727272727273,1,2,0,0,0,0,0,2,1.675977653631285
B8-ADV-006,8.0,two-part,social,writing9.com,D-auto,330,4,20.625,6.6226410894748025,0.1875,0.625,0.0625,0.3125,2.4242424242424243,3.6363636363636362,5,0.6060606060606061,4.545454545454546,5,0.7563451776649747,0.44545454545454544,0.09644670050761421,0.045454545454545456,0.6,3,4,0,0,0,0,0,5,0.30303030303030304
B8-ADV-007,8.0,adv-disadv,social,ielts-blog.com,C-blog,326,4,25.076923076923077,5.941529697639236,0.5384615384615384,0.46153846153846156,0.15384615384615385,0.38461538461538464,1.8404907975460123,3.6809815950920246,6,0.3067484662576687,11.349693251533742,13,0.7771084337349398,0.2668711656441718,0.03614457831325301,0.015337423312883436,0.6363636363636364,2,3,0,0,0,0,0,3,0.6134969325153374
B8-ADV-008,8.0,adv-disadv,health,writing9.com,D-auto,297,4,19.8,5.075431016179808,0.06666666666666667,0.4,0.0,0.6,3.367003367003367,4.040404040404041,5,0.6734006734006734,4.377104377104377,5,0.7880434782608695,0.3939393939393939,0.07608695652173914,0.013468013468013467,0.5333333333333333,3,1,0,0,0,0,0,4,1.0101010101010102
B8-ADV-009,8.0,adv-disadv,education,writing9.com,D-auto,266,4,20.46153846153846,6.24641909251132,0.15384615384615385,0.46153846153846156,0.0,0.5384615384615384,3.7593984962406015,4.135338345864661,4,1.1278195488721805,6.7669172932330826,7,0.7914110429447853,0.40601503759398494,0.09202453987730061,0.015037593984962405,0.7222222222222222,2,2,0,0,0,0,0,2,1.5037593984962405
B8-ADV-011,8.0,two-part,technology,writing9.com,D-auto,334,5,16.7,4.744470465710584,0.05,0.5,0.25,0.25,2.095808383233533,2.9940119760479043,6,1.1976047904191616,7.485029940119761,5,0.7313432835820896,0.4251497005988024,0.06965174129353234,0.020958083832335328,0.7333333333333333,3,1,0,0,0,0,1,6,0.2994011976047904
B8-ADV-013,8.0,two-part,media,writing9.com,D-auto,326,5,16.3,6.253798845501828,0.1,0.65,0.05,0.3,2.147239263803681,3.067484662576687,6,0.9202453987730062,6.748466257668712,4,0.7845303867403315,0.29141104294478526,0.1270718232044199,0.02147239263803681,0.7857142857142857,2,4,0,0,0,0,0,1,0.0
B8-ADV-014,8.0,two-part,media,writing9.com,D-auto,304,4,20.266666666666666,5.6031737038535185,0.2,0.26666666666666666,0.06666666666666667,0.6666666666666666,3.289473684210526,2.6315789473684212,5,0.32894736842105265,7.2368421052631575,10,0.8154761904761905,0.34539473684210525,0.09523809523809523,0.023026315789473683,0.7142857142857143,2,4,0,1,1,0,1,3,0.0
B8-ADV-015,8.0,adv-disadv,technology,ielts-blog.com,C-blog,367,5,24.466666666666665,8.365537772446086,0.4666666666666667,0.6,0.06666666666666667,0.3333333333333333,1.3623978201634876,1.6348773841961852,3,0.8174386920980926,5.177111716621253,6,0.7738693467336684,0.32697547683923706,0.06532663316582915,0.02997275204359673,0.3333333333333333,1,2,0,0,5,0,0,0,0.5449591280653951
B8-ADV-016,8.0,adv-disadv,culture,ielts-blog.com,C-blog,289,4,24.083333333333332,10.242544714191988,0.5833333333333334,0.25,0.08333333333333333,0.6666666666666666,3.8062283737024223,3.114186851211073,5,0.6920415224913494,10.726643598615917,6,0.7588652482269503,0.3079584775086505,0.07801418439716312,0.02768166089965398,0.7647058823529411,5,3,0,1,2,0,0,7,0.0
B8-ADV-017,8.0,adv-disadv,education,writing9.com,D-auto,291,4,17.11764705882353,5.411125281917708,0.058823529411764705,0.5294117647058824,0.23529411764705882,0.23529411764705882,1.7182130584192439,4.123711340206185,5,0.3436426116838488,4.810996563573883,3,0.6625766871165644,0.35738831615120276,0.07975460122699386,0.003436426116838488,0.6538461538461539,5,7,0,0,0,0,0,5,0.0
B8-ADV-019,8.0,adv-disadv,culture,ielts-blog.com,C-blog,276,4,21.23076923076923,7.637497034156253,0.3076923076923077,0.3076923076923077,0.07692307692307693,0.6153846153846154,5.072463768115942,3.9855072463768115,6,1.4492753623188406,9.420289855072463,7,0.7847222222222222,0.31521739130434784,0.09027777777777778,0.014492753623188406,0.7692307692307693,3,2,0,0,0,0,0,6,0.36231884057971014
B8-ADV-020,8.0,adv-disadv,social,ielts-blog.com,C-blog,334,5,19.647058823529413,7.028857964894257,0.23529411764705882,0.5294117647058824,0.11764705882352941,0.35294117647058826,2.095808383233533,3.2934131736526946,4,0.5988023952095808,5.389221556886228,8,0.8604651162790697,0.2874251497005988,0.06976744186046512,0.038922155688622756,0.55,3,1,0,0,0,0,0,1,0.0
B8-ADV-021,8.0,adv-disadv,education,writing9.com,D-auto,372,4,26.571428571428573,4.952838806674205,0.6428571428571429,0.2857142857142857,0.07142857142857142,0.6428571428571429,2.4193548387096775,1.6129032258064515,4,0.0,5.913978494623656,13,0.8765432098765432,0.532258064516129,0.0823045267489712,0.11290322580645161,0.5625,1,1,0,1,3,0,0,0,0.5376344086021505
B8-ADV-022,8.0,adv-disadv,education,ielts-blog.com,C-blog,328,4,20.5,7.968688725254614,0.25,0.375,0.25,0.375,2.4390243902439024,2.7439024390243905,5,0.9146341463414634,4.2682926829268295,2,0.6717948717948717,0.3932926829268293,0.05128205128205128,0.009146341463414634,0.7222222222222222,1,3,0,0,0,0,0,0,1.524390243902439
B8-ADV-023,8.0,two-part,media,ielts-blog.com,C-blog,301,4,23.153846153846153,7.220123095542963,0.3076923076923077,0.46153846153846156,0.07692307692307693,0.46153846153846156,2.3255813953488373,2.3255813953488373,5,0.6644518272425249,7.973421926910299,6,0.7935483870967742,0.3289036544850498,0.09032258064516129,0.036544850498338874,0.9230769230769231,5,3,0,1,1,0,0,2,0.0
B8-ADV-024,8.0,adv-disadv,health,ielts-blog.com,C-blog,308,4,25.666666666666668,7.5314156851300025,0.4166666666666667,0.5,0.0,0.5,2.272727272727273,3.2467532467532467,5,1.2987012987012987,3.5714285714285716,4,0.695364238410596,0.2597402597402597,0.046357615894039736,0.03571428571428571,0.5555555555555556,2,5,0,0,0,0,0,2,0.0
B8-ADV-025,8.0,two-part,social,ielts-blog.com,C-blog,278,4,19.857142857142858,6.479165983113466,0.14285714285714285,0.42857142857142855,0.21428571428571427,0.35714285714285715,1.7985611510791366,1.7985611510791366,3,0.3597122302158273,10.071942446043165,14,0.7133333333333334,0.22661870503597123,0.08,0.007194244604316547,0.6666666666666666,3,2,0,0,0,0,0,5,0.7194244604316546
B8-ADV-026,8.0,adv-disadv,social,ielts-blog.com,C-blog,317,4,22.642857142857142,6.0191022450806315,0.2857142857142857,0.6428571428571429,0.14285714285714285,0.21428571428571427,0.9463722397476341,1.2618296529968454,3,0.31545741324921134,2.5236593059936907,3,0.7712765957446809,0.3280757097791798,0.09574468085106383,0.01892744479495268,0.8,3,2,0,1,2,0,0,1,0.31545741324921134
B8-ADV-027,8.0,adv-disadv,education,ielts-blog.com,C-blog,338,5,21.125,5.721396245672904,0.25,0.5625,0.125,0.3125,1.4792899408284024,1.183431952662722,4,0.2958579881656805,6.21301775147929,9,0.751219512195122,0.39644970414201186,0.11219512195121951,0.014792899408284023,0.9375,1,1,0,0,0,0,0,0,1.183431952662722
B8-ADV-028,8.0,adv-disadv,globalization-work,writing9.com,D-auto,342,4,26.307692307692307,7.415001586022086,0.6923076923076923,0.38461538461538464,0.07692307692307693,0.5384615384615384,2.6315789473684212,3.216374269005848,5,1.1695906432748537,6.7251461988304095,5,0.6615384615384615,0.3391812865497076,0.16923076923076924,0.0,0.5294117647058824,2,3,0,2,3,1,0,3,0.29239766081871343
B8-ADV-030,8.0,adv-disadv,education,writing9.com,D-auto,359,5,19.944444444444443,5.461707325880822,0.1111111111111111,0.3333333333333333,0.2777777777777778,0.3888888888888889,2.2284122562674096,2.5069637883008355,3,1.1142061281337048,5.2924791086350975,8,0.7740585774058577,0.5348189415041783,0.09205020920502092,0.005571030640668524,0.6666666666666666,1,0,0,0,0,0,0,1,1.1142061281337048
B8-ADV-031,8.0,adv-disadv,health,writing9.com,D-auto,316,4,17.555555555555557,5.9835164523716715,0.1111111111111111,0.6111111111111112,0.1111111111111111,0.2777777777777778,2.5316455696202533,4.430379746835443,6,0.9493670886075949,5.063291139240507,4,0.7068062827225131,0.439873417721519,0.10471204188481675,0.04430379746835443,0.4117647058823529,7,4,0,0,0,0,0,1,0.0
B8-ADV-032,8.0,two-part,globalization-work,ielts-blog.com,C-blog,285,4,23.75,7.119515432949071,0.4166666666666667,0.4166666666666667,0.0,0.5833333333333334,2.807017543859649,2.1052631578947367,4,0.0,7.368421052631579,12,0.8152866242038217,0.3298245614035088,0.09554140127388536,0.031578947368421054,0.6428571428571429,6,4,0,0,0,0,0,1,0.0
B8-ADV-036,8.0,adv-disadv,technology,ielts-blog.com,C-blog,320,4,24.615384615384617,6.282312919721667,0.6153846153846154,0.5384615384615384,0.0,0.46153846153846156,2.5,2.5,5,0.625,4.375,4,0.7430167597765364,0.35625,0.0893854748603352,0.0125,0.8333333333333334,4,1,0,0,2,0,0,0,0.625
B8-DIS-001,8.0,discussion,education,allthingsielts.com,B-teacher,358,6,18.842105263157894,6.815332234205745,0.10526315789473684,0.2631578947368421,0.05263157894736842,0.6842105263157895,4.4692737430167595,1.3966480446927374,3,0.5586592178770949,5.027932960893855,11,0.712,0.46368715083798884,0.08,0.03910614525139665,0.4444444444444444,1,1,0,0,4,1,0,0,2.2346368715083798
B8-DIS-002,8.0,discussion,education,ielts.international,A-examiner,277,4,19.785714285714285,5.608393854986743,0.14285714285714285,0.35714285714285715,0.21428571428571427,0.42857142857142855,3.2490974729241877,0.7220216606498195,1,0.0,3.9711191335740073,4,0.8706467661691543,0.5703971119133574,0.07462686567164178,0.07942238267148015,0.48,0,0,0,0,0,0,0,1,0.36101083032490977
B8-DIS-003,8.0,discussion,technology,ieltsprepstudio.com,B-teacher,248,4,20.666666666666668,5.617433182117573,0.16666666666666666,0.3333333333333333,0.08333333333333333,0.5833333333333334,4.032258064516129,1.6129032258064515,3,0.0,4.838709677419355,6,0.8413793103448276,0.3951612903225806,0.08275862068965517,0.056451612903225805,0.26666666666666666,0,1,0,0,3,0,0,1,1.2096774193548387
B8-DIS-004,8.0,discussion,education,ielts-blog.com,C-blog,330,4,25.384615384615383,10.852425900645168,0.38461538461538464,0.38461538461538464,0.07692307692307693,0.5384615384615384,4.545454545454546,2.121212121212121,4,0.6060606060606061,9.090909090909092,4,0.7610062893081762,0.296969696969697,0.07547169811320754,0.02727272727272727,0.631578947368421,4,2,0,0,0,0,0,2,0.0
B8-DIS-005,8.0,discussion,health,writing9.com,D-auto,301,4,21.5,8.287253551603898,0.35714285714285715,0.42857142857142855,0.07142857142857142,0.5,3.654485049833887,4.651162790697675,5,0.9966777408637874,8.637873754152825,9,0.7865853658536586,0.3588039867109635,0.0975609756097561,0.006644518272425249,0.36363636363636365,2,2,0,0,0,0,0,3,0.6644518272425249
B8-DIS-006,8.0,discussion,technology,writing9.com,D-auto,298,4,19.866666666666667,9.728766051709172,0.2,0.3333333333333333,0.0,0.6666666666666666,4.697986577181208,3.3557046979865772,5,1.0067114093959733,6.7114093959731544,4,0.8128654970760234,0.3724832214765101,0.1111111111111111,0.020134228187919462,0.4,6,1,0,1,1,0,0,3,1.0067114093959733
B8-DIS-007,8.0,discussion,social,ielts-blog.com,C-blog,289,4,26.272727272727273,7.6406914143457065,0.45454545454545453,0.2727272727272727,0.18181818181818182,0.5454545454545454,2.422145328719723,4.1522491349480966,3,0.6920415224913494,10.034602076124568,9,0.722972972972973,0.25259515570934254,0.033783783783783786,0.010380622837370242,0.3888888888888889,0,4,0,0,0,0,0,3,0.6920415224913494
B8-DIS-008,8.0,discussion,social,writing9.com,D-auto,344,5,19.11111111111111,3.928371006591931,0.05555555555555555,0.4444444444444444,0.2222222222222222,0.3333333333333333,2.0348837209302326,4.069767441860465,5,1.1627906976744187,4.651162790697675,2,0.7159090909090909,0.29941860465116277,0.022727272727272728,0.046511627906976744,0.5,1,3,0,0,0,0,0,1,0.0
B8-DIS-009,8.0,discussion,health,ielts-blog.com,C-blog,314,4,24.153846153846153,4.605116783721774,0.38461538461538464,0.23076923076923078,0.07692307692307693,0.6923076923076923,4.140127388535032,1.5923566878980893,3,0.3184713375796178,7.643312101910828,9,0.7452229299363057,0.2515923566878981,0.07643312101910828,0.03503184713375796,0.6190476190476191,5,1,0,0,0,0,0,4,0.0
B8-DIS-011,8.0,discussion,technology,writing9.com,D-auto,294,5,21,5.223572942509206,0.07142857142857142,0.5714285714285714,0.07142857142857142,0.35714285714285715,3.401360544217687,4.081632653061225,5,1.0204081632653061,4.761904761904762,3,0.8083832335329342,0.3707482993197279,0.03592814371257485,0.030612244897959183,0.6111111111111112,1,3,0,0,0,0,0,3,0.0
B8-DIS-012,8.0,discussion,social,ielts-blog.com,C-blog,290,4,18.125,6.632071697441154,0.125,0.5,0.125,0.375,3.103448275862069,2.7586206896551726,4,0.6896551724137931,8.96551724137931,6,0.8053691275167785,0.3310344827586207,0.026845637583892617,0.020689655172413793,0.6190476190476191,1,0,0,0,2,1,0,4,0.6896551724137931
B8-DIS-013,8.0,discussion,social,writing9.com,D-auto,339,4,21.1875,8.861565536066411,0.375,0.5625,0.0,0.4375,3.2448377581120944,2.359882005899705,5,0.5899705014749262,8.259587020648967,10,0.8288770053475936,0.34513274336283184,0.08021390374331551,0.032448377581120944,0.40625,3,3,0,2,4,1,0,2,0.0
B8-DIS-014,8.0,discussion,globalization-work,writing9.com,D-auto,256,4,21.333333333333332,6.847546194724712,0.25,0.3333333333333333,0.08333333333333333,0.5833333333333334,4.6875,5.46875,5,1.953125,6.25,6,0.7898089171974523,0.39453125,0.09554140127388536,0.0078125,0.5,3,2,0,0,0,0,0,2,0.78125
B8-DIS-015,8.0,discussion,education,writing9.com,D-auto,260,4,20,8.708969735057865,0.3076923076923077,0.38461538461538464,0.15384615384615385,0.46153846153846156,3.8461538461538463,4.230769230769231,5,0.7692307692307693,10.76923076923077,9,0.7286821705426356,0.18076923076923077,0.09302325581395349,0.007692307692307693,0.65,2,3,0,0,0,0,0,1,0.7692307692307693
B8-DIS-016,8.0,discussion,education,writing9.com,D-auto,335,5,20.9375,5.50532412760593,0.25,0.25,0.1875,0.5625,4.477611940298507,2.6865671641791047,4,0.8955223880597015,6.567164179104478,6,0.7588235294117647,0.2716417910447761,0.08235294117647059,0.011940298507462687,0.6956521739130435,2,3,0,0,0,0,1,2,0.0
B8-DIS-018,8.0,discussion,environment,writing9.com,D-auto,285,4,19,4.412104562073146,0.2,0.3333333333333333,0.0,0.6666666666666666,4.912280701754386,3.508771929824561,5,0.3508771929824561,5.964912280701754,10,0.8220858895705522,0.4245614035087719,0.06134969325153374,0.017543859649122806,0.2608695652173913,3,2,0,0,0,0,0,1,0.7017543859649122
B8-DIS-019,8.0,discussion,technology,writing9.com,D-auto,266,4,22.166666666666668,9.745369270695813,0.25,0.4166666666666667,0.08333333333333333,0.5,3.7593984962406015,3.7593984962406015,5,0.7518796992481203,7.518796992481203,4,0.76875,0.40601503759398494,0.0875,0.007518796992481203,0.3333333333333333,2,2,0,1,2,0,0,7,0.37593984962406013
B8-DIS-021,8.0,discussion,social,writing9.com,D-auto,342,4,24.428571428571427,5.615212573438156,0.35714285714285715,0.21428571428571427,0.07142857142857142,0.7142857142857143,5.2631578947368425,4.093567251461988,5,0.8771929824561403,7.309941520467836,8,0.7182320441988951,0.3304093567251462,0.049723756906077346,0.011695906432748537,0.7222222222222222,5,2,0,0,0,0,0,3,0.0
B8-DIS-022,8.0,discussion,health,ielts-blog.com,C-blog,363,4,24.2,7.9515197708781855,0.4,0.2,0.2,0.6,3.0303030303030303,2.203856749311295,5,0.27548209366391185,6.887052341597796,5,0.7412935323383084,0.2892561983471074,0.04975124378109453,0.013774104683195593,0.46153846153846156,3,2,0,0,0,0,0,2,1.1019283746556474
B8-DIS-023,8.0,discussion,media,writing9.com,D-auto,319,4,21.266666666666666,9.732876701617508,0.3333333333333333,0.5333333333333333,0.06666666666666667,0.4,2.5078369905956115,4.38871473354232,5,1.2539184952978057,10.658307210031348,11,0.7964071856287425,0.32601880877742945,0.05389221556886228,0.0219435736677116,0.47368421052631576,3,3,0,1,1,0,0,1,0.0
B8-DIS-024,8.0,discussion,globalization-work,writing9.com,D-auto,319,5,19.9375,3.8805403940688468,0.0625,0.375,0.125,0.5,2.8213166144200628,4.075235109717869,5,1.567398119122257,3.4482758620689653,3,0.7135678391959799,0.44200626959247646,0.10050251256281408,0.006269592476489028,0.8076923076923077,5,2,0,0,0,0,1,2,1.2539184952978057
B8-DIS-025,8.0,discussion,environment,ielts-blog.com,C-blog,269,4,20.692307692307693,7.053472853137015,0.3076923076923077,0.46153846153846156,0.15384615384615385,0.38461538461538464,2.6022304832713754,2.6022304832713754,3,0.7434944237918215,4.089219330855019,5,0.7453416149068323,0.43866171003717475,0.09937888198757763,0.011152416356877323,0.38095238095238093,1,2,0,1,1,0,0,1,0.37174721189591076
B8-DIS-027,8.0,discussion,technology,ielts-blog.com,C-blog,255,4,12.75,4.720963884632035,0.0,0.6,0.05,0.35,2.7450980392156863,4.313725490196078,6,1.5686274509803921,4.313725490196078,3,0.7730496453900709,0.33725490196078434,0.09929078014184398,0.0392156862745098,0.5333333333333333,4,1,0,0,0,0,0,2,1.1764705882352942
B8-DIS-028,8.0,discussion,culture,writing9.com,D-auto,271,4,20.846153846153847,6.298304458602683,0.15384615384615385,0.3076923076923077,0.07692307692307693,0.6153846153846154,3.690036900369004,3.690036900369004,5,1.4760147601476015,9.22509225092251,6,0.7452229299363057,0.3874538745387454,0.044585987261146494,0.033210332103321034,0.5,1,2,0,1,6,0,0,3,0.36900369003690037
B8-DIS-029,8.0,discussion,education,writing9.com,D-auto,320,4,18.823529411764707,5.8735227841725255,0.17647058823529413,0.5294117647058824,0.058823529411764705,0.4117647058823529,3.125,1.875,4,1.25,5.625,6,0.6949152542372882,0.353125,0.07344632768361582,0.015625,0.5909090909090909,2,0,0,0,0,0,1,2,0.625
B8-DIS-030,8.0,discussion,health,writing9.com,D-auto,258,4,21.5,6.946221994724902,0.25,0.16666666666666666,0.16666666666666666,0.6666666666666666,4.263565891472868,4.263565891472868,5,1.550387596899225,6.2015503875969,3,0.782608695652174,0.2868217054263566,0.07971014492753623,0.007751937984496124,0.6470588235294118,2,2,0,0,0,0,0,1,0.0
B8-DIS-031,8.0,discussion,health,ielts-blog.com,C-blog,354,5,18.63157894736842,5.966666408744585,0.10526315789473684,0.47368421052631576,0.15789473684210525,0.3684210526315789,3.9548022598870056,3.672316384180791,6,1.694915254237288,4.237288135593221,3,0.6413043478260869,0.2457627118644068,0.05434782608695652,0.005649717514124294,0.8,1,2,0,0,0,0,0,3,0.5649717514124294
B8-DIS-033,8.0,discussion,education,writing9.com,D-auto,283,4,18.866666666666667,5.438954147832304,0.06666666666666667,0.4,0.13333333333333333,0.4666666666666667,3.1802120141342756,4.946996466431095,5,1.7667844522968197,3.5335689045936394,2,0.7880434782608695,0.37809187279151946,0.06521739130434782,0.01060070671378092,0.6666666666666666,3,3,0,0,0,0,0,3,3.1802120141342756
B8-DIS-034,8.0,discussion,crime,ielts-blog.com,C-blog,275,4,21.153846153846153,5.186463948011561,0.15384615384615385,0.3076923076923077,0.0,0.6923076923076923,4.7272727272727275,1.4545454545454546,3,0.0,6.545454545454546,8,0.7777777777777778,0.3527272727272727,0.1111111111111111,0.025454545454545455,0.5555555555555556,1,1,0,0,0,0,0,1,0.7272727272727273
B8-DIS-036,8.0,discussion,crime,ielts-blog.com,C-blog,366,4,26.142857142857142,6.663945022680344,0.6428571428571429,0.2857142857142857,0.07142857142857142,0.6428571428571429,5.46448087431694,3.8251366120218577,5,0.546448087431694,7.377049180327869,13,0.6685082872928176,0.28415300546448086,0.10497237569060773,0.0273224043715847,0.631578947368421,7,3,0,0,0,0,0,1,0.0
B8-DIS-037,8.0,discussion,health,ielts-blog.com,C-blog,295,4,24.583333333333332,9.438028866711994,0.3333333333333333,0.0,0.25,0.75,4.745762711864407,3.0508474576271185,5,0.6779661016949152,5.423728813559322,6,0.643312101910828,0.33559322033898303,0.09554140127388536,0.02711864406779661,0.65,2,3,0,0,0,1,0,4,0.0
B8-DIS-038,8.0,discussion,crime,writing9.com,D-auto,334,5,19.647058823529413,6.220848972424605,0.17647058823529413,0.4117647058823529,0.17647058823529413,0.4117647058823529,2.9940119760479043,2.694610778443114,4,0.2994011976047904,4.491017964071856,6,0.8793969849246231,0.32335329341317365,0.05025125628140704,0.03592814371257485,0.4,1,0,0,0,0,0,0,2,0.5988023952095808
B8-DIS-039,8.0,discussion,social,ielts-blog.com,C-blog,311,4,18.294117647058822,4.362469698291567,0.058823529411764705,0.17647058823529413,0.17647058823529413,0.6470588235294118,5.466237942122186,1.607717041800643,3,0.6430868167202572,5.787781350482315,3,0.702247191011236,0.2508038585209003,0.028089887640449437,0.012861736334405145,0.4666666666666667,2,0,0,0,0,0,0,3,0.0
B8-DIS-040,8.0,discussion,health,ielts-blog.com,C-blog,297,4,21.214285714285715,4.328948592714789,0.14285714285714285,0.2857142857142857,0.14285714285714285,0.5714285714285714,3.367003367003367,2.356902356902357,4,0.0,6.734006734006734,12,0.7159763313609467,0.3501683501683502,0.07692307692307693,0.026936026936026935,0.7058823529411765,2,2,0,0,0,0,0,3,0.0
B8-DIS-042,8.0,discussion,health,ielts-blog.com,C-blog,336,4,22.4,8.097736309199833,0.26666666666666666,0.3333333333333333,0.2,0.4666666666666667,3.869047619047619,2.9761904761904763,4,0.2976190476190476,7.440476190476191,11,0.7541899441340782,0.28273809523809523,0.0782122905027933,0.020833333333333332,0.7083333333333334,6,4,0,1,1,0,1,5,2.6785714285714284
B8-DIS-044,8.0,discussion,social,ielts-blog.com,C-blog,284,4,17.75,10.43731287257405,0.125,0.5625,0.0625,0.375,2.816901408450704,1.7605633802816902,3,0.704225352112676,6.338028169014085,5,0.7567567567567568,0.2640845070422535,0.04054054054054054,0.02464788732394366,0.5833333333333334,1,2,0,0,0,0,0,6,0.0
B8-DIS-045,8.0,discussion,globalization-work,ielts-blog.com,C-blog,327,4,27.25,9.661995998067203,0.5833333333333334,0.3333333333333333,0.08333333333333333,0.5833333333333334,4.281345565749236,1.834862385321101,4,0.0,9.174311926605505,11,0.7976190476190477,0.22018348623853212,0.06547619047619048,0.03058103975535168,0.3125,1,3,0,0,0,0,0,4,0.3058103975535168
B8-OP-002,8.0,opinion,technology,writing9.com,D-auto,367,4,20.38888888888889,5.687597509678297,0.16666666666666666,0.6666666666666666,0.0,0.3333333333333333,2.1798365122615806,3.2697547683923704,6,0.8174386920980926,4.087193460490464,4,0.7416666666666667,0.5286103542234333,0.12083333333333333,0.005449591280653951,0.3076923076923077,3,2,0,0,0,0,0,0,0.8174386920980926
B8-OP-004,8.0,opinion,government,ielts.international,A-examiner,272,4,20.923076923076923,6.707762878951274,0.38461538461538464,0.5384615384615384,0.0,0.46153846153846156,2.573529411764706,0.36764705882352944,1,0.0,4.044117647058823,4,0.8578680203045685,0.5477941176470589,0.116751269035533,0.10294117647058823,0.2631578947368421,2,0,0,0,0,0,0,0,0.0
B8-OP-005,8.0,opinion,government,ieltsprepstudio.com,B-teacher,256,4,21.333333333333332,7.238016916869488,0.3333333333333333,0.5833333333333334,0.08333333333333333,0.3333333333333333,2.34375,1.171875,3,0.390625,2.734375,2,0.8554216867469879,0.3984375,0.08433734939759036,0.02734375,0.5454545454545454,0,1,0,1,2,1,0,1,0.390625
B8-OP-007,8.0,opinion,social,writing9.com,D-auto,292,4,19.466666666666665,6.227537412350264,0.2,0.3333333333333333,0.0,0.6666666666666666,4.4520547945205475,3.0821917808219177,5,0.3424657534246575,5.821917808219178,5,0.8493975903614458,0.3253424657534247,0.0963855421686747,0.017123287671232876,0.6,4,3,0,1,2,1,0,1,0.0
B8-OP-008,8.0,opinion,social,ielts-blog.com,C-blog,303,4,25.25,8.71899267882095,0.3333333333333333,0.16666666666666666,0.08333333333333333,0.75,4.29042904290429,1.9801980198019802,4,0.9900990099009901,7.920792079207921,12,0.7291666666666666,0.30033003300330036,0.05555555555555555,0.013201320132013201,0.5625,1,3,0,0,0,0,0,0,0.0
B8-OP-009,8.0,two-part,culture,writing9.com,D-auto,320,4,24.615384615384617,10.187008782218363,0.46153846153846156,0.38461538461538464,0.23076923076923078,0.38461538461538464,1.5625,2.8125,5,0.3125,4.0625,5,0.8029556650246306,0.403125,0.12315270935960591,0.040625,0.52,1,2,0,1,3,1,1,1,0.0
B8-OP-010,8.0,opinion,crime,ielts-blog.com,C-blog,347,4,26.692307692307693,10.223537062053015,0.5384615384615384,0.3076923076923077,0.23076923076923078,0.46153846153846156,2.5936599423631126,1.440922190201729,3,0.5763688760806917,6.051873198847262,6,0.7903225806451613,0.25360230547550433,0.04838709677419355,0.04610951008645533,0.5294117647058824,2,1,0,0,0,0,0,0,2.5936599423631126
B8-OP-012,8.0,opinion,education,ielts-blog.com,C-blog,286,4,23.833333333333332,10.876835732673154,0.4166666666666667,0.4166666666666667,0.0,0.5833333333333334,3.1468531468531467,3.8461538461538463,4,0.34965034965034963,7.6923076923076925,9,0.8169014084507042,0.26573426573426573,0.04929577464788732,0.03146853146853147,0.36363636363636365,7,4,1,1,1,0,0,5,0.0
B8-OP-014,8.0,opinion,globalization-work,writing9.com,D-auto,279,4,18.6,3.7202150475476548,0.0,0.26666666666666666,0.3333333333333333,0.4,2.5089605734767026,3.225806451612903,5,0.7168458781362007,6.451612903225806,7,0.7904191616766467,0.33691756272401435,0.09580838323353294,0.0,0.7647058823529411,3,2,0,0,0,0,0,2,0.7168458781362007
B8-OP-015,8.0,opinion,globalization-work,ielts-blog.com,C-blog,321,6,21.4,10.505871374299865,0.3333333333333333,0.5333333333333333,0.0,0.4666666666666667,2.4922118380062304,2.1806853582554515,6,0.6230529595015576,4.361370716510903,6,0.8388888888888889,0.35514018691588783,0.07222222222222222,0.024922118380062305,0.5,1,3,0,1,3,0,1,0,0.0
B8-OP-016,8.0,opinion,education,ielts-blog.com,C-blog,287,5,19.133333333333333,6.184568609764863,0.2,0.6666666666666666,0.0,0.3333333333333333,2.0905923344947737,1.7421602787456445,4,1.0452961672473868,3.832752613240418,4,0.8,0.26480836236933797,0.04827586206896552,0.013937282229965157,0.6,1,0,0,0,0,0,0,2,0.0
B8-OP-017,8.0,opinion,globalization-work,ielts-blog.com,C-blog,262,4,23.818181818181817,10.249773228694838,0.45454545454545453,0.5454545454545454,0.18181818181818182,0.2727272727272727,2.2900763358778624,3.053435114503817,5,0.7633587786259542,5.7251908396946565,5,0.8181818181818182,0.3282442748091603,0.06818181818181818,0.04961832061068702,0.42857142857142855,1,2,0,0,0,0,0,3,0.3816793893129771
B8-OP-018,8.0,opinion,media,writing9.com,D-auto,295,4,18.4375,5.086363509423997,0.0,0.375,0.1875,0.4375,3.0508474576271185,3.389830508474576,5,0.6779661016949152,5.762711864406779,8,0.7704918032786885,0.4745762711864407,0.0546448087431694,0.003389830508474576,0.3888888888888889,2,2,0,0,0,0,0,2,0.0
B8-OP-020,8.0,opinion,social,writing9.com,D-auto,403,4,33.583333333333336,10.218107565602459,0.8333333333333334,0.16666666666666666,0.0,0.8333333333333334,4.962779156327543,1.9851116625310175,4,0.24813895781637718,7.6923076923076925,9,0.8083333333333333,0.36724565756823824,0.06666666666666667,0.062034739454094295,0.4117647058823529,3,2,0,0,0,0,1,0,0.0
B8-OP-021,8.0,opinion,social,ielts-blog.com,C-blog,301,4,23.153846153846153,9.113355827458392,0.3076923076923077,0.23076923076923078,0.23076923076923078,0.5384615384615384,2.990033222591362,4.651162790697675,5,0.6644518272425249,7.641196013289036,6,0.7315436241610739,0.23588039867109634,0.03355704697986577,0.03322259136212625,0.6923076923076923,2,3,0,1,3,0,0,0,0.0
B8-OP-022,8.0,opinion,media,writing9.com,D-auto,291,4,19.4,6.529931086925803,0.2,0.4,0.06666666666666667,0.5333333333333333,3.0927835051546393,2.7491408934707904,4,0.6872852233676976,5.154639175257732,6,0.8148148148148148,0.3539518900343643,0.043209876543209874,0.037800687285223365,0.5217391304347826,2,0,0,0,0,0,0,3,0.0
B8-OP-024,8.0,opinion,culture,ielts-blog.com,C-blog,341,4,24.357142857142858,9.975735868719108,0.35714285714285715,0.35714285714285715,0.07142857142857142,0.5714285714285714,3.812316715542522,3.225806451612903,5,0.5865102639296188,5.278592375366569,3,0.7976190476190477,0.2697947214076246,0.03571428571428571,0.026392961876832845,0.5555555555555556,3,2,0,1,2,0,0,2,0.5865102639296188
B8-OP-025,8.0,opinion,education,ielts-blog.com,C-blog,298,5,21.285714285714285,5.076958755404817,0.21428571428571427,0.42857142857142855,0.14285714285714285,0.42857142857142855,2.348993288590604,2.348993288590604,5,0.33557046979865773,5.369127516778524,5,0.7514450867052023,0.412751677852349,0.10982658959537572,0.010067114093959731,0.6666666666666666,0,1,0,0,0,0,0,1,1.342281879194631
B8-OP-026,8.0,opinion,social,writing9.com,D-auto,314,5,18.470588235294116,6.518008059656259,0.11764705882352941,0.29411764705882354,0.23529411764705882,0.47058823529411764,3.1847133757961785,3.5031847133757963,5,0.6369426751592356,4.140127388535032,3,0.8323699421965318,0.29936305732484075,0.04046242774566474,0.006369426751592357,0.5416666666666666,2,3,0,0,0,0,0,5,0.9554140127388535
B8-OP-027,8.0,opinion,environment,writing9.com,D-auto,294,4,19.6,5.438136935875496,0.13333333333333333,0.3333333333333333,0.0,0.6666666666666666,3.741496598639456,2.380952380952381,4,1.0204081632653061,5.442176870748299,5,0.8142076502732241,0.38095238095238093,0.07103825136612021,0.034013605442176874,0.7222222222222222,2,3,0,0,0,0,0,0,1.0204081632653061
B8-OP-028,8.0,opinion,culture,ielts-blog.com,C-blog,360,4,27.692307692307693,7.446058486356962,0.6153846153846154,0.38461538461538464,0.07692307692307693,0.5384615384615384,3.0555555555555554,1.6666666666666667,5,0.2777777777777778,6.388888888888889,3,0.7954545454545454,0.28055555555555556,0.056818181818181816,0.019444444444444445,0.7222222222222222,3,1,0,0,0,0,0,3,0.8333333333333334
B8-OP-029,8.0,opinion,environment,writing9.com,D-auto,324,4,21.6,6.829348431585549,0.26666666666666666,0.5333333333333333,0.13333333333333333,0.3333333333333333,2.4691358024691357,2.7777777777777777,5,1.2345679012345678,4.012345679012346,2,0.8,0.4166666666666667,0.1,0.027777777777777776,1.0,2,3,0,0,4,0,0,1,2.1604938271604937
B8-OP-030,8.0,opinion,social,writing9.com,D-auto,300,5,18.75,5.402545696243577,0.0625,0.4375,0.0625,0.5,3.0,3.6666666666666665,5,0.6666666666666666,5.666666666666667,4,0.7797619047619048,0.3333333333333333,0.047619047619047616,0.006666666666666667,0.23076923076923078,3,1,0,0,0,0,0,5,0.6666666666666666
B8-OP-031,8.0,opinion,globalization-work,writing9.com,D-auto,292,5,19.466666666666665,6.469071717711042,0.26666666666666666,0.2,0.2,0.6,4.794520547945205,2.73972602739726,5,1.0273972602739727,5.136986301369863,3,0.8205128205128205,0.2808219178082192,0.04487179487179487,0.003424657534246575,0.6666666666666666,3,1,0,0,0,0,0,4,1.0273972602739727
B8-OP-032,8.0,opinion,crime,ielts-blog.com,C-blog,284,4,17.75,4.322904116447646,0.0625,0.375,0.3125,0.3125,2.464788732394366,2.464788732394366,4,0.352112676056338,5.985915492957746,4,0.7791411042944786,0.29225352112676056,0.049079754601226995,0.014084507042253521,0.8666666666666667,2,0,0,0,1,0,0,5,1.7605633802816902
B8-OP-033,8.0,opinion,social,writing9.com,D-auto,291,4,19.4,4.484045792213396,0.13333333333333333,0.2,0.06666666666666667,0.7333333333333333,4.4673539518900345,2.4054982817869415,5,0.6872852233676976,6.185567010309279,6,0.7878787878787878,0.35738831615120276,0.08484848484848485,0.003436426116838488,0.5789473684210527,3,1,0,0,0,0,0,5,0.6872852233676976
B8-OP-034,8.0,opinion,social,ielts-blog.com,C-blog,314,4,22.428571428571427,5.778213833187624,0.35714285714285715,0.42857142857142855,0.07142857142857142,0.5,2.8662420382165603,2.8662420382165603,4,0.6369426751592356,7.006369426751593,7,0.7922077922077922,0.27070063694267515,0.045454545454545456,0.012738853503184714,0.5333333333333333,2,0,0,0,0,0,0,0,0.0
B8-OP-035,8.0,opinion,education,writing9.com,D-auto,258,4,21.5,5.751811308912465,0.3333333333333333,0.25,0.16666666666666666,0.5833333333333334,3.875968992248062,2.3255813953488373,5,1.550387596899225,3.488372093023256,4,0.7906976744186046,0.5077519379844961,0.09883720930232558,0.015503875968992248,0.4827586206896552,1,1,0,1,3,0,0,0,0.7751937984496124
B8-OP-036,8.0,opinion,globalization-work,ielts-blog.com,C-blog,306,4,21.857142857142858,10.041749583308556,0.35714285714285715,0.35714285714285715,0.0,0.6428571428571429,3.2679738562091503,3.2679738562091503,4,0.32679738562091504,10.130718954248366,11,0.8187919463087249,0.26143790849673204,0.08053691275167785,0.049019607843137254,0.7,4,2,0,0,0,0,0,0,0.32679738562091504
B8-OP-037,8.0,opinion,education,writing9.com,D-auto,282,4,21.692307692307693,5.496636949215337,0.23076923076923078,0.23076923076923078,0.15384615384615385,0.6153846153846154,3.900709219858156,2.8368794326241136,4,1.7730496453900708,6.382978723404255,3,0.7284768211920529,0.3475177304964539,0.09271523178807947,0.0035460992907801418,0.7142857142857143,2,0,0,0,0,0,0,2,3.1914893617021276
B8-OP-038,8.0,opinion,education,writing9.com,D-auto,267,5,15.705882352941176,4.362469698291567,0.058823529411764705,0.47058823529411764,0.23529411764705882,0.29411764705882354,2.9962546816479403,4.868913857677903,6,1.8726591760299625,4.868913857677903,3,0.7613636363636364,0.39325842696629215,0.0625,0.003745318352059925,0.8666666666666667,3,1,0,0,0,0,1,4,2.6217228464419478
B8-OP-039,8.0,opinion,media,ielts-blog.com,C-blog,258,4,21.5,7.123903424387503,0.3333333333333333,0.5833333333333334,0.08333333333333333,0.3333333333333333,2.7131782945736433,2.7131782945736433,5,0.3875968992248062,6.976744186046512,6,0.891156462585034,0.32170542635658916,0.06802721088435375,0.06201550387596899,0.42105263157894735,1,2,0,0,0,0,0,2,0.0
B8-OP-040,8.0,opinion,culture,writing9.com,D-auto,255,4,18.214285714285715,5.360951027417369,0.14285714285714285,0.35714285714285715,0.14285714285714285,0.5,3.1372549019607843,2.3529411764705883,4,0.7843137254901961,5.490196078431373,6,0.7828947368421053,0.33725490196078434,0.046052631578947366,0.050980392156862744,0.6,2,1,1,1,2,0,0,5,1.1764705882352942
B8-OP-041,8.0,opinion,globalization-work,ielts-blog.com,C-blog,368,5,24.533333333333335,9.797051710704716,0.4666666666666667,0.2,0.06666666666666667,0.7333333333333333,5.434782608695652,2.717391304347826,4,0.8152173913043478,8.152173913043478,9,0.6378378378378379,0.2717391304347826,0.05945945945945946,0.01358695652173913,0.7692307692307693,5,0,0,0,0,0,0,0,0.0
B8-OP-042,8.0,opinion,globalization-work,writing9.com,D-auto,301,4,20.066666666666666,5.904423953462541,0.2,0.4,0.06666666666666667,0.5333333333333333,3.654485049833887,3.3222591362126246,5,0.6644518272425249,3.654485049833887,2,0.7989130434782609,0.4418604651162791,0.08695652173913043,0.006644518272425249,0.6470588235294118,3,1,0,0,0,0,0,0,0.0
B8-OP-044,8.0,opinion,globalization-work,ielts-blog.com,C-blog,305,4,25.416666666666668,8.250841707904042,0.5,0.3333333333333333,0.25,0.4166666666666667,1.639344262295082,2.622950819672131,5,0.9836065573770492,4.918032786885246,10,0.776536312849162,0.3180327868852459,0.0335195530726257,0.05573770491803279,0.65,2,2,0,2,18,0,0,1,0.0
B8-OP-045,8.0,opinion,environment,writing9.com,D-auto,267,4,16.6875,5.192768409047336,0.0625,0.6875,0.0625,0.25,1.8726591760299625,2.9962546816479403,5,0.7490636704119851,6.367041198501872,7,0.7450980392156863,0.3408239700374532,0.09803921568627451,0.0149812734082397,0.8,5,1,0,1,1,0,0,3,0.37453183520599254
B8-OP-046,8.0,opinion,media,ielts-blog.com,C-blog,271,5,30.11111111111111,10.33273594450015,0.5555555555555556,0.2222222222222222,0.1111111111111111,0.6666666666666666,3.321033210332103,2.952029520295203,5,1.1070110701107012,5.904059040590406,5,0.7338129496402878,0.25092250922509224,0.10071942446043165,0.04059040590405904,0.8,0,3,0,1,2,0,0,3,0.0
B8-OP-047,8.0,opinion,social,writing9.com,D-auto,273,4,22.75,8.82350081694713,0.3333333333333333,0.16666666666666666,0.08333333333333333,0.75,4.761904761904762,3.663003663003663,4,0.7326007326007326,7.6923076923076925,10,0.7317073170731707,0.304029304029304,0.07317073170731707,0.0,0.75,4,3,0,1,1,3,0,2,0.0
B8-OP-048,8.0,opinion,education,ielts-blog.com,C-blog,280,4,16.470588235294116,4.6032935403562005,0.058823529411764705,0.35294117647058826,0.11764705882352941,0.5294117647058824,3.2142857142857144,2.857142857142857,4,0.35714285714285715,10.714285714285714,17,0.8807947019867549,0.34285714285714286,0.07947019867549669,0.025,0.6428571428571429,2,0,0,0,0,0,0,0,1.0714285714285714
B8-OP-050,8.0,opinion,globalization-work,writing9.com,D-auto,271,4,19.357142857142858,4.623034607224116,0.14285714285714285,0.2857142857142857,0.21428571428571427,0.5,3.321033210332103,4.797047970479705,5,1.4760147601476015,5.904059040590406,4,0.7161290322580646,0.3505535055350554,0.04516129032258064,0.01107011070110701,0.8333333333333334,4,5,0,1,2,2,0,3,1.4760147601476015
B8-OP-051,8.0,opinion,education,writing9.com,D-auto,284,4,17.75,5.921359641163505,0.125,0.4375,0.3125,0.25,1.408450704225352,4.929577464788732,5,0.704225352112676,6.690140845070423,6,0.8686131386861314,0.25704225352112675,0.051094890510948905,0.03169014084507042,0.47368421052631576,1,2,0,0,0,0,0,3,0.352112676056338
B8-OP-053,8.0,opinion,social,ielts-blog.com,C-blog,381,4,20.05263157894737,5.062490381646757,0.10526315789473684,0.5263157894736842,0.21052631578947367,0.2631578947368421,1.837270341207349,2.3622047244094486,5,0.5249343832020997,6.036745406824147,5,0.7587939698492462,0.2283464566929134,0.06532663316582915,0.007874015748031496,0.7368421052631579,1,1,0,1,3,1,0,2,0.7874015748031497
B8-OP-054,8.0,two-part,social,ielts-blog.com,C-blog,265,4,20.384615384615383,4.377186689371321,0.15384615384615385,0.6923076923076923,0.07692307692307693,0.23076923076923078,1.1320754716981132,3.3962264150943398,5,0.37735849056603776,3.3962264150943398,2,0.7692307692307693,0.42641509433962266,0.09467455621301775,0.011320754716981131,0.7222222222222222,1,1,0,1,3,0,0,0,0.0
B8-OP-055,8.0,opinion,technology,writing9.com,D-auto,314,4,22.428571428571427,5.888418241578557,0.21428571428571427,0.42857142857142855,0.14285714285714285,0.42857142857142855,2.5477707006369426,3.1847133757961785,5,0.6369426751592356,7.006369426751593,6,0.6934673366834171,0.4267515923566879,0.09547738693467336,0.01592356687898089,0.6666666666666666,3,1,0,0,0,0,0,6,2.5477707006369426
B8-OP-056,8.0,opinion,globalization-work,ielts-blog.com,C-blog,279,4,25.363636363636363,8.193930428540908,0.45454545454545453,0.18181818181818182,0.09090909090909091,0.7272727272727273,3.942652329749104,3.225806451612903,5,0.7168458781362007,7.526881720430108,5,0.8014184397163121,0.31899641577060933,0.09929078014184398,0.02867383512544803,0.4375,2,2,0,0,0,0,0,0,0.0
B8-OP-057,8.0,opinion,technology,ielts-blog.com,C-blog,378,4,27,8.888194417315589,0.42857142857142855,0.5,0.21428571428571427,0.2857142857142857,1.0582010582010581,1.5873015873015872,4,0.26455026455026454,5.026455026455026,5,0.806930693069307,0.2857142857142857,0.06930693069306931,0.03439153439153439,0.47619047619047616,1,0,0,0,0,0,0,2,2.1164021164021163
B8-OP-060,8.0,two-part,environment,ielts-blog.com,C-blog,284,4,20.285714285714285,3.633742097707687,0.07142857142857142,0.42857142857142855,0.14285714285714285,0.42857142857142855,2.112676056338028,1.7605633802816902,5,0.704225352112676,6.690140845070423,7,0.934640522875817,0.35563380281690143,0.058823529411764705,0.04929577464788732,0.5333333333333333,2,2,0,0,0,0,0,2,0.704225352112676
B8-OP-061,8.0,opinion,social,writing9.com,D-auto,296,5,19.733333333333334,6.80653280965345,0.2,0.3333333333333333,0.26666666666666666,0.4,2.027027027027027,2.7027027027027026,5,0.33783783783783783,4.391891891891892,4,0.7956989247311828,0.35135135135135137,0.04838709677419355,0.016891891891891893,0.7222222222222222,3,1,0,0,0,0,0,2,0.33783783783783783
B8-OP-062,8.0,opinion,social,ielts-blog.com,C-blog,383,5,23.9375,7.318373709370135,0.4375,0.5,0.0,0.5,2.6109660574412534,3.6553524804177546,5,0.783289817232376,6.527415143603133,3,0.7903225806451613,0.28720626631853785,0.07526881720430108,0.020887728459530026,0.6190476190476191,3,2,1,0,0,2,0,5,0.26109660574412535
B8-OP-063,8.0,opinion,technology,writing9.com,D-auto,332,4,25.53846153846154,5.4436326193705025,0.46153846153846156,0.15384615384615385,0.0,0.8461538461538461,5.421686746987952,3.0120481927710845,5,0.6024096385542169,6.325301204819277,8,0.8232558139534883,0.4006024096385542,0.07441860465116279,0.024096385542168676,0.4444444444444444,8,2,1,1,2,0,0,3,0.6024096385542169
B8-OP-064,8.0,opinion,social,ielts-blog.com,C-blog,305,5,23.46153846153846,12.988843642587959,0.38461538461538464,0.46153846153846156,0.0,0.5384615384615384,3.6065573770491803,5.245901639344262,6,0.9836065573770492,7.213114754098361,6,0.754601226993865,0.32459016393442625,0.05521472392638037,0.04590163934426229,0.4166666666666667,3,2,0,2,9,0,0,0,0.6557377049180327
B8-OP-066,8.0,opinion,globalization-work,writing9.com,D-auto,421,4,26.3125,5.095570993519765,0.5,0.375,0.1875,0.4375,1.9002375296912113,1.66270783847981,5,0.4750593824228028,4.038004750593824,3,0.864,0.4821852731591449,0.06766917293233082,0.026128266033254157,0.37037037037037035,2,2,0,0,0,0,0,0,0.0
B8-OP-067,8.0,opinion,globalization-work,ielts-blog.com,C-blog,261,4,23.727272727272727,5.986210048419756,0.2727272727272727,0.18181818181818182,0.0,0.8181818181818182,6.130268199233717,1.9157088122605364,3,0.0,6.130268199233717,6,0.8014705882352942,0.3065134099616858,0.125,0.022988505747126436,0.5,2,0,0,0,0,0,0,0,0.0
B8-OP-069,8.0,opinion,media,ielts-blog.com,C-blog,325,4,25,8.301992346604333,0.3076923076923077,0.38461538461538464,0.07692307692307693,0.5384615384615384,3.3846153846153846,2.1538461538461537,4,0.3076923076923077,6.769230769230769,5,0.7696969696969697,0.27076923076923076,0.05454545454545454,0.03076923076923077,0.6666666666666666,2,4,0,1,3,0,0,5,0.0
B8-OP-071,8.0,opinion,education,ielts-blog.com,C-blog,260,4,17.333333333333332,5.827139568909908,0.06666666666666667,0.6666666666666666,0.13333333333333333,0.2,1.1538461538461537,3.4615384615384617,5,1.5384615384615385,3.4615384615384617,3,0.7103448275862069,0.3423076923076923,0.020689655172413793,0.019230769230769232,0.5833333333333334,1,2,1,0,1,0,0,0,2.6923076923076925
B8-OP-073,8.0,opinion,education,ielts-blog.com,C-blog,344,5,19.11111111111111,4.840671313509326,0.1111111111111111,0.5555555555555556,0.05555555555555555,0.3888888888888889,2.0348837209302326,3.197674418604651,6,0.872093023255814,6.395348837209302,5,0.7458563535911602,0.36046511627906974,0.10497237569060773,0.01744186046511628,0.5,1,2,0,0,0,0,0,4,0.5813953488372093
B8-OP-074,8.0,opinion,media,ielts-blog.com,C-blog,255,4,25.5,9.287087810503355,0.3,0.1,0.1,0.8,4.705882352941177,3.5294117647058822,5,0.7843137254901961,9.803921568627452,6,0.8187919463087249,0.38823529411764707,0.10067114093959731,0.01568627450980392,0.5333333333333333,2,1,0,0,0,0,0,1,0.0
B8-OP-075,8.0,opinion,environment,ielts-blog.com,C-blog,311,4,22.214285714285715,6.581126384578549,0.35714285714285715,0.2857142857142857,0.14285714285714285,0.5714285714285714,3.536977491961415,2.572347266881029,4,0.6430868167202572,5.144694533762058,5,0.7758620689655172,0.3987138263665595,0.06896551724137931,0.02572347266881029,0.6666666666666666,2,6,0,2,2,0,0,0,0.6430868167202572
B8-OP-077,8.0,opinion,globalization-work,writing9.com,D-auto,302,4,20.133333333333333,5.548172872416848,0.26666666666666666,0.3333333333333333,0.2,0.4666666666666667,3.642384105960265,2.980132450331126,5,0.6622516556291391,5.629139072847682,5,0.7616279069767442,0.31788079470198677,0.05813953488372093,0.006622516556291391,0.7777777777777778,3,1,0,0,0,0,0,6,0.6622516556291391
B8-OP-078,8.0,opinion,education,ielts-blog.com,C-blog,386,4,35.09090909090909,8.338896214886274,0.8181818181818182,0.09090909090909091,0.0,0.9090909090909091,3.626943005181347,2.849740932642487,4,0.5181347150259067,6.476683937823834,11,0.8080808080808081,0.29015544041450775,0.09090909090909091,0.023316062176165803,0.75,2,4,0,0,0,0,0,5,0.7772020725388601
B8-OP-079,8.0,opinion,social,ielts-blog.com,C-blog,380,5,23.75,6.523994175349944,0.375,0.375,0.0625,0.5625,3.9473684210526314,2.8947368421052633,5,0.5263157894736842,7.894736842105263,7,0.7129186602870813,0.29736842105263156,0.05741626794258373,0.02631578947368421,0.7857142857142857,5,3,1,1,3,0,0,4,0.0
B8-OP-081,8.0,opinion,health,ielts-blog.com,C-blog,409,5,27.266666666666666,8.652295777550732,0.6666666666666666,0.3333333333333333,0.13333333333333333,0.5333333333333333,2.444987775061125,2.6894865525672373,5,0.7334963325183375,6.356968215158925,8,0.7256637168141593,0.3545232273838631,0.04424778761061947,0.022004889975550123,0.8181818181818182,4,3,0,0,3,0,0,0,0.0
B8-OP-082,8.0,opinion,education,ielts-blog.com,C-blog,286,4,20.428571428571427,7.09843328503134,0.07142857142857142,0.14285714285714285,0.35714285714285715,0.5,3.4965034965034967,2.097902097902098,5,0.6993006993006993,3.8461538461538463,2,0.6538461538461539,0.4370629370629371,0.07692307692307693,0.01048951048951049,0.7058823529411765,1,1,0,0,0,0,0,0,2.4475524475524475
B8-OP-084,8.0,opinion,technology,ielts-blog.com,C-blog,299,4,24.916666666666668,8.693468173800884,0.3333333333333333,0.3333333333333333,0.25,0.4166666666666667,2.3411371237458196,3.0100334448160537,6,0.6688963210702341,5.68561872909699,7,0.6766467065868264,0.3076923076923077,0.041916167664670656,0.043478260869565216,0.2631578947368421,1,2,0,1,5,0,0,2,0.33444816053511706
B8-OP-085,8.0,opinion,health,ielts-blog.com,C-blog,297,4,18.5625,7.5330003152794305,0.1875,0.625,0.0625,0.3125,3.0303030303030303,3.7037037037037037,6,1.3468013468013469,6.0606060606060606,3,0.7483870967741936,0.265993265993266,0.025806451612903226,0.016835016835016835,0.6521739130434783,1,1,0,0,0,0,0,6,0.0
B8-OP-086,8.0,opinion,globalization-work,ielts-blog.com,C-blog,280,4,20,6.4142698058981855,0.14285714285714285,0.42857142857142855,0.21428571428571427,0.35714285714285715,2.857142857142857,2.142857142857143,3,0.35714285714285715,3.9285714285714284,2,0.8051948051948052,0.3678571428571429,0.09740259740259741,0.02857142857142857,0.42857142857142855,1,0,0,0,0,0,0,2,0.0
B8-OP-087,8.0,opinion,technology,ielts-blog.com,C-blog,284,4,20.285714285714285,5.174505793221381,0.14285714285714285,0.5714285714285714,0.0,0.42857142857142855,3.8732394366197185,3.1690140845070425,5,0.704225352112676,7.746478873239437,4,0.6941176470588235,0.35563380281690143,0.047058823529411764,0.03169014084507042,0.6842105263157895,1,1,0,0,0,0,0,4,3.1690140845070425
B8-REP-001,8.0,report,environment,ielts.international,A-examiner,286,4,20.428571428571427,6.758214955722783,0.2857142857142857,0.2857142857142857,0.21428571428571427,0.5,2.4475524475524475,1.048951048951049,1,0.0,3.4965034965034967,2,0.8719211822660099,0.527972027972028,0.06403940886699508,0.07342657342657342,0.35,1,1,0,0,0,0,0,0,0.34965034965034963
B8-REP-002,8.0,report,environment,ieltsprepstudio.com,B-teacher,258,4,23.454545454545453,8.139283376581597,0.36363636363636365,0.6363636363636364,0.09090909090909091,0.2727272727272727,1.1627906976744187,0.3875968992248062,1,0.3875968992248062,2.3255813953488373,3,0.8735632183908046,0.4573643410852713,0.06896551724137931,0.06589147286821706,0.5454545454545454,1,0,0,0,7,0,0,0,0.3875968992248062
B8-REP-003,8.0,report,crime,writing9.com,D-auto,274,4,18.266666666666666,3.8378234572331347,0.06666666666666667,0.6666666666666666,0.13333333333333333,0.2,1.094890510948905,2.5547445255474455,5,1.094890510948905,5.109489051094891,3,0.7751479289940828,0.39416058394160586,0.0650887573964497,0.0036496350364963502,0.6666666666666666,4,1,0,0,0,0,1,2,1.8248175182481752
B8-REP-004,8.0,report,health,ielts-blog.com,C-blog,293,4,20.928571428571427,6.540688973257937,0.21428571428571427,0.42857142857142855,0.21428571428571427,0.35714285714285715,3.0716723549488054,2.3890784982935154,5,0.0,6.484641638225256,3,0.7916666666666666,0.22184300341296928,0.09722222222222222,0.027303754266211604,0.375,3,1,0,0,0,0,0,6,0.6825938566552902
B8-REP-005,8.0,report,environment,writing9.com,D-auto,305,4,20.333333333333332,6.905714220041899,0.2,0.6,0.06666666666666667,0.3333333333333333,1.639344262295082,3.278688524590164,5,0.9836065573770492,4.262295081967213,7,0.7150537634408602,0.3377049180327869,0.06451612903225806,0.013114754098360656,0.5294117647058824,2,3,0,0,0,0,0,2,3.278688524590164
B8-REP-008,8.0,report,culture,writing9.com,D-auto,289,5,18.0625,4.762729653255578,0.0,0.125,0.3125,0.5625,3.4602076124567476,3.4602076124567476,4,1.0380622837370241,5.536332179930795,4,0.8255813953488372,0.356401384083045,0.05232558139534884,0.006920415224913495,0.6666666666666666,3,1,0,0,0,0,0,2,0.3460207612456747
B8-REP-009,8.0,report,social,ielts-blog.com,C-blog,264,4,20.307692307692307,4.444263638662858,0.15384615384615385,0.38461538461538464,0.15384615384615385,0.46153846153846156,2.6515151515151514,1.893939393939394,4,1.1363636363636365,3.409090909090909,2,0.7552447552447552,0.30303030303030304,0.027972027972027972,0.003787878787878788,0.5909090909090909,1,2,1,0,0,2,0,4,0.7575757575757576
B8-REP-010,8.0,report,social,ielts-blog.com,C-blog,323,4,20.1875,5.1383211022667705,0.25,0.4375,0.0625,0.5,2.476780185758514,1.5479876160990713,4,0.6191950464396285,6.811145510835913,7,0.7853107344632768,0.3157894736842105,0.07344632768361582,0.015479876160990712,0.5,1,0,0,0,0,0,1,3,0.6191950464396285
B8-REP-011,8.0,report,environment,writing9.com,D-auto,293,4,17.235294117647058,5.693437003558993,0.058823529411764705,0.6470588235294118,0.11764705882352941,0.23529411764705882,1.3651877133105803,2.04778156996587,5,0.6825938566552902,2.7303754266211606,2,0.7225130890052356,0.46757679180887374,0.06806282722513089,0.0,0.6,1,1,0,0,0,0,0,2,1.023890784982935
B8-REP-012,8.0,report,health,writing9.com,D-auto,258,4,17.2,4.430199393556307,0.0,0.3333333333333333,0.2,0.4666666666666667,2.7131782945736433,3.10077519379845,4,0.3875968992248062,5.038759689922481,4,0.8208092485549133,0.3449612403100775,0.046242774566473986,0.003875968992248062,0.4375,5,2,0,0,0,0,0,1,1.937984496124031
B8-REP-013,8.0,report,crime,writing9.com,D-auto,340,4,21.25,7.996092795859738,0.1875,0.4375,0.0625,0.5,2.6470588235294117,2.0588235294117645,6,0.8823529411764706,4.117647058823529,4,0.7437185929648241,0.40588235294117647,0.07035175879396985,0.008823529411764706,0.6,3,1,0,0,1,0,0,2,2.6470588235294117
B8-REP-014,8.0,report,crime,ielts-blog.com,C-blog,272,4,17,8.609587678861281,0.1875,0.625,0.0,0.375,2.2058823529411766,1.838235294117647,4,1.1029411764705883,9.558823529411764,4,0.7596899224806202,0.2610294117647059,0.08527131782945736,0.007352941176470588,0.8571428571428571,0,1,0,0,0,0,0,1,1.838235294117647
B8-REP-015,8.0,report,crime,writing9.com,D-auto,296,4,19.733333333333334,2.931817790306136,0.06666666666666667,0.6,0.13333333333333333,0.26666666666666666,1.3513513513513513,2.364864864864865,4,0.33783783783783783,6.418918918918919,8,0.6333333333333333,0.41216216216216217,0.11666666666666667,0.0,0.4666666666666667,5,1,0,0,0,0,0,0,3.0405405405405403
B8-REP-016,8.0,report,globalization-work,ielts-blog.com,C-blog,294,5,21,8.92028186614238,0.35714285714285715,0.35714285714285715,0.14285714285714285,0.5,3.061224489795918,4.081632653061225,5,0.6802721088435374,7.142857142857143,7,0.7763975155279503,0.40476190476190477,0.055900621118012424,0.034013605442176874,0.8,2,2,0,1,1,0,0,1,0.0
B8-REP-017,8.0,report,globalization-work,writing9.com,D-auto,313,4,19.5625,6.0411996945970925,0.1875,0.625,0.0625,0.3125,2.236421725239617,1.9169329073482428,4,0.6389776357827476,5.111821086261981,5,0.7323232323232324,0.3769968051118211,0.06565656565656566,0.0,0.4375,2,4,0,0,0,0,1,2,0.3194888178913738
B8-REP-018,8.0,report,health,writing9.com,D-auto,319,5,17.72222222222222,4.174067501391519,0.0,0.7777777777777778,0.1111111111111111,0.1111111111111111,0.6269592476489029,3.134796238244514,6,0.9404388714733543,4.38871473354232,3,0.8052631578947368,0.36363636363636365,0.05789473684210526,0.003134796238244514,0.5217391304347826,4,1,0,0,0,0,1,1,2.19435736677116
B8-REP-019,8.0,report,globalization-work,ielts-blog.com,C-blog,302,4,27.454545454545453,7.912747326177797,0.5454545454545454,0.2727272727272727,0.18181818181818182,0.5454545454545454,2.3178807947019866,2.980132450331126,4,0.33112582781456956,6.953642384105961,11,0.8132530120481928,0.3079470198675497,0.08433734939759036,0.026490066225165563,0.6363636363636364,3,3,0,0,0,0,0,3,0.33112582781456956
B8-REP-020,8.0,report,health,ielts-blog.com,C-blog,291,4,13.227272727272727,3.7650524345234215,0.0,0.7727272727272727,0.045454545454545456,0.18181818181818182,1.3745704467353952,1.0309278350515463,2,1.0309278350515463,8.934707903780069,8,0.7423312883435583,0.28865979381443296,0.049079754601226995,0.037800687285223365,0.5882352941176471,4,1,0,0,0,0,2,0,0.3436426116838488
B8-REP-021,8.0,report,health,ielts-blog.com,C-blog,290,4,20.714285714285715,5.674864018868916,0.21428571428571427,0.42857142857142855,0.07142857142857142,0.5,3.4482758620689653,2.0689655172413794,5,0.3448275862068966,8.96551724137931,13,0.7911392405063291,0.28620689655172415,0.056962025316455694,0.034482758620689655,0.9285714285714286,0,1,0,0,0,0,0,3,0.0
B8-REP-023,8.0,two-part,media,ielts-blog.com,C-blog,273,4,22.75,6.098155458825234,0.25,0.16666666666666666,0.0,0.8333333333333334,4.029304029304029,1.8315018315018314,2,0.0,5.86080586080586,6,0.8445945945945946,0.28205128205128205,0.08108108108108109,0.05860805860805861,0.5,1,0,0,0,0,0,0,1,0.7326007326007326
B8-REP-027,8.0,report,social,ielts-blog.com,C-blog,308,4,22,4.869731585445518,0.2857142857142857,0.6428571428571429,0.07142857142857142,0.2857142857142857,1.2987012987012987,1.6233766233766234,4,0.6493506493506493,6.818181818181818,6,0.7647058823529411,0.3051948051948052,0.10588235294117647,0.003246753246753247,0.9,3,1,0,0,0,2,0,2,0.3246753246753247
B8-REP-028,8.0,report,health,writing9.com,D-auto,293,4,19.533333333333335,7.107429602574728,0.13333333333333333,0.5333333333333333,0.06666666666666667,0.4,2.3890784982935154,3.0716723549488054,4,1.3651877133105803,4.436860068259386,9,0.8032786885245902,0.35494880546075086,0.04918032786885246,0.017064846416382253,1.0,6,2,0,2,6,1,1,0,1.023890784982935
B8-REP-029,8.0,report,education,writing9.com,D-auto,538,6,25.61904761904762,8.23162421325273,0.42857142857142855,0.6666666666666666,0.09523809523809523,0.23809523809523808,0.929368029739777,1.3011152416356877,4,0.37174721189591076,3.903345724907063,4,0.852,0.44609665427509293,0.08450704225352113,0.03903345724907063,0.40540540540540543,0,3,0,2,15,1,0,3,0.7434944237918215
B8-REP-030,8.0,report,government,ielts-blog.com,C-blog,174,3,19.333333333333332,6.0553007081949835,0.1111111111111111,0.6666666666666666,0.1111111111111111,0.2222222222222222,1.1494252873563218,4.022988505747127,5,0.5747126436781609,5.172413793103448,7,0.9270833333333334,0.3333333333333333,0.0625,0.0,0.4166666666666667,1,2,0,0,0,0,0,1,1.1494252873563218
B8-REP-031,8.0,report,education,ielts-blog.com,C-blog,384,5,21.333333333333332,5.70574758954123,0.2222222222222222,0.5555555555555556,0.05555555555555555,0.3888888888888889,2.0833333333333335,2.34375,5,0.2604166666666667,8.854166666666666,7,0.8324873096446701,0.2786458333333333,0.04060913705583756,0.0390625,0.7857142857142857,1,1,0,0,0,0,1,4,0.0
B8-TQ-001,8.0,two-part,globalization-work,writing9.com,D-auto,305,4,19.0625,5.963102694906403,0.1875,0.4375,0.25,0.3125,1.9672131147540983,3.9344262295081966,5,1.3114754098360655,7.868852459016393,5,0.8131868131868132,0.3704918032786885,0.07692307692307693,0.009836065573770493,0.7692307692307693,7,4,0,0,0,0,0,2,0.0
B8-TQ-002,8.0,two-part,environment,ielts-blog.com,C-blog,279,4,18.6,7.709734106958553,0.13333333333333333,0.6666666666666666,0.13333333333333333,0.2,1.7921146953405018,3.225806451612903,5,1.075268817204301,5.017921146953405,2,0.7906976744186046,0.4157706093189964,0.0872093023255814,0.03225806451612903,0.5,1,0,0,0,0,0,0,0,6.093189964157706
B8-TQ-004,8.0,two-part,globalization-work,writing9.com,D-auto,261,4,21.75,4.934994089830976,0.25,0.4166666666666667,0.25,0.3333333333333333,1.5325670498084292,3.0651340996168583,5,0.3831417624521073,6.513409961685824,5,0.7516339869281046,0.3103448275862069,0.058823529411764705,0.011494252873563218,0.4166666666666667,4,2,0,1,5,1,1,0,0.3831417624521073
B8-TQ-005,8.0,two-part,culture,ielts-blog.com,C-blog,289,4,22.23076923076923,6.588496340111956,0.3076923076923077,0.38461538461538464,0.07692307692307693,0.5384615384615384,3.8062283737024223,3.8062283737024223,5,1.0380622837370241,5.882352941176471,10,0.7212121212121212,0.4117647058823529,0.04242424242424243,0.04152249134948097,0.5789473684210527,2,3,0,1,4,0,0,0,2.422145328719723
B8-TQ-006,8.0,two-part,globalization-work,writing9.com,D-auto,310,4,19.375,6.863626956646173,0.25,0.6875,0.0625,0.25,1.6129032258064515,3.225806451612903,5,0.6451612903225806,3.225806451612903,3,0.7551020408163265,0.3870967741935484,0.05102040816326531,0.0064516129032258064,0.7857142857142857,3,3,0,2,3,0,1,3,0.0
B8-TQ-008,8.0,two-part,health,ielts-blog.com,C-blog,323,5,20.1875,5.970958361100838,0.1875,0.5625,0.125,0.3125,1.5479876160990713,3.4055727554179565,4,0.6191950464396285,4.3343653250774,4,0.8089887640449438,0.32507739938080493,0.056179775280898875,0.015479876160990712,0.4666666666666667,2,3,1,0,0,1,0,0,0.9287925696594427
B8-TQ-009,8.0,opinion,environment,ielts-blog.com,C-blog,321,5,29.181818181818183,5.288378026272359,0.7272727272727273,0.36363636363636365,0.09090909090909091,0.5454545454545454,2.4922118380062304,1.8691588785046729,4,0.3115264797507788,4.672897196261682,3,0.8083832335329342,0.24610591900311526,0.059880239520958084,0.012461059190031152,0.6923076923076923,2,1,0,0,0,0,0,2,2.4922118380062304
B8-TQ-010,8.0,opinion,social,ielts-blog.com,C-blog,307,5,17.055555555555557,5.104161942552613,0.05555555555555555,0.6111111111111112,0.05555555555555555,0.3333333333333333,1.9543973941368078,3.583061889250814,4,0.9771986970684039,2.2801302931596092,2,0.7636363636363637,0.30944625407166126,0.06060606060606061,0.026058631921824105,0.5294117647058824,1,1,1,0,0,1,1,5,0.3257328990228013
B8-TQ-011,8.0,two-part,environment,ielts-blog.com,C-blog,303,4,23.307692307692307,5.648479923287945,0.46153846153846156,0.46153846153846156,0.23076923076923078,0.3076923076923077,1.3201320132013201,1.6501650165016502,3,0.33003300330033003,5.6105610561056105,8,0.7542857142857143,0.29042904290429045,0.06285714285714286,0.0231023102310231,0.7368421052631579,1,3,0,0,1,0,0,3,0.33003300330033003
B8-TQ-012,8.0,two-part,media,ielts-blog.com,C-blog,282,4,20.142857142857142,5.667666978536392,0.21428571428571427,0.6428571428571429,0.21428571428571427,0.14285714285714285,1.0638297872340425,3.1914893617021276,5,0.3546099290780142,5.673758865248227,3,0.7806451612903226,0.26595744680851063,0.09032258064516129,0.014184397163120567,0.6153846153846154,1,3,0,2,0,3,0,1,0.0
B85-ADV-003,8.5,adv-disadv,globalization-work,writing9.com,D-auto,259,4,23.545454545454547,8.489176385402729,0.45454545454545453,0.36363636363636365,0.0,0.6363636363636364,3.088803088803089,4.633204633204633,5,1.5444015444015444,6.177606177606178,4,0.8243243243243243,0.3590733590733591,0.0472972972972973,0.023166023166023165,0.5789473684210527,5,3,0,2,6,2,0,2,0.0
B85-ADV-004,8.5,adv-disadv,media,writing9.com,D-auto,320,4,20,7.0622234459127675,0.3125,0.625,0.0,0.375,1.875,4.375,5,0.9375,6.25,4,0.8554216867469879,0.328125,0.0963855421686747,0.01875,0.75,4,4,2,0,0,0,0,1,0.0
B85-ADV-005,8.5,adv-disadv,crime,writing9.com,D-auto,303,4,18.9375,5.1656164927334665,0.125,0.5,0.0,0.5,3.6303630363036303,3.9603960396039604,6,1.6501650165016502,6.600660066006601,7,0.8571428571428571,0.40264026402640263,0.05714285714285714,0.0165016501650165,0.7692307692307693,3,3,0,1,1,0,0,1,1.9801980198019802
B85-ADV-006,8.5,adv-disadv,social,writing9.com,D-auto,370,4,24.666666666666668,7.372622027172935,0.5333333333333333,0.4666666666666667,0.2,0.3333333333333333,1.6216216216216217,3.2432432432432434,5,0.8108108108108109,4.864864864864865,5,0.7981651376146789,0.3891891891891892,0.09174311926605505,0.02702702702702703,0.5,5,5,0,2,4,0,0,1,1.6216216216216217
B85-ADV-007,8.5,adv-disadv,social,writing9.com,D-auto,273,4,30.333333333333332,8.931840671316175,0.5555555555555556,0.2222222222222222,0.1111111111111111,0.6666666666666666,3.2967032967032965,2.93040293040293,4,0.3663003663003663,2.5641025641025643,3,0.8581560283687943,0.326007326007326,0.0851063829787234,0.06227106227106227,0.5769230769230769,5,1,0,1,2,0,0,3,1.465201465201465
B85-ADV-009,8.5,adv-disadv,technology,writing9.com,D-auto,261,4,26.1,16.489087300393553,0.4,0.4,0.1,0.5,3.0651340996168583,5.363984674329502,5,1.1494252873563218,8.045977011494253,9,0.9448818897637795,0.2796934865900383,0.05511811023622047,0.011494252873563218,0.375,5,3,0,3,6,1,0,1,0.3831417624521073
B85-ADV-010,8.5,adv-disadv,social,writing9.com,D-auto,286,4,23.833333333333332,7.4030774381709366,0.4166666666666667,0.3333333333333333,0.16666666666666666,0.5,2.797202797202797,1.7482517482517483,3,0.34965034965034963,7.6923076923076925,8,0.8846153846153846,0.3076923076923077,0.1076923076923077,0.02097902097902098,0.3333333333333333,1,1,0,0,1,1,0,1,0.6993006993006993
B85-ADV-011,8.5,adv-disadv,social,writing9.com,D-auto,305,4,25.416666666666668,6.422075642310324,0.4166666666666667,0.16666666666666666,0.08333333333333333,0.75,3.9344262295081966,3.9344262295081966,5,1.3114754098360655,10.819672131147541,12,0.8853503184713376,0.33114754098360655,0.05732484076433121,0.03934426229508197,0.5333333333333333,4,5,0,0,0,0,0,0,0.0
B85-ADV-012,8.5,adv-disadv,culture,writing9.com,D-auto,261,4,17.4,5.559376463837169,0.0,0.6,0.06666666666666667,0.3333333333333333,2.2988505747126435,3.0651340996168583,5,1.5325670498084292,11.11111111111111,5,0.8888888888888888,0.22988505747126436,0.06481481481481481,0.04597701149425287,0.5333333333333333,1,2,0,1,1,0,0,1,0.0
B85-ADV-013,8.5,adv-disadv,social,writing9.com,D-auto,320,4,18.823529411764707,6.012098528777051,0.11764705882352941,0.7058823529411765,0.058823529411764705,0.23529411764705882,1.5625,3.125,5,0.625,5.3125,5,0.8177083333333334,0.415625,0.08333333333333333,0.025,0.6666666666666666,4,2,1,1,5,0,0,0,0.0
B85-ADV-014,8.5,adv-disadv,technology,writing9.com,D-auto,324,4,18,5.185449728701348,0.05555555555555555,0.3888888888888889,0.0,0.6111111111111112,3.7037037037037037,4.62962962962963,5,1.2345679012345678,6.790123456790123,9,0.8700564971751412,0.345679012345679,0.096045197740113,0.027777777777777776,0.47619047619047616,4,0,0,0,0,1,0,3,0.0
B85-ADV-015,8.5,adv-disadv,technology,writing9.com,D-auto,349,4,23.266666666666666,5.246797965320266,0.3333333333333333,0.13333333333333333,0.0,0.8666666666666667,4.584527220630372,3.438395415472779,6,0.5730659025787965,8.30945558739255,6,0.8415300546448088,0.3123209169054441,0.08196721311475409,0.02865329512893983,0.55,4,4,0,2,1,1,0,1,0.0
B85-ADV-016,8.5,adv-disadv,technology,writing9.com,D-auto,299,4,19.933333333333334,7.224649164876835,0.2,0.6666666666666666,0.2,0.13333333333333333,0.6688963210702341,3.678929765886288,5,1.3377926421404682,3.3444816053511706,2,0.8538011695906432,0.36789297658862874,0.08187134502923976,0.026755852842809364,0.6,5,3,1,2,14,4,0,3,0.6688963210702341
B85-ADV-017,8.5,two-part,media,writing9.com,D-auto,251,4,22.818181818181817,5.71788552491505,0.36363636363636365,0.18181818181818182,0.18181818181818182,0.6363636363636364,3.9840637450199203,3.585657370517928,5,0.796812749003984,11.952191235059761,11,0.7916666666666666,0.2788844621513944,0.075,0.01593625498007968,0.6428571428571429,3,2,0,2,2,0,0,6,0.0
B85-ADV-018,8.5,adv-disadv,environment,writing9.com,D-auto,310,4,20.666666666666668,5.769652406245015,0.2,0.26666666666666666,0.2,0.5333333333333333,3.225806451612903,4.516129032258065,6,1.2903225806451613,9.03225806451613,15,0.7425149700598802,0.2967741935483871,0.07784431137724551,0.01935483870967742,0.47368421052631576,4,2,0,1,1,0,0,3,0.0
B85-ADV-020,8.5,adv-disadv,social,writing9.com,D-auto,277,4,15.38888888888889,4.386075047350154,0.0,0.6666666666666666,0.0,0.3333333333333333,2.1660649819494586,2.888086642599278,5,0.36101083032490977,3.9711191335740073,5,0.8231292517006803,0.2779783393501805,0.11564625850340136,0.06859205776173286,0.5625,4,3,1,1,2,1,0,2,0.0
B85-ADV-022,8.5,adv-disadv,technology,writing9.com,D-auto,252,4,22.90909090909091,9.866882582701917,0.2727272727272727,0.18181818181818182,0.09090909090909091,0.7272727272727273,4.761904761904762,3.9682539682539684,4,1.5873015873015872,5.9523809523809526,4,0.7210884353741497,0.38095238095238093,0.17006802721088435,0.023809523809523808,0.8333333333333334,0,3,0,1,1,0,0,2,0.3968253968253968
B85-ADV-023,8.5,adv-disadv,health,writing9.com,D-auto,346,4,23.066666666666666,4.697043987682276,0.4,0.6,0.13333333333333333,0.26666666666666666,1.4450867052023122,2.601156069364162,5,1.4450867052023122,3.468208092485549,2,0.8661087866108786,0.4595375722543353,0.07112970711297072,0.07514450867052024,0.4375,1,2,0,1,3,0,0,0,0.8670520231213873
B85-ADV-024,8.5,adv-disadv,technology,writing9.com,D-auto,328,4,25.23076923076923,13.348315054451607,0.38461538461538464,0.38461538461538464,0.07692307692307693,0.5384615384615384,4.573170731707317,3.9634146341463414,6,1.2195121951219512,7.317073170731708,10,0.6291390728476821,0.19817073170731708,0.11258278145695365,0.01524390243902439,0.7647058823529411,2,2,1,2,0,3,0,3,0.9146341463414634
B85-ADV-025,8.5,adv-disadv,technology,writing9.com,D-auto,265,4,17.666666666666668,5.28730134903956,0.13333333333333333,0.6666666666666666,0.0,0.3333333333333333,2.2641509433962264,3.7735849056603774,6,1.8867924528301887,5.283018867924528,2,0.8385093167701864,0.36981132075471695,0.07453416149068323,0.0037735849056603774,0.6666666666666666,1,1,0,0,3,0,1,3,1.509433962264151
B85-ADV-027,8.5,adv-disadv,education,writing9.com,D-auto,306,4,20.4,8.06473806146238,0.26666666666666666,0.5333333333333333,0.0,0.4666666666666667,2.9411764705882355,2.9411764705882355,6,1.6339869281045751,8.823529411764707,11,0.8125,0.33986928104575165,0.08522727272727272,0.0196078431372549,0.7058823529411765,2,2,0,0,4,0,1,0,1.3071895424836601
B85-ADV-028,8.5,adv-disadv,social,writing9.com,D-auto,289,4,18.0625,10.340870067358935,0.25,0.625,0.0625,0.3125,2.0761245674740483,2.7681660899653977,4,1.0380622837370241,3.4602076124567476,3,0.8241758241758241,0.42214532871972316,0.07692307692307693,0.03460207612456748,0.75,3,2,0,1,7,0,0,0,1.0380622837370241
B85-ADV-029,8.5,adv-disadv,health,writing9.com,D-auto,260,4,18.571428571428573,8.20900451346208,0.35714285714285715,0.35714285714285715,0.07142857142857142,0.5714285714285714,5.384615384615385,4.230769230769231,5,1.5384615384615385,8.076923076923077,4,0.7716535433070866,0.31153846153846154,0.06299212598425197,0.011538461538461539,0.5,6,1,0,1,0,1,1,5,0.38461538461538464
B85-ADV-030,8.5,adv-disadv,education,writing9.com,D-auto,252,4,18,6.15281584781658,0.14285714285714285,0.6428571428571429,0.0,0.35714285714285715,1.9841269841269842,2.380952380952381,4,1.5873015873015872,5.9523809523809526,8,0.788135593220339,0.23412698412698413,0.05084745762711865,0.015873015873015872,0.875,0,3,0,0,0,0,0,3,0.3968253968253968
B85-ADV-031,8.5,adv-disadv,globalization-work,writing9.com,D-auto,293,4,20.928571428571427,5.391319553746768,0.14285714285714285,0.5,0.0,0.5,2.7303754266211606,2.7303754266211606,5,1.023890784982935,4.09556313993174,3,0.9117647058823529,0.2627986348122867,0.09558823529411764,0.023890784982935155,0.4166666666666667,1,1,0,0,0,0,1,1,0.0
B85-ADV-032,8.5,adv-disadv,globalization-work,writing9.com,D-auto,354,4,23.6,9.471360338761622,0.3333333333333333,0.3333333333333333,0.13333333333333333,0.5333333333333333,3.9548022598870056,3.672316384180791,6,1.694915254237288,5.649717514124294,4,0.6699507389162561,0.327683615819209,0.10837438423645321,0.011299435028248588,0.6923076923076923,6,3,0,0,0,0,0,10,1.694915254237288
B85-ADV-033,8.5,two-part,technology,writing9.com,D-auto,282,4,21.692307692307693,7.0206795132951605,0.23076923076923078,0.23076923076923078,0.38461538461538464,0.38461538461538464,1.7730496453900708,2.482269503546099,5,0.3546099290780142,8.51063829787234,7,0.7121212121212122,0.18439716312056736,0.06060606060606061,0.014184397163120567,0.8333333333333334,3,1,0,0,0,1,0,1,0.3546099290780142
B85-ADV-035,8.5,adv-disadv,social,writing9.com,D-auto,328,4,29.818181818181817,8.49404263767133,0.6363636363636364,0.36363636363636365,0.18181818181818182,0.45454545454545453,1.829268292682927,2.4390243902439024,4,0.9146341463414634,3.9634146341463414,5,0.8373493975903614,0.27439024390243905,0.07228915662650602,0.04878048780487805,0.6666666666666666,0,1,0,0,0,0,0,2,0.0
B85-ADV-036,8.5,adv-disadv,social,writing9.com,D-auto,302,4,20.133333333333333,6.417337627258069,0.2,0.5333333333333333,0.06666666666666667,0.4,2.3178807947019866,1.3245033112582782,3,0.33112582781456956,7.6158940397351,11,0.832258064516129,0.2152317880794702,0.05806451612903226,0.016556291390728478,0.3333333333333333,3,2,0,0,0,0,0,2,0.0
B85-ADV-037,8.5,adv-disadv,media,writing9.com,D-auto,312,4,19.5,6.791538853603062,0.1875,0.375,0.0625,0.5625,3.8461538461538463,2.8846153846153846,5,0.6410256410256411,7.371794871794871,6,0.8653846153846154,0.27884615384615385,0.07692307692307693,0.038461538461538464,0.48148148148148145,1,1,1,1,9,0,0,1,0.6410256410256411
B85-ADV-038,8.5,adv-disadv,media,writing9.com,D-auto,321,4,20.0625,8.982404675252614,0.1875,0.4375,0.0,0.5625,4.361370716510903,4.672897196261682,5,0.3115264797507788,9.345794392523365,8,0.7875,0.26479750778816197,0.1,0.021806853582554516,0.625,5,2,0,2,6,0,0,3,1.2461059190031152
B85-ADV-041,8.5,adv-disadv,government,writing9.com,D-auto,326,4,19.176470588235293,6.491943370033598,0.17647058823529413,0.7058823529411765,0.058823529411764705,0.23529411764705882,1.5337423312883436,3.374233128834356,4,0.3067484662576687,4.601226993865031,4,0.901840490797546,0.3067484662576687,0.09815950920245399,0.012269938650306749,0.8571428571428571,5,3,0,1,2,1,1,1,1.2269938650306749
B85-ADV-042,8.5,adv-disadv,social,writing9.com,D-auto,284,4,20.285714285714285,5.350948800093726,0.2857142857142857,0.35714285714285715,0.0,0.6428571428571429,3.8732394366197185,3.5211267605633805,5,0.704225352112676,5.633802816901408,6,0.7358490566037735,0.3415492957746479,0.07547169811320754,0.028169014084507043,1.0,4,2,0,1,2,0,1,2,1.7605633802816902
B85-ADV-043,8.5,adv-disadv,social,writing9.com,D-auto,303,4,21.642857142857142,4.980062289586674,0.2857142857142857,0.5714285714285714,0.21428571428571427,0.21428571428571427,0.9900990099009901,1.9801980198019802,5,0.9900990099009901,3.3003300330033003,4,0.7421052631578947,0.38943894389438943,0.07894736842105263,0.0297029702970297,0.6111111111111112,2,1,0,0,0,0,0,1,0.33003300330033003
B85-DIS-002,8.5,discussion,social,writing9.com,D-auto,401,1,21.105263157894736,9.552595331234693,0.3157894736842105,0.47368421052631576,0.21052631578947367,0.3157894736842105,1.745635910224439,1.4962593516209477,3,0.7481296758104738,3.9900249376558605,4,0.743801652892562,0.4164588528678304,0.09090909090909091,0.014962593516209476,0.35,1,1,0,0,0,1,0,1,0.24937655860349128
B85-DIS-003,8.5,discussion,education,writing9.com,D-auto,277,4,25.181818181818183,8.747136485399944,0.45454545454545453,0.9090909090909091,0.0,0.09090909090909091,1.0830324909747293,2.1660649819494586,4,1.0830324909747293,2.888086642599278,4,0.8451612903225807,0.35018050541516244,0.14193548387096774,0.018050541516245487,0.48,0,3,0,0,0,0,0,1,1.0830324909747293
B85-DIS-005,8.5,discussion,environment,writing9.com,D-auto,323,4,19,3.9107694443752146,0.058823529411764705,0.4117647058823529,0.0,0.5882352941176471,4.024767801857585,2.476780185758514,4,0.6191950464396285,5.2631578947368425,6,0.7755102040816326,0.47678018575851394,0.07142857142857142,0.03715170278637771,0.24,3,2,0,0,0,0,0,2,2.1671826625387
B85-DIS-007,8.5,discussion,technology,writing9.com,D-auto,282,4,20.142857142857142,4.257046978786097,0.14285714285714285,0.21428571428571427,0.21428571428571427,0.5714285714285714,3.900709219858156,1.7730496453900708,4,0.3546099290780142,5.673758865248227,7,0.8727272727272727,0.3900709219858156,0.12727272727272726,0.014184397163120567,0.2,1,2,0,1,3,0,1,2,1.0638297872340425
B85-DIS-008,8.5,discussion,technology,writing9.com,D-auto,471,5,20.47826086956522,6.170544090007759,0.17391304347826086,0.4782608695652174,0.08695652173913043,0.43478260869565216,3.6093418259023355,3.1847133757961785,5,0.8492569002123143,4.670912951167728,4,0.808,0.4543524416135881,0.0781758957654723,0.021231422505307854,0.45454545454545453,5,3,0,2,8,3,0,1,1.0615711252653928
B85-DIS-009,8.5,discussion,social,writing9.com,D-auto,367,4,21.58823529411765,7.038205181715775,0.17647058823529413,0.5294117647058824,0.11764705882352941,0.35294117647058826,2.1798365122615806,3.542234332425068,6,1.3623978201634876,4.359673024523161,3,0.7607655502392344,0.2561307901907357,0.028708133971291867,0.02997275204359673,0.5,6,2,0,0,0,0,0,5,0.2724795640326976
B85-DIS-010,8.5,discussion,social,writing9.com,D-auto,319,4,22.785714285714285,5.557216305059979,0.42857142857142855,0.35714285714285715,0.07142857142857142,0.5714285714285714,3.4482758620689653,3.134796238244514,6,1.8808777429467085,6.896551724137931,9,0.8366013071895425,0.23197492163009403,0.0718954248366013,0.012539184952978056,0.5,3,1,0,0,0,0,0,3,0.31347962382445144
B85-DIS-011,8.5,discussion,environment,writing9.com,D-auto,265,5,18.928571428571427,5.174998767622845,0.07142857142857142,0.5,0.0,0.5,3.018867924528302,3.018867924528302,5,0.7547169811320755,5.283018867924528,6,0.8266666666666667,0.3886792452830189,0.08,0.018867924528301886,0.3125,3,3,0,2,6,1,0,1,1.1320754716981132
B85-DIS-012,8.5,discussion,education,writing9.com,D-auto,282,4,20.142857142857142,5.914354726995557,0.14285714285714285,0.42857142857142855,0.0,0.5714285714285714,3.1914893617021276,3.5460992907801416,5,0.7092198581560284,3.5460992907801416,3,0.9013157894736842,0.3049645390070922,0.06578947368421052,0.03546099290780142,0.6153846153846154,3,2,0,1,4,1,0,0,0.7092198581560284
B85-DIS-013,8.5,discussion,globalization-work,writing9.com,D-auto,293,4,20.928571428571427,7.4206688735323745,0.2857142857142857,0.42857142857142855,0.07142857142857142,0.5,3.0716723549488054,2.7303754266211606,5,0.6825938566552902,8.873720136518772,4,0.8357142857142857,0.24914675767918087,0.07142857142857142,0.013651877133105802,0.35,1,1,0,0,0,0,0,2,0.0
B85-DIS-014,8.5,discussion,social,writing9.com,D-auto,324,4,32.4,13.580868897091968,0.6,0.1,0.0,0.9,6.790123456790123,4.012345679012346,5,0.6172839506172839,13.580246913580247,6,0.9241379310344827,0.24074074074074073,0.05517241379310345,0.021604938271604937,0.5,5,2,0,0,0,0,0,0,0.0
B85-DIS-015,8.5,discussion,social,writing9.com,D-auto,344,4,22.933333333333334,8.598191024214854,0.3333333333333333,0.3333333333333333,0.0,0.6666666666666666,4.651162790697675,3.488372093023256,6,0.5813953488372093,11.627906976744185,8,0.8636363636363636,0.313953488372093,0.0625,0.01744186046511628,0.5333333333333333,4,4,0,2,2,1,0,1,0.0
B85-DIS-016,8.5,discussion,globalization-work,writing9.com,D-auto,273,4,22.75,8.593844696447956,0.3333333333333333,0.5,0.0,0.5,3.2967032967032965,2.5641025641025643,3,0.0,7.6923076923076925,6,0.88,0.1978021978021978,0.016,0.054945054945054944,0.47619047619047616,1,3,0,2,11,1,0,2,0.7326007326007326
B85-DIS-017,8.5,discussion,globalization-work,writing9.com,D-auto,299,4,29.9,11.81905241548577,0.4,0.0,0.1,0.9,5.016722408026756,4.682274247491639,6,1.6722408026755853,9.698996655518394,9,0.9060402684563759,0.3177257525083612,0.0738255033557047,0.046822742474916385,0.42857142857142855,1,4,0,0,0,0,0,2,0.0
B85-DIS-018,8.5,discussion,social,writing9.com,D-auto,334,4,18.555555555555557,5.609735805050817,0.1111111111111111,0.5,0.2222222222222222,0.2777777777777778,1.4970059880239521,2.694610778443114,4,1.1976047904191616,5.389221556886228,6,0.893491124260355,0.2934131736526946,0.07100591715976332,0.017964071856287425,0.64,1,0,0,0,3,0,1,1,0.8982035928143712
B85-DIS-019,8.5,discussion,health,writing9.com,D-auto,294,4,21,10.177004891982149,0.14285714285714285,0.42857142857142855,0.14285714285714285,0.42857142857142855,5.442176870748299,2.0408163265306123,3,0.6802721088435374,11.564625850340136,8,0.8582089552238806,0.2585034013605442,0.06716417910447761,0.017006802721088437,0.7142857142857143,3,3,0,2,2,0,0,2,0.0
B85-DIS-020,8.5,discussion,globalization-work,writing9.com,D-auto,274,4,19.571428571428573,5.888418241578557,0.21428571428571427,0.42857142857142855,0.14285714285714285,0.42857142857142855,2.5547445255474455,2.18978102189781,4,1.094890510948905,6.204379562043796,6,0.7883211678832117,0.22992700729927007,0.0364963503649635,0.01824817518248175,0.5806451612903226,1,1,0,0,3,0,0,3,0.0
B85-DIS-021,8.5,discussion,media,writing9.com,D-auto,313,4,22.357142857142858,6.574921431981883,0.35714285714285715,0.35714285714285715,0.14285714285714285,0.5,3.194888178913738,2.5559105431309903,4,0.6389776357827476,5.111821086261981,5,0.7207792207792207,0.23322683706070288,0.05194805194805195,0.019169329073482427,0.6190476190476191,0,2,0,1,1,0,0,0,0.0
B85-DIS-022,8.5,discussion,social,writing9.com,D-auto,385,4,22.647058823529413,7.291745344772428,0.4117647058823529,0.47058823529411764,0.17647058823529413,0.35294117647058826,1.8181818181818181,3.896103896103896,6,0.5194805194805194,3.3766233766233764,3,0.7714285714285715,0.4025974025974026,0.08979591836734693,0.06233766233766234,0.7916666666666666,7,2,0,0,0,0,1,1,0.0
B85-DIS-024,8.5,discussion,education,writing9.com,D-auto,257,4,23.363636363636363,6.58196885814471,0.36363636363636365,0.45454545454545453,0.18181818181818182,0.36363636363636365,3.501945525291829,3.11284046692607,4,1.9455252918287937,6.614785992217898,5,0.8613138686131386,0.39299610894941633,0.10948905109489052,0.027237354085603113,0.4166666666666667,0,2,0,2,6,2,0,1,0.7782101167315175
B85-DIS-026,8.5,discussion,globalization-work,writing9.com,D-auto,302,4,21.571428571428573,3.9408897783239203,0.07142857142857142,0.42857142857142855,0.0,0.5714285714285714,4.304635761589404,2.3178807947019866,5,1.6556291390728477,4.966887417218543,4,0.7884615384615384,0.33774834437086093,0.07051282051282051,0.023178807947019868,0.5625,0,3,0,0,0,0,2,2,0.0
B85-DIS-027,8.5,discussion,environment,writing9.com,D-auto,395,4,24.6875,10.889896406761636,0.4375,0.375,0.0625,0.5625,3.2911392405063293,3.037974683544304,5,1.0126582278481013,7.341772151898734,8,0.8264840182648402,0.3291139240506329,0.0684931506849315,0.03291139240506329,0.5294117647058824,4,4,1,1,6,0,0,2,2.0253164556962027
B85-DIS-030,8.5,discussion,health,writing9.com,D-auto,296,4,24.666666666666668,11.115554667022044,0.4166666666666667,0.5,0.08333333333333333,0.4166666666666667,2.027027027027027,2.364864864864865,4,0.6756756756756757,4.72972972972973,7,0.8805031446540881,0.27364864864864863,0.05660377358490566,0.05067567567567568,0.6111111111111112,3,1,0,0,1,0,0,0,0.0
B85-DIS-031,8.5,discussion,environment,writing9.com,D-auto,270,4,19.285714285714285,4.963129361725774,0.07142857142857142,0.35714285714285715,0.0,0.6428571428571429,3.3333333333333335,2.5925925925925926,4,0.7407407407407407,4.444444444444445,3,0.8714285714285714,0.3074074074074074,0.07142857142857142,0.03333333333333333,0.5,1,0,1,0,2,0,0,1,1.4814814814814814
B85-DIS-032,8.5,discussion,social,writing9.com,D-auto,273,4,18.2,6.823488843692792,0.13333333333333333,0.6,0.0,0.4,2.5641025641025643,4.395604395604396,5,1.098901098901099,5.128205128205129,5,0.8531468531468531,0.27472527472527475,0.08391608391608392,0.029304029304029304,0.5,3,2,0,0,0,0,0,3,0.7326007326007326
B85-DIS-033,8.5,discussion,education,writing9.com,D-auto,282,4,21.692307692307693,7.193850101992731,0.3076923076923077,0.6153846153846154,0.15384615384615385,0.23076923076923078,1.4184397163120568,2.8368794326241136,5,1.4184397163120568,7.446808510638298,7,0.9044117647058824,0.2801418439716312,0.08088235294117647,0.028368794326241134,0.7142857142857143,0,2,0,0,0,0,0,1,0.3546099290780142
B85-DIS-034,8.5,discussion,globalization-work,writing9.com,D-auto,390,4,30,10.727391252160196,0.6153846153846154,0.07692307692307693,0.0,0.9230769230769231,4.358974358974359,3.076923076923077,5,1.0256410256410255,4.871794871794871,6,0.7631578947368421,0.22564102564102564,0.05789473684210526,0.03076923076923077,0.6190476190476191,2,3,1,0,0,0,0,2,0.0
B85-OP-001,8.5,opinion,technology,allthingsielts.com,B-teacher,341,6,21.3125,9.325494289848661,0.375,0.5625,0.125,0.3125,2.0527859237536656,2.0527859237536656,3,0.8797653958944281,3.812316715542522,2,0.7685185185185185,0.4340175953079179,0.1111111111111111,0.02932551319648094,0.5,0,0,0,0,0,2,0,2,0.8797653958944281
B85-OP-002,8.5,opinion,education,writing9.com,D-auto,283,4,21.76923076923077,8.70149276454109,0.38461538461538464,0.38461538461538464,0.3076923076923077,0.3076923076923077,1.4134275618374559,5.30035335689046,6,2.4734982332155475,4.240282685512367,3,0.8059701492537313,0.30742049469964666,0.1417910447761194,0.028268551236749116,0.42857142857142855,1,3,0,2,3,1,0,1,0.35335689045936397
B85-OP-003,8.5,opinion,social,writing9.com,D-auto,398,4,22.11111111111111,8.67876648230156,0.16666666666666666,0.5,0.0,0.5,2.512562814070352,3.7688442211055277,6,1.256281407035176,6.78391959798995,5,0.7511111111111111,0.3391959798994975,0.1111111111111111,0.007537688442211055,0.8333333333333334,2,3,0,2,6,4,1,0,0.25125628140703515
B85-OP-004,8.5,opinion,environment,writing9.com,D-auto,337,4,19.823529411764707,6.166658873401354,0.23529411764705882,0.35294117647058826,0.11764705882352941,0.5294117647058824,2.9673590504451037,4.154302670623146,6,1.1869436201780414,7.121661721068249,6,0.8421052631578947,0.33827893175074186,0.07017543859649122,0.008902077151335312,0.6428571428571429,7,2,0,1,1,0,0,1,0.29673590504451036
B85-OP-005,8.5,opinion,crime,writing9.com,D-auto,356,4,22.25,6.139014578904337,0.1875,0.3125,0.0,0.6875,3.3707865168539324,2.808988764044944,6,1.6853932584269662,8.707865168539326,6,0.7539267015706806,0.34269662921348315,0.09424083769633508,0.033707865168539325,0.47058823529411764,2,4,0,1,5,1,0,0,1.1235955056179776
B85-OP-006,8.5,opinion,environment,writing9.com,D-auto,297,4,16.5,6.121455890735652,0.05555555555555555,0.6666666666666666,0.0,0.3333333333333333,2.356902356902357,3.7037037037037037,6,1.6835016835016836,5.3872053872053876,3,0.8961038961038961,0.29292929292929293,0.09090909090909091,0.026936026936026935,0.5121951219512195,6,2,0,1,2,0,0,1,1.0101010101010102
B85-OP-010,8.5,opinion,culture,writing9.com,D-auto,333,4,23.785714285714285,11.96529846459915,0.42857142857142855,0.2857142857142857,0.07142857142857142,0.6428571428571429,3.6036036036036037,3.6036036036036037,6,0.6006006006006006,6.606606606606607,11,0.7828571428571428,0.35735735735735735,0.06285714285714286,0.009009009009009009,0.6923076923076923,3,2,0,1,2,1,0,2,0.3003003003003003
B85-OP-011,8.5,opinion,government,writing9.com,D-auto,384,5,20.210526315789473,8.501262738208032,0.2631578947368421,0.5789473684210527,0.05263157894736842,0.3684210526315789,2.34375,4.166666666666667,5,0.5208333333333334,4.6875,5,0.8355555555555556,0.34375,0.09333333333333334,0.026041666666666668,0.7,4,3,0,2,6,0,0,2,1.5625
B85-OP-013,8.5,opinion,government,writing9.com,D-auto,256,4,13.473684210526315,9.063335165452596,0.10526315789473684,0.5789473684210527,0.15789473684210525,0.2631578947368421,1.953125,4.296875,6,1.171875,6.640625,6,0.8205128205128205,0.1953125,0.03418803418803419,0.0078125,0.6363636363636364,1,2,0,0,2,0,1,3,0.78125
B85-OP-014,8.5,opinion,education,writing9.com,D-auto,417,4,19.857142857142858,6.127888739864919,0.14285714285714285,0.38095238095238093,0.14285714285714285,0.47619047619047616,3.117505995203837,2.3980815347721824,5,0.7194244604316546,5.275779376498801,7,0.672,0.42685851318944845,0.057692307692307696,0.02158273381294964,0.6666666666666666,1,2,0,1,6,0,1,4,1.9184652278177459
B85-OP-015,8.5,opinion,globalization-work,writing9.com,D-auto,314,4,22.428571428571427,7.108488745499845,0.2857142857142857,0.2857142857142857,0.07142857142857142,0.6428571428571429,3.821656050955414,4.45859872611465,5,0.6369426751592356,11.78343949044586,7,0.75,0.2197452229299363,0.06428571428571428,0.025477707006369428,0.6470588235294118,5,3,0,0,0,0,0,3,0.0
B85-OP-018,8.5,opinion,culture,writing9.com,D-auto,300,1,23.076923076923077,6.9885790176823885,0.46153846153846156,0.6153846153846154,0.38461538461538464,0.0,0.0,1.6666666666666667,3,1.0,4.666666666666667,10,0.7833333333333333,0.43333333333333335,0.09444444444444444,0.10666666666666667,0.4,0,1,0,0,0,0,0,3,0.3333333333333333
B85-OP-019,8.5,two-part,social,writing9.com,D-auto,263,4,20.23076923076923,4.559923180085825,0.07692307692307693,0.5384615384615384,0.0,0.46153846153846156,2.2813688212927756,3.802281368821293,5,0.7604562737642585,7.224334600760456,4,0.7152777777777778,0.3193916349809886,0.13194444444444445,0.022813688212927757,0.6666666666666666,4,2,0,2,2,3,0,3,0.0
B85-OP-020,8.5,opinion,education,writing9.com,D-auto,254,4,13.368421052631579,6.208741938129949,0.05263157894736842,0.7894736842105263,0.0,0.21052631578947367,1.5748031496062993,3.543307086614173,6,0.7874015748031497,6.692913385826771,3,0.7357142857142858,0.3228346456692913,0.11428571428571428,0.03543307086614173,0.6153846153846154,3,2,0,0,0,0,0,7,0.3937007874015748
B85-OP-021,8.5,opinion,media,writing9.com,D-auto,375,4,23.4375,10.856845478775131,0.3125,0.4375,0.1875,0.375,2.4,3.466666666666667,5,0.8,5.866666666666666,8,0.7873563218390804,0.264,0.06896551724137931,0.018666666666666668,0.5263157894736842,1,3,0,2,4,0,0,3,0.0
B85-OP-022,8.5,opinion,media,writing9.com,D-auto,305,4,21.785714285714285,7.262217011241632,0.35714285714285715,0.5,0.07142857142857142,0.42857142857142855,2.622950819672131,3.278688524590164,5,1.3114754098360655,4.590163934426229,3,0.6983240223463687,0.33114754098360655,0.12849162011173185,0.036065573770491806,0.6666666666666666,3,2,0,0,3,0,0,3,0.0
B85-OP-023,8.5,opinion,environment,writing9.com,D-auto,280,4,23.333333333333332,10.044346115546242,0.5,0.3333333333333333,0.08333333333333333,0.5833333333333334,3.5714285714285716,4.285714285714286,5,0.7142857142857143,8.928571428571429,6,0.8367346938775511,0.35714285714285715,0.08163265306122448,0.039285714285714285,0.7894736842105263,3,3,0,1,2,0,0,0,0.0
B85-OP-024,8.5,opinion,social,writing9.com,D-auto,306,4,23.53846153846154,6.990272192514666,0.46153846153846156,0.3076923076923077,0.0,0.6923076923076923,3.5947712418300655,2.6143790849673203,5,0.6535947712418301,5.882352941176471,4,0.7904191616766467,0.3235294117647059,0.059880239520958084,0.06862745098039216,0.5555555555555556,4,1,0,1,3,0,0,2,0.0
B85-OP-025,8.5,opinion,crime,writing9.com,D-auto,305,4,27.727272727272727,14.283435473499358,0.45454545454545453,0.18181818181818182,0.2727272727272727,0.5454545454545454,3.278688524590164,3.278688524590164,5,0.9836065573770492,8.852459016393443,8,0.8115942028985508,0.24918032786885247,0.043478260869565216,0.04590163934426229,0.8148148148148148,2,5,0,0,0,0,0,0,0.0
B85-OP-026,8.5,opinion,social,writing9.com,D-auto,282,4,21.692307692307693,7.848415963498282,0.3076923076923077,0.5384615384615384,0.07692307692307693,0.38461538461538464,2.482269503546099,2.482269503546099,5,2.127659574468085,6.382978723404255,3,0.84,0.2801418439716312,0.04666666666666667,0.0070921985815602835,0.6666666666666666,2,0,0,0,0,1,1,2,0.7092198581560284
B85-OP-027,8.5,opinion,government,writing9.com,D-auto,287,4,20.5,7.471373941346302,0.21428571428571427,0.35714285714285715,0.21428571428571427,0.42857142857142855,2.4390243902439024,3.484320557491289,6,0.6968641114982579,7.665505226480836,4,0.9197080291970803,0.27526132404181186,0.051094890510948905,0.04878048780487805,0.5384615384615384,2,2,0,2,6,1,0,1,0.34843205574912894
B85-OP-028,8.5,opinion,government,writing9.com,D-auto,429,4,30.642857142857142,12.731328865985574,0.7142857142857143,0.2857142857142857,0.07142857142857142,0.6428571428571429,3.2634032634032635,3.4965034965034967,6,0.6993006993006993,6.526806526806527,10,0.8177966101694916,0.32167832167832167,0.07627118644067797,0.023310023310023312,0.7647058823529411,2,4,0,2,1,3,0,3,0.0
B85-OP-029,8.5,opinion,education,writing9.com,D-auto,290,4,18.125,5.475799028452378,0.125,0.5,0.1875,0.3125,1.7241379310344827,4.827586206896552,6,1.0344827586206897,4.137931034482759,3,0.9336734693877551,0.4793103448275862,0.10204081632653061,0.041379310344827586,0.2857142857142857,3,2,0,0,0,0,0,0,1.0344827586206897
B85-OP-030,8.5,opinion,education,writing9.com,D-auto,301,4,21.5,4.419922429829995,0.21428571428571427,0.5714285714285714,0.07142857142857142,0.35714285714285715,1.6611295681063123,2.6578073089700998,5,0.33222591362126247,3.654485049833887,4,0.7540983606557377,0.33554817275747506,0.12021857923497267,0.04983388704318937,0.3684210526315789,1,3,0,0,0,0,1,0,0.33222591362126247
B85-OP-031,8.5,opinion,education,writing9.com,D-auto,299,4,23,8.629109946080098,0.15384615384615385,0.6153846153846154,0.07692307692307693,0.3076923076923077,1.6722408026755853,3.678929765886288,5,1.0033444816053512,7.357859531772576,8,0.725609756097561,0.2976588628762542,0.04878048780487805,0.020066889632107024,0.5625,4,3,1,3,6,2,0,2,0.6688963210702341
B85-OP-032,8.5,opinion,technology,writing9.com,D-auto,283,4,21.76923076923077,9.512371265914284,0.23076923076923078,0.3076923076923077,0.0,0.6923076923076923,4.240282685512367,5.6537102473498235,6,0.7067137809187279,7.420494699646643,6,0.8652482269503546,0.2791519434628975,0.028368794326241134,0.04240282685512368,0.42857142857142855,2,2,0,2,2,1,0,2,0.0
B85-OP-034,8.5,opinion,education,writing9.com,D-auto,324,4,27,17.578395831246947,0.3333333333333333,0.4166666666666667,0.0,0.5833333333333334,3.3950617283950617,3.3950617283950617,5,0.30864197530864196,5.555555555555555,5,0.8011049723756906,0.29012345679012347,0.049723756906077346,0.024691358024691357,0.3333333333333333,6,0,0,0,0,0,0,1,0.30864197530864196
B85-OP-035,8.5,opinion,social,writing9.com,D-auto,278,4,25.272727272727273,8.378445387268334,0.45454545454545453,0.2727272727272727,0.09090909090909091,0.6363636363636364,3.597122302158273,3.237410071942446,5,0.3597122302158273,9.712230215827338,6,0.7801418439716312,0.17985611510791366,0.05673758865248227,0.017985611510791366,0.5625,1,2,0,1,5,0,0,3,0.0
B85-OP-036,8.5,opinion,globalization-work,writing9.com,D-auto,333,5,20.8125,5.960481838744247,0.25,0.4375,0.1875,0.375,2.4024024024024024,2.7027027027027026,5,0.6006006006006006,3.3033033033033035,3,0.8207547169811321,0.45045045045045046,0.07547169811320754,0.012012012012012012,0.5,3,1,0,0,0,0,0,0,0.6006006006006006
B85-OP-037,8.5,opinion,technology,writing9.com,D-auto,439,4,25.823529411764707,9.531590164954867,0.4117647058823529,0.17647058823529413,0.058823529411764705,0.7647058823529411,3.644646924829157,4.100227790432802,6,0.9111617312072893,5.239179954441913,7,0.7772511848341233,0.2619589977220957,0.07582938388625593,0.029612756264236904,0.36363636363636365,4,4,0,2,4,0,0,0,0.683371298405467
B85-OP-038,8.5,opinion,media,writing9.com,D-auto,420,4,26.25,8.613216588476108,0.375,0.25,0.1875,0.5625,2.619047619047619,2.857142857142857,5,0.0,4.761904761904762,5,0.7590361445783133,0.3547619047619048,0.08032128514056225,0.04047619047619048,0.6363636363636364,3,3,0,1,0,2,0,2,0.0
B85-OP-040,8.5,opinion,education,writing9.com,D-auto,289,4,48.166666666666664,26.085862497188437,0.6666666666666666,0.16666666666666666,0.16666666666666666,0.6666666666666666,1.7301038062283738,5.536332179930795,6,1.7301038062283738,3.114186851211073,2,0.8554913294797688,0.34256055363321797,0.057803468208092484,0.04844290657439446,0.2631578947368421,4,3,0,3,14,0,0,1,0.3460207612456747
B85-OP-042,8.5,opinion,culture,writing9.com,D-auto,327,4,20.4375,8.343925559950783,0.125,0.25,0.125,0.625,4.281345565749236,4.892966360856269,5,1.834862385321101,10.397553516819572,10,0.6829268292682927,0.22935779816513763,0.04878048780487805,0.024464831804281346,0.3333333333333333,9,3,0,2,7,0,0,3,0.3058103975535168
B85-OP-043,8.5,opinion,technology,writing9.com,D-auto,314,4,26.166666666666668,4.844813951249544,0.5,0.08333333333333333,0.16666666666666666,0.75,6.050955414012739,6.050955414012739,5,0.9554140127388535,7.006369426751593,6,0.8511904761904762,0.3535031847133758,0.06547619047619048,0.009554140127388535,0.6,9,2,0,0,1,0,0,2,0.0
B85-OP-045,8.5,opinion,social,writing9.com,D-auto,258,4,18.428571428571427,7.798482322260675,0.07142857142857142,0.7142857142857143,0.0,0.2857142857142857,1.937984496124031,2.7131782945736433,5,0.7751937984496124,5.038759689922481,3,0.8115942028985508,0.35658914728682173,0.08695652173913043,0.007751937984496124,0.7692307692307693,4,1,0,0,0,0,0,0,0.0
B85-OP-046,8.5,opinion,social,writing9.com,D-auto,264,4,22,4.743416490252569,0.3333333333333333,0.5,0.0,0.5,2.272727272727273,3.787878787878788,5,1.1363636363636365,6.0606060606060606,4,0.7905405405405406,0.36363636363636365,0.08783783783783784,0.011363636363636364,0.8461538461538461,5,4,0,1,1,0,1,1,0.0
B85-OP-047,8.5,opinion,social,writing9.com,D-auto,273,4,18.2,6.134057928212503,0.13333333333333333,0.5333333333333333,0.06666666666666667,0.4,2.5641025641025643,4.395604395604396,5,1.098901098901099,6.95970695970696,7,0.71875,0.31868131868131866,0.10625,0.003663003663003663,0.6153846153846154,3,3,0,0,0,0,0,2,0.3663003663003663
B85-OP-048,8.5,opinion,technology,writing9.com,D-auto,301,4,25.083333333333332,6.435038634089326,0.4166666666666667,0.5833333333333334,0.16666666666666666,0.25,0.9966777408637874,2.3255813953488373,4,1.3289036544850499,2.990033222591362,4,0.8816568047337278,0.3488372093023256,0.10059171597633136,0.029900332225913623,0.5333333333333333,0,2,0,2,4,4,0,3,0.33222591362126247
B85-OP-049,8.5,opinion,globalization-work,writing9.com,D-auto,264,4,22,6.620674688680402,0.3333333333333333,0.4166666666666667,0.08333333333333333,0.5,3.0303030303030303,3.787878787878788,5,1.1363636363636365,10.227272727272727,6,0.8269230769230769,0.35984848484848486,0.12179487179487179,0.015151515151515152,0.6111111111111112,2,3,0,2,1,2,0,2,1.893939393939394
B85-OP-050,8.5,opinion,globalization-work,writing9.com,D-auto,274,4,19.571428571428573,9.537252417414011,0.35714285714285715,0.5714285714285714,0.07142857142857142,0.35714285714285715,1.8248175182481752,3.2846715328467155,4,1.4598540145985401,9.124087591240876,7,0.7426470588235294,0.26277372262773724,0.051470588235294115,0.01824817518248175,0.76,1,3,0,2,6,0,0,2,0.0
B85-OP-052,8.5,opinion,media,writing9.com,D-auto,254,4,15.875,7.227335262736882,0.125,0.3125,0.125,0.5625,4.330708661417323,5.118110236220472,5,0.7874015748031497,10.236220472440944,8,0.6535433070866141,0.25984251968503935,0.05511811023622047,0.007874015748031496,0.75,4,4,0,0,1,0,1,8,0.0
B85-OP-054,8.5,opinion,health,writing9.com,D-auto,320,4,29.09090909090909,10.958222694766665,0.6363636363636364,0.18181818181818182,0.2727272727272727,0.5454545454545454,2.1875,3.4375,5,0.625,7.8125,11,0.8305084745762712,0.271875,0.1016949152542373,0.021875,0.55,3,3,0,2,6,4,0,1,0.625
B85-OP-055,8.5,opinion,environment,writing9.com,D-auto,273,4,24.818181818181817,21.866612913996956,0.2727272727272727,0.6363636363636364,0.09090909090909091,0.2727272727272727,1.465201465201465,4.029304029304029,6,1.8315018315018314,3.663003663003663,3,0.874251497005988,0.34065934065934067,0.0718562874251497,0.05860805860805861,0.25,1,2,0,2,5,0,0,2,0.3663003663003663
B85-OP-056,8.5,opinion,social,writing9.com,D-auto,268,4,24.363636363636363,9.383474131517575,0.36363636363636365,0.2727272727272727,0.2727272727272727,0.45454545454545453,2.611940298507463,3.7313432835820897,5,0.746268656716418,7.835820895522388,7,0.9090909090909091,0.2873134328358209,0.022727272727272728,0.041044776119402986,0.4166666666666667,2,3,0,2,3,1,0,1,0.373134328358209
B85-OP-057,8.5,opinion,media,writing9.com,D-auto,255,5,15,5.156378117837912,0.058823529411764705,0.4117647058823529,0.17647058823529413,0.4117647058823529,2.7450980392156863,3.1372549019607843,4,0.39215686274509803,6.2745098039215685,5,0.94375,0.42745098039215684,0.05,0.03529411764705882,0.625,2,2,0,0,0,0,0,0,0.0
B85-OP-058,8.5,opinion,social,writing9.com,D-auto,264,4,18.857142857142858,6.759724665326274,0.14285714285714285,0.6428571428571429,0.0,0.35714285714285715,3.409090909090909,3.409090909090909,5,0.7575757575757576,8.333333333333334,5,0.7557251908396947,0.24242424242424243,0.11450381679389313,0.01893939393939394,0.6363636363636364,4,3,1,2,5,4,0,3,0.0
B85-OP-059,8.5,opinion,health,writing9.com,D-auto,261,4,23.727272727272727,6.150992663286281,0.5454545454545454,0.45454545454545453,0.2727272727272727,0.2727272727272727,1.1494252873563218,3.0651340996168583,5,0.0,3.0651340996168583,4,0.8507462686567164,0.31417624521072796,0.09701492537313433,0.007662835249042145,0.65,5,3,0,1,1,0,0,3,0.0
B85-OP-063,8.5,opinion,education,writing9.com,D-auto,347,4,24.785714285714285,11.340059028748934,0.35714285714285715,0.14285714285714285,0.2857142857142857,0.5714285714285714,3.4582132564841497,3.170028818443804,6,0.2881844380403458,10.086455331412104,10,0.8617021276595744,0.3631123919308357,0.11170212765957446,0.005763688760806916,0.625,2,2,0,0,0,3,0,0,0.8645533141210374
B85-OP-065,8.5,opinion,social,writing9.com,D-auto,338,4,19.88235294117647,8.130424726198116,0.29411764705882354,0.5294117647058824,0.0,0.47058823529411764,2.9585798816568047,4.1420118343195265,5,0.591715976331361,5.029585798816568,4,0.8681318681318682,0.31952662721893493,0.054945054945054944,0.03550295857988166,0.34615384615384615,6,2,0,0,1,0,0,0,0.2958579881656805
B85-OP-066,8.5,opinion,social,writing9.com,D-auto,273,4,18.2,6.48279774994305,0.2,0.6,0.0,0.4,2.5641025641025643,3.2967032967032965,6,1.098901098901099,6.95970695970696,5,0.8680555555555556,0.30036630036630035,0.027777777777777776,0.05128205128205128,0.5555555555555556,5,2,0,2,4,0,0,3,0.7326007326007326
B85-OP-067,8.5,opinion,globalization-work,writing9.com,D-auto,272,4,17,7.929375763576853,0.1875,0.5625,0.0625,0.375,2.573529411764706,4.044117647058823,5,1.1029411764705883,7.352941176470588,6,0.9102564102564102,0.35661764705882354,0.10256410256410256,0.029411764705882353,0.42857142857142855,1,4,0,2,4,0,0,0,0.36764705882352944
B85-OP-068,8.5,opinion,globalization-work,writing9.com,D-auto,324,4,27,5.5377492419453835,0.75,0.08333333333333333,0.08333333333333333,0.8333333333333334,4.62962962962963,4.320987654320987,5,0.30864197530864196,7.407407407407407,8,0.8562091503267973,0.28703703703703703,0.058823529411764705,0.024691358024691357,0.7,5,2,0,2,3,1,0,0,0.30864197530864196
B85-OP-069,8.5,opinion,technology,writing9.com,D-auto,321,4,21.4,6.416645021608515,0.2,0.6666666666666666,0.0,0.3333333333333333,2.1806853582554515,3.426791277258567,5,0.3115264797507788,4.984423676012461,3,0.8010471204188482,0.34890965732087226,0.09947643979057591,0.018691588785046728,0.625,3,2,1,1,7,0,0,1,0.3115264797507788
B85-OP-070,8.5,opinion,social,writing9.com,D-auto,320,4,17.77777777777778,6.115150180363117,0.1111111111111111,0.4444444444444444,0.16666666666666666,0.3888888888888889,2.1875,5.625,5,1.875,6.25,5,0.75,0.28125,0.04487179487179487,0.0375,0.6666666666666666,5,3,0,2,11,0,0,3,0.0
B85-OP-073,8.5,two-part,globalization-work,writing9.com,D-auto,284,4,18.933333333333334,5.662351298022953,0.13333333333333333,0.6,0.0,0.4,2.464788732394366,3.5211267605633805,5,0.352112676056338,5.633802816901408,4,0.8156028368794326,0.31338028169014087,0.12056737588652482,0.02112676056338028,0.6666666666666666,4,2,1,0,0,0,0,4,0.0
B85-OP-074,8.5,opinion,government,writing9.com,D-auto,331,4,18.38888888888889,6.120447413646316,0.1111111111111111,0.5,0.1111111111111111,0.3888888888888889,2.1148036253776437,2.416918429003021,4,1.2084592145015105,4.833836858006042,3,0.8118279569892473,0.3293051359516616,0.06989247311827956,0.07250755287009064,0.9,1,0,0,0,2,1,0,2,1.2084592145015105
B85-OP-075,8.5,opinion,education,writing9.com,D-auto,343,4,22.866666666666667,12.241278074159123,0.3333333333333333,0.3333333333333333,0.06666666666666667,0.6,2.9154518950437316,4.956268221574344,5,1.1661807580174928,9.912536443148689,8,0.7368421052631579,0.2478134110787172,0.06578947368421052,0.011661807580174927,0.5714285714285714,10,2,0,1,8,0,0,1,0.0
B85-OP-076,8.5,opinion,media,writing9.com,D-auto,364,4,13.481481481481481,4.6457497132115515,0.0,0.7777777777777778,0.037037037037037035,0.18518518518518517,1.3736263736263736,2.4725274725274726,5,0.27472527472527475,9.065934065934066,11,0.6612903225806451,0.25,0.06451612903225806,0.019230769230769232,0.7142857142857143,4,2,0,1,0,2,1,6,0.5494505494505495
B85-OP-077,8.5,opinion,technology,writing9.com,D-auto,291,4,20.785714285714285,8.35103561951255,0.2857142857142857,0.42857142857142855,0.07142857142857142,0.5,4.123711340206185,3.7800687285223367,5,1.3745704467353952,6.8728522336769755,5,0.918918918918919,0.2920962199312715,0.0472972972972973,0.024054982817869417,0.6470588235294118,4,3,0,2,2,0,1,0,0.0
B85-OP-078,8.5,opinion,environment,writing9.com,D-auto,277,4,16.294117647058822,7.4103640133051885,0.11764705882352941,0.5294117647058824,0.0,0.47058823529411764,3.2490974729241877,5.415162454873646,6,1.8050541516245486,3.9711191335740073,3,0.6923076923076923,0.30685920577617326,0.14102564102564102,0.032490974729241874,0.6428571428571429,4,3,0,1,2,2,0,0,4.693140794223827
B85-OP-079,8.5,opinion,social,writing9.com,D-auto,284,4,17.75,6.590713163232034,0.0625,0.625,0.0625,0.3125,1.7605633802816902,6.338028169014085,6,0.704225352112676,8.450704225352112,8,0.9019607843137255,0.3274647887323944,0.05228758169934641,0.04225352112676056,0.5625,7,2,0,0,0,0,0,2,0.0
B85-OP-080,8.5,opinion,technology,writing9.com,D-auto,275,4,17.1875,8.032891369239348,0.125,0.5,0.0625,0.4375,3.272727272727273,6.545454545454546,5,0.7272727272727273,5.818181818181818,6,0.8549618320610687,0.2509090909090909,0.09923664122137404,0.01090909090909091,0.21428571428571427,9,4,0,2,6,0,1,2,0.36363636363636365
B85-OP-081,8.5,opinion,technology,writing9.com,D-auto,259,4,16.1875,6.597525577820824,0.125,0.625,0.0,0.375,3.088803088803089,3.474903474903475,5,1.1583011583011582,5.405405405405405,2,0.9090909090909091,0.37065637065637064,0.07692307692307693,0.03474903474903475,0.42857142857142855,2,2,1,0,1,0,1,2,0.3861003861003861
B85-OP-082,8.5,opinion,government,writing9.com,D-auto,364,4,18.2,4.654030511288038,0.1,0.55,0.0,0.45,3.2967032967032965,1.9230769230769231,4,0.27472527472527475,5.21978021978022,3,0.7948717948717948,0.4368131868131868,0.04700854700854701,0.046703296703296704,0.6842105263157895,2,2,0,0,1,0,0,2,0.5494505494505495
B85-OP-083,8.5,opinion,technology,writing9.com,D-auto,390,4,22.941176470588236,7.206782656843189,0.17647058823529413,0.6470588235294118,0.058823529411764705,0.29411764705882354,1.2820512820512822,2.8205128205128207,5,0.5128205128205128,3.076923076923077,4,0.8744186046511628,0.32051282051282054,0.06976744186046512,0.04871794871794872,0.5833333333333334,1,3,0,1,5,1,0,3,0.2564102564102564
B85-OP-084,8.5,opinion,technology,writing9.com,D-auto,299,4,19.933333333333334,8.880440429518247,0.13333333333333333,0.4,0.06666666666666667,0.5333333333333333,3.3444816053511706,4.013377926421405,5,0.6688963210702341,5.016722408026756,4,0.8426966292134831,0.38461538461538464,0.12359550561797752,0.06020066889632107,0.3181818181818182,2,2,0,1,2,0,0,1,0.0
B85-OP-085,8.5,opinion,technology,writing9.com,D-auto,270,4,20.76923076923077,4.790276146750851,0.15384615384615385,0.3076923076923077,0.0,0.6923076923076923,4.074074074074074,4.074074074074074,4,0.37037037037037035,5.925925925925926,4,0.8931297709923665,0.3148148148148148,0.05343511450381679,0.05925925925925926,0.4090909090909091,0,2,0,1,4,0,0,1,0.0
B85-OP-087,8.5,opinion,globalization-work,writing9.com,D-auto,313,4,26.083333333333332,7.963022178935723,0.5,0.3333333333333333,0.08333333333333333,0.5833333333333334,2.5559105431309903,2.8753993610223643,4,0.6389776357827476,5.7507987220447285,9,0.738562091503268,0.20766773162939298,0.0718954248366013,0.051118210862619806,0.6666666666666666,5,2,0,2,4,1,0,2,0.3194888178913738
B85-OP-088,8.5,opinion,education,writing9.com,D-auto,259,4,23.545454545454547,10.298840502817749,0.5454545454545454,0.36363636363636365,0.09090909090909091,0.5454545454545454,2.7027027027027026,2.7027027027027026,5,0.3861003861003861,5.405405405405405,3,0.9315068493150684,0.3938223938223938,0.06164383561643835,0.04247104247104247,0.3684210526315789,1,2,0,2,5,1,0,1,0.7722007722007722
B85-OP-089,8.5,opinion,globalization-work,writing9.com,D-auto,336,4,37.333333333333336,10.424330514074592,0.8888888888888888,0.1111111111111111,0.3333333333333333,0.5555555555555556,2.380952380952381,3.2738095238095237,5,1.1904761904761905,4.761904761904762,4,0.808641975308642,0.2857142857142857,0.06172839506172839,0.020833333333333332,0.6428571428571429,0,4,0,0,0,0,1,0,0.0
B85-OP-090,8.5,opinion,technology,writing9.com,D-auto,252,4,18,5.794085654478071,0.14285714285714285,0.5,0.07142857142857142,0.42857142857142855,2.7777777777777777,4.365079365079365,5,0.3968253968253968,4.365079365079365,3,0.8311688311688312,0.42857142857142855,0.09090909090909091,0.015873015873015872,0.6,2,3,0,1,3,0,0,2,1.1904761904761905
B85-OP-091,8.5,opinion,social,writing9.com,D-auto,345,4,28.75,7.315793417896198,0.5,0.16666666666666666,0.08333333333333333,0.75,3.7681159420289854,3.4782608695652173,5,0.8695652173913043,10.434782608695652,12,0.8562874251497006,0.3072463768115942,0.0718562874251497,0.014492753623188406,0.3333333333333333,2,2,0,2,1,1,0,0,0.0
B85-OP-094,8.5,opinion,technology,writing9.com,D-auto,291,4,19.4,4.615914499497003,0.06666666666666667,0.4666666666666667,0.06666666666666667,0.4666666666666667,2.7491408934707904,2.7491408934707904,5,0.6872852233676976,4.123711340206185,3,0.6631578947368421,0.3539518900343643,0.06315789473684211,0.0,0.6666666666666666,2,2,0,1,0,3,0,7,0.3436426116838488
B85-OP-095,8.5,opinion,media,writing9.com,D-auto,288,4,20.571428571428573,4.99591670001306,0.21428571428571427,0.6428571428571429,0.0,0.35714285714285715,2.0833333333333335,2.4305555555555554,5,0.6944444444444444,6.597222222222222,5,0.7051282051282052,0.3090277777777778,0.0641025641025641,0.010416666666666666,0.4444444444444444,1,2,0,2,4,0,0,3,0.0
B85-OP-096,8.5,opinion,social,writing9.com,D-auto,282,4,21.692307692307693,7.848415963498282,0.3076923076923077,0.5384615384615384,0.07692307692307693,0.38461538461538464,2.482269503546099,2.482269503546099,5,2.127659574468085,6.382978723404255,3,0.84,0.2765957446808511,0.04666666666666667,0.0070921985815602835,0.6666666666666666,2,0,0,0,0,1,1,2,0.7092198581560284
B85-OP-097,8.5,opinion,globalization-work,writing9.com,D-auto,255,4,15.9375,5.367363761661771,0.0,0.5,0.1875,0.3125,1.9607843137254901,2.7450980392156863,5,1.5686274509803921,8.235294117647058,11,0.8333333333333334,0.3176470588235294,0.050724637681159424,0.00784313725490196,0.4444444444444444,2,3,2,2,2,1,0,0,0.0
B85-OP-098,8.5,opinion,social,writing9.com,D-auto,345,4,28.75,7.315793417896198,0.5,0.16666666666666666,0.08333333333333333,0.75,3.7681159420289854,3.4782608695652173,5,0.8695652173913043,10.434782608695652,12,0.874251497005988,0.30144927536231886,0.0718562874251497,0.017391304347826087,0.4166666666666667,2,2,0,2,1,1,0,1,0.0
B85-OP-099,8.5,opinion,technology,writing9.com,D-auto,276,4,16.235294117647058,7.149902605381138,0.11764705882352941,0.47058823529411764,0.11764705882352941,0.4117647058823529,3.260869565217391,4.3478260869565215,6,1.8115942028985508,9.782608695652174,8,0.8512396694214877,0.2246376811594203,0.049586776859504134,0.007246376811594203,0.38095238095238093,3,3,0,0,0,0,1,3,0.0
B85-OP-100,8.5,opinion,social,writing9.com,D-auto,283,4,21.76923076923077,7.586971080577202,0.3076923076923077,0.23076923076923078,0.3076923076923077,0.46153846153846156,2.4734982332155475,2.8268551236749118,4,1.0600706713780919,6.007067137809187,4,0.8888888888888888,0.2968197879858657,0.08333333333333333,0.01060070671378092,0.5714285714285714,2,1,0,1,1,0,0,2,0.35335689045936397
B85-OP-101,8.5,opinion,social,writing9.com,D-auto,257,4,17.133333333333333,5.123366948490894,0.06666666666666667,0.6,0.06666666666666667,0.3333333333333333,3.11284046692607,3.501945525291829,5,0.38910505836575876,8.560311284046692,6,0.9545454545454546,0.2607003891050584,0.06060606060606061,0.054474708171206226,0.5714285714285714,3,3,0,0,0,0,0,0,0.0
B85-OP-102,8.5,opinion,social,writing9.com,D-auto,257,4,21.416666666666668,5.282965286865155,0.25,0.6666666666666666,0.16666666666666666,0.16666666666666666,0.7782101167315175,3.501945525291829,5,0.7782101167315175,2.3346303501945527,2,0.8424657534246576,0.3735408560311284,0.1232876712328767,0.019455252918287938,0.46153846153846156,2,2,0,1,2,0,1,1,0.38910505836575876
B85-OP-103,8.5,opinion,social,writing9.com,D-auto,307,4,23.615384615384617,7.426961916800804,0.38461538461538464,0.3076923076923077,0.15384615384615385,0.5384615384615384,3.583061889250814,3.257328990228013,6,1.6286644951140066,5.2117263843648205,5,0.8120805369127517,0.247557003257329,0.06711409395973154,0.03257328990228013,0.5,1,2,0,2,5,0,0,3,0.0
B85-REP-002,8.5,report,environment,writing9.com,D-auto,316,4,21.066666666666666,7.02819717676984,0.3333333333333333,0.5333333333333333,0.13333333333333333,0.3333333333333333,1.8987341772151898,3.7974683544303796,6,1.5822784810126582,7.2784810126582276,6,0.8757763975155279,0.2721518987341772,0.08695652173913043,0.022151898734177215,0.625,4,3,1,1,0,1,0,0,0.0
B85-REP-003,8.5,report,environment,writing9.com,D-auto,315,4,18.529411764705884,5.842216008440064,0.11764705882352941,0.5294117647058824,0.11764705882352941,0.35294117647058826,2.5396825396825395,3.8095238095238093,6,1.5873015873015872,6.031746031746032,3,0.78125,0.346031746031746,0.08125,0.012698412698412698,0.9090909090909091,2,4,0,0,1,0,0,1,0.9523809523809523
B85-REP-004,8.5,report,environment,writing9.com,D-auto,354,4,18.63157894736842,6.650765894286869,0.15789473684210525,0.7894736842105263,0.10526315789473684,0.10526315789473684,0.5649717514124294,3.672316384180791,6,0.847457627118644,3.389830508474576,4,0.7166666666666667,0.4576271186440678,0.12083333333333333,0.05084745762711865,0.2857142857142857,3,3,0,0,0,0,0,0,3.389830508474576
B85-REP-005,8.5,report,health,writing9.com,D-auto,288,4,22.153846153846153,7.471444653284972,0.3076923076923077,0.6153846153846154,0.0,0.38461538461538464,2.0833333333333335,2.0833333333333335,4,1.0416666666666667,8.333333333333334,6,0.7547169811320755,0.2916666666666667,0.0440251572327044,0.017361111111111112,0.5882352941176471,5,2,0,0,1,0,1,3,0.3472222222222222
B85-REP-006,8.5,report,globalization-work,writing9.com,D-auto,352,5,18.526315789473685,4.296490869886011,0.0,0.7368421052631579,0.15789473684210525,0.10526315789473684,0.5681818181818182,3.409090909090909,5,0.5681818181818182,4.829545454545454,4,0.6982758620689655,0.46875,0.09913793103448276,0.011363636363636364,0.4230769230769231,4,3,0,1,1,0,0,1,1.7045454545454546
B85-REP-008,8.5,adv-disadv,culture,writing9.com,D-auto,311,4,23.923076923076923,7.600217997496352,0.38461538461538464,0.15384615384615385,0.15384615384615385,0.6923076923076923,2.8938906752411575,3.8585209003215435,5,1.607717041800643,9.646302250803858,8,0.9192546583850931,0.36012861736334406,0.09937888198757763,0.05466237942122187,0.21428571428571427,3,3,0,0,0,0,0,0,0.0
B85-REP-009,8.5,report,social,writing9.com,D-auto,317,4,18.647058823529413,4.1719113474110925,0.11764705882352941,0.5294117647058824,0.0,0.47058823529411764,2.8391167192429023,1.8927444794952681,3,0.6309148264984227,5.047318611987381,5,0.842391304347826,0.39747634069400634,0.11956521739130435,0.022082018927444796,0.16666666666666666,4,3,0,0,0,0,0,0,0.0
B85-REP-011,8.5,report,education,writing9.com,D-auto,269,4,22.416666666666668,6.836889318656223,0.3333333333333333,0.4166666666666667,0.0,0.5833333333333334,2.973977695167286,2.2304832713754648,4,1.1152416356877324,7.063197026022305,11,0.8243243243243243,0.3680297397769517,0.06756756756756757,0.03345724907063197,0.7333333333333333,4,2,0,1,9,0,0,0,1.486988847583643
B85-REP-012,8.5,report,social,writing9.com,D-auto,307,4,23.615384615384617,7.2274951671054435,0.38461538461538464,0.3076923076923077,0.15384615384615385,0.5384615384615384,2.6058631921824102,2.2801302931596092,5,0.3257328990228013,5.537459283387622,5,0.9285714285714286,0.4234527687296417,0.09693877551020408,0.04234527687296417,0.2222222222222222,1,1,0,0,1,0,0,0,0.3257328990228013
B85-REP-013,8.5,report,social,writing9.com,D-auto,303,4,75.75,31.083556746292725,1.0,0.0,0.5,0.5,0.6600660066006601,2.31023102310231,4,0.9900990099009901,5.9405940594059405,4,0.8513513513513513,0.2607260726072607,0.0472972972972973,0.0165016501650165,0.4782608695652174,4,1,1,1,8,0,0,1,0.33003300330033003
B85-REP-015,8.5,report,health,writing9.com,D-auto,268,4,20.615384615384617,4.796448390190737,0.23076923076923078,0.46153846153846156,0.0,0.5384615384615384,2.611940298507463,1.8656716417910448,3,0.746268656716418,6.343283582089552,5,0.8979591836734694,0.3582089552238806,0.07482993197278912,0.029850746268656716,0.5555555555555556,3,0,0,0,0,0,1,2,0.0
B85-REP-016,8.5,report,education,writing9.com,D-auto,262,4,23.818181818181817,15.164660963858056,0.09090909090909091,0.5454545454545454,0.09090909090909091,0.36363636363636365,1.5267175572519085,3.435114503816794,4,0.7633587786259542,4.961832061068702,4,0.8405797101449275,0.3473282442748092,0.06521739130434782,0.04198473282442748,0.4827586206896552,4,0,0,0,1,0,0,0,1.1450381679389312
B85-REP-017,8.5,report,environment,writing9.com,D-auto,338,4,24.142857142857142,9.657396446374612,0.5,0.42857142857142855,0.07142857142857142,0.5,2.662721893491124,2.662721893491124,5,0.591715976331361,9.171597633136095,9,0.7647058823529411,0.19230769230769232,0.06470588235294118,0.05917159763313609,0.5294117647058824,1,2,0,2,11,0,0,4,0.0
B85-REP-018,8.5,report,health,writing9.com,D-auto,295,4,21.071428571428573,5.861061406974553,0.2857142857142857,0.5714285714285714,0.0,0.42857142857142855,2.0338983050847457,3.7288135593220337,6,0.6779661016949152,7.11864406779661,5,0.8918918918918919,0.3525423728813559,0.06756756756756757,0.023728813559322035,0.47368421052631576,2,2,0,0,2,0,0,1,0.3389830508474576
B85-REP-019,8.5,report,technology,writing9.com,D-auto,333,4,22.2,6.326663154196425,0.26666666666666666,0.4,0.13333333333333333,0.4666666666666667,2.4024024024024024,2.4024024024024024,4,1.2012012012012012,6.606606606606607,6,0.8670520231213873,0.2852852852852853,0.09248554913294797,0.036036036036036036,0.5625,3,0,0,0,2,1,2,1,0.0
B85-REP-021,8.5,report,globalization-work,writing9.com,D-auto,289,4,18.0625,5.261520098792744,0.125,0.6875,0.0625,0.25,2.422145328719723,3.114186851211073,6,1.0380622837370241,4.498269896193771,3,0.9006211180124224,0.3875432525951557,0.09316770186335403,0.04152249134948097,0.6923076923076923,2,1,0,0,8,1,0,0,0.3460207612456747
B85-REP-022,8.5,report,health,writing9.com,D-auto,265,4,22.083333333333332,9.114624999904763,0.25,0.25,0.08333333333333333,0.6666666666666666,3.3962264150943398,3.3962264150943398,5,0.7547169811320755,6.7924528301886795,6,0.8257575757575758,0.3018867924528302,0.06060606060606061,0.052830188679245285,0.36363636363636365,3,2,0,2,8,5,0,0,0.0
B85-REP-023,8.5,report,globalization-work,writing9.com,D-auto,271,4,19.357142857142858,3.8841646069492923,0.07142857142857142,0.42857142857142855,0.07142857142857142,0.5,2.5830258302583027,2.2140221402214024,3,0.7380073800738007,5.166051660516605,7,0.7857142857142857,0.3763837638376384,0.07792207792207792,0.02214022140221402,0.5714285714285714,3,3,0,0,1,0,0,0,0.0
B85-REP-024,8.5,report,social,writing9.com,D-auto,253,4,23,8.82146143324233,0.45454545454545453,0.5454545454545454,0.09090909090909091,0.36363636363636365,1.5810276679841897,1.976284584980237,4,0.7905138339920948,5.928853754940712,3,0.8466666666666667,0.3201581027667984,0.06666666666666667,0.03162055335968379,0.38095238095238093,0,2,0,2,5,0,0,0,1.1857707509881423
B85-REP-025,8.5,report,social,writing9.com,D-auto,271,4,15.941176470588236,7.116431592864289,0.11764705882352941,0.5882352941176471,0.17647058823529413,0.23529411764705882,1.4760147601476015,4.059040590405904,5,0.7380073800738007,8.487084870848708,13,0.712,0.2693726937269373,0.088,0.007380073800738007,0.9285714285714286,4,2,0,0,2,0,0,8,1.845018450184502
B85-TQ-002,8.5,two-part,social,writing9.com,D-auto,265,4,20.384615384615383,3.8737471729274375,0.15384615384615385,0.38461538461538464,0.15384615384615385,0.46153846153846156,3.3962264150943398,3.3962264150943398,6,1.509433962264151,9.056603773584905,7,0.832258064516129,0.38113207547169814,0.09032258064516129,0.01509433962264151,0.2903225806451613,2,2,0,0,0,0,0,3,0.37735849056603776
B85-TQ-003,8.5,two-part,technology,writing9.com,D-auto,376,5,20.88888888888889,6.513992536488824,0.16666666666666666,0.1111111111111111,0.16666666666666666,0.7222222222222222,3.723404255319149,4.5212765957446805,6,1.0638297872340425,11.436170212765957,15,0.7759562841530054,0.2712765957446808,0.06557377049180328,0.015957446808510637,0.3076923076923077,9,2,1,1,8,3,0,2,0.7978723404255319
B85-TQ-004,8.5,two-part,social,writing9.com,D-auto,328,4,29.818181818181817,12.604603645408737,0.6363636363636364,0.2727272727272727,0.18181818181818182,0.5454545454545454,2.7439024390243905,3.9634146341463414,6,0.3048780487804878,9.75609756097561,6,0.8373493975903614,0.27439024390243905,0.0783132530120482,0.051829268292682924,0.6551724137931034,4,5,1,0,0,0,1,2,0.6097560975609756
B85-TQ-005,8.5,two-part,media,writing9.com,D-auto,349,5,20.529411764705884,10.688738697718122,0.29411764705882354,0.35294117647058826,0.0,0.6470588235294118,4.2979942693409745,4.871060171919771,6,0.8595988538681948,6.590257879656161,7,0.9077669902912622,0.3753581661891118,0.07766990291262135,0.07736389684813753,0.5714285714285714,4,6,1,2,9,0,0,3,0.0
B85-TQ-006,8.5,two-part,education,writing9.com,D-auto,289,4,17,7.062744009319357,0.058823529411764705,0.6470588235294118,0.0,0.35294117647058826,2.7681660899653977,4.1522491349480966,5,0.6920415224913494,9.342560553633218,6,0.8461538461538461,0.3217993079584775,0.11188811188811189,0.01730103806228374,0.42857142857142855,5,2,0,1,4,0,0,0,0.0
B85-TQ-007,8.5,two-part,environment,writing9.com,D-auto,291,4,13.857142857142858,4.882287854467161,0.0,0.5714285714285714,0.14285714285714285,0.2857142857142857,2.7491408934707904,3.4364261168384878,5,1.0309278350515463,9.278350515463918,5,0.8609271523178808,0.27147766323024053,0.06622516556291391,0.044673539518900345,0.41379310344827586,2,2,0,0,0,0,0,2,0.0
B85-TQ-008,8.5,opinion,social,writing9.com,D-auto,289,4,20.642857142857142,7.788335076594106,0.21428571428571427,0.07142857142857142,0.42857142857142855,0.5,2.7681660899653977,5.536332179930795,5,1.0380622837370241,5.536332179930795,9,0.7350993377483444,0.21107266435986158,0.046357615894039736,0.04152249134948097,0.5714285714285714,7,6,0,3,4,3,0,3,0.3460207612456747
B85-TQ-009,8.5,two-part,health,writing9.com,D-auto,266,4,17.733333333333334,4.639923371014751,0.0,0.5333333333333333,0.2,0.26666666666666666,1.5037593984962405,3.3834586466165413,5,1.5037593984962405,4.511278195488722,4,0.7814569536423841,0.31203007518796994,0.052980132450331126,0.022556390977443608,0.75,6,3,0,1,1,1,1,5,1.1278195488721805
B85-TQ-010,8.5,two-part,globalization-work,writing9.com,D-auto,359,4,19.944444444444443,5.681081882707263,0.16666666666666666,0.3333333333333333,0.05555555555555555,0.6111111111111112,3.064066852367688,3.064066852367688,5,1.1142061281337048,7.520891364902507,6,0.7419354838709677,0.30362116991643456,0.08064516129032258,0.005571030640668524,0.7777777777777778,5,1,0,0,0,0,0,4,0.5571030640668524
B85-TQ-011,8.5,two-part,culture,writing9.com,D-auto,330,4,17.36842105263158,4.462835142252647,0.0,0.7894736842105263,0.15789473684210525,0.05263157894736842,0.30303030303030304,2.121212121212121,5,0.30303030303030304,7.2727272727272725,6,0.7135922330097088,0.44545454545454544,0.0825242718446602,0.021212121212121213,0.7,1,4,0,1,2,0,1,1,0.6060606060606061
B9-ADV-001,9.0,adv-disadv,media,cdieltsprep.com,B-teacher,306,4,19.125,10.647035972513665,0.1875,0.3125,0.125,0.5625,4.57516339869281,1.3071895424836601,2,0.0,8.49673202614379,3,0.8939393939393939,0.23529411764705882,0.030303030303030304,0.06862745098039216,0.5555555555555556,1,1,0,0,2,0,0,3,0.0
B9-ADV-004,9.0,adv-disadv,education,cdieltsprep.com,B-teacher,304,4,21.714285714285715,8.110210244135576,0.35714285714285715,0.21428571428571427,0.14285714285714285,0.6428571428571429,4.605263157894737,1.644736842105263,3,0.0,9.868421052631579,5,0.9029850746268657,0.25,0.08955223880597014,0.019736842105263157,0.6875,1,0,0,0,0,0,0,2,0.0
B9-ADV-005,9.0,adv-disadv,environment,ielts-blog.com,C-blog,340,4,22.666666666666668,7.5953201966005945,0.26666666666666666,0.3333333333333333,0.13333333333333333,0.5333333333333333,2.3529411764705883,2.6470588235294117,5,0.0,5.294117647058823,5,0.7344632768361582,0.2823529411764706,0.05649717514124294,0.020588235294117647,0.6363636363636364,3,2,0,0,0,0,0,2,2.0588235294117645
B9-ADV-006,9.0,adv-disadv,social,writing9.com,D-auto,330,4,30,9.496410805236797,0.8181818181818182,0.0,0.09090909090909091,0.9090909090909091,5.151515151515151,2.4242424242424243,5,0.6060606060606061,10.0,11,0.9090909090909091,0.3181818181818182,0.09090909090909091,0.048484848484848485,0.5909090909090909,6,3,0,2,4,1,0,1,0.30303030303030304
B9-ADV-008,9.0,adv-disadv,globalization-work,cdieltsprep.com,B-teacher,313,4,22.357142857142858,9.415846391339768,0.42857142857142855,0.21428571428571427,0.14285714285714285,0.6428571428571429,4.792332268370607,0.9584664536741214,2,0.0,8.30670926517572,6,0.847682119205298,0.22364217252396165,0.052980132450331126,0.04153354632587859,0.4,2,0,0,0,0,0,0,4,0.0
B9-ADV-009,9.0,adv-disadv,social,cdieltsprep.com,B-teacher,334,4,25.692307692307693,13.969112164864173,0.5384615384615384,0.23076923076923078,0.15384615384615385,0.6153846153846154,3.8922155688622753,1.4970059880239521,2,0.0,6.88622754491018,4,0.8657718120805369,0.27245508982035926,0.06040268456375839,0.020958083832335328,0.5294117647058824,4,0,0,0,0,0,0,5,0.0
B9-ADV-010,9.0,two-part,social,writing9.com,D-auto,396,5,30.46153846153846,13.141919919539825,0.6923076923076923,0.3076923076923077,0.15384615384615385,0.5384615384615384,2.272727272727273,2.0202020202020203,5,0.7575757575757576,4.292929292929293,5,0.797979797979798,0.32323232323232326,0.08080808080808081,0.05303030303030303,0.6,4,1,0,0,1,0,1,2,0.0
B9-ADV-011,9.0,adv-disadv,crime,cdieltsprep.com,B-teacher,352,4,25.142857142857142,11.4757952905679,0.6428571428571429,0.2857142857142857,0.07142857142857142,0.6428571428571429,3.977272727272727,0.8522727272727273,2,0.0,7.954545454545454,11,0.8888888888888888,0.30113636363636365,0.04093567251461988,0.03977272727272727,0.7916666666666666,2,2,0,0,0,0,0,0,0.0
B9-ADV-014,9.0,adv-disadv,social,writing9.com,D-auto,338,4,19.88235294117647,7.568373459113193,0.23529411764705882,0.7058823529411765,0.058823529411764705,0.23529411764705882,1.183431952662722,4.733727810650888,5,0.8875739644970414,5.621301775147929,6,0.8153846153846154,0.3343195266272189,0.1076923076923077,0.04142011834319527,0.5384615384615384,6,3,0,2,3,1,0,3,1.7751479289940828
B9-ADV-015,9.0,adv-disadv,technology,cdieltsprep.com,B-teacher,309,4,23.76923076923077,12.515552455023224,0.3076923076923077,0.15384615384615385,0.3076923076923077,0.5384615384615384,2.26537216828479,1.2944983818770226,3,0.0,4.854368932038835,8,0.8444444444444444,0.21359223300970873,0.05925925925925926,0.032362459546925564,0.5454545454545454,0,0,0,0,0,0,0,3,0.0
B9-ADV-016,9.0,adv-disadv,technology,cdieltsprep.com,B-teacher,314,4,19.625,7.865073108369686,0.25,0.1875,0.125,0.6875,5.414012738853503,0.9554140127388535,2,0.0,6.050955414012739,2,0.8639455782312925,0.20063694267515925,0.04081632653061224,0.01910828025477707,0.6666666666666666,2,0,0,0,0,0,0,3,0.0
B9-ADV-017,9.0,adv-disadv,social,ielts-blog.com,C-blog,282,4,21.692307692307693,6.231244046485734,0.23076923076923078,0.46153846153846156,0.15384615384615385,0.38461538461538464,2.127659574468085,1.0638297872340425,2,0.3546099290780142,5.319148936170213,8,0.684931506849315,0.25177304964539005,0.0547945205479452,0.0070921985815602835,0.625,0,0,0,0,0,0,0,4,1.4184397163120568
B9-ADV-018,9.0,adv-disadv,education,writing9.com,D-auto,298,4,22.923076923076923,10.03426083638174,0.3076923076923077,0.3076923076923077,0.15384615384615385,0.5384615384615384,3.0201342281879193,4.026845637583893,6,1.6778523489932886,8.389261744966444,10,0.7719298245614035,0.19798657718120805,0.02631578947368421,0.003355704697986577,0.8235294117647058,2,3,0,1,2,0,0,3,0.0
B9-ADV-019,9.0,adv-disadv,globalization-work,cdieltsprep.com,B-teacher,366,4,22.875,9.116434335857413,0.375,0.25,0.1875,0.5625,4.098360655737705,2.73224043715847,4,0.0,7.377049180327869,9,0.8411764705882353,0.2540983606557377,0.052941176470588235,0.03551912568306011,0.47368421052631576,4,1,1,0,0,0,0,0,0.0
B9-ADV-020,9.0,two-part,media,writing9.com,D-auto,339,4,26.076923076923077,8.137865326423503,0.38461538461538464,0.38461538461538464,0.07692307692307693,0.5384615384615384,3.5398230088495577,2.6548672566371683,6,0.8849557522123894,7.374631268436578,7,0.8850574712643678,0.30383480825958703,0.07471264367816093,0.017699115044247787,0.5,2,3,0,2,1,2,0,0,0.0
B9-ADV-021,9.0,two-part,globalization-work,cdieltsprep.com,B-teacher,311,5,25.916666666666668,12.874123486884672,0.5833333333333334,0.08333333333333333,0.08333333333333333,0.8333333333333334,4.501607717041801,0.9646302250803859,3,0.0,8.681672025723472,10,0.89171974522293,0.2958199356913183,0.03184713375796178,0.05787781350482315,0.35294117647058826,1,0,1,0,0,0,0,4,0.3215434083601286
B9-ADV-022,9.0,adv-disadv,globalization-work,writing9.com,D-auto,315,5,19.6875,6.862204000902334,0.125,0.3125,0.0625,0.625,4.126984126984127,3.1746031746031744,5,0.6349206349206349,7.301587301587301,4,0.7443609022556391,0.2253968253968254,0.022556390977443608,0.009523809523809525,0.7058823529411765,3,2,0,0,0,0,1,2,0.31746031746031744
B9-ADV-023,9.0,adv-disadv,globalization-work,cdieltsprep.com,B-teacher,300,4,25,12.069244660154448,0.5,0.16666666666666666,0.3333333333333333,0.5,2.6666666666666665,1.0,2,0.0,6.333333333333333,6,0.8758620689655172,0.21666666666666667,0.041379310344827586,0.04,0.35294117647058826,0,0,0,0,0,0,0,0,0.0
B9-ADV-025,9.0,adv-disadv,globalization-work,writing9.com,D-auto,334,4,25.692307692307693,9.925759923510723,0.46153846153846156,0.38461538461538464,0.15384615384615385,0.46153846153846156,2.9940119760479043,3.592814371257485,6,0.8982035928143712,5.9880239520958085,3,0.9047619047619048,0.3323353293413174,0.13095238095238096,0.020958083832335328,0.3333333333333333,4,3,0,0,2,0,0,0,0.2994011976047904
B9-ADV-027,9.0,adv-disadv,government,cdieltsprep.com,B-teacher,354,4,25.285714285714285,10.09546271088843,0.5,0.14285714285714285,0.21428571428571427,0.6428571428571429,4.519774011299435,0.847457627118644,3,0.0,6.214689265536723,11,0.757396449704142,0.1977401129943503,0.03550295857988166,0.01694915254237288,0.6470588235294118,1,0,0,0,0,0,0,4,0.5649717514124294
B9-ADV-028,9.0,adv-disadv,globalization-work,cdieltsprep.com,B-teacher,327,4,21.8,10.419213022104884,0.4666666666666667,0.26666666666666666,0.06666666666666667,0.6666666666666666,4.892966360856269,0.3058103975535168,1,0.0,6.72782874617737,6,0.8085106382978723,0.20489296636085627,0.07801418439716312,0.027522935779816515,0.5625,0,0,0,0,0,0,0,0,0.0
B9-ADV-029,9.0,adv-disadv,government,cdieltsprep.com,B-teacher,341,4,26.23076923076923,12.292298064885033,0.46153846153846156,0.07692307692307693,0.07692307692307693,0.8461538461538461,4.9853372434017595,2.346041055718475,2,0.0,8.504398826979472,10,0.8292682926829268,0.26099706744868034,0.07926829268292683,0.03519061583577713,0.6666666666666666,2,1,0,0,0,0,0,2,0.0
B9-ADV-030,9.0,adv-disadv,social,ielts-blog.com,C-blog,325,4,18.055555555555557,6.40722007861463,0.16666666666666666,0.5555555555555556,0.2222222222222222,0.2222222222222222,1.5384615384615385,3.6923076923076925,5,0.6153846153846154,4.0,2,0.6549707602339181,0.24923076923076923,0.029239766081871343,0.012307692307692308,1.0,4,2,0,0,0,0,0,6,0.0
B9-ADV-031,9.0,two-part,technology,writing9.com,D-auto,264,4,17.6,6.031030868212609,0.06666666666666667,0.4,0.0,0.6,4.166666666666667,3.787878787878788,5,0.3787878787878788,9.469696969696969,7,0.795774647887324,0.3371212121212121,0.13380281690140844,0.022727272727272728,0.4166666666666667,3,3,0,0,0,0,1,0,0.7575757575757576
B9-ADV-032,9.0,two-part,technology,writing9.com,D-auto,277,4,16.294117647058822,5.153693203249296,0.0,0.6470588235294118,0.058823529411764705,0.29411764705882354,2.1660649819494586,3.9711191335740073,5,1.8050541516245486,6.498194945848375,4,0.7261904761904762,0.3935018050541516,0.05952380952380952,0.018050541516245487,0.6666666666666666,3,3,0,0,0,0,0,0,1.444043321299639
B9-ADV-033,9.0,adv-disadv,media,cdieltsprep.com,B-teacher,340,4,24.285714285714285,12.354458833199635,0.35714285714285715,0.21428571428571427,0.07142857142857142,0.7142857142857143,5.0,1.1764705882352942,2,0.0,6.470588235294118,6,0.9,0.26176470588235295,0.08,0.04411764705882353,0.4444444444444444,0,0,1,0,2,0,0,0,0.0
B9-ADV-034,9.0,adv-disadv,education,writing9.com,D-auto,347,4,18.263157894736842,6.765563774409015,0.05263157894736842,0.5263157894736842,0.05263157894736842,0.42105263157894735,2.5936599423631126,2.5936599423631126,5,0.8645533141210374,8.357348703170029,8,0.823170731707317,0.2910662824207493,0.08536585365853659,0.025936599423631124,0.6470588235294118,2,2,0,0,0,0,3,0,0.0
B9-ADV-035,9.0,two-part,technology,writing9.com,D-auto,422,4,30.142857142857142,16.066189622296626,0.5714285714285714,0.35714285714285715,0.07142857142857142,0.5714285714285714,2.6066350710900474,2.3696682464454977,6,0.9478672985781991,11.137440758293838,7,0.7614213197969543,0.2677725118483412,0.06598984771573604,0.011848341232227487,0.8333333333333334,2,3,0,0,0,0,0,1,0.23696682464454977
B9-DIS-002,9.0,discussion,environment,ieltswritingcorrectionservice.com,A-examiner,284,1,18.933333333333334,10.148672600668304,0.2,0.4666666666666667,0.2,0.3333333333333333,2.112676056338028,1.7605633802816902,3,0.352112676056338,3.5211267605633805,2,0.8700564971751412,0.4225352112676056,0.096045197740113,0.07042253521126761,0.4583333333333333,2,0,0,0,0,0,0,1,0.0
B9-DIS-004,9.0,discussion,technology,ieltswritingcorrectionservice.com,A-examiner,281,1,23.416666666666668,7.017339635186226,0.4166666666666667,0.3333333333333333,0.25,0.4166666666666667,3.202846975088968,1.0676156583629892,2,0.0,4.6263345195729535,4,0.9180327868852459,0.4555160142348754,0.12021857923497267,0.09252669039145907,0.34782608695652173,1,0,0,0,0,0,0,0,0.7117437722419929
B9-DIS-005,9.0,discussion,social,writing9.com,D-auto,372,4,28.615384615384617,6.967379614907232,0.6923076923076923,0.23076923076923078,0.0,0.7692307692307693,3.4946236559139785,3.225806451612903,5,1.075268817204301,6.451612903225806,7,0.7591623036649214,0.2849462365591398,0.08900523560209424,0.021505376344086023,0.4,4,1,1,1,4,1,0,6,0.0
B9-DIS-007,9.0,discussion,social,writing9.com,D-auto,295,4,26.818181818181817,5.796835842519949,0.5454545454545454,0.09090909090909091,0.0,0.9090909090909091,3.7288135593220337,4.067796610169491,5,0.6779661016949152,7.11864406779661,6,0.7777777777777778,0.24067796610169492,0.05925925925925926,0.023728813559322035,0.45454545454545453,2,2,1,2,2,3,0,2,0.0
B9-DIS-009,9.0,discussion,social,cdieltsprep.com,B-teacher,345,4,21.5625,10.142538821715203,0.375,0.125,0.125,0.75,4.63768115942029,1.7391304347826086,4,0.0,7.246376811594203,9,0.8421052631578947,0.24057971014492754,0.05263157894736842,0.020289855072463767,0.40540540540540543,1,0,1,0,0,0,0,2,0.0
B9-DIS-010,9.0,discussion,social,cdieltsprep.com,B-teacher,330,4,22,11.063453348751464,0.4,0.3333333333333333,0.0,0.6666666666666666,5.151515151515151,0.9090909090909091,2,0.0,5.151515151515151,6,0.8486842105263158,0.23636363636363636,0.039473684210526314,0.021212121212121213,0.3181818181818182,2,0,0,0,1,0,0,0,0.30303030303030304
B9-DIS-011,9.0,discussion,globalization-work,cdieltsprep.com,B-teacher,313,4,20.866666666666667,9.912057752499674,0.26666666666666666,0.3333333333333333,0.13333333333333333,0.5333333333333333,4.15335463258786,1.2779552715654952,2,0.0,6.389776357827476,7,0.8881578947368421,0.28115015974440893,0.05921052631578947,0.038338658146964855,0.25925925925925924,4,0,0,0,0,0,0,2,0.0
B9-DIS-012,9.0,discussion,culture,cdieltsprep.com,B-teacher,340,4,20,10.510498952727891,0.35294117647058826,0.23529411764705882,0.17647058823529413,0.5882352941176471,4.705882352941177,0.8823529411764706,2,0.0,7.0588235294117645,9,0.8834355828220859,0.26176470588235295,0.018404907975460124,0.05,0.28,0,0,0,0,7,0,0,0,0.0
B9-DIS-014,9.0,discussion,media,cdieltsprep.com,B-teacher,353,4,27.153846153846153,13.190008770313488,0.5384615384615384,0.23076923076923078,0.07692307692307693,0.6923076923076923,5.38243626062323,1.13314447592068,4,0.0,6.798866855524079,7,0.8092485549132948,0.28328611898017,0.04046242774566474,0.059490084985835696,0.34615384615384615,2,0,0,0,0,0,0,2,0.0
B9-DIS-015,9.0,discussion,media,writing9.com,D-auto,360,4,22.5,5.024937810560445,0.25,0.375,0.0625,0.5625,3.3333333333333335,1.9444444444444444,5,1.1111111111111112,5.833333333333333,4,0.8164251207729468,0.4083333333333333,0.09178743961352658,0.05555555555555555,0.6896551724137931,5,1,0,1,3,0,0,2,0.0
B9-DIS-016,9.0,discussion,environment,writing9.com,D-auto,292,4,24.333333333333332,7.951240294584375,0.3333333333333333,0.4166666666666667,0.0,0.5833333333333334,4.109589041095891,2.73972602739726,6,1.7123287671232876,6.8493150684931505,3,0.8344827586206897,0.3047945205479452,0.041379310344827586,0.017123287671232876,0.5,3,1,0,0,0,0,1,2,0.0
B9-DIS-017,9.0,discussion,technology,writing9.com,D-auto,331,4,19.470588235294116,6.46363262514221,0.17647058823529413,0.6470588235294118,0.058823529411764705,0.29411764705882354,2.1148036253776437,3.323262839879154,6,1.2084592145015105,4.229607250755287,4,0.8099547511312217,0.43202416918429004,0.11312217194570136,0.02416918429003021,0.5555555555555556,3,2,0,0,4,0,0,2,1.2084592145015105
B9-DIS-018,9.0,discussion,education,cdieltsprep.com,B-teacher,336,4,22.4,12.737346662472525,0.26666666666666666,0.26666666666666666,0.06666666666666667,0.6666666666666666,3.869047619047619,0.8928571428571429,3,0.0,6.5476190476190474,7,0.8980891719745223,0.26785714285714285,0.044585987261146494,0.05654761904761905,0.4782608695652174,1,0,0,0,0,0,0,0,0.0
B9-DIS-019,9.0,discussion,globalization-work,writing9.com,D-auto,308,4,22,7.28991475552747,0.2857142857142857,0.7142857142857143,0.07142857142857142,0.21428571428571427,1.6233766233766234,3.2467532467532467,5,0.974025974025974,4.220779220779221,3,0.8113207547169812,0.2922077922077922,0.06918238993710692,0.02922077922077922,0.5769230769230769,3,3,0,1,1,1,0,0,0.0
B9-DIS-020,9.0,discussion,media,writing9.com,D-auto,582,5,21.555555555555557,15.259079466758127,0.2962962962962963,0.48148148148148145,0.14814814814814814,0.37037037037037035,2.4054982817869415,1.2027491408934707,4,0.0,5.326460481099656,10,0.808,0.20103092783505155,0.01818181818181818,0.16151202749140894,0.2916666666666667,0,2,0,1,40,2,0,1,0.0
B9-DIS-022,9.0,discussion,environment,writing9.com,D-auto,258,4,23.454545454545453,7.075741353560017,0.45454545454545453,0.09090909090909091,0.18181818181818182,0.7272727272727273,3.488372093023256,4.263565891472868,5,0.7751937984496124,5.426356589147287,6,0.7769784172661871,0.3023255813953488,0.07913669064748201,0.031007751937984496,0.7391304347826086,7,1,0,0,1,0,0,1,1.1627906976744187
B9-DIS-023,9.0,discussion,environment,writing9.com,D-auto,307,4,27.90909090909091,9.727697526833044,0.5454545454545454,0.2727272727272727,0.0,0.7272727272727273,3.9087947882736156,4.5602605863192185,5,1.3029315960912051,6.840390879478828,10,0.9066666666666666,0.30293159609120524,0.08,0.04234527687296417,0.3181818181818182,4,4,0,1,1,1,0,0,3.9087947882736156
B9-DIS-024,9.0,discussion,government,writing9.com,D-auto,256,4,21.333333333333332,9.69822435065077,0.4166666666666667,0.5,0.0,0.5,3.90625,3.125,4,0.78125,5.46875,4,0.8809523809523809,0.24609375,0.07142857142857142,0.01953125,0.5,1,5,0,1,0,1,1,0,0.390625
B9-DIS-025,9.0,discussion,crime,writing9.com,D-auto,272,4,20.923076923076923,5.928568882460829,0.23076923076923078,0.38461538461538464,0.0,0.6153846153846154,3.676470588235294,3.3088235294117645,5,1.1029411764705883,4.779411764705882,8,0.7870967741935484,0.33455882352941174,0.05161290322580645,0.029411764705882353,0.4074074074074074,3,2,1,1,3,0,0,2,0.0
B9-DIS-026,9.0,discussion,health,writing9.com,D-auto,293,4,24.416666666666668,5.880169120772709,0.4166666666666667,0.16666666666666666,0.0,0.8333333333333334,5.1194539249146755,3.0716723549488054,4,0.3412969283276451,11.262798634812286,12,0.8472222222222222,0.27986348122866894,0.0763888888888889,0.017064846416382253,0.5,5,4,0,1,2,0,0,5,0.3412969283276451
B9-DIS-027,9.0,discussion,education,writing9.com,D-auto,281,4,23.416666666666668,6.701471646005989,0.3333333333333333,0.25,0.08333333333333333,0.6666666666666666,3.5587188612099645,2.8469750889679717,4,1.0676156583629892,7.117437722419929,6,0.8028169014084507,0.27402135231316727,0.13380281690140844,0.0035587188612099642,0.5789473684210527,3,3,0,0,0,0,0,2,0.35587188612099646
B9-DIS-028,9.0,discussion,education,writing9.com,D-auto,264,4,24,9.31274786125302,0.36363636363636365,0.36363636363636365,0.0,0.6363636363636364,3.787878787878788,1.893939393939394,3,0.7575757575757576,4.924242424242424,4,0.8515625,0.3446969696969697,0.09375,0.022727272727272728,0.4482758620689655,2,1,0,0,1,0,0,0,0.0
B9-DIS-029,9.0,discussion,media,writing9.com,D-auto,253,4,16.866666666666667,5.057887130237509,0.06666666666666667,0.5333333333333333,0.06666666666666667,0.4,3.952569169960474,3.5573122529644268,5,0.0,4.3478260869565215,4,0.8407643312101911,0.40711462450592883,0.08917197452229299,0.02766798418972332,0.375,1,2,0,1,3,0,0,1,0.0
B9-DIS-030,9.0,discussion,technology,ieltswritingcorrectionservice.com,A-examiner,307,4,23.615384615384617,9.474974824715582,0.3076923076923077,0.23076923076923078,0.07692307692307693,0.6923076923076923,4.88599348534202,0.6514657980456026,2,0.0,7.166123778501628,6,0.8488372093023255,0.3517915309446254,0.05813953488372093,0.04234527687296417,0.19047619047619047,0,0,0,0,0,0,0,0,0.0
B9-DIS-031,9.0,discussion,education,ieltswritingcorrectionservice.com,A-examiner,304,4,25.333333333333332,7.597514213360987,0.5,0.25,0.08333333333333333,0.6666666666666666,3.9473684210526314,1.644736842105263,4,0.0,6.25,7,0.86875,0.39144736842105265,0.04375,0.0625,0.30434782608695654,1,0,0,0,0,0,0,0,0.0
B9-DIS-032,9.0,discussion,globalization-work,writing9.com,D-auto,298,4,16.555555555555557,7.289430874158545,0.1111111111111111,0.5555555555555556,0.05555555555555555,0.3888888888888889,3.3557046979865772,4.3624161073825505,5,1.0067114093959733,9.395973154362416,7,0.8674698795180723,0.3221476510067114,0.08433734939759036,0.03355704697986577,0.6363636363636364,6,2,0,1,2,0,0,3,0.6711409395973155
B9-OP-002,9.0,opinion,social,writing9.com,D-auto,378,4,21,6.411794687223781,0.2222222222222222,0.3888888888888889,0.0,0.6111111111111112,3.9682539682539684,2.1164021164021163,5,1.3227513227513228,7.142857142857143,4,0.7932692307692307,0.3333333333333333,0.04807692307692308,0.0291005291005291,0.6363636363636364,2,1,0,0,3,1,0,1,0.26455026455026454
B9-OP-003,9.0,opinion,globalization-work,ielts-blog.com,C-blog,318,4,24.46153846153846,10.881285166004304,0.5384615384615384,0.38461538461538464,0.07692307692307693,0.5384615384615384,3.7735849056603774,0.9433962264150944,3,0.31446540880503143,7.547169811320755,6,0.7869822485207101,0.2578616352201258,0.023668639053254437,0.02830188679245283,0.6153846153846154,0,0,0,0,2,2,0,3,0.0
B9-OP-004,9.0,opinion,social,ielts-blog.com,C-blog,275,4,18.333333333333332,6.818276093624318,0.2,0.5333333333333333,0.3333333333333333,0.13333333333333333,1.0909090909090908,3.272727272727273,5,0.36363636363636365,5.454545454545454,9,0.726027397260274,0.27636363636363637,0.02054794520547945,0.02181818181818182,0.6666666666666666,5,1,0,0,0,0,0,7,1.0909090909090908
B9-OP-005,9.0,opinion,health,ieltswritingcorrectionservice.com,A-examiner,285,1,25.90909090909091,9.169658915581275,0.5454545454545454,0.36363636363636365,0.18181818181818182,0.45454545454545453,2.456140350877193,1.0526315789473684,2,0.3508771929824561,4.2105263157894735,3,0.8306010928961749,0.5087719298245614,0.09836065573770492,0.06666666666666667,0.39285714285714285,0,0,0,0,0,0,0,0,1.4035087719298245
B9-OP-006,9.0,opinion,social,writing9.com,D-auto,351,4,23.4,8.467978900934193,0.3333333333333333,0.4,0.13333333333333333,0.4666666666666667,2.2792022792022792,2.2792022792022792,3,0.2849002849002849,3.7037037037037037,4,0.88,0.27635327635327633,0.017142857142857144,0.07122507122507123,0.4444444444444444,4,1,0,0,8,0,0,1,0.2849002849002849
B9-OP-007,9.0,opinion,education,ielts-blog.com,C-blog,319,4,21.266666666666666,9.34142506378027,0.2,0.6,0.06666666666666667,0.3333333333333333,1.567398119122257,4.702194357366771,5,0.6269592476489029,4.075235109717869,6,0.6647398843930635,0.29153605015673983,0.046242774566473986,0.018808777429467086,0.8,4,2,0,0,0,0,0,2,1.8808777429467085
B9-OP-008,9.0,opinion,globalization-work,cdieltsprep.com,B-teacher,309,4,19.3125,9.372291275349907,0.3125,0.1875,0.125,0.6875,5.501618122977346,1.941747572815534,3,0.0,9.385113268608414,8,0.8623188405797102,0.2783171521035599,0.043478260869565216,0.038834951456310676,0.5333333333333333,6,1,0,0,0,0,0,1,0.0
B9-OP-009,9.0,opinion,social,ielts-blog.com,C-blog,304,4,25.333333333333332,9.348202441586773,0.4166666666666667,0.3333333333333333,0.16666666666666666,0.5,2.960526315789474,2.3026315789473686,3,0.0,8.223684210526315,4,0.6830985915492958,0.2236842105263158,0.06338028169014084,0.02631578947368421,0.7,1,1,0,0,0,0,0,9,0.0
B9-OP-010,9.0,opinion,globalization-work,writing9.com,D-auto,278,4,21.384615384615383,4.341897166667718,0.15384615384615385,0.23076923076923078,0.0,0.7692307692307693,3.597122302158273,2.5179856115107913,6,1.079136690647482,5.39568345323741,5,0.740506329113924,0.3489208633093525,0.0949367088607595,0.01079136690647482,0.56,5,2,0,1,7,0,0,1,0.0
B9-OP-011,9.0,opinion,globalization-work,ielts-blog.com,C-blog,356,4,19.77777777777778,6.932656662136221,0.2777777777777778,0.3888888888888889,0.3333333333333333,0.2777777777777778,1.9662921348314606,2.247191011235955,2,0.5617977528089888,5.898876404494382,4,0.6470588235294118,0.23876404494382023,0.08496732026143791,0.008426966292134831,0.7142857142857143,1,0,0,0,0,0,0,3,0.2808988764044944
B9-OP-012,9.0,opinion,social,writing9.com,D-auto,265,4,20.384615384615383,3.431493542030071,0.07692307692307693,0.3076923076923077,0.07692307692307693,0.6153846153846154,3.018867924528302,3.018867924528302,5,1.8867924528301887,9.433962264150944,13,0.8057553956834532,0.28679245283018867,0.05755395683453238,0.011320754716981131,0.8181818181818182,0,2,1,0,0,0,0,1,0.0
B9-OP-013,9.0,opinion,government,ielts-blog.com,C-blog,291,4,22.384615384615383,8.269856863596775,0.3076923076923077,0.38461538461538464,0.23076923076923078,0.38461538461538464,2.0618556701030926,1.7182130584192439,2,0.3436426116838488,6.8728522336769755,4,0.7404580152671756,0.24054982817869416,0.05343511450381679,0.020618556701030927,0.7,2,0,0,0,0,1,0,8,0.0
B9-OP-014,9.0,opinion,government,cdieltsprep.com,B-teacher,314,4,20.933333333333334,11.114355082004934,0.4,0.26666666666666666,0.13333333333333333,0.6,5.414012738853503,0.9554140127388535,3,0.0,9.554140127388536,7,0.8581560283687943,0.27070063694267515,0.06382978723404255,0.03821656050955414,0.47368421052631576,1,0,0,0,0,0,0,1,0.0
B9-OP-015,9.0,opinion,health,ielts-blog.com,C-blog,276,5,21.23076923076923,10.757136065485133,0.15384615384615385,0.38461538461538464,0.0,0.6153846153846154,4.3478260869565215,2.898550724637681,5,0.7246376811594203,7.971014492753623,4,0.7651515151515151,0.286231884057971,0.05303030303030303,0.03985507246376811,0.9,0,1,0,0,0,0,0,6,0.0
B9-OP-016,9.0,opinion,globalization-work,writing9.com,D-auto,280,4,20,4.326001122779063,0.14285714285714285,0.2857142857142857,0.0,0.7142857142857143,5.714285714285714,4.642857142857143,5,0.7142857142857143,7.142857142857143,4,0.8098591549295775,0.21428571428571427,0.07042253521126761,0.03571428571428571,0.7142857142857143,6,2,1,1,2,0,0,3,0.7142857142857143
B9-OP-017,9.0,opinion,social,ielts-blog.com,C-blog,287,4,20.5,6.821709044346166,0.14285714285714285,0.21428571428571427,0.2857142857142857,0.5,2.7874564459930316,3.484320557491289,5,0.6968641114982579,6.2717770034843205,4,0.7516339869281046,0.2229965156794425,0.0392156862745098,0.013937282229965157,0.5454545454545454,2,2,0,0,0,0,0,3,0.34843205574912894
B9-OP-019,9.0,opinion,education,ielts-blog.com,C-blog,322,6,23,4.358898943540674,0.2857142857142857,0.5714285714285714,0.07142857142857142,0.35714285714285715,1.5527950310559007,2.1739130434782608,4,0.3105590062111801,6.211180124223603,8,0.6766467065868264,0.32608695652173914,0.03592814371257485,0.009316770186335404,0.4444444444444444,1,1,0,0,3,0,0,0,0.6211180124223602
B9-OP-020,9.0,opinion,health,writing9.com,D-auto,282,5,18.8,5.979966555090421,0.13333333333333333,0.4666666666666667,0.2,0.3333333333333333,2.127659574468085,3.1914893617021276,5,0.7092198581560284,3.900709219858156,3,0.7857142857142857,0.48226950354609927,0.08241758241758242,0.01773049645390071,0.7272727272727273,1,0,0,0,1,0,0,0,3.5460992907801416
B9-OP-022,9.0,opinion,education,ielts-blog.com,C-blog,315,5,24.23076923076923,7.318615318317721,0.46153846153846156,0.07692307692307693,0.46153846153846156,0.46153846153846156,1.9047619047619047,3.1746031746031744,5,0.9523809523809523,5.396825396825397,9,0.6013071895424836,0.2984126984126984,0.1437908496732026,0.012698412698412698,1.0,5,0,0,0,0,0,0,1,0.6349206349206349
B9-OP-023,9.0,opinion,globalization-work,writing9.com,D-auto,266,5,19,6.897204402613321,0.14285714285714285,0.42857142857142855,0.0,0.5714285714285714,3.007518796992481,3.3834586466165413,6,1.1278195488721805,4.887218045112782,4,0.8198757763975155,0.39473684210526316,0.09316770186335403,0.011278195488721804,0.6,1,3,0,0,0,0,0,3,0.7518796992481203
B9-OP-024,9.0,opinion,technology,ielts-blog.com,C-blog,301,4,18.8125,6.957179295519126,0.125,0.375,0.125,0.5,3.3222591362126246,1.6611295681063123,4,0.0,8.305647840531561,11,0.7183098591549296,0.2757475083056478,0.06338028169014084,0.006644518272425249,0.7692307692307693,1,1,0,0,13,0,0,3,0.0
B9-OP-025,9.0,opinion,globalization-work,writing9.com,D-auto,312,5,19.5,5.135659646043535,0.125,0.6875,0.0,0.3125,2.5641025641025643,2.8846153846153846,4,0.32051282051282054,5.448717948717949,4,0.8674698795180723,0.34294871794871795,0.0963855421686747,0.04807692307692308,0.5,1,3,0,2,3,0,0,0,0.0
B9-OP-026,9.0,opinion,education,ielts-blog.com,C-blog,303,4,23.307692307692307,7.053472853137015,0.23076923076923078,0.38461538461538464,0.0,0.6153846153846154,3.6303630363036303,2.31023102310231,4,0.9900990099009901,6.270627062706271,10,0.74375,0.31683168316831684,0.05625,0.009900990099009901,0.7,4,1,0,0,0,0,0,2,1.6501650165016502
B9-OP-028,9.0,opinion,health,ielts-blog.com,C-blog,333,4,25.615384615384617,5.718236166167939,0.5384615384615384,0.23076923076923078,0.15384615384615385,0.6153846153846154,2.7027027027027026,2.1021021021021022,4,0.3003003003003003,5.7057057057057055,9,0.6610169491525424,0.23423423423423423,0.03954802259887006,0.024024024024024024,0.75,3,0,0,0,0,0,0,10,0.0
B9-OP-029,9.0,opinion,globalization-work,writing9.com,D-auto,294,4,22.615384615384617,8.371549452561718,0.23076923076923078,0.23076923076923078,0.15384615384615385,0.6153846153846154,3.401360544217687,4.081632653061225,6,1.0204081632653061,6.122448979591836,5,0.8392857142857143,0.3435374149659864,0.10119047619047619,0.027210884353741496,0.5625,5,2,0,1,5,0,0,1,0.0
B9-OP-030,9.0,adv-disadv,education,ielts-blog.com,C-blog,350,4,21.875,6.183395103015818,0.375,0.25,0.1875,0.5625,2.5714285714285716,5.428571428571429,6,1.7142857142857142,5.714285714285714,5,0.65625,0.3314285714285714,0.020833333333333332,0.011428571428571429,1.0,5,2,0,0,1,0,0,0,0.5714285714285714
B9-OP-032,9.0,opinion,government,ielts-blog.com,C-blog,254,4,18.142857142857142,6.631711079105806,0.07142857142857142,0.5,0.07142857142857142,0.42857142857142855,3.543307086614173,2.7559055118110236,3,0.0,6.299212598425197,9,0.7520661157024794,0.33858267716535434,0.049586776859504134,0.015748031496062992,0.5,4,0,0,0,0,0,0,1,0.0
B9-OP-033,9.0,opinion,social,writing9.com,D-auto,309,4,20.6,4.484045792213396,0.13333333333333333,0.5333333333333333,0.06666666666666667,0.4,1.941747572815534,2.588996763754045,5,0.970873786407767,6.472491909385114,8,0.8784530386740331,0.42071197411003236,0.09392265193370165,0.03559870550161812,0.6666666666666666,0,3,0,0,1,0,0,1,1.6181229773462784
B9-OP-036,9.0,opinion,social,ielts-blog.com,C-blog,309,4,23.76923076923077,6.116231194425914,0.38461538461538464,0.15384615384615385,0.23076923076923078,0.6153846153846154,3.883495145631068,3.236245954692557,4,0.32362459546925565,9.06148867313916,9,0.7299270072992701,0.23948220064724918,0.051094890510948905,0.003236245954692557,1.0,3,1,0,0,0,0,0,6,0.0
B9-OP-037,9.0,opinion,social,ielts-blog.com,C-blog,338,4,26,11.675088535325644,0.6153846153846154,0.3076923076923077,0.07692307692307693,0.6153846153846154,4.437869822485207,1.4792899408284024,3,0.0,7.988165680473373,5,0.75,0.20710059171597633,0.04878048780487805,0.01775147928994083,0.75,1,0,0,0,0,0,0,8,0.0
B9-OP-038,9.0,opinion,culture,ielts-blog.com,C-blog,274,4,21.076923076923077,8.203765912550711,0.3076923076923077,0.46153846153846156,0.07692307692307693,0.46153846153846156,3.6496350364963503,2.5547445255474455,5,0.36496350364963503,7.664233576642336,4,0.7196969696969697,0.18248175182481752,0.045454545454545456,0.0364963503649635,0.8461538461538461,0,2,0,1,4,0,0,5,0.0
B9-OP-040,9.0,opinion,culture,ielts-blog.com,C-blog,340,4,21.25,6.740734381356382,0.3125,0.6875,0.0625,0.25,1.7647058823529411,3.235294117647059,4,1.1764705882352942,5.294117647058823,7,0.7080745341614907,0.2852941176470588,0.024844720496894408,0.0058823529411764705,0.5714285714285714,4,0,0,0,0,0,0,5,1.7647058823529411
B9-OP-042,9.0,opinion,social,ielts-blog.com,C-blog,364,4,20.22222222222222,7.192245481192114,0.16666666666666666,0.1111111111111111,0.1111111111111111,0.7777777777777778,5.769230769230769,2.197802197802198,3,0.0,9.065934065934066,16,0.6686390532544378,0.2554945054945055,0.01775147928994083,0.054945054945054944,0.7142857142857143,4,0,0,0,0,0,0,2,0.27472527472527475
B9-OP-045,9.0,opinion,government,cdieltsprep.com,B-teacher,304,4,19,9.16515138991168,0.3125,0.375,0.125,0.5,4.276315789473684,0.6578947368421053,1,0.0,6.25,3,0.8707482993197279,0.2236842105263158,0.04081632653061224,0.0756578947368421,0.3684210526315789,0,1,0,0,0,0,0,0,0.32894736842105265
B9-OP-046,9.0,opinion,social,writing9.com,D-auto,341,4,20.058823529411764,5.439188826149097,0.29411764705882354,0.47058823529411764,0.058823529411764705,0.47058823529411764,3.225806451612903,4.69208211143695,5,0.8797653958944281,5.865102639296188,8,0.7746478873239436,0.436950146627566,0.08450704225352113,0.01466275659824047,0.5833333333333334,4,3,0,2,5,0,1,3,0.2932551319648094
B9-OP-047,9.0,opinion,media,ielts-blog.com,C-blog,260,4,21.666666666666668,5.328122454381927,0.25,0.25,0.16666666666666666,0.5833333333333334,2.6923076923076925,1.5384615384615385,3,0.0,5.769230769230769,7,0.8059701492537313,0.2230769230769231,0.11194029850746269,0.0038461538461538464,0.6,1,1,0,0,1,0,0,3,2.6923076923076925
B9-OP-048,9.0,opinion,social,writing9.com,D-auto,350,4,23.333333333333332,7.604092465391398,0.4,0.13333333333333333,0.26666666666666666,0.6,3.4285714285714284,3.4285714285714284,5,0.5714285714285714,6.285714285714286,9,0.8502673796791443,0.32285714285714284,0.0748663101604278,0.04857142857142857,0.4375,3,1,1,1,1,0,0,1,0.2857142857142857
B9-OP-049,9.0,opinion,globalization-work,ielts-blog.com,C-blog,302,4,25.166666666666668,8.039831396794892,0.4166666666666667,0.16666666666666666,0.3333333333333333,0.5,2.980132450331126,1.3245033112582782,3,0.0,9.602649006622517,6,0.7272727272727273,0.2052980132450331,0.06993006993006994,0.006622516556291391,0.8888888888888888,3,0,0,0,0,0,0,10,0.33112582781456956
B9-OP-050,9.0,opinion,health,writing9.com,D-auto,358,4,32.54545454545455,11.499910168531645,0.6363636363636364,0.18181818181818182,0.0,0.8181818181818182,4.4692737430167595,3.0726256983240225,4,0.8379888268156425,7.5418994413407825,11,0.8085106382978723,0.26536312849162014,0.026595744680851064,0.036312849162011177,0.5217391304347826,7,2,0,2,7,1,0,1,0.27932960893854747
B9-OP-051,9.0,opinion,education,ielts-blog.com,C-blog,372,5,23.25,7.595228765481656,0.3125,0.375,0.125,0.5,2.4193548387096775,2.150537634408602,3,0.26881720430107525,8.870967741935484,14,0.6987951807228916,0.1774193548387097,0.06626506024096386,0.013440860215053764,0.6923076923076923,3,1,1,0,0,0,0,1,0.26881720430107525
B9-OP-052,9.0,opinion,education,writing9.com,D-auto,270,6,20.76923076923077,7.422977281116811,0.23076923076923078,0.46153846153846156,0.38461538461538464,0.15384615384615385,0.7407407407407407,2.962962962962963,4,1.1111111111111112,1.1111111111111112,1,0.8125,0.5037037037037037,0.06818181818181818,0.05185185185185185,0.4666666666666667,1,0,0,0,0,3,0,0,0.37037037037037035
B9-OP-053,9.0,opinion,education,ielts-blog.com,C-blog,322,5,18.941176470588236,7.565172430951895,0.29411764705882354,0.23529411764705882,0.17647058823529413,0.5882352941176471,4.037267080745342,3.7267080745341614,5,0.3105590062111801,8.695652173913043,16,0.6878980891719745,0.30745341614906835,0.050955414012738856,0.027950310559006212,1.0,5,1,0,0,0,0,0,1,0.0
B9-OP-054,9.0,opinion,technology,ielts-blog.com,C-blog,349,4,23.266666666666666,7.187643718369896,0.4,0.2,0.06666666666666667,0.7333333333333333,4.011461318051576,2.5787965616045847,4,0.8595988538681948,9.169054441260744,10,0.5494505494505495,0.28653295128939826,0.06593406593406594,0.025787965616045846,0.5833333333333334,4,0,0,0,1,0,0,3,0.0
B9-OP-055,9.0,opinion,education,writing9.com,D-auto,310,4,20.666666666666668,5.985166849990251,0.26666666666666666,0.5333333333333333,0.0,0.4666666666666667,3.5483870967741935,4.193548387096774,5,1.6129032258064515,6.129032258064516,4,0.803680981595092,0.3193548387096774,0.08588957055214724,0.01935483870967742,0.6470588235294118,6,2,0,2,1,2,1,2,0.3225806451612903
B9-OP-057,9.0,opinion,education,ielts-blog.com,C-blog,340,4,22.666666666666668,7.161626134397752,0.3333333333333333,0.4,0.2,0.4,2.0588235294117645,2.6470588235294117,5,0.29411764705882354,3.823529411764706,2,0.5609756097560976,0.2823529411764706,0.10975609756097561,0.0058823529411764705,0.8888888888888888,3,1,0,1,1,0,0,0,0.29411764705882354
B9-OP-058,9.0,opinion,environment,writing9.com,D-auto,268,4,22.333333333333332,5.08811250749125,0.3333333333333333,0.16666666666666666,0.16666666666666666,0.6666666666666666,3.7313432835820897,1.8656716417910448,4,0.373134328358209,6.7164179104477615,5,0.7928994082840237,0.4253731343283582,0.10650887573964497,0.018656716417910446,0.6111111111111112,1,1,2,0,3,0,0,1,2.985074626865672
B9-OP-059,9.0,opinion,health,ielts-blog.com,C-blog,363,4,21.352941176470587,5.016926367110681,0.17647058823529413,0.5882352941176471,0.17647058823529413,0.23529411764705882,1.6528925619834711,3.0303030303030303,5,0.27548209366391185,4.958677685950414,7,0.6205128205128205,0.209366391184573,0.03076923076923077,0.01652892561983471,0.8571428571428571,4,3,0,0,0,0,0,7,0.0
B9-OP-060,9.0,opinion,media,cdieltsprep.com,B-teacher,325,4,23.214285714285715,12.502448739738785,0.42857142857142855,0.35714285714285715,0.07142857142857142,0.5714285714285714,4.3076923076923075,1.2307692307692308,3,0.0,5.846153846153846,10,0.823943661971831,0.19384615384615383,0.028169014084507043,0.052307692307692305,0.5454545454545454,2,0,0,0,0,0,0,3,0.0
B9-OP-062,9.0,opinion,crime,ielts-blog.com,C-blog,332,4,22.133333333333333,8.460627767619979,0.3333333333333333,0.3333333333333333,0.13333333333333333,0.5333333333333333,3.0120481927710845,4.518072289156627,5,0.6024096385542169,6.325301204819277,5,0.6764705882352942,0.286144578313253,0.052941176470588235,0.03313253012048193,0.8,10,0,0,0,0,0,0,5,0.6024096385542169
B9-OP-063,9.0,opinion,globalization-work,writing9.com,D-auto,265,4,22.083333333333332,6.701471646005989,0.25,0.4166666666666667,0.08333333333333333,0.5,3.018867924528302,3.7735849056603774,5,1.1320754716981132,10.18867924528302,6,0.8258064516129032,0.35471698113207545,0.12258064516129032,0.01509433962264151,0.6111111111111112,2,3,0,2,1,2,0,2,1.8867924528301887
B9-OP-064,9.0,opinion,social,ielts-blog.com,C-blog,347,4,19.27777777777778,7.504114097950652,0.2222222222222222,0.4444444444444444,0.16666666666666666,0.3888888888888889,3.170028818443804,2.0172910662824206,4,0.2881844380403458,3.7463976945244957,3,0.7266666666666667,0.21037463976945245,0.02666666666666667,0.01729106628242075,0.2857142857142857,2,0,0,0,0,0,0,1,0.0
B9-OP-065,9.0,opinion,social,writing9.com,D-auto,289,4,20.642857142857142,6.650533199431057,0.14285714285714285,0.5714285714285714,0.07142857142857142,0.35714285714285715,1.7301038062283738,3.114186851211073,5,0.6920415224913494,3.4602076124567476,2,0.8106508875739645,0.3217993079584775,0.047337278106508875,0.03460207612456748,0.6,2,2,0,2,6,0,0,0,0.3460207612456747
B9-OP-066,9.0,opinion,education,ielts-blog.com,C-blog,295,4,22.692307692307693,6.437684908586977,0.23076923076923078,0.15384615384615385,0.15384615384615385,0.6923076923076923,4.406779661016949,3.0508474576271185,5,1.0169491525423728,7.11864406779661,7,0.6906474820143885,0.3220338983050847,0.050359712230215826,0.006779661016949152,0.5,4,1,0,0,0,0,0,1,1.694915254237288
B9-OP-067,9.0,opinion,technology,writing9.com,D-auto,289,4,22.23076923076923,8.228971766348511,0.3076923076923077,0.46153846153846156,0.0,0.5384615384615384,3.114186851211073,2.7681660899653977,5,0.6920415224913494,4.1522491349480966,3,0.8192090395480226,0.4844290657439446,0.096045197740113,0.05536332179930796,0.4782608695652174,1,3,0,0,0,0,0,0,0.0
B9-OP-068,9.0,opinion,education,cdieltsprep.com,B-teacher,321,4,29.181818181818183,11.899718727143258,0.6363636363636364,0.18181818181818182,0.18181818181818182,0.6363636363636364,3.426791277258567,0.9345794392523364,2,0.0,7.788161993769471,5,0.879746835443038,0.2803738317757009,0.0759493670886076,0.06542056074766354,0.3333333333333333,0,0,0,0,0,0,0,1,0.3115264797507788
B9-OP-069,9.0,opinion,education,writing9.com,D-auto,262,4,21.833333333333332,5.550275268448904,0.25,0.3333333333333333,0.25,0.4166666666666667,2.6717557251908395,4.198473282442748,6,1.1450381679389312,5.343511450381679,6,0.8613138686131386,0.38549618320610685,0.0364963503649635,0.011450381679389313,0.5625,2,1,0,0,5,0,1,2,0.3816793893129771
B9-OP-070,9.0,opinion,crime,cdieltsprep.com,B-teacher,331,5,22.066666666666666,11.14430597011566,0.3333333333333333,0.2,0.3333333333333333,0.4666666666666667,3.9274924471299095,2.1148036253776437,3,0.0,6.042296072507553,5,0.8506493506493507,0.2688821752265861,0.05194805194805195,0.03625377643504532,0.35294117647058826,2,0,0,0,0,0,0,0,0.3021148036253776
B9-OP-071,9.0,opinion,social,writing9.com,D-auto,275,4,18.333333333333332,4.060651288757616,0.0,0.26666666666666666,0.13333333333333333,0.6,3.6363636363636362,3.6363636363636362,5,0.36363636363636365,8.0,7,0.7692307692307693,0.41818181818181815,0.05917159763313609,0.025454545454545455,0.5555555555555556,3,2,0,1,3,0,0,0,0.0
B9-OP-072,9.0,opinion,media,ielts-blog.com,C-blog,316,5,22.571428571428573,6.137871731125953,0.2857142857142857,0.21428571428571427,0.07142857142857142,0.7142857142857143,4.113924050632911,2.2151898734177213,2,0.31645569620253167,8.227848101265822,7,0.7037037037037037,0.27531645569620256,0.05185185185185185,0.022151898734177215,0.8571428571428571,4,1,0,0,1,0,0,4,0.0
B9-OP-074,9.0,opinion,social,ielts-blog.com,C-blog,289,4,20.642857142857142,6.903489209472709,0.21428571428571427,0.6428571428571429,0.0,0.35714285714285715,2.422145328719723,2.422145328719723,3,1.0380622837370241,7.612456747404845,6,0.6375838926174496,0.3356401384083045,0.04697986577181208,0.010380622837370242,0.7777777777777778,5,0,0,0,0,0,0,1,0.0
B9-OP-075,9.0,opinion,environment,cdieltsprep.com,B-teacher,315,4,21,8.6178110136314,0.3333333333333333,0.13333333333333333,0.13333333333333333,0.7333333333333333,4.761904761904762,1.2698412698412698,3,0.0,5.396825396825397,6,0.8888888888888888,0.27936507936507937,0.0625,0.050793650793650794,0.42105263157894735,2,0,0,0,0,0,0,0,0.0
B9-OP-077,9.0,opinion,globalization-work,ielts-blog.com,C-blog,379,4,22.294117647058822,9.1443631359778,0.35294117647058826,0.29411764705882354,0.11764705882352941,0.5882352941176471,3.1662269129287597,2.638522427440633,5,0.2638522427440633,7.915567282321899,13,0.7120418848167539,0.287598944591029,0.08376963350785341,0.0079155672823219,0.5,3,1,0,0,0,0,0,7,0.5277044854881267
B9-OP-078,9.0,opinion,social,cdieltsprep.com,B-teacher,337,5,22.466666666666665,14.94374636948699,0.3333333333333333,0.2,0.13333333333333333,0.6666666666666666,4.451038575667655,0.5934718100890207,1,0.0,5.637982195845697,6,0.8703703703703703,0.2344213649851632,0.07407407407407407,0.06528189910979229,0.38461538461538464,0,0,0,0,0,0,0,3,0.29673590504451036
B9-OP-079,9.0,opinion,environment,writing9.com,D-auto,372,4,31,12.832251036613439,0.6666666666666666,0.16666666666666666,0.08333333333333333,0.75,4.838709677419355,1.881720430107527,3,0.8064516129032258,6.451612903225806,11,0.754601226993865,0.22043010752688172,0.049079754601226995,0.01881720430107527,0.5652173913043478,3,4,0,1,5,0,0,2,0.5376344086021505
B9-OP-081,9.0,opinion,globalization-work,ielts-blog.com,C-blog,301,4,20.066666666666666,5.555377774933242,0.26666666666666666,0.5333333333333333,0.13333333333333333,0.3333333333333333,1.9933554817275747,2.6578073089700998,5,0.9966777408637874,5.3156146179401995,4,0.75,0.30564784053156147,0.08552631578947369,0.023255813953488372,0.4444444444444444,0,2,0,1,4,0,0,1,0.0
B9-OP-082,9.0,opinion,media,cdieltsprep.com,B-teacher,325,5,21.666666666666668,11.139519239576225,0.4,0.3333333333333333,0.13333333333333333,0.5333333333333333,3.076923076923077,2.1538461538461537,3,0.0,6.461538461538462,7,0.9194630872483222,0.26461538461538464,0.040268456375838924,0.052307692307692305,0.2727272727272727,0,0,0,0,0,0,0,0,0.0
B9-OP-083,9.0,opinion,social,ielts-blog.com,C-blog,335,5,23.928571428571427,11.949084159252456,0.35714285714285715,0.2857142857142857,0.0,0.7142857142857143,5.074626865671642,0.29850746268656714,1,0.0,8.059701492537313,6,0.6753246753246753,0.15522388059701492,0.045454545454545456,0.03880597014925373,0.875,0,0,0,0,0,0,0,1,0.0
B9-OP-084,9.0,opinion,technology,cdieltsprep.com,B-teacher,334,4,23.857142857142858,9.833304508201728,0.42857142857142855,0.21428571428571427,0.07142857142857142,0.7142857142857143,5.389221556886228,2.694610778443114,2,0.0,7.485029940119761,4,0.8940397350993378,0.2754491017964072,0.033112582781456956,0.05389221556886228,0.36363636363636365,5,0,0,0,1,0,0,0,0.2994011976047904
B9-OP-085,9.0,opinion,globalization-work,writing9.com,D-auto,279,4,25.363636363636363,7.138534701600211,0.5454545454545454,0.18181818181818182,0.0,0.8181818181818182,4.659498207885305,4.301075268817204,6,1.075268817204301,8.960573476702509,9,0.9459459459459459,0.3010752688172043,0.10135135135135136,0.03942652329749104,0.42857142857142855,4,3,1,1,2,0,0,1,0.0
B9-OP-086,9.0,opinion,environment,writing9.com,D-auto,259,4,19.923076923076923,7.076086907123157,0.23076923076923078,0.5384615384615384,0.07692307692307693,0.38461538461538464,1.9305019305019304,2.7027027027027026,4,0.7722007722007722,8.494208494208495,4,0.9370629370629371,0.3745173745173745,0.06293706293706294,0.015444015444015444,0.42857142857142855,3,3,0,2,7,2,0,2,0.0
B9-OP-087,9.0,opinion,technology,writing9.com,D-auto,340,4,17,6.172519744804386,0.1,0.6,0.2,0.2,1.1764705882352942,2.9411764705882355,5,0.0,3.823529411764706,2,0.7385321100917431,0.40294117647058825,0.06422018348623854,0.03823529411764706,0.6,4,1,0,0,1,0,0,2,0.5882352941176471
B9-OP-088,9.0,opinion,social,writing9.com,D-auto,267,4,16.6875,7.103861186003003,0.125,0.4375,0.125,0.4375,2.6217228464419478,3.745318352059925,4,1.1235955056179776,10.112359550561798,10,0.8115942028985508,0.29213483146067415,0.07971014492753623,0.011235955056179775,0.4090909090909091,1,3,0,1,1,0,1,1,1.1235955056179776
B9-OP-089,9.0,opinion,culture,writing9.com,D-auto,324,4,24.923076923076923,6.219838465148784,0.38461538461538464,0.3076923076923077,0.07692307692307693,0.6153846153846154,3.3950617283950617,3.3950617283950617,5,1.5432098765432098,7.407407407407407,7,0.8383233532934131,0.3148148148148148,0.059880239520958084,0.040123456790123455,0.6,3,1,1,1,1,0,0,2,3.7037037037037037
B9-OP-091,9.0,opinion,crime,writing9.com,D-auto,291,4,26.454545454545453,7.02416137166613,0.5454545454545454,0.36363636363636365,0.0,0.6363636363636364,3.4364261168384878,2.0618556701030926,3,0.6872852233676976,4.810996563573883,7,0.8296296296296296,0.281786941580756,0.07407407407407407,0.024054982817869417,0.25,6,0,0,0,1,11,0,0,0.0
B9-OP-092,9.0,opinion,health,writing9.com,D-auto,276,4,23,9.00925450115972,0.3333333333333333,0.3333333333333333,0.08333333333333333,0.5833333333333334,4.3478260869565215,4.7101449275362315,6,1.0869565217391304,6.884057971014493,4,0.7755102040816326,0.2644927536231884,0.02040816326530612,0.010869565217391304,0.6666666666666666,3,2,0,0,0,0,1,2,0.36231884057971014
B9-OP-093,9.0,opinion,health,writing9.com,D-auto,333,4,22.2,7.652450587883596,0.26666666666666666,0.3333333333333333,0.13333333333333333,0.5333333333333333,2.4024024024024024,3.903903903903904,4,0.6006006006006006,4.504504504504505,4,0.872093023255814,0.23723723723723725,0.05232558139534884,0.04804804804804805,0.7,5,4,0,2,4,0,0,3,0.0
B9-OP-095,9.0,opinion,culture,writing9.com,D-auto,261,4,21.75,8.51591647054698,0.16666666666666666,0.3333333333333333,0.16666666666666666,0.5,3.4482758620689653,4.21455938697318,5,0.3831417624521073,6.513409961685824,3,0.8811188811188811,0.32567049808429116,0.055944055944055944,0.07279693486590039,0.4666666666666667,4,3,0,0,0,0,0,2,1.1494252873563218
B9-OP-096,9.0,opinion,education,writing9.com,D-auto,273,4,22.75,6.94172168845741,0.3333333333333333,0.3333333333333333,0.16666666666666666,0.5,2.5641025641025643,3.2967032967032965,4,0.7326007326007326,2.93040293040293,2,0.9219858156028369,0.326007326007326,0.07092198581560284,0.040293040293040296,0.6923076923076923,4,1,0,0,6,1,1,2,0.0
B9-OP-097,9.0,opinion,environment,writing9.com,D-auto,312,4,22.285714285714285,6.099514868631198,0.2857142857142857,0.35714285714285715,0.14285714285714285,0.5,2.5641025641025643,2.5641025641025643,5,0.9615384615384616,4.8076923076923075,3,0.7602339181286549,0.34935897435897434,0.05263157894736842,0.04487179487179487,0.7777777777777778,0,3,0,0,2,0,0,0,0.6410256410256411
B9-OP-099,9.0,opinion,social,writing9.com,D-auto,286,4,20.428571428571427,8.015291508060308,0.2857142857142857,0.5714285714285714,0.0,0.42857142857142855,2.797202797202797,4.895104895104895,5,0.34965034965034963,3.1468531468531467,3,0.8192771084337349,0.3706293706293706,0.10240963855421686,0.03146853146853147,0.5555555555555556,5,2,0,0,0,0,0,2,0.0
B9-OP-100,9.0,opinion,education,writing9.com,D-auto,319,4,19.9375,8.785419383842754,0.3125,0.5,0.0,0.5,3.134796238244514,2.5078369905956115,6,0.6269592476489029,6.269592476489028,8,0.8108108108108109,0.26332288401253917,0.06756756756756757,0.02821316614420063,0.5384615384615384,2,2,0,2,3,0,0,0,0.0
B9-OP-102,9.0,opinion,technology,writing9.com,D-auto,368,4,30.666666666666668,7.295356209413097,0.75,0.3333333333333333,0.0,0.6666666666666666,3.532608695652174,2.1739130434782608,5,0.5434782608695652,6.25,12,0.7661691542288557,0.37771739130434784,0.08955223880597014,0.04891304347826087,0.5,1,2,0,0,3,0,1,1,0.0
B9-OP-103,9.0,opinion,crime,writing9.com,D-auto,385,5,19.25,6.386509218657717,0.25,0.55,0.25,0.2,1.2987012987012987,3.3766233766233764,6,1.0389610389610389,2.857142857142857,3,0.7510204081632653,0.44415584415584414,0.06938775510204082,0.03896103896103896,0.35714285714285715,2,3,0,0,0,0,0,0,1.2987012987012987
B9-OP-104,9.0,opinion,technology,writing9.com,D-auto,295,4,24.583333333333332,7.931564928954577,0.5,0.3333333333333333,0.16666666666666666,0.5,2.0338983050847457,3.389830508474576,5,1.0169491525423728,4.406779661016949,3,0.8682634730538922,0.3525423728813559,0.08982035928143713,0.04067796610169491,0.36363636363636365,1,2,0,1,3,1,0,2,0.3389830508474576
B9-OP-105,9.0,opinion,education,writing9.com,D-auto,315,4,19.6875,7.380030064301907,0.125,0.375,0.0625,0.5625,4.444444444444445,2.5396825396825395,5,0.6349206349206349,8.571428571428571,7,0.6850828729281768,0.4031746031746032,0.07734806629834254,0.009523809523809525,0.5,1,3,1,2,3,2,1,0,4.761904761904762
B9-OP-106,9.0,opinion,technology,writing9.com,D-auto,373,4,24.866666666666667,10.732298086720395,0.4666666666666667,0.4,0.06666666666666667,0.5333333333333333,2.4128686327077746,2.4128686327077746,4,0.2680965147453083,9.919571045576408,10,0.764102564102564,0.30294906166219837,0.08205128205128205,0.058981233243967826,0.42857142857142855,4,2,0,2,11,4,0,1,0.0
B9-OP-109,9.0,opinion,globalization-work,writing9.com,D-auto,294,4,24.5,9.920517459622086,0.5,0.5833333333333334,0.08333333333333333,0.3333333333333333,1.7006802721088434,2.7210884353741496,5,0.6802721088435374,4.421768707482993,3,0.7976190476190477,0.3401360544217687,0.07142857142857142,0.047619047619047616,0.6470588235294118,4,3,0,3,9,4,0,1,0.0
B9-OP-110,9.0,opinion,technology,writing9.com,D-auto,263,6,18.785714285714285,7.042509408975625,0.14285714285714285,0.7142857142857143,0.07142857142857142,0.21428571428571427,1.1406844106463878,2.661596958174905,3,1.1406844106463878,3.802281368821293,4,0.8402777777777778,0.33460076045627374,0.034722222222222224,0.08745247148288973,0.3333333333333333,0,1,0,0,5,3,0,0,0.0
B9-REP-001,9.0,report,technology,writing9.com,D-auto,253,4,23,7.567874686642695,0.45454545454545453,0.45454545454545453,0.18181818181818182,0.36363636363636365,1.5810276679841897,3.5573122529644268,5,0.3952569169960474,3.5573122529644268,5,0.7272727272727273,0.33201581027667987,0.05194805194805195,0.015810276679841896,0.631578947368421,7,3,0,2,2,0,0,3,0.0
B9-REP-002,9.0,report,crime,cdieltsprep.com,B-teacher,334,4,25.692307692307693,12.356154588423445,0.5384615384615384,0.15384615384615385,0.07692307692307693,0.7692307692307693,3.8922155688622753,1.1976047904191616,3,0.0,4.790419161676646,7,0.8855421686746988,0.2754491017964072,0.04216867469879518,0.0658682634730539,0.29411764705882354,2,0,0,0,0,0,0,1,0.0
B9-REP-003,9.0,report,social,cdieltsprep.com,B-teacher,363,4,24.2,10.290448645872216,0.5333333333333333,0.2,0.06666666666666667,0.7333333333333333,4.958677685950414,1.3774104683195592,3,0.0,5.509641873278237,5,0.8228571428571428,0.21487603305785125,0.017142857142857144,0.02203856749311295,0.5555555555555556,1,0,0,0,2,0,0,6,0.0
B9-REP-004,9.0,report,crime,cdieltsprep.com,B-teacher,304,4,16.88888888888889,7.241001226724941,0.16666666666666666,0.3333333333333333,0.1111111111111111,0.5555555555555556,4.276315789473684,1.644736842105263,2,0.0,5.592105263157895,4,0.910958904109589,0.28618421052631576,0.0821917808219178,0.05263157894736842,0.2222222222222222,5,1,0,0,1,0,0,1,0.0
B9-REP-005,9.0,report,health,writing9.com,D-auto,280,4,20,4.488079449258573,0.2857142857142857,0.7142857142857143,0.07142857142857142,0.21428571428571427,1.4285714285714286,3.2142857142857144,5,0.7142857142857143,4.285714285714286,3,0.7724550898203593,0.3821428571428571,0.08383233532934131,0.007142857142857143,0.46153846153846156,4,4,0,0,1,0,0,2,1.7857142857142858
B9-REP-006,9.0,report,education,cdieltsprep.com,B-teacher,318,4,22.714285714285715,13.111764463524304,0.42857142857142855,0.21428571428571427,0.21428571428571427,0.5714285714285714,3.7735849056603774,0.6289308176100629,2,0.0,6.60377358490566,5,0.9246575342465754,0.27672955974842767,0.02054794520547945,0.02830188679245283,0.3684210526315789,3,0,0,0,0,0,0,1,0.0
B9-REP-008,9.0,report,globalization-work,cdieltsprep.com,B-teacher,311,4,22.214285714285715,10.890222163735238,0.5,0.2857142857142857,0.14285714285714285,0.5714285714285714,3.536977491961415,1.9292604501607717,3,0.0,6.752411575562701,5,0.8496732026143791,0.27009646302250806,0.026143790849673203,0.04501607717041801,0.5714285714285714,1,0,0,0,0,0,0,3,0.0
B9-REP-009,9.0,report,social,cdieltsprep.com,B-teacher,302,4,21.571428571428573,8.312763729129232,0.2857142857142857,0.21428571428571427,0.2857142857142857,0.5,3.9735099337748343,1.9867549668874172,3,0.0,8.609271523178808,10,0.9536423841059603,0.2814569536423841,0.059602649006622516,0.039735099337748346,0.4,1,0,0,0,1,0,0,2,0.0
B9-REP-010,9.0,report,environment,ielts-blog.com,C-blog,344,4,24.571428571428573,5.447335989982177,0.35714285714285715,0.42857142857142855,0.14285714285714285,0.42857142857142855,2.0348837209302326,1.4534883720930232,4,0.29069767441860467,4.941860465116279,3,0.6740331491712708,0.2877906976744186,0.03867403314917127,0.005813953488372093,0.7142857142857143,3,2,0,0,0,0,0,3,1.4534883720930232
B9-REP-012,9.0,report,health,cdieltsprep.com,B-teacher,347,4,23.133333333333333,9.762968583149059,0.4,0.2,0.06666666666666667,0.7333333333333333,5.187319884726225,1.440922190201729,3,0.0,8.93371757925072,5,0.8674033149171271,0.23631123919308358,0.016574585635359115,0.05763688760806916,0.55,2,0,0,0,0,0,0,0,0.0
B9-REP-013,9.0,report,culture,writing9.com,D-auto,312,4,22.285714285714285,5.724989974146823,0.2857142857142857,0.2857142857142857,0.0,0.7142857142857143,3.5256410256410255,2.8846153846153846,5,0.9615384615384616,5.128205128205129,3,0.8957055214723927,0.358974358974359,0.06748466257668712,0.057692307692307696,0.5,2,1,0,0,0,0,0,2,0.32051282051282054
B9-REP-015,9.0,report,health,cdieltsprep.com,B-teacher,312,4,22.285714285714285,8.241260058203403,0.35714285714285715,0.14285714285714285,0.0,0.8571428571428571,5.769230769230769,1.6025641025641026,3,0.0,7.6923076923076925,9,0.8670886075949367,0.2916666666666667,0.04430379746835443,0.03205128205128205,0.4782608695652174,3,0,0,0,0,0,0,2,0.0
B9-REP-016,9.0,report,health,cdieltsprep.com,B-teacher,331,5,25.46153846153846,11.926798426654958,0.6153846153846154,0.15384615384615385,0.07692307692307693,0.7692307692307693,5.740181268882175,1.5105740181268883,2,0.0,5.438066465256798,4,0.922077922077922,0.283987915407855,0.025974025974025976,0.05740181268882175,0.8181818181818182,4,0,1,0,0,0,0,1,0.0
B9-REP-018,9.0,report,education,writing9.com,D-auto,309,4,18.176470588235293,5.8735227841725255,0.17647058823529413,0.6470588235294118,0.11764705882352941,0.23529411764705882,1.2944983818770226,3.236245954692557,5,1.6181229773462784,6.472491909385114,3,0.7688172043010753,0.37216828478964403,0.0967741935483871,0.009708737864077669,0.7857142857142857,0,1,0,0,0,0,0,5,1.2944983818770226
B9-REP-019,9.0,report,technology,cdieltsprep.com,B-teacher,303,4,20.2,11.765486248628514,0.4,0.4,0.13333333333333333,0.4666666666666667,2.6402640264026402,0.0,0,0.0,5.6105610561056105,3,0.8766233766233766,0.30033003300330036,0.07792207792207792,0.0429042904290429,0.4666666666666667,0,0,0,0,0,0,0,2,0.0
B9-REP-021,9.0,report,globalization-work,ielts-blog.com,C-blog,261,4,15.352941176470589,7.210622690501499,0.11764705882352941,0.7058823529411765,0.11764705882352941,0.17647058823529413,1.1494252873563218,3.8314176245210727,4,0.7662835249042146,7.2796934865900385,6,0.704,0.26053639846743293,0.088,0.022988505747126436,0.5,6,0,0,0,0,0,0,5,0.7662835249042146
B9-REP-022,9.0,report,social,writing9.com,D-auto,272,4,17,4.9749371855331,0.0625,0.75,0.0,0.25,1.838235294117647,3.3088235294117645,5,0.7352941176470589,6.25,8,0.7414965986394558,0.28308823529411764,0.10884353741496598,0.011029411764705883,0.5714285714285714,2,2,0,1,6,1,0,3,1.838235294117647
B9-REP-023,9.0,report,social,writing9.com,D-auto,294,5,17.294117647058822,3.737956438898178,0.0,0.47058823529411764,0.29411764705882354,0.23529411764705882,1.3605442176870748,1.7006802721088434,4,1.0204081632653061,3.061224489795918,2,0.8159203980099502,0.5204081632653061,0.0945273631840796,0.030612244897959183,0.34782608695652173,0,1,0,0,0,0,0,0,0.3401360544217687
B9-REP-024,9.0,report,education,writing9.com,D-auto,301,4,17.705882352941178,5.538790544156867,0.058823529411764705,0.6470588235294118,0.11764705882352941,0.23529411764705882,1.3289036544850499,3.3222591362126246,5,1.6611295681063123,6.644518272425249,3,0.8043478260869565,0.3853820598006645,0.09782608695652174,0.009966777408637873,0.7857142857142857,0,1,0,0,0,0,0,3,1.3289036544850499
B9-REP-025,9.0,report,social,writing9.com,D-auto,360,4,27.692307692307693,9.185143651861164,0.46153846153846156,0.3076923076923077,0.07692307692307693,0.6153846153846154,2.7777777777777777,3.3333333333333335,6,0.5555555555555556,4.444444444444445,5,0.8333333333333334,0.30277777777777776,0.06565656565656566,0.08333333333333333,0.6666666666666666,3,1,0,1,11,3,0,1,0.0
B9-TQ-002,9.0,two-part,environment,cdieltsprep.com,B-teacher,299,4,21.357142857142858,11.598073379766529,0.35714285714285715,0.2857142857142857,0.0,0.7142857142857143,4.013377926421405,0.33444816053511706,1,0.0,8.02675585284281,12,0.8851351351351351,0.2608695652173913,0.0472972972972973,0.046822742474916385,0.2222222222222222,1,0,0,0,0,0,0,2,0.0
B9-TQ-003,9.0,two-part,crime,writing9.com,D-auto,368,4,24.533333333333335,9.60462851384107,0.6,0.3333333333333333,0.06666666666666667,0.6,3.260869565217391,3.260869565217391,5,0.8152173913043478,5.706521739130435,5,0.8074866310160428,0.3233695652173913,0.06417112299465241,0.016304347826086956,0.36,7,4,0,2,2,0,0,5,0.5434782608695652
B9-TQ-004,9.0,two-part,environment,cdieltsprep.com,B-teacher,308,4,22,13.690455486526789,0.42857142857142855,0.21428571428571427,0.07142857142857142,0.7142857142857143,4.545454545454546,1.2987012987012987,3,0.3246753246753247,6.4935064935064934,3,0.8961038961038961,0.262987012987013,0.032467532467532464,0.07142857142857142,0.2777777777777778,2,0,0,0,0,0,0,0,0.0
B9-TQ-005,9.0,two-part,culture,cdieltsprep.com,B-teacher,368,4,23,11.335784048754634,0.5,0.125,0.125,0.75,4.619565217391305,2.1739130434782608,3,0.0,7.880434782608695,6,0.8628571428571429,0.266304347826087,0.03428571428571429,0.06793478260869565,0.47058823529411764,6,2,0,0,0,0,0,2,0.0
B9-TQ-007,9.0,opinion,environment,writing9.com,D-auto,285,4,17.8125,7.046441921281974,0.1875,0.8125,0.0,0.1875,1.0526315789473684,2.1052631578947367,3,0.7017543859649122,5.614035087719298,4,0.75,0.4,0.05625,0.017543859649122806,0.0,4,0,0,0,4,1,1,0,0.0
B9-TQ-008,9.0,two-part,social,writing9.com,D-auto,335,4,18.61111111111111,5.001542971800346,0.05555555555555555,0.6666666666666666,0.2222222222222222,0.1111111111111111,0.8955223880597015,1.791044776119403,5,0.8955223880597015,5.373134328358209,4,0.7918781725888325,0.36716417910447763,0.09137055837563451,0.029850746268656716,0.5625,0,3,0,2,4,0,0,2,0.0
