no,band,prompt,source_url,source_name,word_count
1,6.0,Dieting can change a person’s life for the better or ruins one’s health completely. What is your opinion?,https://www.ielts-blog.com/ielts-writing-samples/ielts-essays-band-6/ielts-essay-topic-dieting-changes-a-persons-life/,IELTS-Blog,279
2,6.0,Air pollution in many cities around the world is increasing. What are the causes of this problem and what measures can governments take to reduce it?,https://www.ielts.international/ielts-sample-essays,IELTS International,205
3,6.0,Air pollution is one of the largest problems the world is facing today. What are some causes of air pollution and what measures can be proposed to solve this problem?,https://writing9.com/text/6aab43e1182623001152899b-air-pollution-is-one-of-the-largest-problems-the-world-is-facing-today-what-are-some-causes-of-air-p,writing9.com,268
4,6.0,Dieting can change a person’s life for the better or ruins one’s health completely. What’s your opinion?,https://www.ielts-blog.com/ielts-writing-samples/ielts-essays-band-6/ielts-essay-topic-reasons-for-and-against-dieting/,IELTS-Blog,282
5,6.0,Some people believe that children should not be allowed to use smartphones until they are at least 12 years old. To what extent do you agree or disagree?,https://www.ielts.international/ielts-sample-essays,IELTS International,203
6,6.0,All university undergraduate courses should include a period of time spent studying abroad or doing a work placement. Do you think the advantages of this would outweigh the disadvantages?,https://writing9.com/text/6a9236948b43af001111cc70-all-university-undergraduate-courses-should-include-a-period-of-time-spent-studying-abroad-or-doing-,writing9.com,257
7,6.0,"Even though Globalization affects the world’s economics in a very positive way, its negative sides should not be forgotten. Discuss.",https://www.ielts-blog.com/ielts-writing-samples/ielts-essays-band-6/ielts-essay-topic-globalization/,IELTS-Blog,284
8,6.0,An increasing number of organisations are considering a four-day working week without reducing employees' salaries. Do the advantages of this development outweigh the disadvantages?,https://writing9.com/text/6a9aeb768b43af001111d2df-an-increasing-number-of-organisations-are-considering-a-four-day-working-week-without-reducing-emplo,writing9.com,341
9,6.0,"Even though globalization affects the world’s economy in a very positive way, its negative side should not be forgotten. Discuss.",https://www.ielts-blog.com/ielts-writing-samples/ielts-essays-band-6/ielts-essay-topic-aspects-of-globalization/,IELTS-Blog,222
10,6.0,"Art classes, such as painting or drawing, are as important for children’s development as other subjects, so it should be compulsory in high school. Do you agree or disagree?",https://writing9.com/text/6a8315f58b43af001111c06e-art-classes-such-as-painting-or-drawing-are-as-important-for-childrens-development-as-other-subjects,writing9.com,298
11,6.0,Every year an increasing number of students choose to go to another country for their higher education. Do you think the benefits of this development outweigh the problems associated with it?,https://www.ielts-blog.com/ielts-writing-samples/ielts-essays-band-6/ielts-essay-topic-the-advantages-and-disadvantages-of-studying-in-another-country/,IELTS-Blog,288
12,6.0,"Art classes such as painting or drawing are important for children's development, so it should be compulsory in high school. Do you agree or disagree?",https://writing9.com/text/6aa2b3ad18262300115282da-art-classes-such-as-painting-or-drawing-are-important-for-childrens-development-so-it-should-be-comp,writing9.com,270
13,6.0,Financial education should be a mandatory component of the school program. To what extent do you agree or disagree with this statement?,https://www.ielts-blog.com/ielts-writing-samples/ielts-essays-band-6/ielts-essay-topic-financial-education/,IELTS-Blog,218
14,6.0,"At the present time, the population of some countries includes a relatively large number of young adult, compared with the number of older people. Do the advantage of this situation outweigh the disadvantage",https://writing9.com/text/6a790528bee1e0001159e93d-at-the-present-time-the-population-of-some-countries-includes-a-relatively-large-number-of-young-adu,writing9.com,350
15,6.0,Full time university students spend most of the time studying. They should be doing other activities too. To what extent do you agree or disagree?,https://www.ielts-blog.com/ielts-writing-samples/ielts-essays-band-6/ielts-essay-topic-should-students-do-other-activities-in-addition-to-studying/,IELTS-Blog,282
16,6.0,Big salary is much more important than job satisfaction. To what extent Do you agree or disagree,https://writing9.com/text/6a7324cdbee1e0001159e52c-big-salary-is-much-more-important-than-job-satisfaction-to-what-extent-do-you-agree-or-disagree,writing9.com,274
17,6.0,"In many countries children are engaged in some kind of paid work. Some people regard this as completely wrong, while others consider it to be a valuable work experience, which is important for learning and taking responsibility. What is your opinion on this?",https://www.ielts-blog.com/ielts-writing-samples/ielts-essays-band-6/ielts-essay-topic-should-children-be-working/,IELTS-Blog,193
18,6.0,"Buying things on the internet such as book, air ticket and groceries is becoming more and more popular. Do the advantages of shopping in this way outweigh the disadvantages.",https://writing9.com/text/6ab7aa563be1dd001236d5af-buying-things-on-the-internet-such-as-book-air-ticket-and-groceries-is-becoming-more-and-more-popula,writing9.com,329
19,6.0,Learning about the past has no value for those of us living in the present. Do you agree or disagree? Use specific reasons and examples to support your answer.,https://www.ielts-blog.com/ielts-writing-samples/ielts-essays-band-6/ielts-essay-learning-about-past/,IELTS-Blog,197
20,6.0,Childhood obesity has become a serious problem in recent years. What are the primary causes of this? What measures should be taken to reduce childhood obesity?,https://writing9.com/text/6a89711d8b43af001111c5b6-childhood-obesity-has-become-a-serious-problem-in-recent-years-what-are-the-primary-causes-of-this-w,writing9.com,298
21,6.0,"Millions of people every year move to English- speaking countries such as Australia, Britain or America, in order to study at school, college or university. Why do so many people want to study in English? Why is English such an important international language?",https://www.ielts-blog.com/ielts-writing-samples/ielts-essays-band-6/ielts-essay-topic-people-moving-into-english-speaking-countries/,IELTS-Blog,238
22,6.0,Countries with longer working hours are more economically successful than other countries. To what extent do you agree?,https://writing9.com/text/6ab4d0da3be1dd001236d3b0-countries-with-longer-working-hours-are-more-economically-successful-than-other-countries-to-what-ex,writing9.com,286
23,6.0,"Most high level positions in companies are filled by men, even though the workforce in many developed countries consists of 50 percent female workers. Companies should be required to allocate a certain percentage of management positions to women. Discuss, what is your opinion?",https://www.ielts-blog.com/ielts-writing-samples/ielts-essays-band-6/ielts-essay-topic-women-power/,IELTS-Blog,298
24,6.0,"Creative artists should be given the freedom to express their ideas (through words, pictures, music, or films). However, some people think the government should impose certain restrictions on them. To what extent do you agree or disagree?",https://writing9.com/text/6a7d19e55a8b010011bd86a5-creative-artists-should-be-given-the-freedom-to-express-their-ideas-through-words-pictures-music-or-,writing9.com,231
25,6.0,"People attend college or university for many different reasons (for example, new experiences, career preparation, or to increase knowledge). Why do you think people attend college or university? Use specific reasons and examples to support your answer.",https://www.ielts-blog.com/ielts-writing-samples/ielts-essays-band-6/ielts-essay-topic-reasons-to-attend-college/,IELTS-Blog,287
26,6.0,"Despite improved access to education, many adults still lack literacy skills. In what ways are they disadvantaged? What can governments do to help them?",https://writing9.com/text/6aae0dc21826230011528b8c-despite-improved-access-to-education-many-adults-still-lack-literacy-skills-in-what-ways-are-they-di,writing9.com,311
27,6.0,"Some people prefer to spend their lives doing the same things and avoiding changes. Others, however think that change is always a good thing. Discuss both sides and give your own opinion.",https://www.ielts-blog.com/ielts-writing-samples/ielts-essays-band-6/ielts-essay-topic-change-is-always-a-good-thing-agree-or-disagree/,IELTS-Blog,259
28,6.0,"Due to the coronavirus, all schools have been closed, making both students and teachers use electronic devices to study online. What are the advantages and disadvantages of this trend? Write an essay of at least 250 words to support your arguments.",https://writing9.com/text/6a9cff2a8b43af001111d462-due-to-the-coronavirus-all-schools-have-been-closed-making-both-students-and-teachers-use-electronic,writing9.com,292
29,6.0,Some people say education is the only critical factor to the development of a country. To what extent do you agree or disagree with this statement?,https://www.ielts-blog.com/ielts-writing-samples/ielts-essays-band-6/ielts-essay-topic-critical-factor-to-development-of-a-country/,IELTS-Blog,210
30,6.0,"Economic progress is considered a significant factor to measure a country's success. But many people think that other factors should be considered when measuring the success of a country. What other factors do you think measure a country's success? Among these, is one more important than the others?",https://writing9.com/text/6aae13871826230011528b8e-economic-progress-is-considered-a-significant-factor-to-measure-a-countrys-success-but-many-people-t,writing9.com,390
31,6.0,“Some people say that the education system is the only critical factor to development of a country. To what extent do you agree or disagree with this statement?”,https://www.ielts-blog.com/ielts-writing-samples/ielts-essays-band-6/ielts-essay-topic-education-critical-factor/,IELTS-Blog,208
32,6.0,Financial education should be included as a mandatory subject in schools to prepare students for managing money effectively. To what extent do you agree or disagree?,https://writing9.com/text/6a8475f08b43af001111c181-financial-education-should-be-included-as-a-mandatory-subject-in-schools-to-prepare-students-for-man,writing9.com,274
33,6.0,"Some people think that it is important to use leisure time for activities that develop the mind, such as reading and doing crossword puzzles. Others feel that it is important to give one’s mind a rest in leisure time. Discuss.",https://www.ielts-blog.com/ielts-writing-samples/ielts-essays-band-6/ielts-essay-topic-leisure-time-activities/,IELTS-Blog,274
34,6.0,"Globalization has become a major phenomenon in the modern world, affecting culture, economy, and social norms. Some people believe that globalization brings more advantages than disadvantages, while others argue that it has negative effects on cultural identity and diversity. Discuss both views and give your own opinion.",https://writing9.com/text/6a8dae118b43af001111c8f2-globalization-has-become-a-major-phenomenon-in-the-modern-world-affecting-culture-economy-and-social,writing9.com,242
35,6.0,Students from rural areas often find it difficult to access university education. Some people think that it should become easier for them to study at universities. To what extent do you agree or disagree with this opinion?,"
https://www.ielts-blog.com/ielts-writing-samples/ielts-essays-band-6/ielts-essay-topic-students-from-rural-areas-should-get-a-subsidized-university-education-agree-or-disagree/",IELTS-Blog,290
36,6.0,"Going to University is thought by many to be the best way to secure a good job, on the other hand, some people think that getting work experience and getting a skill is more important. Discuss both sides and give your own opinion.",https://writing9.com/text/6aa49d391826230011528423-going-to-university-is-thought-by-many-to-be-the-best-way-to-secure-a-good-job-on-the-other-hand-som,writing9.com,277
37,6.0,The best way to reduce the number of traffic accidents is to raise the age limit for younger drivers and to lower the age limit for aged drivers. Do you agree ?,https://www.ielts-blog.com/ielts-writing-samples/ielts-essays-band-6/ielts-essay-topic-traffic-accidents/,IELTS-Blog,309
38,6.0,"Having more money and less free time is better than earning less money and having more free time. Some people think that high salary is important when choosing a company to work for, while other think that good working atmosphere is more important, Discuss both views and state your opinion.",https://writing9.com/text/6aaef25c1826230011528bdb-having-more-money-and-less-free-time-is-better-than-earning-less-money-and-having-more-free-time-som,writing9.com,268
39,6.0,The best way to reduce the number of traffic accidents is to raise age limit for the younger drivers and to lower age limit for the aged ones. Do you agree?,https://www.ielts-blog.com/ielts-writing-samples/ielts-essays-band-6/ielts-essay-topic-avoiding-traffic-accidents/,IELTS-Blog,163
40,6.0,How much has the Internet has improved people’s lives? Give reasons for your answer and include any relevant examples from your own knowledge or experience.,https://writing9.com/text/6a919eb08b43af001111cbd2-how-much-has-the-internet-has-improved-peoples-lives-give-reasons-for-your-answer-and-include-any-re,writing9.com,344
41,6.0,"The world is experiencing a dramatic increase in population, which is causing problems not only for poor, undeveloped countries, but also for industrialized and developed nations. Describe some of the problems that overpopulation causes, and suggest at least one possible solution.",https://www.ielts-blog.com/ielts-writing-samples/ielts-essays-band-6/ielts-essay-topic-overpopulation/,IELTS-Blog,272
42,6.0,IELTS 17 Some children spend hours every day on their smartphones. Why is this the case? Do you think this is a positive or a negative development?,https://writing9.com/text/6a831efe8b43af001111c07b-ielts-17-some-children-spend-hours-every-day-on-their-smartphones-why-is-this-the-case-do-you-think-,writing9.com,243
43,6.0,"You can get up-to-date news from the radio, TV and the Internet. Which kind of media do you think is the best to get the news?",https://www.ielts-blog.com/ielts-writing-samples/ielts-essays-band-6/ielts-essay-topic-getting-the-news-from-tv-radio-or-the-internet/,IELTS-Blog,215
44,6.0,"In many countries, an increasing number of people are choosing to work from home rather than travel to an office every day. Some people believe that this is a positive trend that benefits both employees and employers. Others, however, think that working in an office is more productive and better for team spirit. Discuss both views and give your opinion. Give reasons for your answer and include any relevant examples from your own knowledge or experience.",https://writing9.com/text/6ac16e493be1dd001236dcf1-in-many-countries-an-increasing-number-of-people-are-choosing-to-work-from-home-rather-than-travel-t,writing9.com,267
45,6.0,"In many countries, an increasing number of people are suffering from stress in their daily lives. What are the causes of this problem, and what measures could be taken to reduce stress?",https://writing9.com/text/6abb039f3be1dd001236d7ee-in-many-countries-an-increasing-number-of-people-are-suffering-from-stress-in-their-daily-lives-what,writing9.com,254
46,6.0,": In many countries, more and more people want to study at universities. Why is this happening? Do you think this is a positive or negative development?",https://writing9.com/text/6a8c334e8b43af001111c7b0-in-many-countries-more-and-more-people-want-to-study-at-universities-why-is-this-happening-do-you-th,writing9.com,317
47,6.0,"In many countries, more people are choosing to live alone instead of with their families.",https://writing9.com/text/6a75b1f6bee1e0001159e6f3-in-many-countries-more-people-are-choosing-to-live-alone-instead-of-with-their-families,writing9.com,252
48,6.0,"In many countries today, crime novels and tv crimes dramas are becoming more and more popular. Why do you think these books and tv shows are popular? What is your opinion of crime fiction tv crime dramas?",https://writing9.com/text/6ab0dac63be1dd001236d0c1-in-many-countries-today-crime-novels-and-tv-crimes-dramas-are-becoming-more-and-more-popular-why-do-,writing9.com,369
49,6.0,"In many countries, young people are encouraged to take a gap year between finishing high school and starting university to work or travel. To what extent do you agree or disagree with this statement?",https://writing9.com/text/6ab7ef8a3be1dd001236d5d4-in-many-countries-young-people-are-encouraged-to-take-a-gap-year-between-finishing-high-school-and-s,writing9.com,289
50,6.0,"In many countries, young people are granted certain privileges and responsibilities at the age of 16. Clearly, parents have a responsibility to both care for and prepare their children as they approach this important milestone. To what degree should parents intervene in the lives of their 15-year-old children? Give reasons for your answer and include any relevant examples from your own knowledge or experience.",https://writing9.com/text/6a85a61f8b43af001111c29e-in-many-countries-young-people-are-granted-certain-privileges-and-responsibilities-at-the-age-of-16-,writing9.com,287
51,6.0,In some cities public parks and open spaces are being changed into gardens where local residents can grow their fruit and vegetable. Do the advantages outweigh the disadvantages?,https://writing9.com/text/6a8713198b43af001111c3c5-in-some-cities-public-parks-and-open-spaces-are-being-changed-into-gardens-where-local-residents-can,writing9.com,293
52,6.0,In some countries and their levels of health and fitness are decreasing .what do you think are the causes of these problems and what measures could be taken to solve them?,https://writing9.com/text/6a83cbd28b43af001111c143-in-some-countries-and-their-levels-of-health-and-fitness-are-decreasing-what-do-you-think-are-the-ca,writing9.com,266
53,6.0,"In some countries, owning a home rather than renting one is very importatant for people. Why might this be the case? Do you think this is a positive or negative situation?",https://writing9.com/text/6aafbc893be1dd001236cfec-in-some-countries-owning-a-home-rather-than-renting-one-is-very-importatant-for-people-why-might-thi,writing9.com,304
54,6.0,"In some countries, the government pays for health care. In others, the individual must pay for their own health care. Discuss the advantages and disadvantages of each system.",https://writing9.com/text/6a8734e28b43af001111c3dd-in-some-countries-the-government-pays-for-health-care-in-others-the-individual-must-pay-for-their-ow,writing9.com,252
55,6.0,"In some countries, there is not enough respect for elderly people. What are the causes of this? Suggest some solutions.",https://writing9.com/text/6aa7ba48182623001152869f-in-some-countries-there-is-not-enough-respect-for-elderly-people-what-are-the-causes-of-this-suggest,writing9.com,328
56,6.0,"In some cultures, children are often told that they can achieve anything if they try hard enough. What are the advantages and disadvantages of giving children this message?",https://writing9.com/text/6aa54db418262300115284db-in-some-cultures-children-are-often-told-that-they-can-achieve-anything-if-they-try-hard-enough-what,writing9.com,230
57,6.0,"In the future, all cars, buses, and trucks will be driverless. The only people travelling inside these vehicles would be passengers. Do you think the advantages of driverless vehicles outweigh the disadvantages? Give reasons for your answer and include any relevant examples from your own knowledge or experience.",https://writing9.com/text/6a6c972763791b00118b27a6-in-the-future-all-cars-buses-and-trucks-will-be-driverless-the-only-people-travelling-inside-these-v,writing9.com,275
58,6.0,"In the past, most people spend their entire career working for one company, whereas people nowadays move from one job to another. What are the advantages and disadvantages of each? Which do you think is better?",https://writing9.com/text/6ab7d34a3be1dd001236d5c6-in-the-past-most-people-spend-their-entire-career-working-for-one-company-whereas-people-nowadays-mo,writing9.com,267
59,6.0,"In the past, when students did a university degree, they tended to study in their own country. Nowadays, they have more opportunity to study abroad. What are the advantages and disadvantages of this development?",https://writing9.com/text/6a81f3458b43af001111bf8a-in-the-past-when-students-did-a-university-degree-they-tended-to-study-in-their-own-country-nowadays,writing9.com,287
60,6.0,"In their advertising, businesses nowadays usually emphasize that their products are new in some way Why is this? Do you think it is a positive or negative development?",https://writing9.com/text/6a874efe8b43af001111c3ee-in-their-advertising-businesses-nowadays-usually-emphasize-that-their-products-are-new-in-some-way-w,writing9.com,324
61,6.0,"In today’s world, people spend a lot of money on appearance because they want to look younger. Why does this happen? Do you think this is a positive or negative development?",https://writing9.com/text/6abd18f63be1dd001236d9e4-in-todays-world-people-spend-a-lot-of-money-on-appearance-because-they-want-to-look-younger-why-does,writing9.com,237
62,6.0,It is a natural process in which animal species such as dinosaurs become extinct. There is no reason for people to prevent this from happening. Do you agree or disagree?,https://writing9.com/text/6a7715c4bee1e0001159e7cf-it-is-a-natural-process-in-which-animal-species-such-as-dinosaurs-become-extinct-there-is-no-reason-,writing9.com,268
63,6.0,"It is important for people to take risks, both in their professional lives and their personal lives. Do you think the advantages of taking risks outweigh the disadvantages?",https://writing9.com/text/6aa52bbb18262300115284bc-it-is-important-for-people-to-take-risks-both-in-their-professional-lives-and-their-personal-lives-d,writing9.com,295
64,6.0,It is neither nor useful to provide university places for a high proportion of young people. To what extent do you agree or disagree?,https://writing9.com/text/6abb969f3be1dd001236d8aa-it-is-neither-nor-useful-to-provide-university-places-for-a-high-proportion-of-young-people-to-what-,writing9.com,279
65,6.0,It is very common for people to change both their habits and their opinions as they get older. Do you agree or disagree? Give reasons for your answer and include any relevant examples from your own knowledge or experience.,https://writing9.com/text/6ab35db73be1dd001236d2b0-it-is-very-common-for-people-to-change-both-their-habits-and-their-opinions-as-they-get-older-do-you,writing9.com,300
66,6.0,"Leaders of all kinds are often younger now than in the past. What are the reasons for this? Is it a positive or a negative development? Summarise the information by selecting and reporting the main features, and make comparisons where relevant.",https://writing9.com/text/6aa954d018262300115287db-leaders-of-all-kinds-are-often-younger-now-than-in-the-past-what-are-the-reasons-for-this-is-it-a-po,writing9.com,260
67,6.0,Learning to play team sports is an important part o f a child’s education. Do you agree or disagree? Give reasons for your answer and include any relevant examples from your own knowledge or experience.,https://writing9.com/text/6a782889bee1e0001159e8a7-learning-to-play-team-sports-is-an-important-part-o-f-a-childs-education-do-you-agree-or-disagree-gi,writing9.com,286
68,6.0,Many aspects of the way people dress today are influenced by global fashion trends. How has global fashion become such a strong influence on people's lives? Do you think this is a positive or negative developmen,https://writing9.com/text/6a718f4663791b00118b2b1d-many-aspects-of-the-way-people-dress-today-are-influenced-by-global-fashion-trends-how-has-global-fa,writing9.com,238
69,6.0,Many aspects of the way people dress today are influenced by global fashion trends. How has global fashion become such a strong influence on people’s lives? Do you think this is a positive or negative development? Give reasons for your answer and include any relevant examples from your own knowledge or experience.,https://writing9.com/text/6aa7a4a01826230011528688-many-aspects-of-the-way-people-dress-today-are-influenced-by-global-fashion-trends-how-has-global-fa,writing9.com,424
70,6.0,Many children today are overweight. This is a serious health issue. Give reasons for child obesity today and give solutions to help this problem,https://writing9.com/text/6a734e35bee1e0001159e554-many-children-today-are-overweight-this-is-a-serious-health-issue-give-reasons-for-child-obesity-tod,writing9.com,285
71,6.0,Many children today are overweight. This is a serious health problem. Give the reasons for this and give solutions to solve this.,https://writing9.com/text/6a84a3fc8b43af001111c1a9-many-children-today-are-overweight-this-is-a-serious-health-problem-give-the-reasons-for-this-and-gi,writing9.com,236
72,6.0,Many children today are overweight. This is a serious health problem. Give the reasons for this and give the solutions to solve this problem.,https://writing9.com/text/6ab29b8c3be1dd001236d214-many-children-today-are-overweight-this-is-a-serious-health-problem-give-the-reasons-for-this-and-gi,writing9.com,285
73,6.0,Many children today are overweight. This is a serious health issue. Give the reasons for child obesity and give solutions to solve this problem.,https://writing9.com/text/6a77679cbee1e0001159e805-many-children-today-are-overweight-this-is-a-serious-health-issue-give-the-reasons-for-child-obesity,writing9.com,265
74,6.0,"Many cities in the world are facing issues due to traffic congestion. Why is this happening? What can be done to improve the situation? Give reasons for your answers and include examples from your experience, related to your country.",https://writing9.com/text/6aa116ff18262300115281af-many-cities-in-the-world-are-facing-issues-due-to-traffic-congestion-why-is-this-happening-what-can-,writing9.com,296
75,6.0,"Many claim that the fast food industry had a negative impact on the environment ,eating habits and families. To what extent do you agree or disagree?",https://writing9.com/text/6abbd9f23be1dd001236d8cd-many-claim-that-the-fast-food-industry-had-a-negative-impact-on-the-environment-eating-habits-and-fa,writing9.com,401
76,6.0,Many museums and historical sites are mainly visited by tourist and not locals. What is the cause? and give solutions.,https://writing9.com/text/6a7350bbbee1e0001159e556-many-museums-and-historical-sites-are-mainly-visited-by-tourist-and-not-locals-what-is-the-cause-and,writing9.com,340
77,6.0,Many peole think that it is important to go to university while others prefer to start work without getting a universty education. Discuss both views and give your opinion.,https://writing9.com/text/6a8336558b43af001111c09c-many-peole-think-that-it-is-important-to-go-to-university-while-others-prefer-to-start-work-without-,writing9.com,260
78,6.0,"Many people feel it is a waste of money to try to save endangered species, for example the tiger or the blue whale. To what extent do you agree or disagree with this statement?",https://writing9.com/text/6a7c785e5a8b010011bd85f4-many-people-feel-it-is-a-waste-of-money-to-try-to-save-endangered-species-for-example-the-tiger-or-t,writing9.com,363
79,6.0,"Many people in cities live alone or in small family units instead of with extended family. Do you think this is a positive or negative development? Summarise the information by selecting and reporting the main features, and make comparisons where relevant.",https://writing9.com/text/6aaa8d7c18262300115288e0-many-people-in-cities-live-alone-or-in-small-family-units-instead-of-with-extended-family-do-you-thi,writing9.com,253
80,6.0,Many people today buy ready made food rather than spending time cooking. What do you think are the reasons for this? Do you think the advantages of this development outweigh the disadvantages?,https://writing9.com/text/6aad38a71826230011528ae4-many-people-today-buy-ready-made-food-rather-than-spending-time-cooking-what-do-you-think-are-the-re,writing9.com,291
81,6.0,Many people work from home using modern technology today. Some people think that only the workers benefit from this and not the employers. To what extent do you agree or disagree?,https://writing9.com/text/6a9976838b43af001111d1e7-many-people-work-from-home-using-modern-technology-today-some-people-think-that-only-the-workers-ben,writing9.com,262
82,6.0,"Many small, local shops are closing as they are unable to compete with large supermatkets in the area. How does this effect local communities? How could this situation be improved?",https://writing9.com/text/6a7c20a85a8b010011bd85dc-many-small-local-shops-are-closing-as-they-are-unable-to-compete-with-large-supermatkets-in-the-area,writing9.com,297
83,6.0,MANY STUDENTS GRADUATE HIGH SCHOOL AND THEN WANT TO CONTINUE THEIR STUDIES IN ANOTHER COUNTRY. GIVE THE ADVANTAGES AND DISADVANTAGES OF STUDYING ABROAD.,https://writing9.com/text/6a7a070a5a8b010011bd8460-many-students-graduate-high-school-and-then-want-to-continue-their-studies-in-another-country-give-t,writing9.com,272
84,6.0,MOST artists earn low salaries and should recieve funding from government in order to continue their work to what extent do u agree?,https://writing9.com/text/6ac394533be1dd001236dec2-most-artists-earn-low-salaries-and-should-recieve-funding-from-government-in-order-to-continue-their,writing9.com,449
85,6.0,Museums and art galleries should concentrate on local works rather than showing the cultures or artworks from other countries. To what extent do you agree or disagree?,https://writing9.com/text/6aa15c8118262300115281cd-museums-and-art-galleries-should-concentrate-on-local-works-rather-than-showing-the-cultures-or-artw,writing9.com,340
86,6.0,"Nowadays, it is easier for young people to have a credit card compared to the past. Do the advantages of this trend outweigh the disadvantages?",https://writing9.com/text/6a7a5b165a8b010011bd8483-nowadays-it-is-easier-for-young-people-to-have-a-credit-card-compared-to-the-past-do-the-advantages-,writing9.com,303
87,6.0,Nowadays many people complain that they have difficulties getting enough sleep. •What problems can lack of sleep cause? •What can be done about lack of sleep?,https://writing9.com/text/6a7e7bae8b43af001111bd82-nowadays-many-people-complain-that-they-have-difficulties-getting-enough-sleep-what-problems-can-lac,writing9.com,290
88,6.0,"Nowadays, more and more people are using their phones at nights. What problems can be caused because of this? How these problems can be solved?",https://writing9.com/text/6a8dd0058b43af001111c90f-nowadays-more-and-more-people-are-using-their-phones-at-nights-what-problems-can-be-caused-because-o,writing9.com,463
89,6.0,"Nowadays, there is a trend that reports in the media focus on problems and emergencies rather than positive development. Some people think it is harmful to individuals and to society. To what extent do you agree or disagree?",https://writing9.com/text/6a6b490b63791b00118b26da-nowadays-there-is-a-trend-that-reports-in-the-media-focus-on-problems-and-emergencies-rather-than-po,writing9.com,313
90,6.0,"Nowadays, young people communicate with friends and family through mostly social network sites, rather than other ways of communication like talking on the phone or face to face. Do you think it is a positive or negative",https://writing9.com/text/6aa84b901826230011528721-nowadays-young-people-communicate-with-friends-and-family-through-mostly-social-network-sites-rather,writing9.com,286
91,6.0,"ome people think that exercise is the key to health, while others feel that having a balanced diet is more important. Discuss both sides and give your opinion.",https://writing9.com/text/6aa3ff9318262300115283db-ome-people-think-that-exercise-is-the-key-to-health-while-others-feel-that-having-a-balanced-diet-is,writing9.com,336
92,6.0,"Once children start school, teachers have more influence on their intellectual and social development than parents do. To what extent do you agree or disagree? Give reasons for your answer and include any relevant examples from your own knowledge or experience.",https://writing9.com/text/6a85a3bd8b43af001111c29a-once-children-start-school-teachers-have-more-influence-on-their-intellectual-and-social-development,writing9.com,246
93,6.0,One problem faced by almost every large city is traffic congestion What do you think the causes are? What solutions can you suggest?,https://writing9.com/text/6a85a5b28b43af001111c29c-one-problem-faced-by-almost-every-large-city-is-traffic-congestion-what-do-you-think-the-causes-are-,writing9.com,276
94,6.0,Online communication is becoming more popular than face-to-face communication in many companies. Do the advantages of this outweigh its disadvantages?,https://writing9.com/text/6a92c3058b43af001111ccb9-online-communication-is-becoming-more-popular-than-face-to-face-communication-in-many-companies-do-t,writing9.com,259
95,6.0,"People today buy more things than they need. Why is this happening, and is it a positive or negative development?",https://writing9.com/text/6ac3ce8f1e7275001186248d-people-today-buy-more-things-than-they-need-why-is-this-happening-and-is-it-a-positive-or-negative-d,writing9.com,271
96,6.0,"Plastic waste has become a major environmental problem. What are the problems caused by plastic waste, and what solutions can be implemented?",https://writing9.com/text/6aa628661826230011528587-plastic-waste-has-become-a-major-environmental-problem-what-are-the-problems-caused-by-plastic-waste,writing9.com,278
97,6.0,Popular events like the Football World Cup and other international sporting occasions are essential in easing international tension and releasing patriotic emotions in a safe way. To what extent you agree?,https://writing9.com/text/6a7cb03e5a8b010011bd8616-popular-events-like-the-football-world-cup-and-other-international-sporting-occasions-are-essential-,writing9.com,321
98,6.0,Promotions to a higher level should be made from within the company rather than appointing a new person from outside. Do you agree or disagree?,https://writing9.com/text/6a6b668b63791b00118b26f0-promotions-to-a-higher-level-should-be-made-from-within-the-company-rather-than-appointing-a-new-per,writing9.com,216
99,6.0,Universities should accept equal number of males and females in every subject. To what extent do you agree?,https://writing9.com/text/6aaf89fe3be1dd001236cfd7-question-universities-should-accept-equal-number-of-males-and-females-in-every-subject-to-what-exten,writing9.com,275
100,6.0,Shopping is the favourite pastime of most of the young people. Why is this the case? Do you think they should be encouraged to do some other useful activities in their free time?,https://writing9.com/text/6aaa4fec18262300115288b1-shopping-is-the-favourite-pastime-of-most-of-the-young-people-why-is-this-the-case-do-you-think-they,writing9.com,252
101,6.0,Should parents give children money for doing household work?,https://writing9.com/text/6aa29ff918262300115282c9-should-parents-give-children-money-for-doing-household-work,writing9.com,236
102,6.0,Solving environmental problems should be the responsibility of international organizations rather than each national government. Do you agree or disagree?,https://writing9.com/text/6a7a3e4c5a8b010011bd8479-solving-environmental-problems-should-be-the-responsibility-of-international-organizations-rather-th,writing9.com,349
103,6.0,Some children spend hours every day on their smartphones. Why is this the case? Do you think this is a positive or a negative development?,https://writing9.com/text/6abb94b93be1dd001236d8a8-some-children-spend-hours-every-day-on-their-smartphones-why-is-this-the-case-do-you-think-this-is-a,writing9.com,263
104,6.0,Some countries have an ever-increasing proportion of the population who are aged 15 and younger. What is your opinion of the current and future effects it may have in these countries?,https://writing9.com/text/6a771e32bee1e0001159e7db-some-countries-have-an-ever-increasing-proportion-of-the-population-who-are-aged-15-and-younger-what,writing9.com,259
105,6.0,"Some educationalists argue that non-exam, arts-based subjects, such as music, drama, art and craft, should be compulsory in the secondary-school curriculum. They believe that activities such as these can improve overall academic performance. To what extent do you agree or disagree?",https://writing9.com/text/6a9e5def8b43af001111d55c-some-educationalists-argue-that-non-exam-arts-based-subjects-such-as-music-drama-art-and-craft-shoul,writing9.com,282
106,6.0,"Some employers offer their employees subsidized membership of gym or sports clubs, believing that this will make their staff healthier and thus more effective at work. Other employers see no benefit in so doing. Discuss both views and give your opinion. Give reasons for your answer and include any relevant examples from your own experience or knowledge.",https://writing9.com/text/6a7ef22e8b43af001111bdaf-some-employers-offer-their-employees-subsidized-membership-of-gym-or-sports-clubs-believing-that-thi,writing9.com,296
107,6.0,"Some experts believe that once a country is already rich, any additional increase in economic wealth does not make its citizens any more satisfied. To what extent do you agree or disagree?",https://writing9.com/text/6a734ac7bee1e0001159e54c-some-experts-believe-that-once-a-country-is-already-rich-any-additional-increase-in-economic-wealth-,writing9.com,256
108,6.0,Some parents think it is good to give their children mobile phones while others disagree. Discuss both views and give your opinion.,https://writing9.com/text/6a9051fc8b43af001111caf1-some-parents-think-it-is-good-to-give-their-children-mobile-phones-while-others-disagree-discuss-bot,writing9.com,245
109,6.0,"Some people argue that all experimentation on animals is bad and should be outlawed. However, others believe that important scientific discoveries can be made from animal experiments. Can experimentation on animals be justified? Are there any alternatives?",https://writing9.com/text/6aa92f9618262300115287cf-some-people-argue-that-all-experimentation-on-animals-is-bad-and-should-be-outlawed-however-others-b,writing9.com,286
110,6.0,some people argue that parents should have a strong influence on their children’s choice of friends and life partners. Others believe that young people should make these decisions independently. Discuss both views and give your opinion.,https://writing9.com/text/6a792411bee1e0001159e9a8-some-people-argue-that-parents-should-have-a-strong-influence-on-their-childrens-choice-of-friends-a,writing9.com,300
111,6.0,Some people argue that primary schools focus too much on formal learning. To what extent do you agree with this opinion? How important do you think it is for children to play as well as learn in the primary school classroom?,https://writing9.com/text/6aa9b1731826230011528818-some-people-argue-that-primary-schools-focus-too-much-on-formal-learning-to-what-extent-do-you-agree,writing9.com,270
112,6.0,Some people believe that advertising is useful and informative while others believe it provides false information in order to increase the price of products and services. Discuss both these views and give your own opinion,https://writing9.com/text/6a6993e0276f59001115b92c-some-people-believe-that-advertising-is-useful-and-informative-while-others-believe-it-provides-fals,writing9.com,433
113,6.0,"Some people believe that all workers, regardless of their job or skills, should receive the same salary. To what extent do you agree or disagree?",https://writing9.com/text/6a85e4988b43af001111c2bb-some-people-believe-that-all-workers-regardless-of-their-job-or-skills-should-receive-the-same-salar,writing9.com,237
114,6.0,"Some people believe that allowing children to make their own choices on everyday matters (such as food, clothes and entertainment) is likely to result in a society of individuals who only think about their own wishes. Other people believe that it is important for children to make decisions about matters that affect them. Discuss both these views and give your own opinion.",https://writing9.com/text/6a941de48b43af001111cda3-some-people-believe-that-allowing-children-to-make-their-own-choices-on-everyday-matters-such-as-foo,writing9.com,293
115,6.0,"Some people believe that cheap, fast transportation is required for successful international business, while others believe that good technology is more important. Discuss both views and give your opinion.",https://writing9.com/text/6a794efbbee1e0001159e9b6-some-people-believe-that-cheap-fast-transportation-is-required-for-successful-international-business,writing9.com,410
116,6.0,Some people believe that children are given too much free time. They feel that this time should be used to do more school work. How do you think children should spend their free time. Reason and examples....,https://writing9.com/text/6a8f4b5d8b43af001111ca10-some-people-believe-that-children-are-given-too-much-free-time-they-feel-that-this-time-should-be-us,writing9.com,209
117,6.0,Some people believe that children should start learning a foreign language in primary school rather than in secondary school. Do you agree or disagree?,https://writing9.com/text/6ab673e03be1dd001236d4cb-some-people-believe-that-children-should-start-learning-a-foreign-language-in-primary-school-rather-,writing9.com,248
118,6.0,Some people believe that government should not spend too much money on space exploration . Do you agree or Disagree ?,https://writing9.com/text/6a8d96cb8b43af001111c8e7-some-people-believe-that-government-should-not-spend-too-much-money-on-space-exploration-do-you-agre,writing9.com,261
119,6.0,Some people believe that it is a good idea that old people continue to work if it is possible for them to do so. Do you agree or disagree?,https://writing9.com/text/6a9cb9e58b43af001111d3f2-some-people-believe-that-it-is-a-good-idea-that-old-people-continue-to-work-if-it-is-possible-for-th,writing9.com,269
120,6.0,"Some people believe that it is best to accept a bad situation, such as an unsatisfactoryjob or shortage of money. Others argue that it is better to try and improve such situations. Discuss both these views and give your own opinion. Give reasons for your answer and include any relevant examples from your own knowledge or experience.",https://writing9.com/text/6a8b6b008b43af001111c704-some-people-believe-that-it-is-best-to-accept-a-bad-situation-such-as-an-unsatisfactoryjob-or-shorta,writing9.com,362
121,6.0,"Some people believe that it is best to accept a bad situation, such as an unsatisfactory job or lack of money. others argue that it is better to try and improve such conditions discuss both these views and give your own opinion",https://writing9.com/text/6a9adbab8b43af001111d2d6-some-people-believe-that-it-is-best-to-accept-a-bad-situation-such-as-an-unsatisfactory-job-or-lack-,writing9.com,450
122,6.0,"some people believe that it is best to accept a bad situation, such as an unsatisfactory job or shortage of money. Others argue taht it is better to try and improve such situations. Discuss both these views and give your own opinion",https://writing9.com/text/6a81a59a8b43af001111bf46-some-people-believe-that-it-is-best-to-accept-a-bad-situation-such-as-an-unsatisfactory-job-or-short,writing9.com,257
123,6.0,Some people believe that price is the only consideration when buying something. Do you agree or disagree with this statement? Give your opinion and include relevant examples.,https://writing9.com/text/6a7bc5fd5a8b010011bd85c5-some-people-believe-that-price-is-the-only-consideration-when-buying-something-do-you-agree-or-disag,writing9.com,283
124,6.0,"Some people believe that professionals, such as doctors and engineers, should be required to work in the country where they did their training. Others believe they should be free to work in another country if they wish. Discuss both these views and give your own opinion. Give reasons for your answer and include any relevant examples from your own knowledge or experience.",https://writing9.com/text/6aaa4fb118262300115288af-some-people-believe-that-professionals-such-as-doctors-and-engineers-should-be-required-to-work-in-t,writing9.com,273
125,6.0,"Some people believe that schools should teach practical skills such as financial management, cooking and basic repairs, instead of focusing mainly on academic subjects. Do you agree or disagree?",https://writing9.com/text/6a854bca8b43af001111c246-some-people-believe-that-schools-should-teach-practical-skills-such-as-financial-management-cooking-,writing9.com,269
126,6.0,Some people believe that the widespread use of computers and mobile phones has weakened young people's reading and writing skills. To what extent do you agree or disagree?,https://writing9.com/text/6abc659a3be1dd001236d96f-some-people-believe-that-the-widespread-use-of-computers-and-mobile-phones-has-weakened-young-people,writing9.com,290
127,6.0,Some people consider national news as more important while other people think that international news is of more importance. Discuss both views and give your opinion.,https://writing9.com/text/6aa5498e18262300115284d7-some-people-consider-national-news-as-more-important-while-other-people-think-that-international-new,writing9.com,369
128,6.0,Some people feel that students should not have to take standardized tests in school. To what extent do you agree or disagree?,https://writing9.com/text/6ab54a183be1dd001236d3ec-some-people-feel-that-students-should-not-have-to-take-standardized-tests-in-school-to-what-extent-d,writing9.com,278
129,6.0,Some people get into debts by buying things they don't need and can't afford. What are the reasons for this behavior? What action can be taken to prevent people from having this problem?,https://writing9.com/text/6aa55f5818262300115284ea-some-people-get-into-debts-by-buying-things-they-dont-need-and-cant-afford-what-are-the-reasons-for-,writing9.com,266
130,6.0,Some people have decided to reduce the number of times they fly every year or to stop flying altogether. Do you think the environmental benefits of this development outweigh the disadvantages for individuals and businesses? Give reasons for your answer and include any relevant examples from your own knowledge or experience.,https://writing9.com/text/6aa3f6e118262300115283d5-some-people-have-decided-to-reduce-the-number-of-times-they-fly-every-year-or-to-stop-flying-altoget,writing9.com,236
131,6.0,"Some people say it is the government's responsibility to transport children to school, while others believe parents should transport their children to school. Discuss both views and give your opinion.",https://writing9.com/text/6ab86c973be1dd001236d661-some-people-say-it-is-the-governments-responsibility-to-transport-children-to-school-while-others-be,writing9.com,276
132,6.0,Some people say that all popular TV programmes should aim to educate viewers about improtant social issues. To what extent do you agree or disagree with this statement?,https://writing9.com/text/6a81e7528b43af001111bf7b-some-people-say-that-all-popular-tv-programmes-should-aim-to-educate-viewers-about-improtant-social-,writing9.com,298
133,6.0,Some people say that history offers no practical benefit to society while others claim that history teaches us to understand the present. Discuss both views and give your own opinion .,https://writing9.com/text/6a81a10a8b43af001111bf44-some-people-say-that-history-offers-no-practical-benefit-to-society-while-others-claim-that-history-,writing9.com,414
134,6.0,"Some people say that in the digital age, theatres and cinemas are no longer important as people can watch all the entertainment they want online. Others argue that theatres and cinemas are still important both economically and culturally. Discuss both these views and give your own opinion. Give reasons for your answer and include any relevant examples from your own knowledge or experience.",https://writing9.com/text/6abd3e903be1dd001236d9f3-some-people-say-that-in-the-digital-age-theatres-and-cinemas-are-no-longer-important-as-people-can-w,writing9.com,271
135,6.0,"Some people say that in the digital age, theatres and cinemas are no longer important as people can watch all the entertainment they want online. Others argue that theatres and cinemas are still important both economically and culturally. Discuss both these views and give your own opinion.",https://writing9.com/text/6a8a995f8b43af001111c68b-some-people-say-that-in-the-digital-age-theatres-and-cinemas-are-no-longer-important-as-people-can-w,writing9.com,255
136,6.0,"Some people say that nowadays children have an easy life, and some people think that the life of children was easier in the past. Discuss both points of view and also provide relevant examples from your own knowledge or experience.",https://writing9.com/text/6abade8b3be1dd001236d7d9-some-people-say-that-nowadays-children-have-an-easy-life-and-some-people-think-that-the-life-of-chil,writing9.com,241
137,6.0,"Some people say that the bicycles are a good, modern means of transportation. Other say riding a bicycle has clear disadvantages. Discuss both view points and give your own opinion.",https://writing9.com/text/6ab23b6a3be1dd001236d1ce-some-people-say-that-the-bicycles-are-a-good-modern-means-of-transportation-other-say-riding-a-bicyc,writing9.com,269
138,6.0,"Some people suggest that international TV programmes and movies should be imported, while others think that TV programmes and movies should be produced locally. Discuss both views and give your opinion.",https://writing9.com/text/6a69c5bb276f59001115b936-some-people-suggest-that-international-tv-programmes-and-movies-should-be-imported-while-others-thin,writing9.com,302
139,6.0,"Some people think children should spend more time studying, while others believe they should spend more time playing. Discuss both views and give your opinion.",https://writing9.com/text/6a78e751bee1e0001159e923-some-people-think-children-should-spend-more-time-studying-while-others-believe-they-should-spend-mo,writing9.com,263
140,6.0,Some people think governments should spend more money on public transport rather than building new roads. Discuss both views and give your opinion.,https://writing9.com/text/6ac3c2051e72750011862485-some-people-think-governments-should-spend-more-money-on-public-transport-rather-than-building-new-r,writing9.com,275
141,6.0,Some people think it is a good thing for senior managers to have much higher salaries than other workers in a company. To what extent do you agree or disagree?,https://writing9.com/text/6ac0b40a3be1dd001236dc9c-some-people-think-it-is-a-good-thing-for-senior-managers-to-have-much-higher-salaries-than-other-wor,writing9.com,335
142,6.0,"Some people think it is better to educate boys and girls in separate schools. Others, however, believe that boys and girls benefit more from attending mixed schools. Discuss bot these views and give your own opinion.",https://writing9.com/text/6ab584e63be1dd001236d40b-some-people-think-it-is-better-to-educate-boys-and-girls-in-separate-schools-others-however-believe-,writing9.com,274
143,6.0,"Some people think that all university students should study whatever they like. Others believe that they should only be allowed to study subjects that will be useful in the future, such as those related to science and technology. Discuss both these views and give your own opinion",https://writing9.com/text/6a7771b4bee1e0001159e810-some-people-think-that-all-university-students-should-study-whatever-they-like-others-believe-that-t,writing9.com,273
144,6.0,Some people think that animals should be kept in men made cells. What are the disadvantages of keeping animal in zoos?,https://writing9.com/text/6a7f893c8b43af001111bdf8-some-people-think-that-animals-should-be-kept-in-men-made-cells-what-are-the-disadvantages-of-keepin,writing9.com,366
145,6.0,Some people think that boys and girls should attend school together. Others feel that they should be educated separately. Discuss both sides and give your own opinion.,https://writing9.com/text/6a6f4a9863791b00118b2956-some-people-think-that-boys-and-girls-should-attend-school-together-others-feel-that-they-should-be-,writing9.com,280
146,6.0,"Some people think that entrance to museums should be free for everyone, whereas others believe that visitors should pay an entrance fee. Discuss both views and give your own opinion.",https://writing9.com/text/6aa1595d18262300115281ca-some-people-think-that-entrance-to-museums-should-be-free-for-everyone-whereas-others-believe-that-v,writing9.com,253
147,6.0,Some people think that having a high salary is the most important part of a good job. Do you agree or disagree?,https://writing9.com/text/6abe788c3be1dd001236dae0-some-people-think-that-having-a-high-salary-is-the-most-important-part-of-a-good-job-do-you-agree-or,writing9.com,299
148,6.0,some people think that hosting an international sporting event is beneficial for a country while others disagree. Do the advantages of hosting major sporting events outweigh the disadvantages,https://writing9.com/text/6a7f996a8b43af001111bdfe-some-people-think-that-hosting-an-international-sporting-event-is-beneficial-for-a-country-while-oth,writing9.com,295
149,6.0,"Some people think that in order to deal with the problem of congestion in cities, privately owned vehicles should be banned from the city center, while others consider this idea an unrealistic solution. Discuss both sides and give your opinion.",https://writing9.com/text/6aaf8e653be1dd001236cfdb-some-people-think-that-in-order-to-deal-with-the-problem-of-congestion-in-cities-privately-owned-veh,writing9.com,250
150,6.0,Some people think that it's good for a country's culture if people watch some imported film or TV programs while some people argue that it could be better if people watch films of their own culture. Discuss both views and give your own opinion.,https://writing9.com/text/6a7cad455a8b010011bd8612-some-people-think-that-its-good-for-a-countrys-culture-if-people-watch-some-imported-film-or-tv-prog,writing9.com,346
151,6.0,Some people think that it would be better for large companies and industries to move to regional areas outside large urban centers. What are the advantages and disadvantages of this idea?,https://writing9.com/text/6a992d2e8b43af001111d1b5-some-people-think-that-it-would-be-better-for-large-companies-and-industries-to-move-to-regional-are,writing9.com,283
152,6.0,"Some people think that machine translation is highly developed in today's society. Therefore, it is not necessary for students to learn a foreign language. What's your opinion?",https://writing9.com/text/6a7893c9bee1e0001159e8eb-some-people-think-that-machine-translation-is-highly-developed-in-todays-society-therefore-it-is-not,writing9.com,289
153,6.0,"Some people think that parents should teach their children how to be good members of society. Others, however, believe that school is the best place to learn this. Discuss both views and give your own opinion.",https://writing9.com/text/6a8c05328b43af001111c790-some-people-think-that-parents-should-teach-their-children-how-to-be-good-members-of-society-others-,writing9.com,231
154,6.0,Some people think that strict punishment for driving offences is key to reducing traffic accidents. Others however believe that other measures would improve road safety. Discuss both views and give your opinion.,https://writing9.com/text/6a6a458d63791b00118b2619-some-people-think-that-strict-punishment-for-driving-offences-is-key-to-reducing-traffic-accidents-o,writing9.com,335
155,6.0,"Some people think that the best way to improve road safety is to get drivers tested each year. To what extent do you agree or disagree? Summarise the information by selecting and reporting the main features, and make comparisons where relevant.",https://writing9.com/text/6aafff383be1dd001236d008-some-people-think-that-the-best-way-to-improve-road-safety-is-to-get-drivers-tested-each-year-to-wha,writing9.com,251
156,6.0,"some people think that the government should provide free public libraries in every town, while others think this is a waste of money because people can get access the information on the internet. Discuss both these views and give own opinion.",https://writing9.com/text/6a7a075a5a8b010011bd8462-some-people-think-that-the-government-should-provide-free-public-libraries-in-every-town-while-other,writing9.com,286
157,6.0,"Some people think that the increasing use of technology in the workplace is beneficial for employees, while others believe that it has a negative impact on workers. Discuss both views and give your own opinion.",https://writing9.com/text/6ac3be0c1e72750011862480-some-people-think-that-the-increasing-use-of-technology-in-the-workplace-is-beneficial-for-employees,writing9.com,332
158,6.0,"Some people think that too much money has been spent looking after and repairing old buildings, so we should knock down old buildings and build modern ones instead. To what extent do you agree or disagree?",https://writing9.com/text/6aa678fb18262300115285b0-some-people-think-that-too-much-money-has-been-spent-looking-after-and-repairing-old-buildings-so-we,writing9.com,313
159,6.0,"Some people think that universities should focus exclusively on providing academic knowledge and technical skills related to a specific career, while others believe they should also teach students how to think critically and solve complex societal problems. Discuss both views and give your opinion.",https://writing9.com/text/6abb3e743be1dd001236d878-some-people-think-that-universities-should-focus-exclusively-on-providing-academic-knowledge-and-tec,writing9.com,257
160,6.0,Some people think that watching sports as leisure activity is a wastage of time. Do you agree or disagree? give reasons and examples,https://writing9.com/text/6a9039e28b43af001111cadd-some-people-think-that-watching-sports-as-leisure-activity-is-a-wastage-of-time-do-you-agree-or-disa,writing9.com,326
161,6.0,"Some people think the news has no connection to people’s lives, so then it is a waste of time to read the news in the newspaper and watch television news programs. To what extent do you agree or disagree?",https://writing9.com/text/6aaf29241826230011528bea-some-people-think-the-news-has-no-connection-to-peoples-lives-so-then-it-is-a-waste-of-time-to-read-,writing9.com,285
162,6.0,Some people think watching television is a good way to relax. Others prefer other activities. Discuss both views and give your opinion.,https://writing9.com/text/6a98b9c38b43af001111d11b-some-people-think-watching-television-is-a-good-way-to-relax-others-prefer-other-activities-discuss-,writing9.com,259
163,6.0,"Some people want governments to spend money looking for life on other planets. Others, however, think this is a waste of public money when there are so many problems on earth. Discuss both views and give your opinion.",https://writing9.com/text/6a7d2fd45a8b010011bd86b4-some-people-want-governments-to-spend-money-looking-for-life-on-other-planets-others-however-think-t,writing9.com,423
164,6.0,Some people work for the same organisation all their working life. others think that it is better to work for different organisations. Discuss both these views and give your own opinion.,https://writing9.com/text/6a8493328b43af001111c1a1-some-people-work-for-the-same-organisation-all-their-working-life-others-think-that-it-is-better-to-,writing9.com,265
165,6.0,"Some students choose to work or travel after leaving school and before going to university. Many people, however, say that working experience is more useful in adult life than travel.Do you agree or disagree with this statement?",https://writing9.com/text/6aad5bc41826230011528af9-some-students-choose-to-work-or-travel-after-leaving-school-and-before-going-to-university-many-peop,writing9.com,365
166,6.0,Some university students want to learn about other subjects in addition to their main subjects Others believe it is more important to give all their time and attention to studying for a qualification. Discuss both these views and give your own opinion. Give reasons for your answer and include any relevant examples from your own knowledge or experience.,https://writing9.com/text/6aa533c818262300115284c4-some-university-students-want-to-learn-about-other-subjects-in-addition-to-their-main-subjects-other,writing9.com,310
167,6.0,Some university students want to learn about other subjects in addition to their main subjects. Others believe it is more important to give all their time and attention to studying for a qualification. Discuss both these views and give your own opinion.,https://writing9.com/text/6aa54af618262300115284d9-some-university-students-want-to-learn-about-other-subjects-in-addition-to-their-main-subjects-other,writing9.com,315
168,6.0,"Some young people are leaving the countryside to live in cities and towns, leaving only old people in the country side What problems are caused by this issue? What can be done to solve the situation?",https://writing9.com/text/6a7c45945a8b010011bd85e5-some-young-people-are-leaving-the-countryside-to-live-in-cities-and-towns-leaving-only-old-people-in,writing9.com,259
169,6.0,"Students should be allowed to choose academic courses or practical courses, e.g carpenters. To what extent do you agree or disagree?",https://writing9.com/text/6a974b5c8b43af001111d019-students-should-be-allowed-to-choose-academic-courses-or-practical-courses-eg-carpenters-to-what-ext,writing9.com,401
170,6.0,"Surveillance cameras in banks, offices, shops and streets have been very successful in reducing crime in the workplace and public, but they are also took for their users to spy on people's private business. what problems",https://writing9.com/text/6a74cc65bee1e0001159e641-surveillance-cameras-in-banks-offices-shops-and-streets-have-been-very-successful-in-reducing-crime-,writing9.com,314
171,6.0,"Surveillance cameras in banks, offices, shops and streets have been very successful in reducing crime in the workplace and public, but they are also took for their users to spy on people's private business. what problems do surveillance cameras create? what are the solutions?",https://writing9.com/text/6a801d8b8b43af001111be8d-surveillance-cameras-in-banks-offices-shops-and-streets-have-been-very-successful-in-reducing-crime-,writing9.com,268
172,6.0,Taking risks in both professional and personal life is important. Do you think the advantages of taking risks outweigh the disadvantages? Give reasons for your answer and include any relevant examples from your own knowledge or experience.,https://writing9.com/text/6aaa3ccb1826230011528898-taking-risks-in-both-professional-and-personal-life-is-important-do-you-think-the-advantages-of-taki,writing9.com,258
173,6.0,The availability of entertainment such as video games on handled devices are harmful to individuals and to the society they live in. To what extent do you agree or disagree?,https://writing9.com/text/6a8b0d348b43af001111c6d7-the-availability-of-entertainment-such-as-video-games-on-handled-devices-are-harmful-to-individuals-,writing9.com,374
174,6.0,The best way to provide enough homes in large cities is to build tall apartment blocks. To what extent do you agree or disagree with this statement? Give reasons for your answer and include any relevant examples from your own knowledge or experience.,https://writing9.com/text/6a86d2648b43af001111c393-the-best-way-to-provide-enough-homes-in-large-cities-is-to-build-tall-apartment-blocks-to-what-exten,writing9.com,274
175,6.0,The best way to provide enough homes in large cities is to build tall apartment blocks. To what extend do you agree or disagree with this statement?,https://writing9.com/text/6a9709108b43af001111d000-the-best-way-to-provide-enough-homes-in-large-cities-is-to-build-tall-apartment-blocks-to-what-exten,writing9.com,259
176,6.0,The best way to provide road safety is to introduce more serious punishments for drivers. To what extent do you agree or disagree?,https://writing9.com/text/6ab7a56a3be1dd001236d5a7-the-best-way-to-provide-road-safety-is-to-introduce-more-serious-punishments-for-drivers-to-what-ext,writing9.com,290
177,6.0,"The given bar chart how many residents in UK spend their money in three categories (Food and drinks, Resturants and hotels, Entertainment) during 2004.",https://writing9.com/text/6a72dd3ecbfa29001139c880-the-given-bar-chart-how-many-residents-in-uk-spend-their-money-in-three-categories-food-and-drinks-r,writing9.com,203
178,6.0,"The internet allows us to stay connected with each other no matter where we are. On the other hand, it also isolates us and encourages people not to socialise. To what extent do you agree or disagree with these statements.",https://writing9.com/text/6a7b68a65a8b010011bd8541-the-internet-allows-us-to-stay-connected-with-each-other-no-matter-where-we-are-on-the-other-hand-it,writing9.com,241
179,6.0,The internet has made possible for everybody to read anything online for free. This will make it unnecessary to pay for printed materials such as books or newspapers in the future. To what extent do you agree or disagree with this statement? Give reasons for your answer and include any relevant examples from your own knowledge or experience.,https://writing9.com/text/6ac33acd3be1dd001236de8f-the-internet-has-made-possible-for-everybody-to-read-anything-online-for-free-this-will-make-it-unne,writing9.com,464
180,6.0,The internet is an amazing invention which has changed the world. It has affected how people live. Give the advantages and disadvantages of the internet.,https://writing9.com/text/6a73734bbee1e0001159e562-the-internet-is-an-amazing-invention-which-has-changed-the-world-it-has-affected-how-people-live-giv,writing9.com,300
181,6.0,The internet is an amazing invention which has changed the world. Give the advantages and disadvantages of the internet,https://writing9.com/text/6ab14df93be1dd001236d121-the-internet-is-an-amazing-invention-which-has-changed-the-world-give-the-advantages-and-disadvantag,writing9.com,288
182,6.0,The internet is an amazing invention which has changed the world. Give the advantges and disadvantages of the internet.,https://writing9.com/text/6a6f2af663791b00118b293d-the-internet-is-an-amazing-invention-which-has-changed-the-world-give-the-advantges-and-disadvantage,writing9.com,277
183,6.0,"The main purpose of public libraries is to provide books, and they should not waste their limited resources and space on providing expensive hi-tech media such as computer software, videos, and DVDs. To what extent do you agree or disagree with this statement?",https://writing9.com/text/6a7d27085a8b010011bd86b1-the-main-purpose-of-public-libraries-is-to-provide-books-and-they-should-not-waste-their-limited-res,writing9.com,366
184,6.0,The most important aim of science shoud be to improve people’s lives. To what extent do you agree or disagree with this statement?,https://writing9.com/text/6aa2e3a51826230011528305-the-most-important-aim-of-science-shoud-be-to-improve-peoples-lives-to-what-extent-do-you-agree-or-d,writing9.com,283
185,6.0,The most important aim of science should be to improve people's lives. To what extent do you agree or disagree with this statement,https://writing9.com/text/6aa6de2d18262300115285e3-the-most-important-aim-of-science-should-be-to-improve-peoples-lives-to-what-extent-do-you-agree-or-,writing9.com,261
186,6.0,"The plans below show a harbour in 2000 and how it looks today. Summarise the information by selecting and reporting the main features, and make comparisons where relevant.",https://writing9.com/text/6a6f9a6f63791b00118b298c-the-plans-below-show-a-harbour-in-2000-and-how-it-looks-today-summarise-the-information-by-selecting,writing9.com,183
187,6.0,"The plans below show a small theatre in 2010, and the same theatre in 2012.",https://writing9.com/text/6a6b214663791b00118b26c3-the-plans-below-show-a-small-theatre-in-2010-and-the-same-theatre-in-2012,writing9.com,202
188,6.0,"The plans below show the site of a farm in 1950 and the same site today. Summarise the information by selecting and reporting the main features, and make comparisons where relevant.",https://writing9.com/text/6a8d0d7a8b43af001111c888-the-plans-below-show-the-site-of-a-farm-in-1950-and-the-same-site-today-summarise-the-information-by,writing9.com,177
189,6.0,"The popularity of fast food is increasing, especially among younger people. What are the cause for this trend? Is it a positive or negative development?",https://writing9.com/text/6ab63d393be1dd001236d49e-the-popularity-of-fast-food-is-increasing-especially-among-younger-people-what-are-the-cause-for-thi,writing9.com,405
190,6.0,•The television is good for you. •Discuss the advantages and disadvantages of watching television. Give reasons for your answer and include any relevant examples from your own knowledge or experience.,https://writing9.com/text/6a7a1e0a5a8b010011bd846b-the-television-is-good-for-you-discuss-the-advantages-and-disadvantages-of-watching-television-give-,writing9.com,307
191,6.0,The typical teaching situation of a teacher and students in the class will not exist by the year 2050. To what extent do you agree or disagree,https://writing9.com/text/6a8315c88b43af001111c06c-the-typical-teaching-situation-of-a-teacher-and-students-in-the-class-will-not-exist-by-the-year-205,writing9.com,287
192,6.0,The working week should be shorter and workers should have a longer weekend. Do you agree or disagree?,https://writing9.com/text/6a6fbacf63791b00118b299d-the-working-week-should-be-shorter-and-workers-should-have-a-longer-weekend-do-you-agree-or-disagree,writing9.com,264
193,6.0,"These days, if people have health problems, many do not visit doctors. They try to get better at home by themselves. Is this a positive or negative development?",https://writing9.com/text/6abb19743be1dd001236d860-these-days-if-people-have-health-problems-many-do-not-visit-doctors-they-try-to-get-better-at-home-b,writing9.com,271
194,6.0,"These days, many university courses are offered through the internet. Some people think that online teaching has more advantages than conventional classroom teaching or lectures, while others claim that there are significant disadvantages. Do the benefits of online teaching outweigh the disadvantages?",https://writing9.com/text/6ab969263be1dd001236d6c4-these-days-many-university-courses-are-offered-through-the-internet-some-people-think-that-online-te,writing9.com,316
195,6.0,"These days, many young people do not spend their weekends and holidays doing outdoor activities such as hiking or mountaineering. Why is this the case? How can they be encouraged to spend more time in the natural environment? Summarise the information by selecting and reporting the main features, and make comparisons where relevant.",https://writing9.com/text/6aad38c11826230011528ae6-these-days-many-young-people-do-not-spend-their-weekends-and-holidays-doing-outdoor-activities-such-,writing9.com,252
196,6.0,"These days, more and more people are going to other countries for significant periods of time, either to find a job or to study. Do the advantages of living in a foreign country outweigh the disadvantages?",https://writing9.com/text/6a95ac828b43af001111ceef-these-days-more-and-more-people-are-going-to-other-countries-for-significant-periods-of-time-either-,writing9.com,283
197,6.0,"Tipping is a common practice at restaurants in many countries. Some people believe tipping is a great way to show service workers you appreciate them, while others believe it should be the responsibility of the boss or company to pay their workers. Discuss both sides and give your opinion.",https://writing9.com/text/6a7b461d5a8b010011bd8533-tipping-is-a-common-practice-at-restaurants-in-many-countries-some-people-believe-tipping-is-a-great,writing9.com,336
198,6.0,To learn a foreign language successfully you need to spend time in the country where the language is spoken. Do you agree or disagree? Give reasons for your answer and include any relevant examples from your own knowledge or experience.,https://writing9.com/text/6a7a1d0d5a8b010011bd8469-to-learn-a-foreign-language-successfully-you-need-to-spend-time-in-the-country-where-the-language-is,writing9.com,228
199,6.0,TODAY MANY CHILDREN ARE OVERWEIGHT. THIS IS A SERIOUS HEALTH PROBLEM. GIVE THE REASONS FOR CHILD OBESITY AND GIVE SOLUTIONS TO HELP THEM.,https://writing9.com/text/6a9302ea8b43af001111ccdf-today-many-children-are-overweight-this-is-a-serious-health-problem-give-the-reasons-for-child-obesi,writing9.com,301
200,6.0,"Today, many people use the internet and smartphones to transfer money to friends, family, and businesses. Is this a positive or negative development?",https://writing9.com/text/6aa84fe31826230011528726-today-many-people-use-the-internet-and-smartphones-to-transfer-money-to-friends-family-and-businesse,writing9.com,235
201,6.5,A small number of global streaming companies now decide which films and television series are made. Do you think this is a positive or a negative development?,https://www.cdieltsprep.com/writing-samples/global-streaming-platforms-deciding-what-gets-made,CD IELTS Prep,254
202,6.5,"In many countries, the gap between the rich and the poor is widening. Some people argue that economic growth is the best way to reduce inequality, while others believe that direct government redistribution of wealth is more effective. Discuss both views and give your own opinion.",https://ieltswritingcorrectionservice.com/ielts-task-2-sample-society,IELTS Writing Correction Service,270
203,6.5,"In many countries around the world, rural people are moving to cities, so the population in the countryside is decreasing. Do you think this is a positive or a negative development?",https://writing9.com/text/6aa68e8418262300115285b6-2in-many-countries-around-the-world-rural-people-are-moving-to-cities-so-the-population-in-the-count,writing9.com,351
204,6.5,An increasing number of students choose to complete their university degree in a foreign country rather than at home. Discuss the advantages and disadvantages of this trend.,https://www.cdieltsprep.com/writing-samples/studying-degree-abroad,CD IELTS Prep,264
205,6.5,"Many people argue that individuals are responsible for addressing environmental problems, while others believe that governments and large corporations bear the primary responsibility. Discuss both views and give your own opinion.",https://ieltswritingcorrectionservice.com/ielts-task-2-sample-environment,IELTS Writing Correction Service,263
206,6.5,"Many people join distance-learning programs (studys material, post, TV, İnternet) and study at home, but some people think that it cannot bring the same benefit as attending collages or universities does. Do you agree or disagree.",https://writing9.com/text/6aa7bbab18262300115286a4-4many-people-join-distance-learning-programs-studys-material-post-tv-internet-and-study-at-home-but-,writing9.com,333
207,6.5,"As countries try to reduce their carbon emissions, some argue that nuclear power must be part of the solution, while others believe that only renewable sources such as wind and solar should be developed. Discuss both views and give your own opinion.",https://www.cdieltsprep.com/writing-samples/nuclear-power-versus-renewables-only,CD IELTS Prep,261
208,6.5,"Some people believe that governments should take responsibility for improving the health of citizens by regulating diet and lifestyle choices, while others think that health is a personal matter and individuals should be free to make their own decisions. To what extent do you agree with the view that governments should intervene in citizens' health choices?",https://ieltswritingcorrectionservice.com/ielts-task-2-sample-health,IELTS Writing Correction Service,270
209,6.5,A lot of places in the world rely on tourism as a main source of income. Describe the advantages and disadvantages of tourism industry.,https://writing9.com/text/6ab7883a3be1dd001236d596-a-lot-of-places-in-the-world-rely-on-tourism-as-a-main-source-of-income-describe-the-advantages-and-,writing9.com,272
210,6.5,"At many universities, live lectures are being replaced by recorded material which students watch in their own time. Do you think this is a positive or a negative development?",https://www.cdieltsprep.com/writing-samples/recorded-lectures-replacing-live-teaching,CD IELTS Prep,254
211,6.5,"Some people believe that the introduction of artificial intelligence and automation will lead to widespread unemployment and social problems, while others argue that technology has always created more jobs than it has destroyed. Discuss both views and give your own opinion.",https://ieltswritingcorrectionservice.com/ielts-task-2-sample-work,IELTS Writing Correction Service,288
212,6.5,All university undergraduate courses should include a period of time spent studying abroad or doing a work placement. Do you think the advantages of this outweigh the disadvantages?,https://writing9.com/text/6aa1269f18262300115281b9-all-university-undergraduate-courses-should-include-a-period-of-time-spent-studying-abroad-or-doing-,writing9.com,252
213,6.5,Employers are now able to record everything their staff do on company computers. Some people believe that employers should be free to do this. Do you agree or disagree?,https://www.cdieltsprep.com/writing-samples/employers-monitoring-staff-computer-use,CD IELTS Prep,254
214,6.5,An increasing number of people are changing careers during their working life. What do you think are the reasons of this? Is it a positive or a negative development for society?,https://writing9.com/text/6ac539761e727500118625be-an-increasing-number-of-people-are-changing-careers-during-their-working-life-what-do-you-think-are-,writing9.com,326
215,6.5,"English has become the main language of international business, science and travel. Some people see this as a practical advantage, while others believe it threatens smaller languages and the cultures attached to them. Discuss both views and give your own opinion.",https://www.cdieltsprep.com/writing-samples/english-global-language-versus-smaller-languages,CD IELTS Prep,265
216,6.5,"As global trade increases, many goods including those we use on daily basis are produced in another country and have to be transported long distances . Do benefits of this trend outweigh disadvantages",https://writing9.com/text/6aba75653be1dd001236d7a6-as-global-trade-increases-many-goods-including-those-we-use-on-daily-basis-are-produced-in-another-c,writing9.com,282
217,6.5,Fraud committed over the internet has increased significantly in recent years. Why has this type of crime become so common? What can individuals do to protect themselves?,https://www.cdieltsprep.com/writing-samples/rise-of-online-fraud,CD IELTS Prep,254
218,6.5,Children should be taught how to manage their own use of digital devices rather than having strict limits imposed by their parents. To what extent do you agree or disagree?,https://writing9.com/text/6a9c31b08b43af001111d3c1-children-should-be-taught-how-to-manage-their-own-use-of-digital-devices-rather-than-having-strict-l,writing9.com,286
219,6.5,Governments have limited budgets for health care. Some people believe that public money should always be spent on preventing illness rather than on treating it. To what extent do you agree or disagree?,https://www.cdieltsprep.com/writing-samples/prevention-before-treatment-health-spending,CD IELTS Prep,262
220,6.5,"Creative artists should be given the freedom to express their ideas (through words, pictures, music, or films). However, some people think the government should impose certain restrictions on them. To what extent do you agree or disagree?",https://writing9.com/text/6a7cad705a8b010011bd8614-creative-artists-should-be-given-the-freedom-to-express-their-ideas-through-words-pictures-music-or-,writing9.com,261
221,6.5,"In many communities, local charities and clubs are finding it increasingly difficult to recruit volunteers. Why is this happening? What could be done to encourage more people to give their time?",https://www.cdieltsprep.com/writing-samples/why-volunteers-are-harder-to-find,CD IELTS Prep,274
222,6.5,"Despite the large number of gyms, a sedenatary lifestyle is gaining popularity in the contemporary world. What problems are associated with this? What solutions can you suggest?",https://writing9.com/text/6ab2502e3be1dd001236d1e4-despite-the-large-number-of-gyms-a-sedenatary-lifestyle-is-gaining-popularity-in-the-contemporary-wo,writing9.com,267
223,6.5,"In many companies, software and artificial intelligence now carry out routine administrative work that was previously done by employees. Do the advantages of this development outweigh the disadvantages?",https://www.cdieltsprep.com/writing-samples/automation-routine-office-work,CD IELTS Prep,256
224,6.5,Discuss the impact of single-use plastics on the environment. What steps can individuals and governments take to reduce this impact.,https://writing9.com/text/6abb8d4b3be1dd001236d8a2-discuss-the-impact-of-single-use-plastics-on-the-environment-what-steps-can-individuals-and-governme,writing9.com,277
225,6.5,"In many countries, a high proportion of young people who are released from prison commit further offences within a short period. What are the reasons for this, and how could the situation be improved?",https://www.cdieltsprep.com/writing-samples/young-offenders-reoffending-solutions,CD IELTS Prep,279
226,6.5,"Education is not a luxury, but a basic human right and as such should be free for everyone irrespective of personal wealth. Do you agree or disagree?",https://writing9.com/text/6a7cdddc5a8b010011bd8628-education-is-not-a-luxury-but-a-basic-human-right-and-as-such-should-be-free-for-everyone-irrespecti,writing9.com,284
227,6.5,"In many countries, companies are employing fewer permanent staff and are using more short-term contractors and gig workers. Do you think this is a positive or a negative development?",https://www.cdieltsprep.com/writing-samples/short-term-contracts-replacing-permanent-jobs,CD IELTS Prep,255
228,6.5,Education should be free for everyone. To what extent do you agree?,https://writing9.com/text/6ac2c8423be1dd001236de07-education-should-be-free-for-everyone-to-what-extent-do-you-agree,writing9.com,335
229,6.5,"In many countries, fewer school leavers are choosing to study science and mathematics at a higher level. Why is this happening? What could be done to encourage more young people into these subjects?",https://www.cdieltsprep.com/writing-samples/fewer-students-choosing-science-and-maths,CD IELTS Prep,258
230,6.5,English has become a need of the day and the local language are getting sidelined Give opinion and discuss your view.,https://writing9.com/text/6aab562318262300115289a6-english-has-become-a-need-of-the-day-and-the-local-language-are-getting-sidelined-give-opinion-and-d,writing9.com,317
231,6.5,In many countries people are having their first child at a much later age than previous generations did. Discuss the advantages and disadvantages of this development.,https://www.cdieltsprep.com/writing-samples/having-children-later-in-life,CD IELTS Prep,273
232,6.5,Entertainment such as playing electronic games on portable devices will be harmful to individuals in the society they live in. To what extent do you agree or disagree?,https://writing9.com/text/6a7a708f5a8b010011bd848c-entertainment-such-as-playing-electronic-games-on-portable-devices-will-be-harmful-to-individuals-in,writing9.com,302
233,6.5,"In many countries, public confidence in politicians has fallen sharply in recent decades. What has caused this loss of trust? How might it be rebuilt?",https://www.cdieltsprep.com/writing-samples/falling-public-trust-in-politicians,CD IELTS Prep,256
234,6.5,"environmental protection is the responsibility of politicians, not individuals as individuals can too little. To what extent do you agree or disagree?",https://writing9.com/text/6a7e849b8b43af001111bd86-environmental-protection-is-the-responsibility-of-politicians-not-individuals-as-individuals-can-too,writing9.com,336
235,6.5,"In many countries, services that were once run by the state, such as prisons, railways and rubbish collection, are now operated by private companies under government contracts. Do you think this is a positive or a negative development?",https://www.cdieltsprep.com/writing-samples/private-companies-running-public-services,CD IELTS Prep,266
236,6.5,Family members and friends caring for elderly people find it hard to spend enough time looking after them. What are the causes of this problem? What solutions can you suggest?,https://writing9.com/text/6a7f26658b43af001111bdcc-family-members-and-friends-caring-for-elderly-people-find-it-hard-to-spend-enough-time-looking-after,writing9.com,286
237,6.5,"In many countries the number of overweight children and teenagers has risen sharply in recent decades. What are the causes of this trend, and what measures could be taken to reverse it?",https://www.cdieltsprep.com/writing-samples/childhood-obesity-causes-and-solutions,CD IELTS Prep,257
238,6.5,Governments should invest more in public transport than in building new roads. To what extent do you agree or disagree?,https://writing9.com/text/6a98fe198b43af001111d19f-governments-should-invest-more-in-public-transport-than-in-building-new-roads-to-what-extent-do-you-,writing9.com,373
239,6.5,"In many growing cities, most new homes are now built as flats in high-rise tower blocks rather than as individual houses with gardens. Do the advantages of this trend outweigh the disadvantages?",https://www.cdieltsprep.com/writing-samples/high-rise-flats-instead-of-houses,CD IELTS Prep,287
240,6.5,Governments should spend more money preventing common illnesses than treating people after they become sick. To what extent do you agree or disagree?,https://writing9.com/text/6a9d971d8b43af001111d4b9-governments-should-spend-more-money-preventing-common-illnesses-than-treating-people-after-they-beco,writing9.com,270
241,6.5,"In many large cities, ordinary working people can no longer afford to live near the places where they work. Why has this happened, and what can be done about it?",https://www.cdieltsprep.com/writing-samples/urban-housing-unaffordable-solutions,CD IELTS Prep,279
242,6.5,High Rise building - advantage/disadvantage These days more people prefer to live in vertical buildings. What are the advantages and disadvantages for the people?,https://writing9.com/text/6a84cbff8b43af001111c1be-high-rise-building-advantagedisadvantage-these-days-more-people-prefer-to-live-in-vertical-buildings,writing9.com,330
243,6.5,"In many societies, a growing number of older people live alone and have little regular contact with others. What are the causes of this isolation, and what could be done to reduce it?",https://www.cdieltsprep.com/writing-samples/older-people-loneliness-isolation-solutions,CD IELTS Prep,289
244,6.5,"In many cities around the world, there is a shortage of housing. Some people believe that governments should build more housing in empty spaces in towns and cities. Others believe that these spaces should be preserved for parks and green areas. Discuss both these views and give your own opinion.",https://writing9.com/text/6a8e5d158b43af001111c996-in-many-cities-around-the-world-there-is-a-shortage-of-housing-some-people-believe-that-governments-,writing9.com,258
245,6.5,"In many towns and cities, online retailers have taken a large share of the trade that once went to shops on the high street. Do the advantages of this shift outweigh the disadvantages?",https://www.cdieltsprep.com/writing-samples/online-retail-replacing-high-street,CD IELTS Prep,264
246,6.5,"In many countries, primary and secondary schools close for two months or more in the summer holidays. What is the value of long school holidays? What are the arguments in favour of shorter school holidays?",https://writing9.com/text/6aba1fea3be1dd001236d77d-in-many-countries-primary-and-secondary-schools-close-for-two-months-or-more-in-the-summer-holidays-,writing9.com,254
247,6.5,"In many wealthy countries, a large proportion of the food that is produced is never eaten and ends up being thrown away. What problems does this cause? What measures could be taken to reduce the amount of food that is wasted?",https://www.cdieltsprep.com/writing-samples/food-waste-in-wealthy-countries,CD IELTS Prep,279
248,6.5,"In many countries, shopping is becoming a free time activity that replaces traditional hobbies, such as reading and sport. What are the reasons for this? Do you think this is a positive or negative development?",https://writing9.com/text/6ab29b023be1dd001236d211-in-many-countries-shopping-is-becoming-a-free-time-activity-that-replaces-traditional-hobbies-such-a,writing9.com,315
249,6.5,"In some areas, libraries, parks and community centres that were once run by paid council staff are now managed by local volunteers. Some people believe this is the best way to keep such services open, while others argue that local government should pay professionals to run them. Discuss both views and give your own opinion.",https://www.cdieltsprep.com/writing-samples/volunteers-running-local-services,CD IELTS Prep,299
250,6.5,In many countries woman no longer feel the need to get married. Some people believe that this is because women are able to earn their own income and therefore do not require financial security that marriage can bring. To what extend do you agree?,https://writing9.com/text/6aa260891826230011528299-in-many-countries-woman-no-longer-feel-the-need-to-get-married-some-people-believe-that-this-is-beca,writing9.com,251
251,6.5,"In some countries, cash is being replaced almost entirely by digital payment. Do you think this is a positive or a negative development?",https://www.cdieltsprep.com/writing-samples/cash-replaced-by-digital-payment,CD IELTS Prep,255
252,6.5,"In many parts of the world, more employees are choosing or being required to work from home. Do the advantages of this trend outweigh the disadvantages?",https://writing9.com/text/6aa6760818262300115285ad-in-many-parts-of-the-world-more-employees-are-choosing-or-being-required-to-work-from-home-do-the-ad,writing9.com,262
253,6.5,"In some families, young children are cared for during the working day by their grandparents. Others believe that professional nurseries provide a better start. Discuss both views and give your own opinion.",https://www.cdieltsprep.com/writing-samples/grandparents-versus-nurseries-childcare,CD IELTS Prep,253
254,6.5,"**In recent years, there has been growing interest in the relationship between equality and personal achievement. Some people believe that individuals can achieve more in egalitarian societies. Others believe that high levels of personal achievement are possible only if individuals are free to succeed or fail according to their individual merits. Discuss both sides and give your own opinion.**",https://writing9.com/text/6a85c0b38b43af001111c2b0-in-recent-years-there-has-been-growing-interest-in-the-relationship-between-equality-and-personal-ac,writing9.com,346
255,6.5,"Increasingly, people pay a monthly subscription to use products such as software, cars, furniture and even clothing, instead of buying them outright. Do you think this is a positive or a negative development?",https://www.cdieltsprep.com/writing-samples/subscriptions-replacing-ownership,CD IELTS Prep,265
256,6.5,"In some area of the US, a ‘curfew’ is imposed, in which teenagers are not allowed to be out of doors after a particular time at night unless they are accompanied by an adult. What is your opinion on this?",https://writing9.com/text/6ab791783be1dd001236d598-in-some-area-of-the-us-a-curfew-is-imposed-in-which-teenagers-are-not-allowed-to-be-out-of-doors-aft,writing9.com,310
257,6.5,It is now common for people to change careers several times during their working lives. Why is this happening? Do you think it is a positive or a negative development?,https://www.cdieltsprep.com/writing-samples/changing-careers-several-times,CD IELTS Prep,263
258,6.5,"In some cities, public parks and open spaces are changed into gardens where local residents can grow their own fruits and vegetables. Do you think the advantages of this development outweigh the disadvantages? Summarise the information by selecting and reporting the main features, and make comparisons where relevant.",https://writing9.com/text/6aafe8133be1dd001236d002-in-some-cities-public-parks-and-open-spaces-are-changed-into-gardens-where-local-residents-can-grow-,writing9.com,253
259,6.5,"Large quantities of plastic waste end up in the world's oceans every year. What do you think are the main reasons for this, and what could be done to address the situation?",https://www.cdieltsprep.com/writing-samples/ocean-plastic-waste-causes-and-solutions,CD IELTS Prep,263
260,6.5,"In some countires , owning a home rather than renting one is very important for people Why might be this case? Do you think this is a positive or negative situation?",https://writing9.com/text/6ab0c0ea3be1dd001236d0b3-in-some-countires-owning-a-home-rather-than-renting-one-is-very-important-for-people-why-might-be-th,writing9.com,415
261,6.5,"Many companies now allow their staff to work from home for most of the week. Some people think this arrangement benefits employees, while others argue that it harms teamwork and the training of younger staff. Discuss both views and give your own opinion.",https://www.cdieltsprep.com/writing-samples/remote-working-employees-versus-teams,CD IELTS Prep,251
262,6.5,"In some countries, it is becoming increasingly common for people to follow a vegetarian diet. Do the advantages outweigh the disadvantages?",https://writing9.com/text/6aad0f991826230011528acb-in-some-countries-it-is-becoming-increasingly-common-for-people-to-follow-a-vegetarian-diet-do-the-a,writing9.com,417
263,6.5,"Many countries invest heavily in training doctors, engineers and other skilled professionals, only for large numbers of them to emigrate soon after qualifying. Why does this happen, and what measures could reduce it?",https://www.cdieltsprep.com/writing-samples/skilled-graduates-emigration-brain-drain,CD IELTS Prep,265
264,6.5,"In some countries, more and more fathers take care of their children at home while mothers work full-time. what's the reason for this? is it a positive or negative development?",https://writing9.com/text/6ac4dfdd1e7275001186257c-in-some-countries-more-and-more-fathers-take-care-of-their-children-at-home-while-mothers-work-full-,writing9.com,356
265,6.5,Many countries spend large amounts of public money on hosting international sporting events. Some people believe that this money is wasted. To what extent do you agree or disagree?,https://www.cdieltsprep.com/writing-samples/public-money-hosting-international-sporting-events,CD IELTS Prep,257
266,6.5,"In some countries, people who are unemployed receive a sum of money each week in the form of a benefit, while some support this, other people believe that this money should not be given. Discuss both points of view and give your own point of view",https://writing9.com/text/6aa261ef182623001152829b-in-some-countries-people-who-are-unemployed-receive-a-sum-of-money-each-week-in-the-form-of-a-benefi,writing9.com,359
267,6.5,Many developing countries have built their economies around large-scale international tourism. Do the advantages of this approach outweigh the disadvantages?,https://www.cdieltsprep.com/writing-samples/mass-tourism-developing-economies,CD IELTS Prep,258
268,6.5,"In some countries, people who are unemployed receive a sum of money each week in the form of a benefit, while some support this, other people believe that this money should not be given. Discuss both points of view and give your own point of view gp",https://writing9.com/text/6a9d5f398b43af001111d48f-in-some-countries-people-who-are-unemployed-receive-a-sum-of-money-each-week-in-the-form-of-a-benefi,writing9.com,307
269,6.5,"Many major museums hold objects that were removed from other countries in the past. Some people believe these objects should be returned to their countries of origin, while others argue they are better preserved and more widely seen where they are. Discuss both views and give your own opinion.",https://www.cdieltsprep.com/writing-samples/museum-artefacts-return-or-retain,CD IELTS Prep,268
270,6.5,"In some countries, the average weight of people is increasing and their levels of health and fitness are decreasing. What do you think are the causes of these problems and what measures could be taken to solve them?",https://writing9.com/text/6a8d7a688b43af001111c8cf-in-some-countries-the-average-weight-of-people-is-increasing-and-their-levels-of-health-and-fitness-,writing9.com,296
271,6.5,Many patients do not follow the advice they are given by their doctors. Why does this happen? What are the consequences of this behaviour?,https://www.cdieltsprep.com/writing-samples/patients-ignoring-medical-advice,CD IELTS Prep,253
272,6.5,"In some countries, there are many social problems involving teenagers. This is because parents spend much of their time at work not at home. Do you agree or disagree?",https://writing9.com/text/6a8ecd458b43af001111c9c9-in-some-countries-there-are-many-social-problems-involving-teenagers-this-is-because-parents-spend-m,writing9.com,251
273,6.5,Many people now decide where to go on holiday because of photographs and videos they have seen on social media. Do you think this is a positive or a negative development?,https://www.cdieltsprep.com/writing-samples/holidays-chosen-from-social-media,CD IELTS Prep,282
274,6.5,"In some countries, university students live at home with their families, while studying, whereas in other countries students attend university in another city. Do you think the benefits of living away from home during university outweigh the disadvantages?",https://writing9.com/text/6ac360cc3be1dd001236deb1-in-some-countries-university-students-live-at-home-with-their-families-while-studying-whereas-in-oth,writing9.com,285
275,6.5,"Many people with physical disabilities find it difficult to travel for pleasure, even within their own country. What problems do they face, and what measures could be taken to make travel easier for them?",https://www.cdieltsprep.com/writing-samples/travel-for-people-with-disabilities,CD IELTS Prep,289
276,6.5,"In the 21st century, contact between many different parts of the world has developed rapidly through air travel and telecommunications. What are the advantages and the disadvantages?",https://writing9.com/text/6a82b1338b43af001111c038-in-the-21st-century-contact-between-many-different-parts-of-the-world-has-developed-rapidly-through-,writing9.com,333
277,6.5,"Most people are now aware of the environmental damage caused by air travel, yet the number of flights taken each year continues to rise. Why do people keep flying? What should be done about this?",https://www.cdieltsprep.com/writing-samples/flying-despite-environmental-cost,CD IELTS Prep,263
278,6.5,"In the future all cars, buses and trucks will be driverless. The only people travelling inside these vehicles will be passengers. Do you think the advantages of driverless vehicles outweigh the disadvantages?",https://writing9.com/text/6a8a63208b43af001111c682-in-the-future-all-cars-buses-and-trucks-will-be-driverless-the-only-people-travelling-inside-these-v,writing9.com,293
279,6.5,"Most people now receive their news through social media rather than through newspapers or broadcasters. Some believe this has made public debate more open, while others think it has left people less well informed. Discuss both views and give your own opinion.",https://www.cdieltsprep.com/writing-samples/social-media-as-a-news-source,CD IELTS Prep,261
280,6.5,"In the last century, the first man to walk on the moon said it was ""a giant leap for mankind”. However, some people think it has made little difference to our daily lives. To what extent do you agree or disagree?",https://writing9.com/text/6ab8c5293be1dd001236d67a-in-the-last-century-the-first-man-to-walk-on-the-moon-said-it-was-a-giant-leap-for-mankind-however-s,writing9.com,311
281,6.5,News organisations sometimes publish stories that later turn out to be false. Some people believe that the law should require corrections to be given the same prominence as the original story. To what extent do you agree or disagree?,https://www.cdieltsprep.com/writing-samples/legal-duty-to-publish-prominent-corrections,CD IELTS Prep,259
282,6.5,Increasing the prices of petrol is the best way to solve growing traffic and pollution problems. to what extent do you agree or disagree?,https://writing9.com/text/6a7ce18f5a8b010011bd862a-increasing-the-prices-of-petrol-is-the-best-way-to-solve-growing-traffic-and-pollution-problems-to-w,writing9.com,317
283,6.5,People in many countries now depend heavily on their smartphones. Why has this happened? What effects does this dependence have on individuals and on society?,https://www.cdieltsprep.com/writing-samples/smartphone-dependence-causes-and-effects,CD IELTS Prep,252
284,6.5,It has recently been announced that a new restaurant may be built in your neighborhood. What are the advantages and disadvantages of having a restaurant nearby? Do you support or oppose this plan? Why?,https://writing9.com/text/6ab6072f3be1dd001236d489-it-has-recently-been-announced-that-a-new-restaurant-may-be-built-in-your-neighborhood-what-are-the-,writing9.com,269
285,6.5,"Some cities have made all public transport free to use, paying for it through taxation instead of fares. Do you think this is a positive or negative development?",https://www.cdieltsprep.com/writing-samples/fare-free-public-transport,CD IELTS Prep,290
286,6.5,"It is a fact that there are a lot of languages in this world, but every year several of the languages just disappear. A group of people believe that the extinction of some languages is not a crucial problem since communication will be more effective with fewer languages.To what extent do you agree or disagree.",https://writing9.com/text/6aa5518018262300115284e1-it-is-a-fact-that-there-are-a-lot-of-languages-in-this-world-but-every-year-several-of-the-languages,writing9.com,284
287,6.5,"Some countries are considering reducing the standard working week from five days to four, with no reduction in pay. Do the advantages of this change outweigh the disadvantages?",https://www.cdieltsprep.com/writing-samples/four-day-working-week,CD IELTS Prep,268
288,6.5,It is becoming increasingly popular to have a year Off between finishing school and going to university. What are the advantages and disadvantages Of this?,https://writing9.com/text/6ac528621e727500118625b4-it-is-becoming-increasingly-popular-to-have-a-year-off-between-finishing-school-and-going-to-univers,writing9.com,256
289,6.5,Some governments are moving ministries and other public bodies out of the capital city to smaller towns and regions. Do the advantages of this policy outweigh the disadvantages?,https://www.cdieltsprep.com/writing-samples/relocating-government-bodies-from-capital,CD IELTS Prep,279
290,6.5,It is important for all towns and cities to have large outdoor public spaces such as squared and parks. Do you agree or disagree with this statement?,https://writing9.com/text/6ac3459e3be1dd001236de97-it-is-important-for-all-towns-and-cities-to-have-large-outdoor-public-spaces-such-as-squared-and-par,writing9.com,282
291,6.5,Some governments now fund university places only in subjects that lead directly to employment. To what extent do you agree or disagree?,https://www.cdieltsprep.com/writing-samples/university-funding-employment-outcomes,CD IELTS Prep,279
292,6.5,It is important for all towns and cities to have large public outdoor places like squares and parks. To what extent do you agree or disagree with this statement?,https://writing9.com/text/6abcf2673be1dd001236d9da-it-is-important-for-all-towns-and-cities-to-have-large-public-outdoor-places-like-squares-and-parks-,writing9.com,247
293,6.5,Some people argue that offenders who have committed non-violent crimes should serve their sentences in the community rather than in prison. To what extent do you agree or disagree?,https://www.cdieltsprep.com/writing-samples/community-sentences-for-non-violent-crime,CD IELTS Prep,250
294,6.5,It is very common for people to change both their habits and their opinions as they get older. Do you agree or disagree? Give reasons for your answer and include any relevant examples from your own knowledge or experience. write band 7 essay,https://writing9.com/text/6ab35f9a3be1dd001236d2b2-it-is-very-common-for-people-to-change-both-their-habits-and-their-opinions-as-they-get-older-do-you,writing9.com,276
295,6.5,Some people believe that governments should place a heavy tax on foods that are high in sugar and fat in order to improve public health. To what extent do you agree or disagree?,https://www.cdieltsprep.com/writing-samples/taxing-sugar-and-fat-for-public-health,CD IELTS Prep,266
296,6.5,Manufacturers should be legally required to make products that can be repaired easily instead of encouraging consumers to replace them. To what extent do you agree or disagree?,https://writing9.com/text/6a9d7dde8b43af001111d49f-manufacturers-should-be-legally-required-to-make-products-that-can-be-repaired-easily-instead-of-enc,writing9.com,253
297,6.5,Some people believe that individual efforts to live more sustainably achieve nothing while governments fail to regulate polluting industries. To what extent do you agree or disagree?,https://www.cdieltsprep.com/writing-samples/individual-action-versus-climate-regulation,CD IELTS Prep,262
298,6.5,"Many companies sponsor sports as a way of advertising themselves. Some people think this is good for the world of sport, while others think it is negative. Discuss both views and give your own opinion.",https://writing9.com/text/6ab6c8283be1dd001236d4fa-many-companies-sponsor-sports-as-a-way-of-advertising-themselves-some-people-think-this-is-good-for-,writing9.com,289
299,6.5,Some people believe that newspapers and websites should be free to publish stories about the private lives of famous people. Others think that famous people have the same right to privacy as anyone else. Discuss both views and give your own opinion.,https://www.cdieltsprep.com/writing-samples/press-reporting-private-lives-of-the-famous,CD IELTS Prep,288
300,6.5,Many elder people are no long look after their families but are put in care home and nursing homes.What are advantages and disadvantages of this .,https://writing9.com/text/6a9926a18b43af001111d1b0-many-elder-people-are-no-long-look-after-their-families-but-are-put-in-care-home-and-nursing-homeswh,writing9.com,284
301,6.5,Some people believe that private cars should be banned from the centres of large cities. To what extent do you agree or disagree?,https://www.cdieltsprep.com/writing-samples/banning-private-cars-from-city-centres,CD IELTS Prep,269
302,6.5,"Many manufactured food and drink contains high level of sugar, which causes many health problems. Sugary products should be made more expensive to encourage people to consume less sugar. Do you agree or disagree?",https://writing9.com/text/6aa6b6a018262300115285d2-many-manufactured-food-and-drink-contains-high-level-of-sugar-which-causes-many-health-problems-suga,writing9.com,260
303,6.5,Some people believe that voting in national elections should be compulsory for all adult citizens. To what extent do you agree or disagree?,https://www.cdieltsprep.com/writing-samples/compulsory-voting-in-national-elections,CD IELTS Prep,268
304,6.5,"Many manufactured food and drink products contain high levels of sugar, which causes many health problems. Sugary products should be made more expensive to encourage people to consume less sugar. Do you agree or disagree?",https://writing9.com/text/6aad86c61826230011528b09-many-manufactured-food-and-drink-products-contain-high-levels-of-sugar-which-causes-many-health-prob,writing9.com,296
305,6.5,Some people think that all advertising aimed at children under the age of twelve should be banned. To what extent do you agree or disagree?,https://www.cdieltsprep.com/writing-samples/banning-advertising-aimed-at-young-children,CD IELTS Prep,259
306,6.5,Many people believe that cooking is an essential life skill and should be taught to both boys and girls in schools. Others disagree and believe that it is a waste of school time. Discuss both views and give your own opinion.,https://writing9.com/text/6aaf238d1826230011528be8-many-people-believe-that-cooking-is-an-essential-life-skill-and-should-be-taught-to-both-boys-and-gi,writing9.com,316
307,6.5,Some people think that children should not be allowed to own a smartphone until they start secondary school. To what extent do you agree or disagree?,https://www.cdieltsprep.com/writing-samples/smartphones-before-secondary-school,CD IELTS Prep,250
308,6.5,"Many people believe that it is important to protect all wild animals, while others think that only some species should be protected. Discuss both views and give your own opinion.",https://writing9.com/text/6a9a74828b43af001111d290-many-people-believe-that-it-is-important-to-protect-all-wild-animals-while-others-think-that-only-so,writing9.com,256
309,6.5,"Some schools teach children of all abilities together in the same class, while others divide students into groups according to how well they perform. Discuss both approaches and give your own opinion.",https://www.cdieltsprep.com/writing-samples/mixed-ability-classes-versus-streaming,CD IELTS Prep,259
310,6.5,"Many people believe that saving money for the future is important for everyone, especially for young people. To what extent do you agree or disagree?",https://writing9.com/text/6a7d8eb95a8b010011bd86e7-many-people-believe-that-saving-money-for-the-future-is-important-for-everyone-especially-for-young-,writing9.com,316
311,6.5,"Streaming platforms have largely replaced scheduled television and, for many people, trips to the cinema. Discuss the advantages and disadvantages of this change.",https://www.cdieltsprep.com/writing-samples/streaming-replacing-television-cinema,CD IELTS Prep,261
312,6.5,"Many people feel it is a waste of money to try to save endangered animal species ,for example the tiger or the blue whale . To what extend do you agree or disagree?",https://writing9.com/text/6a7b8dc35a8b010011bd8550-many-people-feel-it-is-a-waste-of-money-to-try-to-save-endangered-animal-species-for-example-the-tig,writing9.com,231
313,6.5,"Traditional crafts such as weaving, pottery and woodcarving are dying out in many parts of the world. Why is this happening? Do you think it is important to keep these skills alive?",https://www.cdieltsprep.com/writing-samples/traditional-crafts-dying-out,CD IELTS Prep,270
314,6.5,"Many people understand what they should do to maintain a healthy lifestyle but still fail to follow healthy habits. Why does this happen, and what can individuals and governments do to encourage healthier behaviour?",https://writing9.com/text/6a9e89998b43af001111d582-many-people-understand-what-they-should-do-to-maintain-a-healthy-lifestyle-but-still-fail-to-follow-,writing9.com,317
315,6.5,"Traffic congestion is becoming worse in many rapidly growing cities. What do you think are the causes of this, and what solutions could be introduced?",https://www.cdieltsprep.com/writing-samples/urban-traffic-congestion-solutions,CD IELTS Prep,266
316,6.5,"Many people work long hours, leaving very little for leisure activities. Does this situation have more advantages or more disadvantages?",https://writing9.com/text/6a9adb678b43af001111d2d0-many-people-work-long-hours-leaving-very-little-for-leisure-activities-does-this-situation-have-more,writing9.com,355
317,6.5,"When children behave badly, some people believe that their parents rather than their schools should be held responsible. To what extent do you agree or disagree?",https://www.cdieltsprep.com/writing-samples/parents-or-schools-responsible-for-behaviour,CD IELTS Prep,265
318,6.5,Many students finish high school and want to continue their studies in another country. Give the advantages and disadvantages of studying abroad and give your opinion.,https://writing9.com/text/6ac26fe73be1dd001236ddd8-many-students-finish-high-school-and-want-to-continue-their-studies-in-another-country-give-the-adva,writing9.com,286
319,6.5,"Modern buildings appear in large numbers, but some people believe that we should build our buildings in traditional styles. To what extent do you agree or disagree?",https://writing9.com/text/6aaafee31826230011528922-modern-buildings-appear-in-large-numbers-but-some-people-believe-that-we-should-build-our-buildings-,writing9.com,269
320,6.5,Modern cities should be designed to encourage people to spend time together in shared public spaces rather than primarily focusing on private housing and commercial buildings. To what extent do you agree or disagree?,https://writing9.com/text/6a9d776e8b43af001111d498-modern-cities-should-be-designed-to-encourage-people-to-spend-time-together-in-shared-public-spaces-,writing9.com,259
321,6.5,More and more people are moving to big cities these days. Discuss advantages and disadvantages of living in a large city.,https://writing9.com/text/6a9903228b43af001111d1a2-more-and-more-people-are-moving-to-big-cities-these-days-discuss-advantages-and-disadvantages-of-liv,writing9.com,287
322,6.5,Multinational companies improves the quality of life in the foreign countries where they sell their goods. To what extent do you agree or disagree?,https://writing9.com/text/6a8738548b43af001111c3df-multinational-companies-improves-the-quality-of-life-in-the-foreign-countries-where-they-sell-their-,writing9.com,257
323,6.5,"n some countries, there are many social problems involving teenagers. Some people say this is because parents spend much of their time at work and not at home. Do you agree or disagree?",https://writing9.com/text/6a8eb1bc8b43af001111c9c4-n-some-countries-there-are-many-social-problems-involving-teenagers-some-people-say-this-is-because-,writing9.com,264
324,6.5,"Nowadays, many young people are highly influenced by celebrities and choose them as their role models. To what extent do you agree or disagree with this development?",https://writing9.com/text/6aa4b5c71826230011528499-nowadays-many-young-people-are-highly-influenced-by-celebrities-and-choose-them-as-their-role-models,writing9.com,381
325,6.5,"Nowadays, most of the information is available on the Internet, whereas in the past, knowledge was stored in books and on paper. Do you think the advantages of this situation outweigh its disadvantages?",https://writing9.com/text/6a7a0a4d5a8b010011bd8464-nowadays-most-of-the-information-is-available-on-the-internet-whereas-in-the-past-knowledge-was-stor,writing9.com,341
326,6.5,Nowadays we are producing more and more rubbish(garbage). Why do you think this is happening? what can government do to help reduce the amount of rubbish produced?,https://writing9.com/text/6a9333d98b43af001111ccff-nowadays-we-are-producing-more-and-more-rubbishgarbage-why-do-you-think-this-is-happening-what-can-g,writing9.com,420
327,6.5,Ordinary people try to copy famous people either reading magazines or watching TV. Why do they do this? Do you think it is a good idea to copy famous people?,https://writing9.com/text/6ac520d01e727500118625a8-ordinary-people-try-to-copy-famous-people-either-reading-magazines-or-watching-tv-why-do-they-do-thi,writing9.com,312
328,6.5,People are having more and more sugar-based drinks. What are the reasons? What are the solutions to make people drink less.,https://writing9.com/text/6ab139dc3be1dd001236d115-people-are-having-more-and-more-sugar-based-drinks-what-are-the-reasons-what-are-the-solutions-to-ma,writing9.com,250
329,6.5,People’s shopping habits depend more on the age group they belong to than any other factors. To what extent do you agree or disagree?,https://writing9.com/text/6ab9108a3be1dd001236d6a5-peoples-shopping-habits-depend-more-on-the-age-group-they-belong-to-than-any-other-factors-to-what-e,writing9.com,257
330,6.5,Popular events like the Football World Cup and other international sporting occasions are essential in easing international tension and releasing patriotic emotions in a safe way. To what extent you agree?,https://writing9.com/text/6a7c8f235a8b010011bd8608-popular-events-like-the-football-world-cup-and-other-international-sporting-occasions-are-essential-,writing9.com,317
331,6.5,"**Populations in developing nations are rapidly growing, people now believe that we should turn to gentically modified crops to increase the productions of food grains. Discuss the advantages and disadvantages of this topic.**",https://writing9.com/text/6a8574408b43af001111c25e-populations-in-developing-nations-are-rapidly-growing-people-now-believe-that-we-should-turn-to-gent,writing9.com,290
332,6.5,“Prevention is better than cure”. Researching and treating disease is too costly so it would be better to invest in preventative measures. To what extent do you agree.,https://writing9.com/text/6a7f41738b43af001111bddf-prevention-is-better-than-cure-researching-and-treating-disease-is-too-costly-so-it-would-be-better-,writing9.com,341
333,6.5,Promotions to a higher level should be made from within the company rather than appointing a new person from outside. Do you agree or disagree?,https://writing9.com/text/6a7f94ac8b43af001111bdfc-promotions-to-a-higher-level-should-be-made-from-within-the-company-rather-than-appointing-a-new-per,writing9.com,287
334,6.5,Schools and workplaces should allow people to make mistakes without serious consequences because failure is an important part of learning. To what extent do you agree or disagree?,https://writing9.com/text/6a9af5ef8b43af001111d2e7-schools-and-workplaces-should-allow-people-to-make-mistakes-without-serious-consequences-because-fai,writing9.com,283
335,6.5,Shops should not be allowed to sell any food or drink that are scientifically proven to be bad for health. To what extent do you agree or disagree?,https://writing9.com/text/6aa13d9618262300115281c0-shops-should-not-be-allowed-to-sell-any-food-or-drink-that-are-scientifically-proven-to-be-bad-for-h,writing9.com,252
336,6.5,"Should a city try to preserve its old, historic buildings or destroy them and replace them with modern buildings? Use specific reasons and examples to support your opinion.",https://writing9.com/text/6a83283e8b43af001111c089-should-a-city-try-to-preserve-its-old-historic-buildings-or-destroy-them-and-replace-them-with-moder,writing9.com,296
337,6.5,Should the weekly working days be reduced and weekends extended? Give your opinion.,https://writing9.com/text/6ac3346c3be1dd001236de87-should-the-weekly-working-days-be-reduced-and-weekends-extended-give-your-opinion,writing9.com,491
338,6.5,Social media is a good thing for modern society. To what extent do you agree or disagree with this statement.,https://writing9.com/text/6aa6502a182623001152859b-social-media-is-a-good-thing-for-modern-society-to-what-extent-do-you-agree-or-disagree-with-this-st,writing9.com,321
339,6.5,Some believe that teenagers should concentrate on all school subjects. But others believe that teenagers should focus on the subject that they are good at or that they find the most interest. Discuss both sides and give your opinion.,https://writing9.com/text/6aa1808f18262300115281e6-some-believe-that-teenagers-should-concentrate-on-all-school-subjects-but-others-believe-that-teenag,writing9.com,406
340,6.5,Some parents think that children should do extracurricular activities. Others think that this will give them pressure. Discuss both views and give your opinio,https://writing9.com/text/6aae877e1826230011528bb0-some-parents-think-that-children-should-do-extracurricular-activities-others-think-that-this-will-gi,writing9.com,340
341,6.5,"Some people argue that it is useful to do research into family history. To search for past generations. However others believe that it is better to think more about the present and future generations. Discuss both view, give your opinion",https://writing9.com/text/6ac40c051e727500118624ae-some-people-argue-that-it-is-useful-to-do-research-into-family-history-to-search-for-past-generation,writing9.com,295
342,6.5,Some people argue that primary schools focus too much on formal learning. To what extent do you agree with this opinion? How important do you think it is for children to play as well as learn in the primary school classroom? Give reasons for your answer and include any relevant examples from your own knowledge or experience.,https://writing9.com/text/6a8c83968b43af001111c7fd-some-people-argue-that-primary-schools-focus-too-much-on-formal-learning-to-what-extent-do-you-agree,writing9.com,310
343,6.5,Some people believe that advertising does a great job of persuading people to buy things. Others think that advertising has become so common that people no longer even notice it. Discuss both views and give your own opinion. Give reasons for your answer and include any relevant examples from your own knowledge or experience.,https://writing9.com/text/6ab25c663be1dd001236d1e9-some-people-believe-that-advertising-does-a-great-job-of-persuading-people-to-buy-things-others-thin,writing9.com,357
344,6.5,Some people believe that animal should be eaten or experimented on while other think they have equal right as human being. Discuss both views and your opinion.,https://writing9.com/text/6a85f9328b43af001111c2c8-some-people-believe-that-animal-should-be-eaten-or-experimented-on-while-other-think-they-have-equal,writing9.com,326
345,6.5,Some people believe that celebrity personal events ia a waste of money. Others feel that these celebrations play an important role in the lives of individual and in society as a whole. Discuss both views and give your opinion.,https://writing9.com/text/6abc9b4e3be1dd001236d98c-some-people-believe-that-celebrity-personal-events-ia-a-waste-of-money-others-feel-that-these-celebr,writing9.com,260
346,6.5,Some people believe that governments should encourage people to use public transport instead of private cars. To what extent do you agree or disagree?,https://writing9.com/text/6a7c8db25a8b010011bd8603-some-people-believe-that-governments-should-encourage-people-to-use-public-transport-instead-of-priv,writing9.com,252
347,6.5,"Some people believe that it is best to accept a bad situation, such as an unsatisfactory job or shortage of money. Others argue that it is better to try and improve such situations. Discuss both ideas and give your opinion.",https://writing9.com/text/6a7c7cec5a8b010011bd85f8-some-people-believe-that-it-is-best-to-accept-a-bad-situation-such-as-an-unsatisfactory-job-or-short,writing9.com,284
348,6.5,"""Some people believe that playing sports is the best way to stay healthy. To what extent do you agree or disagree?""",https://writing9.com/text/6a81da758b43af001111bf6f-some-people-believe-that-playing-sports-is-the-best-way-to-stay-healthy-to-what-extent-do-you-agree-,writing9.com,288
349,6.5,Some people believe that the experiences children have before they go to school will have the greatest effect on their future life. Others argue that experiences gained when they are teenagers have a bigger influence. Discuss both views and give your option,https://writing9.com/text/6ab281013be1dd001236d1fe-some-people-believe-that-the-experiences-children-have-before-they-go-to-school-will-have-the-greate,writing9.com,338
350,6.5,Some people believe that the increasing use of computers and mobile phones for communications has had a negative effect on young people's reading and writing skills. > To what extent do you agree or disagree?,https://writing9.com/text/6a8feb958b43af001111caa8-some-people-believe-that-the-increasing-use-of-computers-and-mobile-phones-for-communications-has-ha,writing9.com,261
351,6.5,"Some people believe that university education should be free for everyone, regardless of their financial background. To what extent do you agree or disagree?",https://writing9.com/text/6ac49e021e7275001186254c-some-people-believe-that-university-education-should-be-free-for-everyone-regardless-of-their-financ,writing9.com,358
352,6.5,"Some people believe that young children should learn to use computers as early as possible. Others think it is better for children to spend their time on traditional activities, such as playing outside. Discuss both views and give your opinion.",https://writing9.com/text/6ac21a593be1dd001236dda0-some-people-believe-that-young-children-should-learn-to-use-computers-as-early-as-possible-others-th,writing9.com,250
353,6.5,Some people believe that zoos are inhumane and should be closed down. Others argue that zoos play an important role in wildlife conservation. Discuss both views and give your opinion.,https://writing9.com/text/6a95ab698b43af001111ceeb-some-people-believe-that-zoos-are-inhumane-and-should-be-closed-down-others-argue-that-zoos-play-an-,writing9.com,298
354,6.5,Some people believe the government should spend money on building train and subway lines to reduce traffic congestion. Others think that building more and wider roads is the better way to reduce traffic congestion. Discuss both views and give your opinion.,https://writing9.com/text/6abc5b243be1dd001236d8ff-some-people-believe-the-government-should-spend-money-on-building-train-and-subway-lines-to-reduce-t,writing9.com,349
355,6.5,Some people believe today that everyone has a right to access to the Internet and that governments should provide this access for free. Other people believe that access to the internet is not a right and should be paid for like other services. Discuss both these views and give your opinion.,https://writing9.com/text/6ac491f91e7275001186253d-some-people-believe-today-that-everyone-has-a-right-to-access-to-the-internet-and-that-governments-s,writing9.com,256
356,6.5,"Some people do not like changes and prefer to do things they are good at, while other people like taking risks and trying new things. Discuss both these views and give your own opinion.",https://writing9.com/text/6a90ba718b43af001111cb25-some-people-do-not-like-changes-and-prefer-to-do-things-they-are-good-at-while-other-people-like-tak,writing9.com,253
357,6.5,Some people feel that the primary function of a university should be to prepare students for the working world. Others argue that the purpose of a university education is to provide knowledge for knowledge’s sake. Discuss both views and give your own opinion.,https://writing9.com/text/6aabf9b61826230011528a01-some-people-feel-that-the-primary-function-of-a-university-should-be-to-prepare-students-for-the-wor,writing9.com,305
358,6.5,Some people have decided to reduce the number of times they fly every year or to stop flying altogether. Do you think the environmental benefits of this development outweigh the disadvantages for individuals and businesses? Give reasons for your answer and include any relevant examples from your own knowledge or experience.,https://writing9.com/text/6a7b2bce5a8b010011bd8527-some-people-have-decided-to-reduce-the-number-of-times-they-fly-every-year-or-to-stop-flying-altoget,writing9.com,276
359,6.5,"Some people prefer hobbies that involve the use of technology, while others enjoy hobbies that do not require any technological devices. Discuss both views and give your own opinion. Give reasons for your answer and include any relevant examples from your own knowledge or experience.",https://writing9.com/text/6abb7bc13be1dd001236d891-some-people-prefer-hobbies-that-involve-the-use-of-technology-while-others-enjoy-hobbies-that-do-not,writing9.com,257
360,6.5,"Some people say government should give health care the first priorities, some others believe education is more important priorities to spend the taxpayers' money. Discuss both views and give your opinion.",https://writing9.com/text/6a9a8f748b43af001111d2a1-some-people-say-government-should-give-health-care-the-first-priorities-some-others-believe-educatio,writing9.com,290
361,6.5,"Some people say History is one of the most important schoool subjects. Othert people think that, in todays world, subjects like Science and technolog are most important than History. Discuss both these views and give your own opinion.",https://writing9.com/text/6a8db7078b43af001111c8f8-some-people-say-history-is-one-of-the-most-important-schoool-subjects-othert-people-think-that-in-to,writing9.com,288
362,6.5,Some people say that ebook and modern technology will totally replace traditional newspaper and magazine. To what extent do you agree or disagree?,https://writing9.com/text/6a83b68e8b43af001111c13a-some-people-say-that-ebook-and-modern-technology-will-totally-replace-traditional-newspaper-and-maga,writing9.com,368
363,6.5,Some people say that living in a high-rise apartment block is a lonely experience because there is no community spirit. Others say that people who live in high-rise apartments have a much better sense of community than those who live in a house. Discuss both views and give your own opinion. Give reasons for your answer and include any relevant examples from your knowledge or experience.,https://writing9.com/text/6aa2fbd21826230011528314-some-people-say-that-living-in-a-high-rise-apartment-block-is-a-lonely-experience-because-there-is-n,writing9.com,347
364,6.5,Some people say that the best way to improve public health is by increasing the number of sports facilities.other however say that this would have little effect on public health and other majores are required.discuss both views and give your opinion,https://writing9.com/text/6aac46a71826230011528a3d-some-people-say-that-the-best-way-to-improve-public-health-is-by-increasing-the-number-of-sports-fac,writing9.com,271
365,6.5,some people spend most of their time lives living close to where they born.what are the reasons and explain advantage and disadvantage,https://writing9.com/text/6a9acb0d8b43af001111d2bd-some-people-spend-most-of-their-time-lives-living-close-to-where-they-bornwhat-are-the-reasons-and-e,writing9.com,445
366,6.5,Some people suggest that children do not understand the world of work and schools should make all teenagers spend a short time working as well as studying academic subjects. To what extent do do you agree?,https://writing9.com/text/6a8a9bfc8b43af001111c68d-some-people-suggest-that-children-do-not-understand-the-world-of-work-and-schools-should-make-all-te,writing9.com,252
367,6.5,Some people think advertisements may have positive economic effects whereas others think there are negative social effects because individuals are not satisfied with who they have. Discuss both views.,https://writing9.com/text/6ac17ed63be1dd001236dcfb-some-people-think-advertisements-may-have-positive-economic-effects-whereas-others-think-there-are-n,writing9.com,305
368,6.5,"Some people think it is more beneficial to take part in sports which are played in teams, like football, while other people think taking part in individual sports, like tennis or swimming, is better. Discuss both views and give your own opinion",https://writing9.com/text/6aa008a23155de0012e27497-some-people-think-it-is-more-beneficial-to-take-part-in-sports-which-are-played-in-teams-like-footba,writing9.com,309
369,6.5,Some people think that artificial intelligence will replace many human jobs in the future. To what extent do you agree or disagree?,https://writing9.com/text/6a820a468b43af001111bfa2-some-people-think-that-artificial-intelligence-will-replace-many-human-jobs-in-the-future-to-what-ex,writing9.com,254
370,6.5,"Some people think that being a university graduate is the key to securing a good job, while others think that experience and soft skills are more important. Discuss both views and give your own opinion.",https://writing9.com/text/6a8561758b43af001111c251-some-people-think-that-being-a-university-graduate-is-the-key-to-securing-a-good-job-while-others-th,writing9.com,307
371,6.5,Some people think that children should begin learning a foreign language at primary school rather than secondary school. Do the advantages of this outweigh the disadvantages?,https://writing9.com/text/6a8bf2df8b43af001111c784-some-people-think-that-children-should-begin-learning-a-foreign-language-at-primary-school-rather-th,writing9.com,259
372,6.5,"Some people think that children should start learning a foreign language at primary school, while others believe it is better to wait until secondary school. Discuss both views and give your opinion.",https://writing9.com/text/6abfd3ae3be1dd001236dbd8-some-people-think-that-children-should-start-learning-a-foreign-language-at-primary-school-while-oth,writing9.com,282
373,6.5,"Some people think that dangerous extreme sports, such as skydiving and rock climbing, should be banned. To what extent do you agree or disagree?",https://writing9.com/text/6a9ea3788b43af001111d58c-some-people-think-that-dangerous-extreme-sports-such-as-skydiving-and-rock-climbing-should-be-banned,writing9.com,287
374,6.5,"Some people think that electrocars are important for us, while others think that they are expensive. Discuss both sides of view amd give your own opinion",https://writing9.com/text/6abb59723be1dd001236d887-some-people-think-that-electrocars-are-important-for-us-while-others-think-that-they-are-expensive-d,writing9.com,236
375,6.5,"Some people think that good health is very important to every person, so medical service should not be run by profit-making companies. Do the advantages of private health care outweigh the disadvantages?",https://writing9.com/text/6a9e7c7f8b43af001111d579-some-people-think-that-good-health-is-very-important-to-every-person-so-medical-service-should-not-b,writing9.com,272
376,6.5,Some people think that it would be better for large companies and industries to move to regional areas outside large urban centers. What are the advantages and disadvantages of this idea?,https://writing9.com/text/6a7aa5955a8b010011bd84fa-some-people-think-that-it-would-be-better-for-large-companies-and-industries-to-move-to-regional-are,writing9.com,245
377,6.5,Some people think that museums should be free for everyone. Others think visitors should pay to enter. Discuss both views and give your opinion.,https://writing9.com/text/6ac1fcbf3be1dd001236dd89-some-people-think-that-museums-should-be-free-for-everyone-others-think-visitors-should-pay-to-enter,writing9.com,263
378,6.5,"Some people think that schools should teach students financial management, while others believe that this is unnecessary. Discuss both views.",https://writing9.com/text/6aa6983718262300115285bc-some-people-think-that-schools-should-teach-students-financial-management-while-others-believe-that-,writing9.com,323
379,6.5,"Some people think that students should learn from teachers in a classroom, while others believe that online learning is a better way to study. Discuss both views and give your opinion. Give reasons for your answer and include any relevant examples from your own knowledge or experience.",https://writing9.com/text/6ac17e2c3be1dd001236dcf8-some-people-think-that-students-should-learn-from-teachers-in-a-classroom-while-others-believe-that-,writing9.com,275
380,6.5,Some people think young people should be required to have full time education until they are at least 18 years old. To what extent do you agree or disagree?,https://writing9.com/text/6a86e2bc8b43af001111c3a6-some-people-think-young-people-should-be-required-to-have-full-time-education-until-they-are-at-leas,writing9.com,288
381,6.5,"some people view the conflict between teenagers and parents as a necessary part of growing up, while others view it as something negative which should be avoided. discuss both views and give your own opinion. five reasons for your answer and include any relevant example from your knowloedge or experience.",https://writing9.com/text/6abb19813be1dd001236d862-some-people-view-the-conflict-between-teenagers-and-parents-as-a-necessary-part-of-growing-up-while-,writing9.com,345
382,6.5,Some people work harder than other. Why is this? Is this a positive or negative habit?,https://writing9.com/text/6abf836d3be1dd001236dbbc-some-people-work-harder-than-other-why-is-this-is-this-a-positive-or-negative-habit,writing9.com,259
383,6.5,Some scientists recommend that formal education should start at the age of 4 or 5. In some countries it is recommended that formal education should start at 6 or7. Discuss and give your opinion.,https://writing9.com/text/6a8d33da8b43af001111c89c-some-scientists-recommend-that-formal-education-should-start-at-the-age-of-4-or-5-in-some-countries-,writing9.com,287
384,6.5,some teachers says international student exchange program would be beneficial for all teenage school students. do you think its adVAntage will outweigh the disadvantage.,https://writing9.com/text/6aa7f5c018262300115286de-some-teachers-says-international-student-exchange-program-would-be-beneficial-for-all-teenage-school,writing9.com,251
385,6.5,"Some teenagers spend more time reading books, while others prefer to read online newspapers. The former group is likely to develop creative imaginations and have a much better grasp of language skills. Do you agree or disagree?",https://writing9.com/text/6a7efffe8b43af001111bdbc-some-teenagers-spend-more-time-reading-books-while-others-prefer-to-read-online-newspapers-the-forme,writing9.com,284
386,6.5,students at school and universities learn far more from lessons with teachers than from other sources( such as internet and television). to what extent do you agree or disagree?,https://writing9.com/text/6a8865ad8b43af001111c4f8-students-at-school-and-universities-learn-far-more-from-lessons-with-teachers-than-from-other-source,writing9.com,252
387,6.5,The adverse effect of sugar on health is well known to the public now. Some believe that the government should control the amount of sugar people consume. Others think that it is the responsibility of an individual to monitor their sugar intake. Discuss both views and give your opinion.,https://writing9.com/text/6ab796483be1dd001236d59a-the-adverse-effect-of-sugar-on-health-is-well-known-to-the-public-now-some-believe-that-the-governme,writing9.com,269
388,6.5,The best way to reduce the number of traffic accidents is to raise the age limit for younger drivers and lower the age limit for elderly ones. Do you agree or disagree?,https://writing9.com/text/6a7b63fd5a8b010011bd853f-the-best-way-to-reduce-the-number-of-traffic-accidents-is-to-raise-the-age-limit-for-younger-drivers,writing9.com,336
389,6.5,The best way to tackle traffic jams is to invest in public transport. To What extent do you agree or disagree with this statement.,https://writing9.com/text/6a9ec3d08b43af001111d599-the-best-way-to-tackle-traffic-jams-is-to-invest-in-public-transport-to-what-extent-do-you-agree-or-,writing9.com,313
390,6.5,The best way to understand other cultures is to work for a multinational organisation. To what extent do you agree or disagree?,https://writing9.com/text/6a872fa78b43af001111c3db-the-best-way-to-understand-other-cultures-is-to-work-for-a-multinational-organisation-to-what-extent,writing9.com,341
391,6.5,The environmental problems are rising day by day and some people believe that it is the government's responsiblity. To what extent do you agree or disagree with the statement?,https://writing9.com/text/6a8b23f78b43af001111c6e5-the-environmental-problems-are-rising-day-by-day-and-some-people-believe-that-it-is-the-governments-,writing9.com,277
392,6.5,The friends that children have are a very important part of their lives. What kinds of influence may children's friends have on them? What can parents do ensure that children's friends are a good influence on them?,https://writing9.com/text/6ab1c9d63be1dd001236d149-the-friends-that-children-have-are-a-very-important-part-of-their-lives-what-kinds-of-influence-may-,writing9.com,307
393,6.5,The growing number of overweight people is putting a strain on the health care system in an effort to deal with the health issues involved. Some people think that the best way to deal with this problem is to introduce more physical education lessons in the school curriculum. To what extent do you agree or disagree?,https://writing9.com/text/6a977da28b43af001111d091-the-growing-number-of-overweight-people-is-putting-a-strain-on-the-health-care-system-in-an-effort-t,writing9.com,305
394,6.5,The number of older people is increasing. Some people think this is causing problems in their countries while others feel that older people play an important role in society. Discuss both views and give your opinion,https://writing9.com/text/6a8c339f8b43af001111c7b3-the-number-of-older-people-is-increasing-some-people-think-this-is-causing-problems-in-their-countri,writing9.com,409
395,6.5,the number of students that read books for fun has dropped dramatically in recent years.What are the reasons and how can we encourage children to read more?,https://writing9.com/text/6aab529818262300115289a2-the-number-of-students-that-read-books-for-fun-has-dropped-dramatically-in-recent-yearswhat-are-the-,writing9.com,281
396,6.5,"The topic of renewable energy is widely discussed these days. What are the main reasons behind the increasing use of renewable energy sources, and is this trend a positive or negative development for the environment?",https://writing9.com/text/6aa907ca18262300115287c9-the-topic-of-renewable-energy-is-widely-discussed-these-days-what-are-the-main-reasons-behind-the-in,writing9.com,284
397,6.5,The working week should be shorter and workers should have a longer weekend. Do you agree or disagree?,https://writing9.com/text/6a81e7c68b43af001111bf80-the-working-week-should-be-shorter-and-workers-should-have-a-longer-weekend-do-you-agree-or-disagree,writing9.com,250
398,6.5,"There are those who consider work to be the paramount aspect of life, suggesting that without career success, life loses its meaning. To what extent do you agree or disagree?",https://writing9.com/text/6ac51bdb1e727500118625a6-there-are-those-who-consider-work-to-be-the-paramount-aspect-of-life-suggesting-that-without-career-,writing9.com,229
399,6.5,These days Internet-based courses have become a popular alternative to university-based courses. Some students prefer this type of learning because they do not need to attend lectures. Others argure that it is important to study at university. Discuss both these views and give your opinion.,https://writing9.com/text/6ac0dd473be1dd001236dcb5-these-days-internet-based-courses-have-become-a-popular-alternative-to-university-based-courses-some,writing9.com,279
400,6.5,"To meet the growing needs of food for the increasing population, country should make use of edible insects as foods. However, some people believe that insects are not only unhealthy but affect negatively the nature too. What are the benefits and drawbacks of eating insects? Give reasons for your answer and include any relevant examples from your own knowledge or experience.",https://writing9.com/text/6ab1fd083be1dd001236d1bd-to-meet-the-growing-needs-of-food-for-the-increasing-population-country-should-make-use-of-edible-in,writing9.com,356
401,7.0,"Advertising is all around us, it is an unavoidable part of everyone’s life. Some people say that advertising is a positive part of our lives while others say it is a negative one. Discuss both views and include your own opinion.",https://www.ielts-blog.com/ielts-writing-samples/ielts-essays-band-7/ielts-essay-topic-advertising/,IELTS-Blog,218
402,7.0,"Globalisation has led to the spread of multinational companies in all corners of the world. Some people think this is a positive development, while others disagree. Discuss both views and give your own opinion.",https://www.ielts.international/ielts-sample-essays,IELTS International,241
403,7.0,Some people believe that unpaid community service should be a compulsory part of secondary school education. To what extent do you agree or disagree? Some people believe that unpaid community service should be a compulsory part of secondary school education. To what extent do you agree or disagree?,https://bandnine.ai/blog/ielts-writing-band-7-sample-essays-examiner-criteria,Band Nine,510
404,7.0,Social media is a good thing for modern society. To what extent do you agree or disagree with this statement.,https://writing9.com/text/6aa6af5118262300115285ce-3social-media-is-a-good-thing-for-modern-society-to-what-extent-do-you-agree-or-disagree-with-this-s,writing9.com,289
405,7.0,"In many countries children are engaged in some kind of paid work. Some people regard this as completely wrong, while others consider it a valuable work experience, which is important for learning and taking responsibility. What is your opinion?",https://www.ielts-blog.com/ielts-writing-samples/ielts-essays-band-7/ielts-essay-topic-working-kids/,IELTS-Blog,302
406,7.0,"Some people say that the best way to improve public health is by increasing the number of sports facilities. Others, however, say that this would have little effect on public health and that other measures are required. Discuss both these views and give your own opinion.",https://www.ielts.international/ielts-sample-essays,IELTS International,245
407,7.0,A portion of the human population believes that criminal behaviour has its roots in genes. Others think that circumstances lead people to commit crimes. Discuss your take on both views and put forward your opinions.,https://writing9.com/text/6a58ef02d4eb7b0011b05dde-a-portion-of-the-human-population-believes-that-criminal-behaviour-has-its-roots-in-genes-others-thi,writing9.com,377
408,7.0,"In some countries children have very strict rules of behavior, in other countries they are allowed to do almost anything they like. To what extent should children have to follow rules?",https://www.ielts-blog.com/ielts-writing-samples/ielts-essays-band-7/ielts-essay-topic-children-and-rules/,IELTS-Blog,251
409,7.0,"Some people think that all university students should study whatever they like. Others believe that they should only be allowed to study subjects that will be useful in the future, such as those related to science and technology. Discuss both views and give your own opinion.",https://www.ielts.international/ielts-sample-essays,IELTS International,251
410,7.0,Access to clean water is a basic human right. Therefore every home should have a water supply that is provided free of charge. Do you agree or disagree?,https://writing9.com/text/6aac43de1826230011528a36-access-to-clean-water-is-a-basic-human-right-therefore-every-home-should-have-a-water-supply-that-is,writing9.com,319
411,7.0,News editors decide what to broadcast on television and what to print in a newspaper. What factors do you think influence their decisions? Do we become used to bad news? Would it be better if more good news was reported?,https://www.ielts-blog.com/ielts-writing-samples/ielts-essays-band-7/ielts-essay-topic-news-on-tv/,IELTS-Blog,323
412,7.0,"Although modern technology has made international communication very easy, many businesspeople still travel long distances for business meetings. Do the advantages of face-to-face meetings outweigh the disadvantages?",https://writing9.com/text/6a61ee5ed4eb7b0011b063c2-although-modern-technology-has-made-international-communication-very-easy-many-businesspeople-still-,writing9.com,308
413,7.0,"Nowadays environmental problems are too big to be managed by individual persons or individual countries. In other words, it is an international problem. To what extent do you agree or disagree?",https://www.ielts-blog.com/ielts-writing-samples/ielts-essays-band-7/ielts-essay-topic-environmental-problems/,IELTS-Blog,296
414,7.0,Ambition is a positive quality for people to have in society today. How important is it for people who want to succeed in life? Is it a positive or negative characteristic?,https://writing9.com/text/6a5896cbd4eb7b0011b05db0-ambition-is-a-positive-quality-for-people-to-have-in-society-today-how-important-is-it-for-people-wh,writing9.com,361
415,7.0,Popular events like the football world cup and other international sporting occasions are essential in easing international tensions and releasing patriotic emotions in a safe way. To what extent do you agree or disagree with this opinion?,https://www.ielts-blog.com/ielts-writing-samples/ielts-essays-band-7/ielts-essay-topic-popular-events/,IELTS-Blog,291
416,7.0,Artificial intelligence (AI) will replace most human jobs in the future. To what extent do you agree or disagree?,https://writing9.com/text/6a9080558b43af001111cb14-artificial-intelligence-ai-will-replace-most-human-jobs-in-the-future-to-what-extent-do-you-agree-or,writing9.com,354
417,7.0,Should the same laws which prohibit the sale and consumption of heroin be applied to tobacco? Discuss.,https://www.ielts-blog.com/ielts-writing-samples/ielts-essays-band-7/ielts-essay-topic-should-tobacco-be-prohibited/,IELTS-Blog,240
418,7.0,"Artificial intelligence is increasingly being used to make decisions in areas such as recruitment, education and financial services. Some people believe these decisions should be made entirely by humans. To what extent do you agree or disagree?",https://writing9.com/text/6a9aab438b43af001111d2ab-artificial-intelligence-is-increasingly-being-used-to-make-decisions-in-areas-such-as-recruitment-ed,writing9.com,289
419,7.0,Should wealthy nations be required to share their wealth with poorer nations by providing them with things such as food and education? Or is this the responsibility of the governments of poorer nations to look after their citizens?,https://www.ielts-blog.com/ielts-writing-samples/ielts-essays-band-7/ielts-essay-topic-should-wealthy-nation-share-wealth/,IELTS-Blog,309
420,7.0,"As we are facing more and more problems which affect the whole planet, good relationships between different countries are becoming more important than ever before. To what extent do you agree or disagree?",https://writing9.com/text/6abc803d3be1dd001236d97f-as-we-are-facing-more-and-more-problems-which-affect-the-whole-planet-good-relationships-between-dif,writing9.com,283
421,7.0,Some businesses prohibit smoking in any of their offices. Some governments have banned smoking in all public places. Do you agree or disagree that this is the right course of action? Give reasons for your opinion.,https://www.ielts-blog.com/ielts-writing-samples/ielts-essays-band-7/ielts-essay-topic-smoking-in-public-places/,IELTS-Blog,384
422,7.0,Demand of food is increasing worlwide. What are the causes of this? What measures can the international community take to make sure the food supply is enough?,https://writing9.com/text/6a5f2736d4eb7b0011b061cb-demand-of-food-is-increasing-worlwide-what-are-the-causes-of-this-what-measures-can-the-internationa,writing9.com,382
423,7.0,Some people say that protecting the environment is the government’s responsibility. Others believe that every individual should be responsible for it. Discuss both views and give your own opinion.,https://www.ielts-blog.com/ielts-writing-samples/ielts-essays-band-7/ielts-essay-topic-some-people-say-protecting-the-environment-is-the-governments-responsibility-others-believe-individuals-should-be-responsible-for-it-opinion/,IELTS-Blog,296
424,7.0,"Due to high unemployment rate in some countries, pupils should be offered only primary education and not secondary education since there is no jobs. To what extent do you agree or disagree?",https://writing9.com/text/6a5c4dd0d4eb7b0011b06016-due-to-high-unemployment-rate-in-some-countries-pupils-should-be-offered-only-primary-education-and-,writing9.com,313
425,7.0,Some people say that the Internet is making the world smaller by bringing people together. To what extent do you agree that the internet is making it easier for people to communicate with one another?,https://www.ielts-blog.com/ielts-writing-samples/ielts-essays-band-7/ielts-essay-topic-internet-connecting-people/,IELTS-Blog,206
426,7.0,Earlier technological development brought more changes to the life of ordinary people than recent technological development do. To what extent do you agree or disagree?,https://writing9.com/text/6a82cd568b43af001111c040-earlier-technological-development-brought-more-changes-to-the-life-of-ordinary-people-than-recent-te,writing9.com,313
427,7.0,Some people think that students who don’t take a break in studies between the high school and the university are at disadvantage compared to students who travel and work after high school before further continuing their education. Do you agree or disagree?,https://www.ielts-blog.com/ielts-writing-samples/ielts-essays-band-7/ielts-essay-topic-should-students-travel/,IELTS-Blog,369
428,7.0,"Economic progress is one way to measure the success of a country, while some people think there are other factors. What other factors should be considered? Within these factors, do you think anything is more important than economic progress?",https://writing9.com/text/6abca9b83be1dd001236d99e-economic-progress-is-one-way-to-measure-the-success-of-a-country-while-some-people-think-there-are-o,writing9.com,377
429,7.0,Some say that the Internet is making the world smaller by bringing people together. To what extent do to you agree that the Internet is making it easier for people to communicate with one another?,https://www.ielts-blog.com/ielts-writing-samples/ielts-essays-band-7/ielts-essay-topic-internet-and-communication/,IELTS-Blog,348
430,7.0,"English is now widely used as the main language of education, especiallyin the education systems of some non-English speaking countries. Doyou think it is a positive or negative development?",https://writing9.com/text/6a57413bd4eb7b0011b05c60-english-is-now-widely-used-as-the-main-language-of-education-especiallyin-the-education-systems-of-s,writing9.com,347
431,7.0,"The Internet when used as a source of information, has more drawbacks than advantages. To what extent do you agree with this statement?",https://www.ielts-blog.com/ielts-writing-samples/ielts-essays-band-7/ielts-essay-topic-internet-as-a-source-of-information/,IELTS-Blog,325
432,7.0,"Environmental problems are too big for individuals or individual countries to address. Therefore, they can only be tackled at an international level. To what extent do you agree or disagree?",https://writing9.com/text/6a618ac5d4eb7b0011b063a6-environmental-problems-are-too-big-for-individuals-or-individual-countries-to-address-therefore-they,writing9.com,287
433,7.0,"We are becoming increasingly dependent on computers. They are used in business, hospitals, crime detection and even to fly planes. What things will they be used for in the future? Is this dependence on computers a good thing or should we be more suspicious of their benefits?",https://www.ielts-blog.com/ielts-writing-samples/ielts-essays-band-7/ielts-essay-topic-computers-in-our-life/,IELTS-Blog,334
434,7.0,Every country has poor people and every country has different ways of dealing with the poor. What are some of the reasons for poverty? What can we do to help the poor? Give reasons for your answer and include any relevan,https://writing9.com/text/6a7ed1bd8b43af001111bd9a-every-country-has-poor-people-and-every-country-has-different-ways-of-dealing-with-the-poor-what-are,writing9.com,273
435,7.0,"We are becoming increasingly dependent on computers. They are used in business, crime detection and even to fly planes. What things will they be used for in future? Is this dependence on computers a good thing or should we be more suspicious of their benefits? Today computers are used almost everywhere, it is impossible to imagine our life without PCs, Internet, mobile phones and other computer devices. It is reasonable to think that people look forward to the future of computers. In what field will be computers used for and what role will human has in this world in future?",https://www.ielts-blog.com/ielts-writing-samples/ielts-essays-band-7/ielts-essay-topic-computers-in-the-future/,IELTS-Blog,152
436,7.0,Extreme sports such as skydiving and rock climbing are very dangerous and should be banned. To what extent do you agree or disagree with this view?,https://writing9.com/text/6a589d6cd4eb7b0011b05db4-extreme-sports-such-as-skydiving-and-rock-climbing-are-very-dangerous-and-should-be-banned-to-what-e,writing9.com,318
437,7.0,"With all the problems in the world today, spending money on space exploration is a complete waste. The money could be better spent on other causes.",https://www.ielts-blog.com/ielts-writing-samples/ielts-essays-band-7/ielts-essay-topic-space-exploration/,IELTS-Blog,237
438,7.0,"Fast food is now universally in most countries and is becoming increasingly poular.Some feel that this is positive trend,while others do not. What are your opinions in this.",https://writing9.com/text/6a9c06718b43af001111d3a4-fast-food-is-now-universally-in-most-countries-and-is-becoming-increasingly-poularsome-feel-that-thi,writing9.com,296
439,7.0,Without capital punishment (the death penalty) our lives are less secure and crimes of violence increase. Capital punishment is essential to control violence in society. To what extent do you agree or disagree?,https://www.ielts-blog.com/ielts-writing-samples/ielts-essays-band-7/ielts-essay-topic-capital-punishment-2/,IELTS-Blog,299
440,7.0,"Goremment investment in the arts, such as music and theatre, is a waste of money. Governments must invest this money in public services instead. To what extent do you agree with this statement?",https://writing9.com/text/6a7e933f8b43af001111bd8a-goremment-investment-in-the-arts-such-as-music-and-theatre-is-a-waste-of-money-governments-must-inve,writing9.com,359
441,7.0,Government should spend money on railways rahter than roads. To what extent do you agree or disagree with this statement.,https://writing9.com/text/6a5ef280d4eb7b0011b061b1-government-should-spend-money-on-railways-rahter-than-roads-to-what-extent-do-you-agree-or-disagree-,writing9.com,296
442,7.0,Governments should spend money on railways rather than roads. To what extent do you agree or disagree with this statement?,https://writing9.com/text/6aaae52d182623001152891a-governments-should-spend-money-on-railways-rather-than-roads-to-what-extent-do-you-agree-or-disagree,writing9.com,264
443,7.0,"Having more money and less free time is better than earning less money and having more free time. Some people think that high salary is important when choosing a company to work for, while other think that good working atmosphere is more important, Discuss both views and state your opinion.",https://writing9.com/text/6aae9c971826230011528bbf-having-more-money-and-less-free-time-is-better-than-earning-less-money-and-having-more-free-time-som,writing9.com,301
444,7.0,"If a robot can think, learn, and express emotions in ways that are indistinguishable from a human, should it be considered a person rather than a machine? Discuss both views and give your own opinion.",https://writing9.com/text/6a757a02bee1e0001159e6df-if-a-robot-can-think-learn-and-express-emotions-in-ways-that-are-indistinguishable-from-a-human-shou,writing9.com,285
445,7.0,"In many countries, it is obligatory for school children to wear a uniform. Do the advatages of this policy outweigh the disadvantages? Provide reasons to support your answer and include any appropriate examples to illustrate your points.",https://writing9.com/text/6a5735cad4eb7b0011b05c5e-in-many-countries-it-is-obligatory-for-school-children-to-wear-a-uniform-do-the-advatages-of-this-po,writing9.com,332
446,7.0,"In many countries, people are now living longer than ever before. Some people say an ageing population creates problems for governments. Other people think there are benefits if society has more elderly people. To what extent do the advantages of having an ageing population outweigh the disadvantages?",https://writing9.com/text/6aa85c94182623001152872b-in-many-countries-people-are-now-living-longer-than-ever-before-some-people-say-an-ageing-population,writing9.com,276
447,7.0,In many countries people have to go away from their family and friends to find work. Do you think the advantages of this policy outweigh the disadvantages?,https://writing9.com/text/6ab66af43be1dd001236d4c5-in-many-countries-people-have-to-go-away-from-their-family-and-friends-to-find-work-do-you-think-the,writing9.com,297
448,7.0,"In many countries, plastic bags are the main source of rubbish, causing pollution in oceans and on land; therefore, they should be banned. To what extent do you agree or disagree with this statement?",https://writing9.com/text/6a9ed7e48b43af001111d5b1-in-many-countries-plastic-bags-are-the-main-source-of-rubbish-causing-pollution-in-oceans-and-on-lan,writing9.com,280
449,7.0,"In many countries, shopping is no longer just about buying what you need; it has become a popular hobby. Why is this the case? Is this a positive or negative development?",https://writing9.com/text/6aab813118262300115289be-in-many-countries-shopping-is-no-longer-just-about-buying-what-you-need-it-has-become-a-popular-hobb,writing9.com,351
450,7.0,"In many countries, the number of animals and plants is declining. Why do you think this is happening? How can this issue be solved? Give reasons for your answer and include any relevant examples from your knowledge or experience.",https://writing9.com/text/6a6b382a63791b00118b26ce-in-many-countries-the-number-of-animals-and-plants-is-declining-why-do-you-think-this-is-happening-h,writing9.com,286
451,7.0,"In many countries, unemployment among graduates is a serious issue. What are the problems, and what is the most effective solution do you think? What other measures could be taken?",https://writing9.com/text/6aa626c91826230011528584-in-many-countries-unemployment-among-graduates-is-a-serious-issue-what-are-the-problems-and-what-is-,writing9.com,278
452,7.0,"In many countries, young people are leaving their homes in the countryside to live in large cities. Do the advantages outweigh the disadvantages?",https://writing9.com/text/6abc68f33be1dd001236d977-in-many-countries-young-people-are-leaving-their-homes-in-the-countryside-to-live-in-large-cities-do,writing9.com,298
453,7.0,In many places women are taking jobs which are traditionally done be men. What do you think made these changes happen? What's your opinion about it?,https://writing9.com/text/6abed58f3be1dd001236dafc-in-many-places-women-are-taking-jobs-which-are-traditionally-done-be-men-what-do-you-think-made-thes,writing9.com,352
454,7.0,"In order to solve traffic problems, government should tax private car owners heavily and use the money to improve public transportation. What are the advantage and disadvantages of such a solution? Give reasons for your answer and include any relevant examples from your own knowledge or experience.",https://writing9.com/text/6ab0f4553be1dd001236d0de-in-order-to-solve-traffic-problems-government-should-tax-private-car-owners-heavily-and-use-the-mone,writing9.com,265
455,7.0,"In some countries, more and more people are becoming interested in finding out about the history of the house or building they live in. What are the reasons for this? How can people research this?",https://writing9.com/text/6a625613d4eb7b0011b063f5-in-some-countries-more-and-more-people-are-becoming-interested-in-finding-out-about-the-history-of-t,writing9.com,251
456,7.0,"In some countries, most people prefer to rent their houses rather than buy their housees. What are the advantages and disadvantages of renting a home?",https://writing9.com/text/6a9951d48b43af001111d1c9-in-some-countries-most-people-prefer-to-rent-their-houses-rather-than-buy-their-housees-what-are-the,writing9.com,316
457,7.0,"In some countries, owning a home rather than renting one is very important for people. Why might this be the case? Do you think this is a positive or negative situation?",https://writing9.com/text/6a6cb51b63791b00118b27af-in-some-countries-owning-a-home-rather-than-renting-one-is-very-important-for-people-why-might-this-,writing9.com,253
458,7.0,In some countries the average weight of people is increasing and their level of health is decreasing. What do you think are the causes of these problems and what measures could be taken?,https://writing9.com/text/6a83c5ad8b43af001111c13e-in-some-countries-the-average-weight-of-people-is-increasing-and-their-level-of-health-is-decreasing,writing9.com,304
459,7.0,"In some countries, the government pays for health care. In others, the individual must pay for their own health care. Discuss the advantages and disadvantages of each system.",https://writing9.com/text/6a874fff8b43af001111c3f0-in-some-countries-the-government-pays-for-health-care-in-others-the-individual-must-pay-for-their-ow,writing9.com,299
460,7.0,"In some countries, the use of surveillance cameras in public places is increasing. Some people think this is necessary for public safety, while others believe it infringes on personal privacy. Discuss both sides and give your own view.",https://writing9.com/text/6a8556968b43af001111c24c-in-some-countries-the-use-of-surveillance-cameras-in-public-places-is-increasing-some-people-think-t,writing9.com,325
461,7.0,"In some countries, there are many social problems involving teenagers. This is because parents spend much of their time at work not at home. Do you agree or disagree?",https://writing9.com/text/6a8fa1258b43af001111ca8e-in-some-countries-there-are-many-social-problems-involving-teenagers-this-is-because-parents-spend-m,writing9.com,262
462,7.0,"In some parts of the world, many famous people are regarded as role models and they are having an increasing influence on young people. Is this a positive or negative development?",https://writing9.com/text/6abc823c3be1dd001236d981-in-some-parts-of-the-world-many-famous-people-are-regarded-as-role-models-and-they-are-having-an-inc,writing9.com,285
463,7.0,"In the future, all cars, buses, and trucks will be driverless. The only people travelling inside these vehicles would be passengers. Do you think the advantages of driverless vehicles outweigh the disadvantages? Give reasons for your answer and include any relevant examples from your own knowledge or experience.",https://writing9.com/text/6a7fb0898b43af001111be02-in-the-future-all-cars-buses-and-trucks-will-be-driverless-the-only-people-travelling-inside-these-v,writing9.com,300
464,7.0,"In the last century, the first man to walk on the moon said it was ""a giant leap for mankind”. However, some people think it has made little difference to our daily lives. To what extent do you agree or disagree?",https://writing9.com/text/6abc8e423be1dd001236d986-in-the-last-century-the-first-man-to-walk-on-the-moon-said-it-was-a-giant-leap-for-mankind-however-s,writing9.com,380
465,7.0,In the past people used to wear their traditional clothes depending on their culture. Nowadays the trend is changing and people wear different clothes. Is it a positive or negative development? How does it affect certain societies and people’s behavior?,https://writing9.com/text/6aa3b2da18262300115283b3-in-the-past-people-used-to-wear-their-traditional-clothes-depending-on-their-culture-nowadays-the-tr,writing9.com,252
466,7.0,Increasing number of students are going to university instend of working after hight school. Discuss the advantagesand disadvantages for young people who do this.,https://writing9.com/text/6a990ec98b43af001111d1a6-increasing-number-of-students-are-going-to-university-instend-of-working-after-hight-school-discuss-,writing9.com,265
467,7.0,"It could be argued that technology makes our lives easier and simpler. But there are certainly people who feel life has become more complicated due to modern inventions. Which opinion do you agree with? In your essay, include supporting details.",https://writing9.com/text/6a95abd68b43af001111ceed-it-could-be-argued-that-technology-makes-our-lives-easier-and-simpler-but-there-are-certainly-people,writing9.com,287
468,7.0,It has been suggested that all young adults should be required to undertake a period of unpaid work helping people in the community. Would the drawbacks of such a requirement be greater than the benefits to the community and the individual young adults?,https://writing9.com/text/6a5b9437d4eb7b0011b05f7b-it-has-been-suggested-that-all-young-adults-should-be-required-to-undertake-a-period-of-unpaid-work-,writing9.com,316
469,7.0,It is common for people to travel long distance for work and study.Some argue that longer commute times affect people in a negative way while others disagree. Discuss bothe views and give your opinion.,https://writing9.com/text/6ac1188d3be1dd001236dcd3-it-is-common-for-people-to-travel-long-distance-for-work-and-studysome-argue-that-longer-commute-tim,writing9.com,239
470,7.0,It is common that in many companies people from different ages work together in a same team. Do the advantages outweigh the disadvantges?,https://writing9.com/text/6ac16c8b3be1dd001236dcef-it-is-common-that-in-many-companies-people-from-different-ages-work-together-in-a-same-team-do-the-a,writing9.com,316
471,7.0,"It is important for everyone, including Young people, to Save money for their future. TO what extent do you agree or disagree with this statement?",https://writing9.com/text/6aada1e31826230011528b11-it-is-important-for-everyone-including-young-people-to-save-money-for-their-future-to-what-extent-do,writing9.com,345
472,7.0,It is often argued that every town and city should provide large public outdoor areas such as parks and squares. To what extent do you agree or disagree?,https://writing9.com/text/6abb10c13be1dd001236d85c-it-is-often-argued-that-every-town-and-city-should-provide-large-public-outdoor-areas-such-as-parks-,writing9.com,317
473,7.0,"It is thought by some that a school teachers’ role is to motivate and inspire students. However, other people believe that a teacher’s primary role is to pass on knowledge. What do you think is the role of a teacher?",https://writing9.com/text/6ac4b2a21e72750011862554-it-is-thought-by-some-that-a-school-teachers-role-is-to-motivate-and-inspire-students-however-other-,writing9.com,276
474,7.0,It’s been seen that reading for pleasure develops imaginations and better language skills than to watch TV. To what extent do you agree or disagree?,https://writing9.com/text/6a68c110276f59001115b8a0-its-been-seen-that-reading-for-pleasure-develops-imaginations-and-better-language-skills-than-to-wat,writing9.com,263
475,7.0,Many children today are overweight. This is a serious health problem Give the reasons responsible for child obesity and offer solutions to solve this problem.,https://writing9.com/text/6a59ea7ed4eb7b0011b05e7e-many-children-today-are-overweight-this-is-a-serious-health-problem-give-the-reasons-responsible-for,writing9.com,304
476,7.0,"Many manufactured food and drink products contain high levels of sugar, which causes many health problems. Sugary products should be made more expensive to encourage people to consume less sugar. Do you agree or disagree?",https://writing9.com/text/6a882f998b43af001111c4c9-many-manufactured-food-and-drink-products-contain-high-levels-of-sugar-which-causes-many-health-prob,writing9.com,321
477,7.0,Many peole think that it is important to go to university while others prefer to start work without getting a universty education. Discuss both views and give your opinion.,https://writing9.com/text/6a835ec18b43af001111c0bc-many-peole-think-that-it-is-important-to-go-to-university-while-others-prefer-to-start-work-without-,writing9.com,282
478,7.0,"Many people believe in the idea of school children wearing a school uniform, but should teachers as well be required to conform to a dress code?",https://writing9.com/text/6ab4e9b43be1dd001236d3b7-many-people-believe-in-the-idea-of-school-children-wearing-a-school-uniform-but-should-teachers-as-w,writing9.com,268
479,7.0,"Many people in cities live alone or in small family units instead of with extended family. Do you think this is a positive or negative development? Summarise the information by selecting and reporting the main features, and make comparisons where relevant",https://writing9.com/text/6a6dd37563791b00118b2860-many-people-in-cities-live-alone-or-in-small-family-units-instead-of-with-extended-family-do-you-thi,writing9.com,250
480,7.0,"Many people spend too much time using social media. What problems can this cause, and what solutions can you suggest?",https://writing9.com/text/6abe87473be1dd001236dae5-many-people-spend-too-much-time-using-social-media-what-problems-can-this-cause-and-what-solutions-c,writing9.com,266
481,7.0,Many people want to have a successful career and a happy family life both. What problems are involved in combining a career and family life? How to overcome such problems?,https://writing9.com/text/6aa8abaf18262300115287a3-many-people-want-to-have-a-successful-career-and-a-happy-family-life-both-what-problems-are-involved,writing9.com,291
482,7.0,MANY STUDENTS GRADUATE HIGH SCHOOL AND WISH TO CONTINUE THEIR STUDIES OVERSEAS. GIVE THE ADVANTAGES OF STUDYING IN ANOTHER COUNTRY AND GIVE THE ADVANTAGES OF STAYING IN YOUR HOME COUNTRY TO STUDY.,https://writing9.com/text/6a5cc28cd4eb7b0011b06025-many-students-graduate-high-school-and-wish-to-continue-their-studies-overseas-give-the-advantages-o,writing9.com,266
483,7.0,"Money is important for everyone, including young people, to save money for their future. To what extent do you agree or disagree with this statement?",https://writing9.com/text/6ac0d42e3be1dd001236dcaf-money-is-important-for-everyone-including-young-people-to-save-money-for-their-future-to-what-extent,writing9.com,253
484,7.0,More and more companies are allowing employees to work at home. Do you think this is a positive or negative development? Give reasons for your answer and include any relevant examples from your experience.,https://writing9.com/text/6a85bd648b43af001111c2a6-more-and-more-companies-are-allowing-employees-to-work-at-home-do-you-think-this-is-a-positive-or-ne,writing9.com,287
485,7.0,More and more people are working from home instead of going to an office. What are the advantages and disadvantages of this trend,https://writing9.com/text/6a656c3812d2e10011349947-more-and-more-people-are-working-from-home-instead-of-going-to-an-office-what-are-the-advantages-and,writing9.com,343
486,7.0,More and more wild animals are on the verge of extinction and others are on the endangered list. What are the reasons for this? What can be done to solve this problem?,https://writing9.com/text/6a7b2ef65a8b010011bd8529-more-and-more-wild-animals-are-on-the-verge-of-extinction-and-others-are-on-the-endangered-list-what,writing9.com,298
487,7.0,"Nowadays, international tourism is the biggest industries in the world. Unfortunately international tourism creates tension rather than understanding between people from different culture. To what extent do you agree or disagree?",https://writing9.com/text/6a744844bee1e0001159e604-nowadays-international-tourism-is-the-biggest-industries-in-the-world-unfortunately-international-to,writing9.com,276
488,7.0,Nowadays managers and team leaders in different organizations are much younger compared to the past. What are the reasons for this? Is it a positive or negative development?,https://writing9.com/text/6ab414673be1dd001236d30f-nowadays-managers-and-team-leaders-in-different-organizations-are-much-younger-compared-to-the-past-,writing9.com,369
489,7.0,"Nowadays many people choose to be self-employed, rather than to work for a company or organisation. Why might this be the case? What could be the disadvantages of being self-employed?",https://writing9.com/text/6ab196233be1dd001236d13f-nowadays-many-people-choose-to-be-self-employed-rather-than-to-work-for-a-company-or-organisation-wh,writing9.com,265
490,7.0,Nowadays more and more older people who need employment have to compete with younger people for the same jobs. What problems does this cause? What are the solutions?,https://writing9.com/text/6a9289318b43af001111cc94-nowadays-more-and-more-older-people-who-need-employment-have-to-compete-with-younger-people-for-the-,writing9.com,345
491,7.0,Nowadays online shopping is extremely popular. Discuss the impact of it on the environment and on people who lost their jobs because of it.,https://writing9.com/text/6a5f8d21d4eb7b0011b061fd-nowadays-online-shopping-is-extremely-popular-discuss-the-impact-of-it-on-the-environment-and-on-peo,writing9.com,380
492,7.0,"Nowadays, young people are admiring media and sports stars, even though they often do not set a good example. Do you think this is a positive or negative development?",https://writing9.com/text/6a579102d4eb7b0011b05cd5-nowadays-young-people-are-admiring-media-and-sports-stars-even-though-they-often-do-not-set-a-good-e,writing9.com,301
493,7.0,"Obesity is becoming a growing concern in many developed countries. What are the main causes of obesity, and what solutions can be taken to tackle this issue?",https://writing9.com/text/6aa625bd1826230011528581-obesity-is-becoming-a-growing-concern-in-many-developed-countries-what-are-the-main-causes-of-obesit,writing9.com,267
494,7.0,Paying all workers the same salary in a company promotes harmony and respect amongst colleagues. To what extent do you agree or disagree?,https://writing9.com/text/6aa283d718262300115282b0-paying-all-workers-the-same-salary-in-a-company-promotes-harmony-and-respect-amongst-colleagues-to-w,writing9.com,322
495,7.0,People are now living much longer lives than before and many feel we should remain in the workforce for longer. To what extent do you agree or disagree?,https://writing9.com/text/6a977fbb8b43af001111d093-people-are-now-living-much-longer-lives-than-before-and-many-feel-we-should-remain-in-the-workforce-,writing9.com,368
496,7.0,"People in all modern societies use drugs, but today’s youth are experimenting with both legal and illegal drugs, and at an increasingly early age. Some sociologists claim that parents and other members of society often set a bad example. Discuss the causes and some effects of widespread drug use by young people in modern day society.",https://writing9.com/text/6aa7cc0718262300115286b3-people-in-all-modern-societies-use-drugs-but-todays-youth-are-experimenting-with-both-legal-and-ille,writing9.com,303
497,7.0,People now have the freedom to work and live anywhere in the world due to the development of communication technology and transportation. Do the advantages of this development outweigh the disadvantages? Give reasons for your answer and include any relevant examples from your own experience or knowledge.,https://writing9.com/text/6aad38c91826230011528ae7-people-now-have-the-freedom-to-work-and-live-anywhere-in-the-world-due-to-the-development-of-communi,writing9.com,320
498,7.0,People spend a lot of money on appearance because they want to look younger. why does this happen? Do you think this is a positive or negative development?,https://writing9.com/text/6abee63a3be1dd001236dafe-people-spend-a-lot-of-money-on-appearance-because-they-want-to-look-younger-why-does-this-happen-do-,writing9.com,258
499,7.0,People who have been working for many years should be encouraged to retrain for completely different careers when their original occupations become less necessary. To what extent do you agree or disagree?,https://writing9.com/text/6a9e42d98b43af001111d551-people-who-have-been-working-for-many-years-should-be-encouraged-to-retrain-for-completely-different,writing9.com,312
500,7.0,"Prison is the common way in most countries to solve the problem of crime. However, a more effective solution is to provide people a better education. To what extent do you agree or disagree?",https://writing9.com/text/6a737419bee1e0001159e564-prison-is-the-common-way-in-most-countries-to-solve-the-problem-of-crime-however-a-more-effective-so,writing9.com,295
501,7.0,Problem and Solution Global warming is one of the most serious issues that the world’s facing today.What are the cause of global warming and what measures can governments and individuals take to tackle the issue?,https://writing9.com/text/6abb8f713be1dd001236d8a6-problem-and-solution-global-warming-is-one-of-the-most-serious-issues-that-the-worlds-facing-todaywh,writing9.com,299
502,7.0,Promotions to a higher level should be made from within the company rather than appointing a new person from outside. Do you agree or disagree?,https://writing9.com/text/6a6f9e7d63791b00118b2990-promotions-to-a-higher-level-should-be-made-from-within-the-company-rather-than-appointing-a-new-per,writing9.com,267
503,7.0,Promotions to higher level should be from within company and not to a new person from outside. Do you agree or disagree?,https://writing9.com/text/6a688b2112d2e10011349b07-promotions-to-higher-level-should-be-from-within-company-and-not-to-a-new-person-from-outside-do-you,writing9.com,292
504,7.0,"Some believe that the government should support artists like musicians, painters, and poets, while others argue that this is a misuse of funds. Discuss both views and give your own opinion",https://writing9.com/text/6a78f4f9bee1e0001159e931-some-believe-that-the-government-should-support-artists-like-musicians-painters-and-poets-while-othe,writing9.com,289
505,7.0,Some children spend hours every day on their smartphones. Why is this the case? Do you think this is a positive or a negative development?,https://writing9.com/text/6aac448e1826230011528a38-some-children-spend-hours-every-day-on-their-smartphones-why-is-this-the-case-do-you-think-this-is-a,writing9.com,304
506,7.0,"Some companies monitor employees' activities while they are working, including their use of computers and communication systems. Do you think the advantages of this practice outweigh the disadvantages?",https://writing9.com/text/6a9e75e98b43af001111d572-some-companies-monitor-employees-activities-while-they-are-working-including-their-use-of-computers-,writing9.com,297
507,7.0,Some countries now have people from different cultures and ethnic groups. What is the reason for this? Is it a positive or negative development?,https://writing9.com/text/6abd1bbb3be1dd001236d9e6-some-countries-now-have-people-from-different-cultures-and-ethnic-groups-what-is-the-reason-for-this,writing9.com,281
508,7.0,Some experts believe that it is better for children to begin learning a foreign laguage at the primary school rather than secondary school. Do the advantages of this outweigh the disadvantage?,https://writing9.com/text/6a607843d4eb7b0011b062c7-some-experts-believe-that-it-is-better-for-children-to-begin-learning-a-foreign-laguage-at-the-prima,writing9.com,283
509,7.0,Some organisations believe that their employees should dress smartly. Others value quality of work above appearance. Discuss both these views and give your own opinion.,https://writing9.com/text/6a6b5ae463791b00118b26e6-some-organisations-believe-that-their-employees-should-dress-smartly-others-value-quality-of-work-ab,writing9.com,253
510,7.0,Some people argue that a growing number of young people spend too much time watching television. Why does this phenomenon happen? And what kind of activities should be encouraged to them?,https://writing9.com/text/6aa8a7f618262300115287a1-some-people-argue-that-a-growing-number-of-young-people-spend-too-much-time-watching-television-why-,writing9.com,313
511,7.0,Some people argue that primary schools focus too much on formal learning. To what extent do you agree with this opinion? How important do you think it is for children to play as well as learn in the primary school classroom? Give reasons for your answer and include any relevant examples from your own knowledge or experience.,https://writing9.com/text/6a787121bee1e0001159e8c5-some-people-argue-that-primary-schools-focus-too-much-on-formal-learning-to-what-extent-do-you-agree,writing9.com,272
512,7.0,"Some people argue that the use of drones for personal delivery of packages is an invasion of privacy and should be heavily regulated, while others see it as an efficient and environmentally friendly innovation. Discuss both views and give your own opinion.",https://writing9.com/text/6ab9071c3be1dd001236d6a0-some-people-argue-that-the-use-of-drones-for-personal-delivery-of-packages-is-an-invasion-of-privacy,writing9.com,272
513,7.0,Some people believe that buses and trains should be free for everyone. To what extent do you agree or disagree?,https://writing9.com/text/6a6314d8d4eb7b0011b06480-some-people-believe-that-buses-and-trains-should-be-free-for-everyone-to-what-extent-do-you-agree-or,writing9.com,319
514,7.0,"Some people believe that cheap and fast transportation is required for successful international business, while others believe good technology is more important. Discuss both views and give your own opinion. Give reasons for your answer and include any relevant examples from your own knowledge or experience.",https://writing9.com/text/6aa068ae1826230011528118-some-people-believe-that-cheap-and-fast-transportation-is-required-for-successful-international-busi,writing9.com,268
515,7.0,"Some people believe that employers should invest more in training existing workers to use new technologies, while others believe companies should hire people who already possess the required digital skills. Discuss both views and give your own opinion",https://writing9.com/text/6a9e59a88b43af001111d559-some-people-believe-that-employers-should-invest-more-in-training-existing-workers-to-use-new-techno,writing9.com,421
516,7.0,Some people believe that exams are an inappropriate way of measuring students performance and should be replaced by continuous assessment. Do you agree or disagree with this view?,https://writing9.com/text/6a6c63a063791b00118b278f-some-people-believe-that-exams-are-an-inappropriate-way-of-measuring-students-performance-and-should,writing9.com,320
517,7.0,"Some people believe that fashion is a waste of money, while others think it plays an important role in society. Discuss both views and give your own opinion.",https://writing9.com/text/6a8c26cf8b43af001111c7a4-some-people-believe-that-fashion-is-a-waste-of-money-while-others-think-it-plays-an-important-role-i,writing9.com,299
518,7.0,Some people believe that it is parents who teach children to recycle waste. While others feel schools are more responsible. Discuss both views. Give reasons for your answer and include any relevant examples from your own knowledge or experience.,https://writing9.com/text/6a6c05e663791b00118b278a-some-people-believe-that-it-is-parents-who-teach-children-to-recycle-waste-while-others-feel-schools,writing9.com,346
519,7.0,"Some people believe that it is parents who teach children to recycle waste, while others feel schools are more responsible. Discuss both views and give your own opinion. Give reasons for your answer and include any relevant examples from your own knowledge or experience.",https://writing9.com/text/6a6ea26963791b00118b2915-some-people-believe-that-it-is-parents-who-teach-children-to-recycle-waste-while-others-feel-schools,writing9.com,329
520,7.0,"Some people believe that parents should be responsible for teaching children how to manage money, while others believe that schools should teach children these important financial skills. Discuss both views and give your own opinion.",https://writing9.com/text/6ac29d473be1dd001236ddf5-some-people-believe-that-parents-should-be-responsible-for-teaching-children-how-to-manage-money-whi,writing9.com,295
521,7.0,Some people believe that restoration of old building costs too much. We should demolish them and build new one instead. Do you agree or disagree?,https://writing9.com/text/6a7dd3db5a8b010011bd870b-some-people-believe-that-restoration-of-old-building-costs-too-much-we-should-demolish-them-and-buil,writing9.com,311
522,7.0,"Some people believe that schools should focus mainly on academic subjects, while others believe that students should be taught practical skills that will help them in their future careers. Discuss both views and give your own opinion.",https://writing9.com/text/6ac2943d3be1dd001236ddea-some-people-believe-that-schools-should-focus-mainly-on-academic-subjects-while-others-believe-that-,writing9.com,286
523,7.0,Some people believe that studying at college or university is important for successful career. Others think that it is better to quit school and find work to gain experiences for a successful professional life. Discuss both these views and give your opinion.,https://writing9.com/text/6aad4d291826230011528af0-some-people-believe-that-studying-at-college-or-university-is-important-for-successful-career-others,writing9.com,327
524,7.0,"Some people believe that the government should spend more money on public transportation, while others think it should focus on improving roads for private vehicles. Discuss both views and give your own opinion. Give reasons for your answer and include any relevant examples from your own knowledge or experience.",https://writing9.com/text/6ab3cad83be1dd001236d301-some-people-believe-that-the-government-should-spend-more-money-on-public-transportation-while-other,writing9.com,318
525,7.0,Some people believe that university education should be free for everyone. Others believe that students should pay for their university education. Discuss both views and give your own opinion.,https://writing9.com/text/6ac295113be1dd001236dded-some-people-believe-that-university-education-should-be-free-for-everyone-others-believe-that-studen,writing9.com,290
526,7.0,"Some people believe that university students should study whatever they like, while others think they should only study subjects that will be useful in the future. Discuss both views and give your opinion.",https://writing9.com/text/6a78e91dbee1e0001159e927-some-people-believe-that-university-students-should-study-whatever-they-like-while-others-think-they,writing9.com,263
527,7.0,Some people believe that working from home has more benefits than working in an office. Do the advantages of working from home outweigh the disadvantages?,https://writing9.com/text/6a7ca03a5a8b010011bd8610-some-people-believe-that-working-from-home-has-more-benefits-than-working-in-an-office-do-the-advant,writing9.com,314
528,7.0,"Some people believe that working from home is beneficial, while others think employees should work in an office. Discuss both views and give your opinion.",https://writing9.com/text/6a78e49ebee1e0001159e921-some-people-believe-that-working-from-home-is-beneficial-while-others-think-employees-should-work-in,writing9.com,267
529,7.0,"Some people believe that young people today are too dependent on technology such as computers, tablets, and cell phones. Others disagree and believe that technology is beneficial for young people's development. state your opinion",https://writing9.com/text/6abcc4223be1dd001236d9b7-some-people-believe-that-young-people-today-are-too-dependent-on-technology-such-as-computers-tablet,writing9.com,273
530,7.0,Some people belive that watching tv is bad for children while others claim that it has positive effects for children as they grow up. Discuss both view and give your opinion.,https://writing9.com/text/6a56a3e8d4eb7b0011b05bdd-some-people-belive-that-watching-tv-is-bad-for-children-while-others-claim-that-it-has-positive-effe,writing9.com,281
531,7.0,Some people have decided to reduce the number of times they fly every year or to stop flying altogether. Do you think the environmental benefits of this development outweigh the disadvantages for individuals and businesses?,https://writing9.com/text/6a84b7bf8b43af001111c1b7-some-people-have-decided-to-reduce-the-number-of-times-they-fly-every-year-or-to-stop-flying-altoget,writing9.com,310
532,7.0,Some people move to other countries when they retire. Others think that it is better to retire in their home country. Discuss both views and give your own opinion. Give reasons for your answer and include any relevant examples.,https://writing9.com/text/6a9671dc8b43af001111cfa4-some-people-move-to-other-countries-when-they-retire-others-think-that-it-is-better-to-retire-in-the,writing9.com,292
533,7.0,Some people say that all secondary and higher secondary school students should be taught how to manage money as it is an important skill. Do you agree or disagree with this argument?,https://writing9.com/text/6a63668cd4eb7b0011b064aa-some-people-say-that-all-secondary-and-higher-secondary-school-students-should-be-taught-how-to-mana,writing9.com,314
534,7.0,Some people say that ebook and modern technology will totally replace traditional newspaper and magazine. To what extent do you agree or disagree?,https://writing9.com/text/6a8350188b43af001111c0b8-some-people-say-that-ebook-and-modern-technology-will-totally-replace-traditional-newspaper-and-maga,writing9.com,325
535,7.0,"Some people say that in the digital age, theatres and cinemas are no longer important as people can watch all the entertainment they want online. Others argue that theatres and cinemas are Still important both economically and culturally. Discuss both these views and give your own opinion.",https://writing9.com/text/6a9126a98b43af001111cb98-some-people-say-that-in-the-digital-age-theatres-and-cinemas-are-no-longer-important-as-people-can-w,writing9.com,291
536,7.0,"Some people say that in the digital age, theatres and cinemas are no longer important as people can watch all the entertainment they want online. Others argue that theatres and cinemas are still important both economically and culturally. Discuss both these views and give your own opinion. Give reasons for your answer and include any relevant examples from your own knowledge or experience.",https://writing9.com/text/6a9ef01e3155de0012e273c3-some-people-say-that-in-the-digital-age-theatres-and-cinemas-are-no-longer-important-as-people-can-w,writing9.com,280
537,7.0,Some people say that it is better to work for a large company than a small one. Do you agree or disagree? Give reasons for your answer and include any relevant examples from your own knowledge or experience.,https://writing9.com/text/6a6f3d7d63791b00118b294b-some-people-say-that-it-is-better-to-work-for-a-large-company-than-a-small-one-do-you-agree-or-disag,writing9.com,310
538,7.0,"Some people say that on one should do the same job forever, while others believe that doing the same job is beneficial for the individual company and society.discuss both views and give ur opinion.",https://writing9.com/text/6a56a24ed4eb7b0011b05bd5-some-people-say-that-on-one-should-do-the-same-job-forever-while-others-believe-that-doing-the-same-,writing9.com,278
539,7.0,Some people say that the governments should pay for health care and education but others think that this is not the government’s responsibility. Discuss both these views and give your opinion.,https://writing9.com/text/6a73d0f6bee1e0001159e57a-some-people-say-that-the-governments-should-pay-for-health-care-and-education-but-others-think-that-,writing9.com,276
540,7.0,Some people say that your first impressions when you meet someone are always right. To what extent do you agree with this statement,https://writing9.com/text/6a7e06a25a8b010011bd8726-some-people-say-that-your-first-impressions-when-you-meet-someone-are-always-right-to-what-extent-do,writing9.com,250
541,7.0,Some people say young people should be encouraged to leave their family when they become adults while some argue they should live for a longer time with their family. Discuss both views and give your opinion.,https://writing9.com/text/6aaf4c081826230011528c59-some-people-say-young-people-should-be-encouraged-to-leave-their-family-when-they-become-adults-whil,writing9.com,278
542,7.0,"Some people spend their time in one place. Others move a number of times throughout their lives, looking for a better job, house, community or even better climate. Discuss both views and give your opinions.",https://writing9.com/text/6aa6c4e718262300115285d6-some-people-spend-their-time-in-one-place-others-move-a-number-of-times-throughout-their-lives-looki,writing9.com,254
543,7.0,Some people think advertisements may have positive economic effects whereas others think there are negative social effects because individuals are not satisfied with who they have. Discuss both views.,https://writing9.com/text/6a5ee390d4eb7b0011b061a5-some-people-think-advertisements-may-have-positive-economic-effects-whereas-others-think-there-are-n,writing9.com,258
544,7.0,Some people think it is a good thing for senior managers to have much higher salaries than other workers in a company. To what extent do you agree or disagree?,https://writing9.com/text/6a7b817a5a8b010011bd854a-some-people-think-it-is-a-good-thing-for-senior-managers-to-have-much-higher-salaries-than-other-wor,writing9.com,251
545,7.0,Some people think it is no longer necessary for children to go to school because they can do all their learning online. Others believe learning in schools is essential. Discuss both views and give your opinion. Give reasons for your answer and include any relevant examples from your own knowledge or experience.,https://writing9.com/text/6ab93b4d3be1dd001236d6b3-some-people-think-it-is-no-longer-necessary-for-children-to-go-to-school-because-they-can-do-all-the,writing9.com,254
546,7.0,Some people think it’s better to choose friends who always have the same opinion as them. Other people believe it’s good to have friends who sometimes disagrees with them. Discuss both these views and give your own opinion. Give reasons for your answer and include any relevant examples from your own knowledge or experience.,https://writing9.com/text/6a63e22312d2e10011349826-some-people-think-its-better-to-choose-friends-who-always-have-the-same-opinion-as-them-other-people,writing9.com,312
547,7.0,Some people think it’s better to choose friends who always have the same opinions as them. Other people believe it’s good to have friends who sometimes disagree with them. Discuss both these views and give your own opinion.,https://writing9.com/text/6a60e822d4eb7b0011b06314-some-people-think-its-better-to-choose-friends-who-always-have-the-same-opinions-as-them-other-peopl,writing9.com,382
548,7.0,Some people think money is one of the most essential factors in promoting hapinness. Do you think people can be happy without much money? What other factors contribute towards happiness?,https://writing9.com/text/6a7aa3485a8b010011bd84f8-some-people-think-money-is-one-of-the-most-essential-factors-in-promoting-hapinness-do-you-think-peo,writing9.com,306
549,7.0,"Some people think prison is the best way to punish criminals, while others believe community service is better. Discuss both views and give your opinion.",https://writing9.com/text/6abf7bb23be1dd001236dbb0-some-people-think-prison-is-the-best-way-to-punish-criminals-while-others-believe-community-service-,writing9.com,261
550,7.0,Some people think that a job provides not only an income but also a social life. Other people think that it is better to develop a social life with people you do not work with. Discuss both these views and give your own opinion.,https://writing9.com/text/6a6618ff12d2e1001134996f-some-people-think-that-a-job-provides-not-only-an-income-but-also-a-social-life-other-people-think-t,writing9.com,309
551,7.0,Some people think that a sense of competition in children should be encouraged. Others believe that children who are taught to co-operate become more useful adults. Discuss both views and give your opinion.,https://writing9.com/text/6aa780351826230011528678-some-people-think-that-a-sense-of-competition-in-children-should-be-encouraged-others-believe-that-c,writing9.com,418
552,7.0,Some people think that activities during free time should be planned while others disagree. Discuss both sides and include examples and relevant data from your own experience.,https://writing9.com/text/6a5e2ffbd4eb7b0011b06101-some-people-think-that-activities-during-free-time-should-be-planned-while-others-disagree-discuss-b,writing9.com,406
553,7.0,"Some people think that economic progress is the only way to measure a country’s success , while others think that there are other factors which can be used to measure a country’s success. what are these factors ? which, of all factors, do you think are the most important ?",https://writing9.com/text/6abe9b383be1dd001236daf1-some-people-think-that-economic-progress-is-the-only-way-to-measure-a-countrys-success-while-others-,writing9.com,321
554,7.0,"Some people think that high salary is important when choosing a company to work for, while other think that good working atmosphere is more important, Discuss both views and state your opinion.",https://writing9.com/text/6aae9c171826230011528bbd-some-people-think-that-high-salary-is-important-when-choosing-a-company-to-work-for-while-other-thin,writing9.com,318
555,7.0,"Some people think that hosting an international sports event is good for the country, while some people think it is bad. Discuss both views and state your opinion.",https://writing9.com/text/6abecea13be1dd001236dafa-some-people-think-that-hosting-an-international-sports-event-is-good-for-the-country-while-some-peop,writing9.com,257
556,7.0,"Some people think that in order to be successful in business one has to study at university, while others disagree. Discuss both views and give your opinion. Give reasons for your answer and include any relevant examples from your knowledge or experience.",https://writing9.com/text/6a61c9acd4eb7b0011b063b5-some-people-think-that-in-order-to-be-successful-in-business-one-has-to-study-at-university-while-ot,writing9.com,352
557,7.0,Some people think that it is always an advantage to buy local products rather than those made in other countries. Do you agree or disagree?,https://writing9.com/text/6a66c82112d2e10011349a1e-some-people-think-that-it-is-always-an-advantage-to-buy-local-products-rather-than-those-made-in-oth,writing9.com,261
558,7.0,"some people think that mothers should spend most of their time raising their family, and therefore the government should support",https://writing9.com/text/6a8b360d8b43af001111c6f4-some-people-think-that-mothers-should-spend-most-of-their-time-raising-their-family-and-therefore-th,writing9.com,324
559,7.0,Some people think that older and more experienced employees are useful for a company. Others feel that modern younger employees are better for an organisation. do you agree or disagree?,https://writing9.com/text/6ab39f5a3be1dd001236d2e7-some-people-think-that-older-and-more-experienced-employees-are-useful-for-a-company-others-feel-tha,writing9.com,264
560,7.0,Some people think that Olympic games are exciting events that bring other nations together. Others say Olympics is a waste of maney and the money could be better spent on other things. Discuss both views and give your own opinion.,https://writing9.com/text/6a5a91edd4eb7b0011b05eb5-some-people-think-that-olympic-games-are-exciting-events-that-bring-other-nations-together-others-sa,writing9.com,301
561,7.0,"Some people think that parents should teach their children how to be good members of society. Others, however, believe that school is the best place to learn this. Discuss both views and give your own opinion.",https://writing9.com/text/6ab239bc3be1dd001236d1cc-some-people-think-that-parents-should-teach-their-children-how-to-be-good-members-of-society-others-,writing9.com,355
562,7.0,Some people think that planting trees in open space in cities and towns is more important than building houses. To what extent do you agree or disagree?,https://writing9.com/text/6ab440e43be1dd001236d32b-some-people-think-that-planting-trees-in-open-space-in-cities-and-towns-is-more-important-than-build,writing9.com,278
563,7.0,Some people think that social media sites have a huge negative effect on both individuals and society. To what extent do you agree or disagree?,https://writing9.com/text/6a6233ead4eb7b0011b063df-some-people-think-that-social-media-sites-have-a-huge-negative-effect-on-both-individuals-and-societ,writing9.com,279
564,7.0,some people think that staying in hotels is not a good option to know about a country or its people. what do you think about this viewpoint?,https://writing9.com/text/6a89e9288b43af001111c5fd-some-people-think-that-staying-in-hotels-is-not-a-good-option-to-know-about-a-country-or-its-people-,writing9.com,354
565,7.0,"Some people think that students should study only subjects that will be useful in the future, while others believe they should study a wide range of subjects. To what extent do you agree or disagree?",https://writing9.com/text/6a574171d4eb7b0011b05c63-some-people-think-that-students-should-study-only-subjects-that-will-be-useful-in-the-future-while-o,writing9.com,278
566,7.0,"Some people think that team sports prepare children for work life, but others think individual sports are better. Discuss both sides and give your opinion.",https://writing9.com/text/6a78857dbee1e0001159e8da-some-people-think-that-team-sports-prepare-children-for-work-life-but-others-think-individual-sports,writing9.com,260
567,7.0,Some people think that the government is wasting money on the arts and that this money could be better spent elsewhere. To what extent do you agree with this view?,https://writing9.com/text/6ab6599f3be1dd001236d4ba-some-people-think-that-the-government-is-wasting-money-on-the-arts-and-that-this-money-could-be-bett,writing9.com,293
568,7.0,Some people think that the increasing use of computers and mobile phones nowadays has unwanted effects on young people's reading and writing skills. To what extent do you agree or disagree?,https://writing9.com/text/6aae65851826230011528ba8-some-people-think-that-the-increasing-use-of-computers-and-mobile-phones-nowadays-has-unwanted-effec,writing9.com,253
569,7.0,Some people think that zoos are all cruel and should be closed down. Others however believe that zoos can be useful in protecting wild animals. Discuss both opinions and give your own opinion.,https://writing9.com/text/6a69f9b388b4ce00117ab9a4-some-people-think-that-zoos-are-all-cruel-and-should-be-closed-down-others-however-believe-that-zoos,writing9.com,263
570,7.0,"Some people think the government should provide free housing, while others believe it is not the government's responsibility. Discuss both views and give your opinion.",https://writing9.com/text/6a58f115d4eb7b0011b05de2-some-people-think-the-government-should-provide-free-housing-while-others-believe-it-is-not-the-gove,writing9.com,334
571,7.0,Some people think to produce happier society we must ensure that there is only a small difference in earning between the rich and the poor. To what extend do you agree or disagree?,https://writing9.com/text/6a57d7fdd4eb7b0011b05d2c-some-people-think-to-produce-happier-society-we-must-ensure-that-there-is-only-a-small-difference-in,writing9.com,361
572,7.0,Some people think university education should be free for everyone. To what extent do you agree or disagree?,https://writing9.com/text/6ab136703be1dd001236d111-some-people-think-university-education-should-be-free-for-everyone-to-what-extent-do-you-agree-or-di,writing9.com,322
573,7.0,Some people think young people should spend more time doing sports. Do you agree or disagree?,https://writing9.com/text/6aaff0123be1dd001236d005-some-people-think-young-people-should-spend-more-time-doing-sports-do-you-agree-or-disagree,writing9.com,256
574,7.0,"Some people want governments to spend money looking for life on other planets. Others, however, sink this is a waste of public money when there are so many problems on Earth. Discuss both views and give your opinion?",https://writing9.com/text/6a7719c6bee1e0001159e7d7-some-people-want-governments-to-spend-money-looking-for-life-on-other-planets-others-however-sink-th,writing9.com,282
575,7.0,Some university students want to learn about other subjects in additions to their main subjects. Other believe it is more important to give all their time and attention to studying for a qualification. Discuss both these views and give your own oponion.,https://writing9.com/text/6a899e168b43af001111c5dc-some-university-students-want-to-learn-about-other-subjects-in-additions-to-their-main-subjects-othe,writing9.com,255
576,7.0,"Space travel has become possible for tourists, and offers an opportunity for ordinary people to travel into space. Is this a positive or negative development?",https://writing9.com/text/6a5dd6d7d4eb7b0011b060db-space-travel-has-become-possible-for-tourists-and-offers-an-opportunity-for-ordinary-people-to-trave,writing9.com,232
577,7.0,"Students should be allowed to choose academic courses or practical courses, e.g carpenters. To what extent do you agree or disagree?",https://writing9.com/text/6a977c508b43af001111d08f-students-should-be-allowed-to-choose-academic-courses-or-practical-courses-eg-carpenters-to-what-ext,writing9.com,325
578,7.0,Students should pay their full university fees as they benefit from having university studies and not the society as a whole. To what extent do you agree or disagree?,https://writing9.com/text/6a96a79a8b43af001111cfbf-students-should-pay-their-full-university-fees-as-they-benefit-from-having-university-studies-and-no,writing9.com,318
579,7.0,"Study shows that many criminals have a low level education.For that reason, some people believe that the bast way to reduce crime is to educate people in prison, so that they can get a job when they leave prison. Do you agree or disagree?",https://writing9.com/text/6a69c13b276f59001115b934-study-shows-that-many-criminals-have-a-low-level-educationfor-that-reason-some-people-believe-that-t,writing9.com,351
580,7.0,succesfull sports professional can earn a great deal more money than people in other important professions.some people think this is fully justified while others think it is unfair.discuss both views and give your opinion.,https://writing9.com/text/6a5ac14dd4eb7b0011b05ec0-succesfull-sports-professional-can-earn-a-great-deal-more-money-than-people-in-other-important-profe,writing9.com,279
581,7.0,Taking risks in both professional and personal life is important. Do you think the advantages of taking risks outweigh the disadvantages? Give reasons for your answer and include any relevant examples from your own knowledge or experience.,https://writing9.com/text/6a5cfd0ed4eb7b0011b0603f-taking-risks-in-both-professional-and-personal-life-is-important-do-you-think-the-advantages-of-taki,writing9.com,299
582,7.0,"Technology is becoming progressively universal. In the fullness of time, classroom teachers will be totally substituted for technology. Do you agree or disagree?",https://writing9.com/text/6a748d24bee1e0001159e622-technology-is-becoming-progressively-universal-in-the-fullness-of-time-classroom-teachers-will-be-to,writing9.com,307
583,7.0,The animal species are becoming extinct due to human activities on land and in the sea. What are the reason and solution?,https://writing9.com/text/6ac144953be1dd001236dce0-the-animal-species-are-becoming-extinct-due-to-human-activities-on-land-and-in-the-sea-what-are-the-,writing9.com,268
584,7.0,The best way to provide enough homes in large cities is to build tall apartment blocks. To what extent do you agree or disagree with this statement?,https://writing9.com/text/6aab568818262300115289a8-the-best-way-to-provide-enough-homes-in-large-cities-is-to-build-tall-apartment-blocks-to-what-exten,writing9.com,287
585,7.0,The best way to provide enough homes in large cities is to build tall apartment blocks. To what extent do you agree or disagree with this statement? Give reasons for your answer and include any relevant examples from your own knowledge or experience.,https://writing9.com/text/6ac3cf121e7275001186248f-the-best-way-to-provide-enough-homes-in-large-cities-is-to-build-tall-apartment-blocks-to-what-exten,writing9.com,307
586,7.0,The most important aim of science should be to improve people's lives. To what extent do you agree or disagree with this statement,https://writing9.com/text/6aa195ed18262300115281f2-the-most-important-aim-of-science-should-be-to-improve-peoples-lives-to-what-extent-do-you-agree-or-,writing9.com,396
587,7.0,The movement of people from agricultural areas to cities can cause serious problems in both places. What are the serious problems? What measures can be used to solve these problems?,https://writing9.com/text/6abff01c3be1dd001236dbea-the-movement-of-people-from-agricultural-areas-to-cities-can-cause-serious-problems-in-both-places-w,writing9.com,314
588,7.0,The movement of people from agricultural areas to cities can cause serious problems. What are the serious problems? What measures can be used to solve these problems?,https://writing9.com/text/6abfefca3be1dd001236dbe7-the-movement-of-people-from-agricultural-areas-to-cities-can-cause-serious-problems-what-are-the-ser,writing9.com,314
589,7.0,The rise of convenience foods has helped people keep up with the speed of the modern life style. What are the advantages of this trend? Do the advantages outweigh the disadvantages?,https://writing9.com/text/6a95b6e18b43af001111cef8-the-rise-of-convenience-foods-has-helped-people-keep-up-with-the-speed-of-the-modern-life-style-what,writing9.com,323
590,7.0,The working week should be shorter and workers should have a longer weekend.Do you agree or disagree?Give reasons for your answer and include any relevant examples from your own knowledge or experience.,https://writing9.com/text/6ac321e33be1dd001236de7d-the-working-week-should-be-shorter-and-workers-should-have-a-longer-weekenddo-you-agree-or-disagreeg,writing9.com,273
591,7.0,There have been major advances in technology over recent decades and this has led to significant improvements in people's lives. To what extent do you agree or disagre?,https://writing9.com/text/6a8b277e8b43af001111c6e7-there-have-been-major-advances-in-technology-over-recent-decades-and-this-has-led-to-significant-imp,writing9.com,301
592,7.0,"Today, in modern society, fast food is growing and playing an important role in daily life. Many people think it has many benefits, but other don’t agree. Let’s consider what are the advantages and disadvantages of conve",https://writing9.com/text/6a95221e8b43af001111ce8f-today-in-modern-society-fast-food-is-growing-and-playing-an-important-role-in-daily-life-many-people,writing9.com,323
593,7.0,"Today more and more tourists are visiting places where conditions are difficult, such as the Sahara desert or the Antarctic. What are the benefits and disadvantages for tourists who visit such places?",https://writing9.com/text/6abb4afb3be1dd001236d87d-today-more-and-more-tourists-are-visiting-places-where-conditions-are-difficult-such-as-the-sahara-d,writing9.com,321
594,7.0,"Today our communications, medicine and transport systems all depend on computer technology. Our reliance on computer technology in these fields has created a dangerous situation. To what extent do you agree or disagree with this statement?",https://writing9.com/text/6a61f598d4eb7b0011b063c6-today-our-communications-medicine-and-transport-systems-all-depend-on-computer-technology-our-relian,writing9.com,277
595,7.0,"Too much emphasis is placed on going university for academic study. People should be encouraged to do vocational training, because there is a lack of qualified tradespeople such as electricians or plumbers. To what extent do you agree or disagree?",https://writing9.com/text/6a7de8775a8b010011bd8717-too-much-emphasis-is-placed-on-going-university-for-academic-study-people-should-be-encouraged-to-do,writing9.com,320
596,7.0,Training 65-year-olds to use computers would be a good way to use government money. To what extent do you agree or disagree?,https://writing9.com/text/6a96b2c98b43af001111cfc5-training-65-year-olds-to-use-computers-would-be-a-good-way-to-use-government-money-to-what-extent-do,writing9.com,298
597,7.0,Universities should accept equal numbers of male and female students in every subject. To what extent do you agree or disagree?,https://writing9.com/text/6aaa8bd718262300115288dc-universities-should-accept-equal-numbers-of-male-and-female-students-in-every-subject-to-what-extent,writing9.com,283
598,7.0,"University students always focus on one specialist subject, but some people think universities should encourage their students to study a range of subjects in addition to their own subject. To what extent do you agree",https://writing9.com/text/6ac430521e727500118624c4-university-students-always-focus-on-one-specialist-subject-but-some-people-think-universities-should,writing9.com,255
599,7.0,"With growing populations in cities, more and more people live in homes with little or no outdoor space. Do you think this is a positive or negative development?",https://writing9.com/text/6a63c67f12d2e10011349820-with-growing-populations-in-cities-more-and-more-people-live-in-homes-with-little-or-no-outdoor-spac,writing9.com,291
600,7.0,"With the advancement in technology, the use of computers has increased more than ever before in education, there will be soon no role for teachers in the classroom. To what extent do you agree?",https://writing9.com/text/6a87b6268b43af001111c492-with-the-advancement-in-technology-the-use-of-computers-has-increased-more-than-ever-before-in-educa,writing9.com,372
601,7.5,A small number of global streaming companies now decide which films and television series are made. Do you think this is a positive or a negative development?,https://www.cdieltsprep.com/writing-samples/global-streaming-platforms-deciding-what-gets-made,CD IELTS Prep,284
602,7.5,More and more people are choosing to work from home rather than in a traditional office. Why is this happening? Do you think this is a positive or negative development?,https://www.ielts.international/ielts-sample-essays,IELTS International,262
603,7.5,"In many countries, the gap between the rich and the poor is widening. Some people argue that economic growth is the best way to reduce inequality, while others believe that direct government redistribution of wealth is more effective. Discuss both views and give your own opinion.",https://ieltswritingcorrectionservice.com/ielts-task-2-sample-society,IELTS Writing Correction Service,263
604,7.5,"In recent years, many companies have allowed employees to work from home. Do the advantages of working from home outweigh the disadvantages?",https://allthingsielts.com/ielts-writing/task-2-samples,AllThingsIELTS,398
605,7.5,Air travel should be restricted because of pollution and the use of the world’s fuel. Do you agree or disagree?,https://writing9.com/text/6a9162308b43af001111cbb3-air-travel-should-be-restricted-because-of-pollution-and-the-use-of-the-worlds-fuel-do-you-agree-or-,writing9.com,329
606,7.5,An increasing number of students choose to complete their university degree in a foreign country rather than at home. Discuss the advantages and disadvantages of this trend.,https://www.cdieltsprep.com/writing-samples/studying-degree-abroad,CD IELTS Prep,280
607,7.5,"Some people think that the best way to reduce crime is to give longer prison sentences. Others, however, believe there are better alternative ways of reducing crime. Discuss both views and give your opinion.",https://www.ielts.international/ielts-sample-essays,IELTS International,261
608,7.5,"Many people argue that individuals are responsible for addressing environmental problems, while others believe that governments and large corporations bear the primary responsibility. Discuss both views and give your own opinion.",https://ieltswritingcorrectionservice.com/ielts-task-2-sample-environment,IELTS Writing Correction Service,232
609,7.5,"Plastic pollution has become a serious environmental problem worldwide. What are the causes of this problem, and what measures can be taken to solve it?",https://allthingsielts.com/ielts-writing/task-2-samples,AllThingsIELTS,375
610,7.5,All university undergraduate courses should include a period of time spent studying abroad or doing a work placement. Do you think the advantages of this would outweigh the disadvantages?,https://writing9.com/text/6a7344a7bee1e0001159e541-all-university-undergraduate-courses-should-include-a-period-of-time-spent-studying-abroad-or-doing-,writing9.com,329
611,7.5,"As countries try to reduce their carbon emissions, some argue that nuclear power must be part of the solution, while others believe that only renewable sources such as wind and solar should be developed. Discuss both views and give your own opinion.",https://www.cdieltsprep.com/writing-samples/nuclear-power-versus-renewables-only,CD IELTS Prep,296
612,7.5,"Some people believe that governments should take responsibility for improving the health of citizens by regulating diet and lifestyle choices, while others think that health is a personal matter and individuals should be free to make their own decisions. To what extent do you agree with the view that governments should intervene in citizens' health choices?",https://ieltswritingcorrectionservice.com/ielts-task-2-sample-health,IELTS Writing Correction Service,251
613,7.5,Although more and more people use public transport. some city streets are still overcrowded with traffic. how can this problem be solved? what is your opinion and relevent example.,https://writing9.com/text/6abb4a683be1dd001236d87b-although-more-and-more-people-use-public-transport-some-city-streets-are-still-overcrowded-with-traf,writing9.com,294
614,7.5,"At many universities, live lectures are being replaced by recorded material which students watch in their own time. Do you think this is a positive or a negative development?",https://www.cdieltsprep.com/writing-samples/recorded-lectures-replacing-live-teaching,CD IELTS Prep,280
615,7.5,"Some people believe that the introduction of artificial intelligence and automation will lead to widespread unemployment and social problems, while others argue that technology has always created more jobs than it has destroyed. Discuss both views and give your own opinion.",https://ieltswritingcorrectionservice.com/ielts-task-2-sample-work,IELTS Writing Correction Service,265
616,7.5,An increasing number of people are buying what they need online. What are the advantages and disadvantages for both individuals and companies to shopping online?,https://writing9.com/text/6a5bbc54d4eb7b0011b05f98-an-increasing-number-of-people-are-buying-what-they-need-online-what-are-the-advantages-and-disadvan,writing9.com,327
617,7.5,Employers are now able to record everything their staff do on company computers. Some people believe that employers should be free to do this. Do you agree or disagree?,https://www.cdieltsprep.com/writing-samples/employers-monitoring-staff-computer-use,CD IELTS Prep,282
618,7.5,"Around the world, people are now living longer than ever before in the past. Some say an ageing population creates problems for goverments. Others believe there are benefits to society having more elderly people. To what extent do the advantages of possessing an ageing population outweigh the disadvantages?",https://writing9.com/text/6a9132b08b43af001111cba5-around-the-world-people-are-now-living-longer-than-ever-before-in-the-past-some-say-an-ageing-popula,writing9.com,268
619,7.5,"English has become the main language of international business, science and travel. Some people see this as a practical advantage, while others believe it threatens smaller languages and the cultures attached to them. Discuss both views and give your own opinion.",https://www.cdieltsprep.com/writing-samples/english-global-language-versus-smaller-languages,CD IELTS Prep,295
620,7.5,"As global challenges continue to increase, maintaining strong relationships between countries has become increasingly important. To what extent do you agree or disagree?",https://writing9.com/text/6abc651a3be1dd001236d96c-as-global-challenges-continue-to-increase-maintaining-strong-relationships-between-countries-has-bec,writing9.com,267
621,7.5,Fraud committed over the internet has increased significantly in recent years. Why has this type of crime become so common? What can individuals do to protect themselves?,https://www.cdieltsprep.com/writing-samples/rise-of-online-fraud,CD IELTS Prep,312
622,7.5,"As global trade increases, many goods including those we use on daily basis are produced in another country and have to be transported long distances . Do benefits of this trend outweigh disadvantages",https://writing9.com/text/6ab948da3be1dd001236d6b8-as-global-trade-increases-many-goods-including-those-we-use-on-daily-basis-are-produced-in-another-c,writing9.com,250
623,7.5,Governments have limited budgets for health care. Some people believe that public money should always be spent on preventing illness rather than on treating it. To what extent do you agree or disagree?,https://www.cdieltsprep.com/writing-samples/prevention-before-treatment-health-spending,CD IELTS Prep,288
624,7.5,"As we are facing more and more problems, which affect the whole planet, good relationships between different countries are becoming more important than ever before. To what extent do you agree or disagree?",https://writing9.com/text/6abbbece3be1dd001236d8c2-as-we-are-facing-more-and-more-problems-which-affect-the-whole-planet-good-relationships-between-dif,writing9.com,258
625,7.5,"In many communities, local charities and clubs are finding it increasingly difficult to recruit volunteers. Why is this happening? What could be done to encourage more people to give their time?",https://www.cdieltsprep.com/writing-samples/why-volunteers-are-harder-to-find,CD IELTS Prep,287
626,7.5,"At the present time, the population of some countries includes a relatively large number of young aults, compared with the number of older people. Do the advantages of this situation outweigh the disadvantages?",https://writing9.com/text/6a60846bd4eb7b0011b062ca-at-the-present-time-the-population-of-some-countries-includes-a-relatively-large-number-of-young-aul,writing9.com,278
627,7.5,"In many companies, software and artificial intelligence now carry out routine administrative work that was previously done by employees. Do the advantages of this development outweigh the disadvantages?",https://www.cdieltsprep.com/writing-samples/automation-routine-office-work,CD IELTS Prep,281
628,7.5,"Automation and artificial intelligence are rapidly transforming the job market. Some fear that these technologies will lead to widespread unemployment, while others argue that they will create new job opportunities and improve productivity. Discuss both views and give your opinion.",https://writing9.com/text/6ac1e6fb3be1dd001236dd7f-automation-and-artificial-intelligence-are-rapidly-transforming-the-job-market-some-fear-that-these-,writing9.com,323
629,7.5,"In many countries, a high proportion of young people who are released from prison commit further offences within a short period. What are the reasons for this, and how could the situation be improved?",https://www.cdieltsprep.com/writing-samples/young-offenders-reoffending-solutions,CD IELTS Prep,259
630,7.5,Both government investment in public transport systems and reductions in public transport ticket prices will help to reduce transport pollution greatly. Do you agree or disagree with this statement? Give reasons for your answer and include any relevant examples from your own knowledge and experience.,https://writing9.com/text/6a52a55dd4eb7b0011b0590b-both-government-investment-in-public-transport-systems-and-reductions-in-public-transport-ticket-pri,writing9.com,254
631,7.5,"In many countries, companies are employing fewer permanent staff and are using more short-term contractors and gig workers. Do you think this is a positive or a negative development?",https://www.cdieltsprep.com/writing-samples/short-term-contracts-replacing-permanent-jobs,CD IELTS Prep,288
632,7.5,Caring for children is an important thing of the society. It is suggested that all mothers and fathers should be required to take childcare training courses. Do you agree or disagree?,https://writing9.com/text/6a89beb18b43af001111c5e8-caring-for-children-is-an-important-thing-of-the-society-it-is-suggested-that-all-mothers-and-father,writing9.com,269
633,7.5,"In many countries, fewer school leavers are choosing to study science and mathematics at a higher level. Why is this happening? What could be done to encourage more young people into these subjects?",https://www.cdieltsprep.com/writing-samples/fewer-students-choosing-science-and-maths,CD IELTS Prep,296
634,7.5,"Cars come in all different shapes and sizes. Some prefer a large one, while others a compact one. What are the advantages and disadvantages of each type and which would you prefer?",https://writing9.com/text/6a9c0afc8b43af001111d3aa-cars-come-in-all-different-shapes-and-sizes-some-prefer-a-large-one-while-others-a-compact-one-what-,writing9.com,342
635,7.5,In many countries people are having their first child at a much later age than previous generations did. Discuss the advantages and disadvantages of this development.,https://www.cdieltsprep.com/writing-samples/having-children-later-in-life,CD IELTS Prep,287
636,7.5,"Creative artists should always be given freedom to express their own ideas (in words, pictures, music or film) in whichever way they wish. There should be no government restriction on what they do. To what extent do you agree or disagree with this opinion?",https://writing9.com/text/6aab3b551826230011528933-creative-artists-should-always-be-given-freedom-to-express-their-own-ideas-in-words-pictures-music-o,writing9.com,260
637,7.5,"In many countries, public confidence in politicians has fallen sharply in recent decades. What has caused this loss of trust? How might it be rebuilt?",https://www.cdieltsprep.com/writing-samples/falling-public-trust-in-politicians,CD IELTS Prep,289
638,7.5,"Creative artists should always be given freedom to express their own ideas (in words, pictures, music or film) in whichever way they wish. There should be no government restrictions on what they do. To what extent do you agree or disagree on this IELTS topic?",https://writing9.com/text/6a7cd2e95a8b010011bd8623-creative-artists-should-always-be-given-freedom-to-express-their-own-ideas-in-words-pictures-music-o,writing9.com,272
639,7.5,"In many countries, services that were once run by the state, such as prisons, railways and rubbish collection, are now operated by private companies under government contracts. Do you think this is a positive or a negative development?",https://www.cdieltsprep.com/writing-samples/private-companies-running-public-services,CD IELTS Prep,299
640,7.5,Do you believe that the widespread use of the internet has brought more positive or negative ef fects to society? Explain your opinion with relevant examples and reasons.,https://writing9.com/text/6aa428c718262300115283f1-do-you-believe-that-the-widespread-use-of-the-internet-has-brought-more-positive-or-negative-ef-fect,writing9.com,289
641,7.5,"In many countries the number of overweight children and teenagers has risen sharply in recent decades. What are the causes of this trend, and what measures could be taken to reverse it?",https://www.cdieltsprep.com/writing-samples/childhood-obesity-causes-and-solutions,CD IELTS Prep,289
642,7.5,"Economic development in the countryside has improved the quality of life in urban areas more than in the countryside. This creates a gap. What problems does this cause, and how might these problems be reduced?",https://writing9.com/text/6a55d138d4eb7b0011b05b38-economic-development-in-the-countryside-has-improved-the-quality-of-life-in-urban-areas-more-than-in,writing9.com,301
643,7.5,"In many growing cities, most new homes are now built as flats in high-rise tower blocks rather than as individual houses with gardens. Do the advantages of this trend outweigh the disadvantages?",https://www.cdieltsprep.com/writing-samples/high-rise-flats-instead-of-houses,CD IELTS Prep,298
644,7.5,Employers should give their staff at least a 4- week holiday a year to make employees better at their jobs. To what extend do you agree or disagree?,https://writing9.com/text/6a5693fbd4eb7b0011b05baf-employers-should-give-their-staff-at-least-a-4-week-holiday-a-year-to-make-employees-better-at-their,writing9.com,274
645,7.5,"In many large cities, ordinary working people can no longer afford to live near the places where they work. Why has this happened, and what can be done about it?",https://www.cdieltsprep.com/writing-samples/urban-housing-unaffordable-solutions,CD IELTS Prep,275
646,7.5,"Environmental damage is a major global issue. Some people think that individuals should take steps to protect the environment, while others believe governments should bear the main responsibility. Discuss both views and give your opinion.",https://writing9.com/text/6a78a3f0bee1e0001159e8f4-environmental-damage-is-a-major-global-issue-some-people-think-that-individuals-should-take-steps-to,writing9.com,241
647,7.5,"In many societies, a growing number of older people live alone and have little regular contact with others. What are the causes of this isolation, and what could be done to reduce it?",https://www.cdieltsprep.com/writing-samples/older-people-loneliness-isolation-solutions,CD IELTS Prep,271
648,7.5,"Families have a great influence on children's development, but the outside world plays a bigger part in children's life. Do you agree or disagree? Give reasons for your answer and include any relevant examples from your own knowledge or experience.",https://writing9.com/text/6a85a2e58b43af001111c297-families-have-a-great-influence-on-childrens-development-but-the-outside-world-plays-a-bigger-part-i,writing9.com,276
649,7.5,"In many towns and cities, online retailers have taken a large share of the trade that once went to shops on the high street. Do the advantages of this shift outweigh the disadvantages?",https://www.cdieltsprep.com/writing-samples/online-retail-replacing-high-street,CD IELTS Prep,292
650,7.5,"Films and computer games containing violence are popular. Some people believe that they negatively affect society and should be banned, while others consider them harmless forms of relaxation. Discuss both views and give your opinion.",https://writing9.com/text/6a686bf912d2e10011349af5-films-and-computer-games-containing-violence-are-popular-some-people-believe-that-they-negatively-af,writing9.com,298
651,7.5,"In many wealthy countries, a large proportion of the food that is produced is never eaten and ends up being thrown away. What problems does this cause? What measures could be taken to reduce the amount of food that is wasted?",https://www.cdieltsprep.com/writing-samples/food-waste-in-wealthy-countries,CD IELTS Prep,300
652,7.5,Having babies later can have more negative than positive effects on young adult? what is pros and cons about having baies later and how do you think?,https://writing9.com/text/6a569fe9d4eb7b0011b05bcd-having-babies-later-can-have-more-negative-than-positive-effects-on-young-adult-what-is-pros-and-con,writing9.com,263
653,7.5,"In some areas, libraries, parks and community centres that were once run by paid council staff are now managed by local volunteers. Some people believe this is the best way to keep such services open, while others argue that local government should pay professionals to run them. Discuss both views and give your own opinion.",https://www.cdieltsprep.com/writing-samples/volunteers-running-local-services,CD IELTS Prep,318
654,7.5,"Human activity has had a negative impact on plants and animals around the world. Some people think that this cannot be changed, while others believe actions can be taken to bring about a change. Discuss both and give your opionion.",https://writing9.com/text/6a56a3b8d4eb7b0011b05bdb-human-activity-has-had-a-negative-impact-on-plants-and-animals-around-the-world-some-people-think-th,writing9.com,300
655,7.5,"In some countries, cash is being replaced almost entirely by digital payment. Do you think this is a positive or a negative development?",https://www.cdieltsprep.com/writing-samples/cash-replaced-by-digital-payment,CD IELTS Prep,284
656,7.5,"If a robot can think, learn, and express emotions in ways that are indistinguishable from a human, should it be considered a person rather than a machine? Discuss both views and give your own opinion.",https://writing9.com/text/6a7dfc545a8b010011bd8720-if-a-robot-can-think-learn-and-express-emotions-in-ways-that-are-indistinguishable-from-a-human-shou,writing9.com,266
657,7.5,"In some families, young children are cared for during the working day by their grandparents. Others believe that professional nurseries provide a better start. Discuss both views and give your own opinion.",https://www.cdieltsprep.com/writing-samples/grandparents-versus-nurseries-childcare,CD IELTS Prep,287
658,7.5,If the product is good and meets consumer needs then advertising is unnecessary. To what extent do you agree?,https://writing9.com/text/6a8c71978b43af001111c7ef-if-the-product-is-good-and-meets-consumer-needs-then-advertising-is-unnecessary-to-what-extent-do-yo,writing9.com,256
659,7.5,"Increasingly, people pay a monthly subscription to use products such as software, cars, furniture and even clothing, instead of buying them outright. Do you think this is a positive or a negative development?",https://www.cdieltsprep.com/writing-samples/subscriptions-replacing-ownership,CD IELTS Prep,305
660,7.5,"In many countries, a small countries od people earn extremely high salaries. Some people believe that this is good for the country, but others think that governmnets should not allow salaries above a certain level. Discuss both these views and give your own opinion. Give reasons for your answer and include any revelant examples from your own knowledge or experience.",https://writing9.com/text/6a7d37fe5a8b010011bd86b9-in-many-countries-a-small-countries-od-people-earn-extremely-high-salaries-some-people-believe-that-,writing9.com,358
661,7.5,It is now common for people to change careers several times during their working lives. Why is this happening? Do you think it is a positive or a negative development?,https://www.cdieltsprep.com/writing-samples/changing-careers-several-times,CD IELTS Prep,292
662,7.5,"In many countries around the world, rural people are moving to cities, so the population in the countryside is decreasing. Do you think this is a positive or a negative development?",https://writing9.com/text/6ab583d33be1dd001236d409-in-many-countries-around-the-world-rural-people-are-moving-to-cities-so-the-population-in-the-countr,writing9.com,281
663,7.5,"Large quantities of plastic waste end up in the world's oceans every year. What do you think are the main reasons for this, and what could be done to address the situation?",https://www.cdieltsprep.com/writing-samples/ocean-plastic-waste-causes-and-solutions,CD IELTS Prep,281
664,7.5,"In many countries, the number of animals and plants is declining. Why do you think this is happening? How can this issue be solved? Give reasons for your answer and include any relevant examples from your knowledge or experience.",https://writing9.com/text/6a5ded83d4eb7b0011b060e2-in-many-countries-the-number-of-animals-and-plants-is-declining-why-do-you-think-this-is-happening-h,writing9.com,365
665,7.5,"Many companies now allow their staff to work from home for most of the week. Some people think this arrangement benefits employees, while others argue that it harms teamwork and the training of younger staff. Discuss both views and give your own opinion.",https://www.cdieltsprep.com/writing-samples/remote-working-employees-versus-teams,CD IELTS Prep,284
666,7.5,"In many professional sports, there is an increase in the number of athletes using banned substances to improve their performance. What are the causes of the phenomenon and what are some of the possible solutions?",https://writing9.com/text/6a86e76b8b43af001111c3ad-in-many-professional-sports-there-is-an-increase-in-the-number-of-athletes-using-banned-substances-t,writing9.com,279
667,7.5,"Many countries invest heavily in training doctors, engineers and other skilled professionals, only for large numbers of them to emigrate soon after qualifying. Why does this happen, and what measures could reduce it?",https://www.cdieltsprep.com/writing-samples/skilled-graduates-emigration-brain-drain,CD IELTS Prep,272
668,7.5,"“In recent years, more and more people are choosing to read e-books rather than paper books. Do the advantages outweigh the disadvantages?”",https://writing9.com/text/6a5621bfd4eb7b0011b05b5a-in-recent-years-more-and-more-people-are-choosing-to-read-e-books-rather-than-paper-books-do-the-adv,writing9.com,308
669,7.5,Many countries spend large amounts of public money on hosting international sporting events. Some people believe that this money is wasted. To what extent do you agree or disagree?,https://www.cdieltsprep.com/writing-samples/public-money-hosting-international-sporting-events,CD IELTS Prep,286
670,7.5,"In some cities of the world, cars are replacing bicycles. However, in some other cities, bicycles are replacing cars. What are the reasons for these two developments? In your opinion, which one better?",https://writing9.com/text/6ab414a63be1dd001236d311-in-some-cities-of-the-world-cars-are-replacing-bicycles-however-in-some-other-cities-bicycles-are-re,writing9.com,263
671,7.5,Many developing countries have built their economies around large-scale international tourism. Do the advantages of this approach outweigh the disadvantages?,https://www.cdieltsprep.com/writing-samples/mass-tourism-developing-economies,CD IELTS Prep,294
672,7.5,"In some countries, most people prefer to rent their houses rather than buy their housees. What are the advantages and disadvantages of renting a home?",https://writing9.com/text/6ab3d6e73be1dd001236d304-in-some-countries-most-people-prefer-to-rent-their-houses-rather-than-buy-their-housees-what-are-the,writing9.com,339
673,7.5,"Many major museums hold objects that were removed from other countries in the past. Some people believe these objects should be returned to their countries of origin, while others argue they are better preserved and more widely seen where they are. Discuss both views and give your own opinion.",https://www.cdieltsprep.com/writing-samples/museum-artefacts-return-or-retain,CD IELTS Prep,291
674,7.5,"In some countries, there are many social problems involving teenagers. This is because parents spend much of their time at work not at home. Do you agree or disagree?",https://writing9.com/text/6a8f45408b43af001111ca0e-in-some-countries-there-are-many-social-problems-involving-teenagers-this-is-because-parents-spend-m,writing9.com,271
675,7.5,Many patients do not follow the advice they are given by their doctors. Why does this happen? What are the consequences of this behaviour?,https://www.cdieltsprep.com/writing-samples/patients-ignoring-medical-advice,CD IELTS Prep,298
676,7.5,"In some parts of the world, many famous people are regarded as role models and they are having an increasing influence on the young. Is this a positive or negative development?",https://writing9.com/text/6abb031b3be1dd001236d7ea-in-some-parts-of-the-world-many-famous-people-are-regarded-as-role-models-and-they-are-having-an-inc,writing9.com,281
677,7.5,Many people now decide where to go on holiday because of photographs and videos they have seen on social media. Do you think this is a positive or a negative development?,https://www.cdieltsprep.com/writing-samples/holidays-chosen-from-social-media,CD IELTS Prep,290
678,7.5,"In some societies the number of crime committed by teenagers is growing. Some people think that regardless of age, teenagers who commit major crime should receive adult punishment. To what extent do you agree or disagree?",https://writing9.com/text/6a81cabf8b43af001111bf5e-in-some-societies-the-number-of-crime-committed-by-teenagers-is-growing-some-people-think-that-regar,writing9.com,327
679,7.5,"Many people with physical disabilities find it difficult to travel for pleasure, even within their own country. What problems do they face, and what measures could be taken to make travel easier for them?",https://www.cdieltsprep.com/writing-samples/travel-for-people-with-disabilities,CD IELTS Prep,330
680,7.5,"Information technology enables many people to do their work outside their work place at home, when traveling. Do the bed benefits of this mobility outweigh the disadvantages?",https://writing9.com/text/6a61c6d3d4eb7b0011b063b1-information-technology-enables-many-people-to-do-their-work-outside-their-work-place-at-home-when-tr,writing9.com,290
681,7.5,"Most people are now aware of the environmental damage caused by air travel, yet the number of flights taken each year continues to rise. Why do people keep flying? What should be done about this?",https://www.cdieltsprep.com/writing-samples/flying-despite-environmental-cost,CD IELTS Prep,293
682,7.5,It is a natural process in which animal species such as dinosaurs become extinct. There is no reason for people to prevent this from happening. Do you agree or disagree.,https://writing9.com/text/6a8b07568b43af001111c6d5-it-is-a-natural-process-in-which-animal-species-such-as-dinosaurs-become-extinct-there-is-no-reason-,writing9.com,392
683,7.5,"Most people now receive their news through social media rather than through newspapers or broadcasters. Some believe this has made public debate more open, while others think it has left people less well informed. Discuss both views and give your own opinion.",https://www.cdieltsprep.com/writing-samples/social-media-as-a-news-source,CD IELTS Prep,287
684,7.5,It is generally seen that most working people do not do enough physical exercise What are the reasons behind this? How can this problem be solved?,https://writing9.com/text/6abdd27c3be1dd001236da94-it-is-generally-seen-that-most-working-people-do-not-do-enough-physical-exercise-what-are-the-reason,writing9.com,297
685,7.5,News organisations sometimes publish stories that later turn out to be false. Some people believe that the law should require corrections to be given the same prominence as the original story. To what extent do you agree or disagree?,https://www.cdieltsprep.com/writing-samples/legal-duty-to-publish-prominent-corrections,CD IELTS Prep,284
686,7.5,It is important for all towns and cities to have large public outdoor places like squares and parks. To what extent do you agree or disagree with this statement?,https://writing9.com/text/6abc71253be1dd001236d97a-it-is-important-for-all-towns-and-cities-to-have-large-public-outdoor-places-like-squares-and-parks-,writing9.com,280
687,7.5,People in many countries now depend heavily on their smartphones. Why has this happened? What effects does this dependence have on individuals and on society?,https://www.cdieltsprep.com/writing-samples/smartphone-dependence-causes-and-effects,CD IELTS Prep,293
688,7.5,‘It is important for foreigners to know something about the history and culture of the country they live in.’ Discuss. Give reasons for your answer and include any relevant examples from your own knowledge or experience.,https://writing9.com/text/6ac224103be1dd001236ddbb-it-is-important-for-foreigners-to-know-something-about-the-history-and-culture-of-the-country-they-l,writing9.com,282
689,7.5,"Some cities have made all public transport free to use, paying for it through taxation instead of fares. Do you think this is a positive or negative development?",https://www.cdieltsprep.com/writing-samples/fare-free-public-transport,CD IELTS Prep,298
690,7.5,It is important to give children the chance to act independently and make their own decisions from early age. To what extent do you agree or disagree with this statement,https://writing9.com/text/6a8dc2738b43af001111c900-it-is-important-to-give-children-the-chance-to-act-independently-and-make-their-own-decisions-from-e,writing9.com,313
691,7.5,"Some countries are considering reducing the standard working week from five days to four, with no reduction in pay. Do the advantages of this change outweigh the disadvantages?",https://www.cdieltsprep.com/writing-samples/four-day-working-week,CD IELTS Prep,306
692,7.5,"It is sometimes possible to pay somebody to do things you don't want to do, or don't have time to do, for example, household chores or looking after children. Is this a good way of providing work for others? Should people do these things themselves? Give reasons for your answer and include any relevant examples from your own knowledge or experience.",https://writing9.com/text/6a757e17bee1e0001159e6e6-it-is-sometimes-possible-to-pay-somebody-to-do-things-you-dont-want-to-do-or-dont-have-time-to-do-fo,writing9.com,297
693,7.5,Some governments are moving ministries and other public bodies out of the capital city to smaller towns and regions. Do the advantages of this policy outweigh the disadvantages?,https://www.cdieltsprep.com/writing-samples/relocating-government-bodies-from-capital,CD IELTS Prep,304
694,7.5,Less and Less parents these days are smacking their children. Some people think that this is leading to a generation of misbehaved children. Do you agree or disagree to this view?,https://writing9.com/text/6a8467a88b43af001111c16c-less-and-less-parents-these-days-are-smacking-their-children-some-people-think-that-this-is-leading-,writing9.com,286
695,7.5,Some governments now fund university places only in subjects that lead directly to employment. To what extent do you agree or disagree?,https://www.cdieltsprep.com/writing-samples/university-funding-employment-outcomes,CD IELTS Prep,262
696,7.5,Littering in cities is an increasing problem which needs to be dealt with. Some people think that steeper fines is the best way to deal with the problem. To what extent do you agree?,https://writing9.com/text/6aa46f24182623001152840b-littering-in-cities-is-an-increasing-problem-which-needs-to-be-dealt-with-some-people-think-that-ste,writing9.com,264
697,7.5,Some people argue that offenders who have committed non-violent crimes should serve their sentences in the community rather than in prison. To what extent do you agree or disagree?,https://www.cdieltsprep.com/writing-samples/community-sentences-for-non-violent-crime,CD IELTS Prep,286
698,7.5,"Living in a country where you have to speak a foreign language can cause serious social problems, as well as practical problems. To what extent do you agree or disagree?",https://writing9.com/text/6a4bbd7ce7bf470011d739da-living-in-a-country-where-you-have-to-speak-a-foreign-language-can-cause-serious-social-problems-as-,writing9.com,282
699,7.5,Some people believe that governments should place a heavy tax on foods that are high in sugar and fat in order to improve public health. To what extent do you agree or disagree?,https://www.cdieltsprep.com/writing-samples/taxing-sugar-and-fat-for-public-health,CD IELTS Prep,292
700,7.5,"lt is important for реорlе to take risks, both in their professional lives and their personal lives. Do уоu think the advantages of taking risks outweigh the disadvantages?",https://writing9.com/text/6a93f8378b43af001111cd8d-lt-is-important-for-reorle-to-take-risks-both-in-their-professional-lives-and-their-personal-lives-d,writing9.com,282
701,7.5,Some people believe that individual efforts to live more sustainably achieve nothing while governments fail to regulate polluting industries. To what extent do you agree or disagree?,https://www.cdieltsprep.com/writing-samples/individual-action-versus-climate-regulation,CD IELTS Prep,298
702,7.5,Many aspects of the way people dress today are influenced by global fashion trends. How has global fashion become such a strong influence on people's lives? Do you think this is a positive or negative development?,https://writing9.com/text/6a831a3a8b43af001111c074-many-aspects-of-the-way-people-dress-today-are-influenced-by-global-fashion-trends-how-has-global-fa,writing9.com,368
703,7.5,Some people believe that newspapers and websites should be free to publish stories about the private lives of famous people. Others think that famous people have the same right to privacy as anyone else. Discuss both views and give your own opinion.,https://www.cdieltsprep.com/writing-samples/press-reporting-private-lives-of-the-famous,CD IELTS Prep,298
704,7.5,Many aspects of the way people dress today are influenced by global fashion trends. How has global fashion become such a strong influence on people's lives? Do you think this is a positive or negative development? Give reasons for your answer and include any relevant examples from your own knowledge or experience.,https://writing9.com/text/6aa4351c18262300115283fd-many-aspects-of-the-way-people-dress-today-are-influenced-by-global-fashion-trends-how-has-global-fa,writing9.com,328
705,7.5,Some people believe that private cars should be banned from the centres of large cities. To what extent do you agree or disagree?,https://www.cdieltsprep.com/writing-samples/banning-private-cars-from-city-centres,CD IELTS Prep,280
706,7.5,Many childhood diseases can now be prevented through the use of vaccines. Should parents be made by law to immunise their children against common diseases or should individuals have the right to choose not to immunise,https://writing9.com/text/6a6bd99063791b00118b271d-many-childhood-diseases-can-now-be-prevented-through-the-use-of-vaccines-should-parents-be-made-by-l,writing9.com,250
707,7.5,Some people believe that voting in national elections should be compulsory for all adult citizens. To what extent do you agree or disagree?,https://www.cdieltsprep.com/writing-samples/compulsory-voting-in-national-elections,CD IELTS Prep,305
708,7.5,Many children today are overweight. This is a serious health issue. Give reasons for child obesity and give solutions to fix this problem.,https://writing9.com/text/6a5490e1d4eb7b0011b05a4a-many-children-today-are-overweight-this-is-a-serious-health-issue-give-reasons-for-child-obesity-and,writing9.com,339
709,7.5,Some people think that all advertising aimed at children under the age of twelve should be banned. To what extent do you agree or disagree?,https://www.cdieltsprep.com/writing-samples/banning-advertising-aimed-at-young-children,CD IELTS Prep,298
710,7.5,"Many countries have compulsory military service for young men after they leave school. It would be a good idea for all countries to adopt this system for men, and possibly for women too. Do you agree or disagree with this statement? Give reasons for your answer and include any relevant examples from your own knowledge and experience.",https://writing9.com/text/6a5483a5d4eb7b0011b05a46-many-countries-have-compulsory-military-service-for-young-men-after-they-leave-school-it-would-be-a-,writing9.com,280
711,7.5,Some people think that children should not be allowed to own a smartphone until they start secondary school. To what extent do you agree or disagree?,https://www.cdieltsprep.com/writing-samples/smartphones-before-secondary-school,CD IELTS Prep,286
712,7.5,Many countries raise fuel prices to deal successfully with problems of traffic and pollu on. What effects do you think this move can have? What other measures do you think can be taken to reduce traffic and pollution ?,https://writing9.com/text/6a56a04cd4eb7b0011b05bd1-many-countries-raise-fuel-prices-to-deal-successfully-with-problems-of-traffic-and-polluon-what-effe,writing9.com,250
713,7.5,"Some schools teach children of all abilities together in the same class, while others divide students into groups according to how well they perform. Discuss both approaches and give your own opinion.",https://www.cdieltsprep.com/writing-samples/mixed-ability-classes-versus-streaming,CD IELTS Prep,295
714,7.5,"Many doctors recommend that old people exercise regularly, but patients do not follow an exercise routine. why do you think this happen ? How can people be encouraged to exercise regularly ?",https://writing9.com/text/6ac25d363be1dd001236ddd2-many-doctors-recommend-that-old-people-exercise-regularly-but-patients-do-not-follow-an-exercise-rou,writing9.com,290
715,7.5,"Streaming platforms have largely replaced scheduled television and, for many people, trips to the cinema. Discuss the advantages and disadvantages of this change.",https://www.cdieltsprep.com/writing-samples/streaming-replacing-television-cinema,CD IELTS Prep,292
716,7.5,Many people find it hard to balance work and personal life. What are the causes of this problem? What can be done to solve it?,https://writing9.com/text/6abf79d13be1dd001236dbad-many-people-find-it-hard-to-balance-work-and-personal-life-what-are-the-causes-of-this-problem-what-,writing9.com,255
717,7.5,"Traditional crafts such as weaving, pottery and woodcarving are dying out in many parts of the world. Why is this happening? Do you think it is important to keep these skills alive?",https://www.cdieltsprep.com/writing-samples/traditional-crafts-dying-out,CD IELTS Prep,286
718,7.5,"Many people work for long hours, leaving them very little time for leisure. Does this situation have more advantages or disadvantages?",https://writing9.com/text/6ac49bdf1e72750011862549-many-people-work-for-long-hours-leaving-them-very-little-time-for-leisure-does-this-situation-have-m,writing9.com,331
719,7.5,"Traffic congestion is becoming worse in many rapidly growing cities. What do you think are the causes of this, and what solutions could be introduced?",https://www.cdieltsprep.com/writing-samples/urban-traffic-congestion-solutions,CD IELTS Prep,268
720,7.5,Many person are opting for several career options as compared to a single career option to earn more money. To what extent do you agree or disagree?,https://writing9.com/text/6a879b4e8b43af001111c423-many-person-are-opting-for-several-career-options-as-compared-to-a-single-career-option-to-earn-more,writing9.com,346
721,7.5,"When children behave badly, some people believe that their parents rather than their schools should be held responsible. To what extent do you agree or disagree?",https://www.cdieltsprep.com/writing-samples/parents-or-schools-responsible-for-behaviour,CD IELTS Prep,284
722,7.5,Many young people leave school with negative attitudes towards learning. What are the causes？How to encourage young people to study？,https://writing9.com/text/6aa00ac13155de0012e27499-many-young-people-leave-school-with-negative-attitudes-towards-learning-what-are-the-causeshow-to-en,writing9.com,304
723,7.5,"More and more people are reading news online, but newspapers remain the main source of news for many people. Why is this? What will be the future of newspapers?",https://writing9.com/text/6a53bdadd4eb7b0011b059ad-more-and-more-people-are-reading-news-online-but-newspapers-remain-the-main-source-of-news-for-many-,writing9.com,294
724,7.5,"More and more people are reading news online, but newspapers are still the main source of news for most people. To what extent do you agree or disagree?",https://writing9.com/text/6a480399f1df6100115dbc51-more-and-more-people-are-reading-news-online-but-newspapers-are-still-the-main-source-of-news-for-mo,writing9.com,326
725,7.5,n some parts of the world traditional festivals and celebrations have disappeared or are disappearing. What problems is this causing? What measures could be taken to counter this situation?,https://writing9.com/text/6a480f41f1df6100115dbc58-n-some-parts-of-the-world-traditional-festivals-and-celebrations-have-disappeared-or-are-disappearin,writing9.com,333
726,7.5,"Nowadays, a growing number of people with health problems are trying alternative medicines and treatments instead of visiting their usual doctor. Do you think this is a positive or a negative development?",https://writing9.com/text/6a887dd18b43af001111c4fe-nowadays-a-growing-number-of-people-with-health-problems-are-trying-alternative-medicines-and-treatm,writing9.com,289
727,7.5,"Nowadays, many people drive to work or school instead of walking, cycling or using public transport. Does this trend have more advantages or more disadvantages?",https://writing9.com/text/6a9c4eff8b43af001111d3d0-nowadays-many-people-drive-to-work-or-school-instead-of-walking-cycling-or-using-public-transport-do,writing9.com,293
728,7.5,"Nowadays,more and more people are choosing to live in apartments in the city centre,rather than houses in the suburbs.What are some of the benefits and drawbacks of living in an apartment in the centre of the city?Do the advamtages outweigh the disadvantage?",https://writing9.com/text/6a970d648b43af001111d008-nowadaysmore-and-more-people-are-choosing-to-live-in-apartments-in-the-city-centrerather-than-houses,writing9.com,312
729,7.5,"Nowadays, more individuals are choosing healthier lifestyles given the fact of not consuming animal products, such as, meat or fish. Discuss the advantages and disadvantages of this trend.",https://writing9.com/text/6a92349a8b43af001111cc6e-nowadays-more-individuals-are-choosing-healthier-lifestyles-given-the-fact-of-not-consuming-animal-p,writing9.com,253
730,7.5,"Nowadays, most large companies operate multi-nationally. To what extent those companies should have responsibilities towards local communities in which they operate?",https://writing9.com/text/6a56a296d4eb7b0011b05bd7-nowadays-most-large-companies-operate-multi-nationally-to-what-extent-those-companies-should-have-re,writing9.com,286
731,7.5,"Nowadays, people have developed poor eating and do not eat balanced diet. What are the reason behind this? Suggest possible solutions to control this.",https://writing9.com/text/6ab032ac3be1dd001236d02a-nowadays-people-have-developed-poor-eating-and-do-not-eat-balanced-diet-what-are-the-reason-behind-t,writing9.com,281
732,7.5,"Nowadays, some employers think that formal academic qualifications are more important than life experience or personal qualities when they look for new employees. Why is it the case? Is it a positive or negative development",https://writing9.com/text/6aa942b318262300115287d3-nowadays-some-employers-think-that-formal-academic-qualifications-are-more-important-than-life-exper,writing9.com,281
733,7.5,Nowadays technology is increasingly being used to monitor what people are saying and doing. Do you think the advantages of this development outweigh the disadvantages?,https://writing9.com/text/6ab605713be1dd001236d487-nowadays-technology-is-increasingly-being-used-to-monitor-what-people-are-saying-and-doing-do-you-th,writing9.com,268
734,7.5,Nowadays the way many people interact with each other has changed because of technology. In what ways has technology affected the types of relationships that people make? Has this been a positive or negative development?,https://writing9.com/text/6a56930bd4eb7b0011b05bab-nowadays-the-way-many-people-interact-with-each-other-has-changed-because-of-technology-in-what-ways,writing9.com,277
735,7.5,"Nowadays, young people communicate with friends and family through mostly social network sites, rather than other ways of communication like talking on the phone or face to face. Do you think it is a positive or negative development",https://writing9.com/text/6aa95e5018262300115287e2-nowadays-young-people-communicate-with-friends-and-family-through-mostly-social-network-sites-rather,writing9.com,319
736,7.5,"Older generations often hold some traditional ideas on the correct way of life, thought and behaviour. Most people argue that these are not helpful for younger generations to prepare for modern life. To what extent do you agree or disagree?",https://writing9.com/text/6abbbaa03be1dd001236d8bc-older-generations-often-hold-some-traditional-ideas-on-the-correct-way-of-life-thought-and-behaviour,writing9.com,309
737,7.5,ome people with a good education and experience in their field decide to move abroad to work. Why do you think that is? What are the problems caused by this?,https://writing9.com/text/6a851db18b43af001111c237-ome-people-with-a-good-education-and-experience-in-their-field-decide-to-move-abroad-to-work-why-do-,writing9.com,308
738,7.5,Online education and training in business world. What are the advantages and disadvantages of this development? Do advantages if this development outweight the disadvsntagws?,https://writing9.com/text/6aa1812c18262300115281ea-online-education-and-training-in-business-world-what-are-the-advantages-and-disadvantages-of-this-de,writing9.com,333
739,7.5,Parents should take courses in parenting in order to improve the lives of their children. To what extent do you agree?,https://writing9.com/text/6ab4c0293be1dd001236d3ab-parents-should-take-courses-in-parenting-in-order-to-improve-the-lives-of-their-children-to-what-ext,writing9.com,271
740,7.5,"People have the right to know about crimes committed in their communities, but publishing too much information can cause unnecessary fear. To what extent should crime-related information be made public?",https://writing9.com/text/6a9d90278b43af001111d4ae-people-have-the-right-to-know-about-crimes-committed-in-their-communities-but-publishing-too-much-in,writing9.com,253
741,7.5,Practice Question for IELTS Submit your responses and I will evaluate each response. An increasing number of people are choosing to have cosmetic surgery in order to improve their appearance. Why are more people choosing to have operation to change the way they look? Do you think this a positive or negative development?Give reasons for your answer and include any relevant examples from your own knowledge or experience.,https://writing9.com/text/6ac34ec43be1dd001236de9f-practice-question-for-ielts-submit-your-responses-and-i-will-evaluate-each-response-an-increasing-nu,writing9.com,491
742,7.5,Scientists and technlogy experts seem to be more valued by modern society than musicians and artists. To what extent do you agree?,https://writing9.com/text/6ac4cc3f1e72750011862568-scientists-and-technlogy-experts-seem-to-be-more-valued-by-modern-society-than-musicians-and-artists,writing9.com,265
743,7.5,"Should a city try to preserve its old, historic buildings or destroy them and replace them with modern buildings?",https://writing9.com/text/6a568b6fd4eb7b0011b05b97-should-a-city-try-to-preserve-its-old-historic-buildings-or-destroy-them-and-replace-them-with-moder,writing9.com,296
744,7.5,"Should a city try to preserve its old, historic buildings or destroy them and replace them with modern buildings? Use specific reasons and examples to support your opinion.",https://writing9.com/text/6abb1b053be1dd001236d864-should-a-city-try-to-preserve-its-old-historic-buildings-or-destroy-them-and-replace-them-with-moder,writing9.com,305
745,7.5,"Some believe buildings should be built in a way that serves their purpose rather than just look beautiful. Others, however, say buildings should represent art too. Discuss both views and give your own opinion",https://writing9.com/text/6a7eb7908b43af001111bd94-some-believe-buildings-should-be-built-in-a-way-that-serves-their-purpose-rather-than-just-look-beau,writing9.com,276
746,7.5,"Some believe that pets should stay at home at all times, while others feel they should be allowed outside the home. Discuss both views and give your own opinion.",https://writing9.com/text/6a7891f2bee1e0001159e8e6-some-believe-that-pets-should-stay-at-home-at-all-times-while-others-feel-they-should-be-allowed-out,writing9.com,255
747,7.5,"Some believe that protecting the environment is the responsibility of individuals, while others think that governments and large companies should take the lead. Discuss both views and give your opinion.",https://writing9.com/text/6a880d2e8b43af001111c4b7-some-believe-that-protecting-the-environment-is-the-responsibility-of-individuals-while-others-think,writing9.com,315
748,7.5,Some countries have introduced laws to limit the working hours that an employer can ask from an employee. Why are these law introduced? Is this a positive or negative trend?,https://writing9.com/text/6aab0ee81826230011528924-some-countries-have-introduced-laws-to-limit-the-working-hours-that-an-employer-can-ask-from-an-empl,writing9.com,290
749,7.5,Some parents think it is good to give their children mobile phones while others disagree. Discuss both views and give your opinion.,https://writing9.com/text/6a901d268b43af001111cac1-some-parents-think-it-is-good-to-give-their-children-mobile-phones-while-others-disagree-discuss-bot,writing9.com,320
750,7.5,"Some people argue that thanks to the widespread accessibility of the internet, libraries are no longer necessary. Do you agree or disagree?",https://writing9.com/text/6a8ef8e88b43af001111c9e7-some-people-argue-that-thanks-to-the-widespread-accessibility-of-the-internet-libraries-are-no-longe,writing9.com,312
751,7.5,"Some people argue that universities should focus primarily on specific vocational training and practical skills for the workplace, rather than teaching a broad range of traditional academic subjects. To what extent do you agree or disagree?",https://writing9.com/text/6a81db238b43af001111bf71-some-people-argue-that-universities-should-focus-primarily-on-specific-vocational-training-and-pract,writing9.com,337
752,7.5,Some people believe movie reviews are useful. Others argue the reviews may spoil the audience’s mindset before watching the movie. Discuss both views and give your own opinion.,https://writing9.com/text/6a5f5f2bd4eb7b0011b061e7-some-people-believe-movie-reviews-are-useful-others-argue-the-reviews-may-spoil-the-audiences-mindse,writing9.com,404
753,7.5,Some people believe that childhood is the best stage of happiness.While others believe that a person can enjoy more happiness in other stages of life? Discuss both views and give your opinion?,https://writing9.com/text/6aba7f8a3be1dd001236d7ab-some-people-believe-that-childhood-is-the-best-stage-of-happinesswhile-others-believe-that-a-person-,writing9.com,359
754,7.5,"Some people believe that governments should spend more money on improving public transportation, while others think that building more roads is a better way to reduce traffic congestion.",https://writing9.com/text/6a75d914bee1e0001159e70b-some-people-believe-that-governments-should-spend-more-money-on-improving-public-transportation-whil,writing9.com,282
755,7.5,"Some people believe that it is good to share as much information as possible in scientific research, business and the academic world. Others believe that some information is too important or too valueable to be shared freely. Discuss both view and give your own opinion",https://writing9.com/text/6ac269bf3be1dd001236ddd6-some-people-believe-that-it-is-good-to-share-as-much-information-as-possible-in-scientific-research-,writing9.com,331
756,7.5,"Some people believe that managers are responsible for the company's success, while others think various features of the organization play vital role in it. Discuss both views and give your own opinion.",https://writing9.com/text/6ac14b053be1dd001236dce2-some-people-believe-that-managers-are-responsible-for-the-companys-success-while-others-think-variou,writing9.com,301
757,7.5,Some people believe that money is one of the most important factors in a person's happiness. To what extent do you agree withh this?,https://writing9.com/text/6aa469881826230011528406-some-people-believe-that-money-is-one-of-the-most-important-factors-in-a-persons-happiness-to-what-e,writing9.com,257
758,7.5,Some people believe that online education is more effective than traditional classroom education. To what extent do you agree or disagree?,https://writing9.com/text/6a6e445863791b00118b289b-some-people-believe-that-online-education-is-more-effective-than-traditional-classroom-education-to-,writing9.com,250
759,7.5,Some people believe that public libraries are no longer necessary because people can access information and books online. Others believe that public libraries are still important and should be funded by the government. Discuss both views and give your own opinion.,https://writing9.com/text/6a804a218b43af001111be9f-some-people-believe-that-public-libraries-are-no-longer-necessary-because-people-can-access-informat,writing9.com,267
760,7.5,Some people believe that the fittest and strongest individuals and teams always success in sports. Others think that success in sports depends on mental attitudes. Discuss both views and give your opinions.,https://writing9.com/text/6aacea841826230011528abf-some-people-believe-that-the-fittest-and-strongest-individuals-and-teams-always-success-in-sports-ot,writing9.com,343
761,7.5,Some people believe that the government should spend money on building train and subway lines to reduce traffic congestion. Others think that building more and wider roads is the better way to reduce traffic congestion. Discuss both views and give your opinion.,https://writing9.com/text/6abc63713be1dd001236d968-some-people-believe-that-the-government-should-spend-money-on-building-train-and-subway-lines-to-red,writing9.com,405
762,7.5,Some people believe that the increasing use of technology in education is having a negative impact on students' learning abilities. Others argue that technology is a valuable tool that enhances learning. Discuss both these views and give your own opinion.,https://writing9.com/text/6a73068282c1c10011c063f9-some-people-believe-that-the-increasing-use-of-technology-in-education-is-having-a-negative-impact-o,writing9.com,307
763,7.5,"Some people believe that university students should be required to study subjects that are related to their main field of study, while others believe that they should be free to choose any subjects they are interested in. To what extent do you agree or disagree?",https://writing9.com/text/6ab13b273be1dd001236d117-some-people-believe-that-university-students-should-be-required-to-study-subjects-that-are-related-t,writing9.com,301
764,7.5,"Some people believe that unpaid community service should be a compulsory part of high school programmers (for example working for a charity, improving the neighborhood or teaching sports to younger children). To what extent do you agree or disagree).",https://writing9.com/text/6aa0fe2318262300115281a7-some-people-believe-that-unpaid-community-service-should-be-a-compulsory-part-of-high-school-program,writing9.com,280
765,7.5,SOME PEOPLE BELIEVE THAT VIOLENCE ON TELEVISION AND IN COMPUTER GAMES HAS A DAMAGING EFFECT ON THE COCIETY. OTHERS DENY THAT THESE FACTORS HAVE ANY SIGNIFICANT INFLUENCE ON PEOPLE’S BEHAVIOUR. WHAT IS YOUR OPINION ?,https://writing9.com/text/6a56a416d4eb7b0011b05bdf-some-people-believe-that-violence-on-television-and-in-computer-games-has-a-damaging-effect-on-the-c,writing9.com,282
766,7.5,Some people feel that manufacturers and supermarkets have the responsibility to reduce the amount of packaging of goods. Others argue that customers should avoid buying goods with a lot of packaging. Discuss both views and give your opinion.,https://writing9.com/text/6abaff283be1dd001236d7e8-some-people-feel-that-manufacturers-and-supermarkets-have-the-responsibility-to-reduce-the-amount-of,writing9.com,320
767,7.5,"Some people prefer to spend their lives doing the same things and avoiding change. Others, however, think that change is always a good thing. Discuss both these views and give your own opinion.",https://writing9.com/text/6ab840b93be1dd001236d5f7-some-people-prefer-to-spend-their-lives-doing-the-same-things-and-avoiding-change-others-however-thi,writing9.com,305
768,7.5,"Some people say government should give health care the first priorities, some others believe education is more important priorities to spend the taxpayers' money. Discuss both views and give your opinion.",https://writing9.com/text/6a964cc58b43af001111cf8d-some-people-say-government-should-give-health-care-the-first-priorities-some-others-believe-educatio,writing9.com,287
769,7.5,Some people say that technological gadgets like smart phones have made life easier and more convenient. Other people say that they have made life more complex and stressful. Discuss both these views and give your own opinion.,https://writing9.com/text/6a56a01bd4eb7b0011b05bcf-some-people-say-that-technological-gadgets-like-smart-phones-have-made-life-easier-and-more-convenie,writing9.com,251
770,7.5,"Some people say that the fashion industry is bad for the environment, as it encourages consumers to buy new clothes all the time. To what extent do you agree or disagree?",https://writing9.com/text/6a8d53898b43af001111c8b1-some-people-say-that-the-fashion-industry-is-bad-for-the-environment-as-it-encourages-consumers-to-b,writing9.com,261
771,7.5,"Some people think it is harmful for people to watch advertisements, others think it improves our lives. Discuss both views and give your own.",https://writing9.com/text/6a5d8cb9d4eb7b0011b060bf-some-people-think-it-is-harmful-for-people-to-watch-advertisements-others-think-it-improves-our-live,writing9.com,288
772,7.5,Some people think that advertising is a major factor in driving consumer demand. Others believe that consumers are becoming more immune to advertising. Discuss both views and give your opinion,https://writing9.com/text/6a903d858b43af001111cae0-some-people-think-that-advertising-is-a-major-factor-in-driving-consumer-demand-others-believe-that-,writing9.com,317
773,7.5,"Some people think that all university students should study whatever they like. Others believe that they should only be allowed to study subjects that will be useful in the future, such as those related to science and technology. Discuss both these points and give your opinion.",https://writing9.com/text/6a5bc12cd4eb7b0011b05f9c-some-people-think-that-all-university-students-should-study-whatever-they-like-others-believe-that-t,writing9.com,352
774,7.5,Some people think that educated people are more valuable than people who have learned skills through experience. Do you think that educated people are the most valuable for society? What kinds of skills can people learn through experience that can benefit society?,https://writing9.com/text/6abcc5283be1dd001236d9bb-some-people-think-that-educated-people-are-more-valuable-than-people-who-have-learned-skills-through,writing9.com,282
775,7.5,Some people think that good health is a basic human need and the medical service should not be run by profit-making companies. Do disadvantages outweigh advantages? Give your opinion.,https://writing9.com/text/6a83349a8b43af001111c099-some-people-think-that-good-health-is-a-basic-human-need-and-the-medical-service-should-not-be-run-b,writing9.com,279
776,7.5,some people think that hosting an international sporting event is beneficial for a country while others disagree. Do the advantages of hosting major sporting events outweigh the disadvantages?,https://writing9.com/text/6a7f99d98b43af001111be00-some-people-think-that-hosting-an-international-sporting-event-is-beneficial-for-a-country-while-oth,writing9.com,295
777,7.5,"Some people think that in order to prevent illness and disease, governments should focus on reducing environmental pollutions and housing problems. To what extent do you agree to disagree with this statement?",https://writing9.com/text/6a6e03dc63791b00118b2880-some-people-think-that-in-order-to-prevent-illness-and-disease-governments-should-focus-on-reducing-,writing9.com,259
778,7.5,Some people think that money spend on technology development for space exploration is unjustified. They believe there are other beneficial ways to spend it. To what you agree or disagree with this statement?,https://writing9.com/text/6a4e13d54aab7d0011b5a78e-some-people-think-that-money-spend-on-technology-development-for-space-exploration-is-unjustified-th,writing9.com,346
779,7.5,Some people think that planting trees in open spaces in cities and towns is more important than building houses. To what extent do you agree or disagree?,https://writing9.com/text/6aa04ef3182623001152810a-some-people-think-that-planting-trees-in-open-spaces-in-cities-and-towns-is-more-important-than-buil,writing9.com,267
780,7.5,"Some people think that the government should be responsible for crime prevention, while others believe that it is the responsibility of the individual to protect themselves. Discuss both sides and give your opinion.",https://writing9.com/text/6aaebf131826230011528bcb-some-people-think-that-the-government-should-be-responsible-for-crime-prevention-while-others-believ,writing9.com,306
781,7.5,Some people think traditional games are better than modern games in helping children develop their abilities. To what extent do you agree?,https://writing9.com/text/6abc5f8e3be1dd001236d965-some-people-think-traditional-games-are-better-than-modern-games-in-helping-children-develop-their-a,writing9.com,265
782,7.5,"Some people think young people should be free to choose their jobs, but other people think they should be realistic and think more about their future. Discuss both views and give your opinion.",https://writing9.com/text/6a6b4eba63791b00118b26df-some-people-think-young-people-should-be-free-to-choose-their-jobs-but-other-people-think-they-shoul,writing9.com,270
783,7.5,Some species of animals are almost extinct; and many others seem to be fast approaching a similar risk. What are the reasons for this? What should be done to solve this problem?,https://writing9.com/text/6a50953ad4eb7b0011b057d0-some-species-of-animals-are-almost-extinct-and-many-others-seem-to-be-fast-approaching-a-similar-ris,writing9.com,319
784,7.5,"Some think that developing a successful career is more important than spending time with family and friends, while others disagree. Discuss both views and give our own opinion.",https://writing9.com/text/6a72f248cbfa29001139c88d-some-think-that-developing-a-successful-career-is-more-important-than-spending-time-with-family-and-,writing9.com,284
785,7.5,"Surveillance cameras in banks, offices, shops and streets have been very successful in reducing crime in the workplace and public, but they are also took for their users to spy on people's private business. what problems do surveillance cameras create? what are the solutions?",https://writing9.com/text/6a74ab09bee1e0001159e634-surveillance-cameras-in-banks-offices-shops-and-streets-have-been-very-successful-in-reducing-crime-,writing9.com,261
786,7.5,The animal species are becoming extinct due to human activities on land and in the sea. What are the reason and solution?,https://writing9.com/text/6ac21cd93be1dd001236dda4-the-animal-species-are-becoming-extinct-due-to-human-activities-on-land-and-in-the-sea-what-are-the-,writing9.com,264
787,7.5,"​""The availability of entertainment such as video games on handheld devices is harmful to individuals and the society they live in. To what extent do you agree or disagree?""",https://writing9.com/text/6ac13bbf3be1dd001236dcde-the-availability-of-entertainment-such-as-video-games-on-handheld-devices-is-harmful-to-individuals-,writing9.com,253
788,7.5,The best way for a country to prepare for the future is to invest in youngsters. How true do you think it is? What is the best way to invest on?,https://writing9.com/text/6ab64bcb3be1dd001236d4ab-the-best-way-for-a-country-to-prepare-for-the-future-is-to-invest-in-youngsters-how-true-do-you-thin,writing9.com,250
789,7.5,The best way to provide enough homes in large cities is to build tall apartment blocks. To what extent do you agree or disagree with this statement?,https://writing9.com/text/6a8857618b43af001111c4f2-the-best-way-to-provide-enough-homes-in-large-cities-is-to-build-tall-apartment-blocks-to-what-exten,writing9.com,336
790,7.5,The best way to provide enough homes in large cities is to build tall apartment blocks. To what extent do you agree or disagree with this statement? Give reasons for your answer and include any relevant examples from your own knowledge or experience.,https://writing9.com/text/6a78777abee1e0001159e8d1-the-best-way-to-provide-enough-homes-in-large-cities-is-to-build-tall-apartment-blocks-to-what-exten,writing9.com,254
791,7.5,The development of tourism contributed to English becoming the most prominent lexical in the world. Some people think this will lead to English becoming only language to be spoken globally. Advantages and disadvantages?,https://writing9.com/text/6a930a298b43af001111cce4-the-development-of-tourism-contributed-to-english-becoming-the-most-prominent-lexical-in-the-world-s,writing9.com,310
792,7.5,The increase in the production of consumer goods results in damage to the natural environment. What are the causes of this? What can be done to solve this problem?,https://writing9.com/text/6ab28f4d3be1dd001236d20d-the-increase-in-the-production-of-consumer-goods-results-in-damage-to-the-natural-environment-what-a,writing9.com,256
793,7.5,The internet is an amazing invention which has changed the world. It has affected how people live. Give the advantages and disadvantages of the internet.,https://writing9.com/text/6a74a8cfbee1e0001159e630-the-internet-is-an-amazing-invention-which-has-changed-the-world-it-has-affected-how-people-live-giv,writing9.com,251
794,7.5,"The leaders or directors of organisations are often older people. However, some people believe that young people can also be effective leaders. Do you agree or disagree?",https://writing9.com/text/6a58a67ed4eb7b0011b05db8-the-leaders-or-directors-of-organisations-are-often-older-people-however-some-people-believe-that-yo,writing9.com,334
795,7.5,The most important aim of science should be to improve people's lives. To what extent do you agree or disagree?,https://writing9.com/text/6a58214fd4eb7b0011b05d39-the-most-important-aim-of-science-should-be-to-improve-peoples-lives-to-what-extent-do-you-agree-or-,writing9.com,301
796,7.5,The most important aim of science should be to improve people’s lives. To what extent do you agree or disagree with this statement? Give reasons for your answer and include relevant examples from your knowledge or experience.,https://writing9.com/text/6a85bebd8b43af001111c2ae-the-most-important-aim-of-science-should-be-to-improve-peoples-lives-to-what-extent-do-you-agree-or-,writing9.com,355
797,7.5,The number of older people is increasing. Some people think this is causing problems in their countries while others feel that older people play an important role in society. Discuss both views and give your opinion,https://writing9.com/text/6a8d0ac28b43af001111c885-the-number-of-older-people-is-increasing-some-people-think-this-is-causing-problems-in-their-countri,writing9.com,321
798,7.5,"The popularity of fast food is increasing, especially among younger people. What are the cause for this trend? Is it a positive or negative development?",https://writing9.com/text/6ab5f87e3be1dd001236d485-the-popularity-of-fast-food-is-increasing-especially-among-younger-people-what-are-the-cause-for-thi,writing9.com,321
799,7.5,The tendency of news reports in the media to focus more on problems and emergencies than on positive developments is harmful to individuals and society as a whole. To what extent do you agree or disagree? Give reasons for your answer and include any relevant examples from your knowledge or experience.,https://writing9.com/text/6a5e5ac6d4eb7b0011b06119-the-tendency-of-news-reports-in-the-media-to-focus-more-on-problems-and-emergencies-than-on-positive,writing9.com,387
800,7.5,"The topic of renewable energy is widely discussed these days. What are the main reasons behind the increasing use of renewable energy sources, and is this trend a positive or negative development for the environment?",https://writing9.com/text/6aabb15d18262300115289d7-the-topic-of-renewable-energy-is-widely-discussed-these-days-what-are-the-main-reasons-behind-the-in,writing9.com,303
801,8.0,All types of advertising should be banned because they are damaging to society. To what extent do you agree or disagree?,https://www.ielts-blog.com/ielts-writing-samples/ielts-essays-band-8/ielts-essay-topic-all-ads-should-be-banned-as-damaging-agree-disagree/,IELTS-Blog,283
802,8.0,"Many countries are experiencing problems with their environment, particularly regarding pollution and the overuse of natural resources. What are the causes of these problems, and what measures could be taken to address them?",https://www.ielts.international/ielts-sample-essays,IELTS International,287
803,8.0,"Some people think that children should begin formal education at an early age, while others believe they should begin after 7 years of age. Discuss both views and give your own opinion.",https://allthingsielts.com/ielts-writing/task-2-samples,AllThingsIELTS,354
804,8.0,Air pollution in cities is worsening. What are the main causes? What solutions can you suggest?,https://www.ieltsprepstudio.com/blog/ielts-writing-task-2-sample-essays-band-8,IELTS Prep Studio,255
805,8.0,"Technology is becoming progressively universal. In the fullness of time, classroom teacher will be totally substituted for technology. Do you agree or disagree.",https://writing9.com/text/6a788e7dbee1e0001159e8e0-1technology-is-becoming-progressively-universal-in-the-fullness-of-time-classroom-teacher-will-be-to,writing9.com,364
806,8.0,"As computers are being used more and more in education, there will be soon no role for teachers in the classroom.",https://www.ielts-blog.com/ielts-writing-samples/ielts-essays-band-8/ielts-essay-topic-computers-replacing-teachers/,IELTS-Blog,305
807,8.0,Some people feel that the government should be able to monitor all internet and phone communications to prevent crime. Others believe this invades privacy and should never be allowed. To what extent do you agree or disagree?,https://www.ielts.international/ielts-sample-essays,IELTS International,274
808,8.0,Governments should spend more money on railways than on roads. To what extent do you agree or disagree?,https://www.ieltsprepstudio.com/blog/ielts-writing-task-2-sample-essays-band-8,IELTS Prep Studio,257
809,8.0,Unemployment is a growing problem all over the world. What are the causes of this? What could be done to help tackle this issue? To what extent do you agree or disagree with the statement?,https://writing9.com/text/6aa66cd318262300115285a7-1unemployment-is-a-growing-problem-all-over-the-world-what-are-the-causes-of-this-what-could-be-done,writing9.com,303
810,8.0,"As computers are being used more and more in education, there will be soon no role for teachers in the classroom. Do you agree or disagree?",https://www.ielts-blog.com/ielts-writing-samples/ielts-essays-band-8/ielts-essay-topic-computers-instead-of-teachers/,IELTS-Blog,638
811,8.0,Some people think that schools should focus more on academic subjects like mathematics and science. Others believe that art and music education are equally important. Discuss both views and give your opinion.,https://www.ielts.international/ielts-sample-essays,IELTS International,275
812,8.0,Many young people today are leaving rural areas to live in cities. Why is this happening? Is it a positive or negative development?,https://www.ieltsprepstudio.com/blog/ielts-writing-task-2-sample-essays-band-8,IELTS Prep Studio,257
813,8.0,Access to clean water is a basic human right. Therefore every home should have a water supply that is provided free of charge. Do you agree or disagree?,https://writing9.com/text/6a1ff22c20afae00111f2883-access-to-clean-water-is-a-basic-human-right-therefore-every-home-should-have-a-water-supply-that-is,writing9.com,291
814,8.0,Childcare training courses should be mandatory for all parents. Do you agree or disagree with this statement? Give your own opinion and include relevant examples.,https://www.ielts-blog.com/ielts-writing-samples/ielts-essays-band-8/ielts-essay-topic-childcare-training-courses-should-be-mandatory-for-all-parents-agree-disagree/,IELTS-Blog,301
815,8.0,More people are choosing to work from home. Do the advantages of this outweigh the disadvantages?,https://www.ieltsprepstudio.com/blog/ielts-writing-task-2-sample-essays-band-8,IELTS Prep Studio,239
816,8.0,"Art is considered an essential part of all cultures throughout the world. However, these days fewer and fewer people appreciate art and turn their focus to science, technology and business. Why do you think that is? What could be done to encourage more people to take interest in the arts?",https://writing9.com/text/6a3bd839b65fa3001144c36f-art-is-considered-an-essential-part-of-all-cultures-throughout-the-world-however-these-days-fewer-an,writing9.com,319
817,8.0,"Crime rates are likely to decline due to the advancements in technology, which will help prevent and solve crimes in an easier way. Do you agree or disagree?",https://www.ielts-blog.com/ielts-writing-samples/ielts-essays-band-8/ielts-essay-topic-crime-rates-decline-due-to-advancements-technology-agree-disagree/,IELTS-Blog,344
818,8.0,Some people believe technology has made people more isolated. Others argue it has brought people closer together. Discuss both views and give your own opinion.,https://www.ieltsprepstudio.com/blog/ielts-writing-task-2-sample-essays-band-8,IELTS Prep Studio,247
819,8.0,"As countries develop, more and more people buy and use their own cars. Does the advantage of this for individuals outweigh the disadvantage for the environment?",https://writing9.com/text/6a609f74d4eb7b0011b062d3-as-countries-develop-more-and-more-people-buy-and-use-their-own-cars-does-the-advantage-of-this-for-,writing9.com,265
820,8.0,Dieting can change a person’s life for the better or ruin one’s health completely. What is your opinion?,https://www.ielts-blog.com/ielts-writing-samples/ielts-essays-band-8/ielts-essay-topic-dieting-can-change-a-persons-life-for-better-or-worse-from-target-band-7-book/,IELTS-Blog,284
821,8.0,"Buying things online on the internet such as boo, air tickets and groceries is s becoming more and more popular. Do the advantages of this way outweigh the disadvantages.",https://writing9.com/text/6a62017dd4eb7b0011b063cc-buying-things-online-on-the-internet-such-as-boo-air-tickets-and-groceries-is-s-becoming-more-and-mo,writing9.com,280
822,8.0,"Discipline is a growing problem in modern schools. Some people think that parents should discipline their own children, while others think it should be the responsibility of the government. Discuss both views and give your opinion.",https://www.ielts-blog.com/ielts-writing-samples/ielts-essays-band-8/ielts-essay-topic-who-should-discipline-children-parents-government-opinion/,IELTS-Blog,329
823,8.0,Computers have made it possible for office workers to work remotely instead of working in offices every day. Working from home should be encouraged as it is good for workers and employers. Do you think this is a positive or negative development?,https://writing9.com/text/6a26e716cca8310012b54ad3-computers-have-made-it-possible-for-office-workers-to-work-remotely-instead-of-working-in-offices-ev,writing9.com,357
824,8.0,Education in financial management should be a mandatory component of the school program. To what extent do you agree or disagree with this statement?,https://www.ielts-blog.com/ielts-writing-samples/ielts-essays-band-8/ielts-essay-topic-education-in-financial-management-should-be-a-mandatory-component-of-the-school-program-agree-disagree-from-target-band-7-book/,IELTS-Blog,286
825,8.0,"Each year, the crime rate increases. What are the causes of crimes and what could be done to prevent this rise in criminal activity?",https://writing9.com/text/6a0bde39312e6c0011a3ef0e-each-year-the-crime-rate-increases-what-are-the-causes-of-crimes-and-what-could-be-done-to-prevent-t,writing9.com,273
826,8.0,"Even though experts believe that walking is a great way to improve one’s health, very few people walk nowadays. Why aren’t people walking? What can be done to encourage them to walk more?",https://www.ielts-blog.com/ielts-writing-samples/ielts-essays-band-8/ielts-essay-topic-very-few-people-walk-nowadays-reasons-solutions/,IELTS-Blog,291
827,8.0,"Eating too much sugar is harmful for health. Some people think that it is government responsibility to limit people’s sugar consumption, while others think that it is individuals responsibility to limit the amount of sugar they eat. Discuss both views and give your opinion.",https://writing9.com/text/6ab3e2093be1dd001236d307-eating-too-much-sugar-is-harmful-for-health-some-people-think-that-it-is-government-responsibility-t,writing9.com,298
828,8.0,"Even though globalization affects the world’s economies in a positive way, its negative side should not be forgotten. Discuss.",https://www.ielts-blog.com/ielts-writing-samples/ielts-essays-band-8/ielts-essay-topic-the-positive-and-the-negative-sides-of-globalization/,IELTS-Blog,340
829,8.0,Employers should give their staff at least four-weeks’ holiday a year to help employees get better at their jobs. To what extent do you agree or disagree?,https://writing9.com/text/6a56a442d4eb7b0011b05be1-employers-should-give-their-staff-at-least-four-weeks-holiday-a-year-to-help-employees-get-better-at,writing9.com,278
830,8.0,"Even though globalization affects the world’s economies in a very positive way, its negative side should not be forgotten. Discuss.",https://www.ielts-blog.com/ielts-writing-samples/ielts-essays-band-8/ielts-essay-topic-the-advantages-and-disadvantages-of-globalization/,IELTS-Blog,321
831,8.0,Environmental pollution has become one of the most serious issues in today's world. what are the causes of environmental pollution? What measures can be taken to tackle this problem?,https://writing9.com/text/6abac0953be1dd001236d7c8-environmental-pollution-has-become-one-of-the-most-serious-issues-in-todays-world-what-are-the-cause,writing9.com,304
832,8.0,Financial education should be a mandatory component of the school program. To what extent do you agree or disagree with this statement?,https://www.ielts-blog.com/ielts-writing-samples/ielts-essays-band-8/ielts-essay-topic-financial-education-2/,IELTS-Blog,286
833,8.0,"Experts say that if older people spend time with others and exercise every day, they will be healthier and happier. However, many elderly people suffer from loneliness and poor physical fitness. Discuss the causes of this problem and suggest possible solutions.",https://writing9.com/text/6a3f9a01b65fa3001144c642-experts-say-that-if-older-people-spend-time-with-others-and-exercise-every-day-they-will-be-healthie,writing9.com,289
834,8.0,"In many countries, a lot of food is wasted. Why do people waste food? How can we reduce the amount of food waste?",https://www.ielts-blog.com/ielts-writing-samples/ielts-essays-band-8/ielts-essay-topic-in-many-countries-food-is-wasted-reasons-solutions/,IELTS-Blog,398
835,8.0,"Fewer and fewer people nowadays use hand like pen, pencil and brush. What are the reasons?It is positive or negative development.",https://writing9.com/text/6abdb6343be1dd001236da89-fewer-and-fewer-people-nowadays-use-hand-like-pen-pencil-and-brush-what-are-the-reasonsit-is-positiv,writing9.com,329
836,8.0,In many countries around the world young people decide to leave their parents’ home once they finish school. They start living on their own or sharing a house with friends. Is this a positive or a negative development?,https://www.ielts-blog.com/ielts-writing-samples/ielts-essays-band-8/ielts-essay-topic-in-many-countries-young-people-start-living-on-their-own-after-high-school-is-this-a-positive-or-negative-development/,IELTS-Blog,324
837,8.0,"Historical monuments and museums are visited only by the tourists, locals do not visit them. Why is this is happening? What are the solutions to prevent this?",https://writing9.com/text/6a5694f9d4eb7b0011b05bb3-historical-monuments-and-museums-are-visited-only-by-the-tourists-locals-do-not-visit-them-why-is-th,writing9.com,288
838,8.0,"In many countries children are engaged in different kinds of paid work. Some people regard this as completely wrong, while others consider it a valuable work experience, important for learning and taking responsibility. What is your opinion?",https://www.ielts-blog.com/ielts-writing-samples/ielts-essays-band-8/ielts-essay-topic-children-should-be-engaged-in-paid-work-agree-or-disagree/,IELTS-Blog,261
839,8.0,"If a product is good and it meets people's needs, people will buy it. Therefore, advertising is unnecessary and is no more than a form of entertainment. To what extent do you agree or disagree?",https://writing9.com/text/6a41f4eab65fa3001144c807-if-a-product-is-good-and-it-meets-peoples-needs-people-will-buy-it-therefore-advertising-is-unnecess,writing9.com,292
840,8.0,In many countries senior positions have higher salaries compared to those of young workers of the same company. Some people think this isn’t justified. Do you agree or disagree?,https://www.ielts-blog.com/ielts-writing-samples/ielts-essays-band-8/ielts-essay-topic-senior-managers-should-have-higher-salaries-than-other-employees-agree-disagree/,IELTS-Blog,271
841,8.0,"In many countries, coffee chains are expanding rapidly, which some claim threatens the survival of small local cafés. To what extent do you agree or disagree?",https://writing9.com/text/6a6ccef663791b00118b27b7-in-many-countries-coffee-chains-are-expanding-rapidly-which-some-claim-threatens-the-survival-of-sma,writing9.com,395
842,8.0,"In many countries, the number of animals and plants is declining. Why do you think this is happening? How can this issue be solved?",https://www.ielts-blog.com/ielts-writing-samples/ielts-essays-band-8/ielts-essay-topic-number-of-animals-plants-declining-reasons-solutions/,IELTS-Blog,279
843,8.0,"In some countries, the government pays for health care. In others, the individual must pay for their own health care. Discuss the advantages and disadvantages of each system.",https://writing9.com/text/6a8719ef8b43af001111c3d1-in-some-countries-the-government-pays-for-health-care-in-others-the-individual-must-pay-for-their-ow,writing9.com,292
844,8.0,In many countries the proportion of older people is steadily increasing. What problems will this cause for individuals and society? Suggest some measures that could be taken to reduce the impact of ageing populations.,https://www.ielts-blog.com/ielts-writing-samples/ielts-essays-band-8/ielts-essay-topic-the-proportion-of-older-people-is-increasing-what-problems-will-this-cause-and-what-solutions-can-be-suggested/,IELTS-Blog,266
845,8.0,In some countries there are more young people choosing to enrol in work-based training instead of attending university. Do the advantages of this situation outweigh the disadvantages?,https://writing9.com/text/6a20179720afae00111f289f-in-some-countries-there-are-more-young-people-choosing-to-enrol-in-work-based-training-instead-of-at,writing9.com,262
846,8.0,"In many countries, young people are finding it harder and harder to find permanent jobs. Why is this happening? What can be done to improve the situation?",https://www.ielts-blog.com/ielts-writing-samples/ielts-essays-band-8/ielts-essay-topic-young-people-find-it-harder-to-find-permanent-jobs/,IELTS-Blog,320
847,8.0,"In some countries, there is not enough recycling of waste materials (e.g., paper, glass, and cans). What are the reasons, and what can be done to solve this problem?",https://writing9.com/text/6a3f67f9b65fa3001144c638-in-some-countries-there-is-not-enough-recycling-of-waste-materials-eg-paper-glass-and-cans-what-are-,writing9.com,291
848,8.0,"In many countries, young people increasingly spend their free time in shopping centres instead of engaging in traditional leisure activities such as sports or music. Do you think this is a positive or negative development?",https://www.ielts-blog.com/ielts-writing-samples/ielts-essays-band-8/ielts-essay-topic-young-people-spend-more-time-shopping-centres-positive-negative/,IELTS-Blog,277
849,8.0,In some parts of the world it is becoming popular to research the history of one’s own family. Why might people want to do this? Is it a positive or negative development?,https://writing9.com/text/6a316000cca8310012b5528a-in-some-parts-of-the-world-it-is-becoming-popular-to-research-the-history-of-ones-own-family-why-mig,writing9.com,333
850,8.0,In many workplaces online communication has overtaken face to face meetings. Do the advantages of this development outweigh the disadvantages?,https://www.ielts-blog.com/ielts-writing-samples/ielts-essays-band-8/ielts-essay-topic-many-workplaces-use-online-communication-more-than-in-person-meetings/,IELTS-Blog,260
851,8.0,"In their advertising, businesses nowadays usually emphasise that their products are new in some way. Why is this? Do you think it is a positive or negative development?",https://writing9.com/text/6a30f402cca8310012b5524c-in-their-advertising-businesses-nowadays-usually-emphasise-that-their-products-are-new-in-some-way-w,writing9.com,323
852,8.0,"In some countries children have very strict rules of behavior, in other countries they are allowed to do almost anything they like. To what extent should children have to follow rules?",https://www.ielts-blog.com/ielts-writing-samples/ielts-essays-band-8/ielts-essay-topic-children-and-rules-2/,IELTS-Blog,300
853,8.0,"In their advertising, businesses nowadays usually emphasize that their products are new in some ways. Why is this? Do you think it is a positive or negative development?",https://writing9.com/text/6a41719ab65fa3001144c784-in-their-advertising-businesses-nowadays-usually-emphasize-that-their-products-are-new-in-some-ways-,writing9.com,304
854,8.0,"In the modern world, it is possible to shop, work and communicate with people via the Internet and live without any face-to-face contact with others. Is it a positive or negative development?",https://www.ielts-blog.com/ielts-writing-samples/ielts-essays-band-8/ielts-essay-topic-in-the-modern-world-it-is-possible-to-shop-work-and-communicate-online-without-face-to-face-contact-is-it-a-positive-or-a-negative-development/,IELTS-Blog,354
855,8.0,"In today’s world, it is no longer necessary to attend live performances such as shows or concerts, as watching them on television or on a computer at home is considered a better option. Do you agree or disagree with this opinion?",https://writing9.com/text/6a3e8bb3b65fa3001144c586-in-todays-world-it-is-no-longer-necessary-to-attend-live-performances-such-as-shows-or-concerts-as-w,writing9.com,289
856,8.0,"In the past, people wore their traditional clothes and followed their culture. These days, most people wear similar clothes and therefore look very similar to one another. Do you think this is a positive or a negative development?",https://www.ielts-blog.com/ielts-writing-samples/ielts-essays-band-8/ielts-essay-topic-in-the-past-people-wore-their-traditional-clothes-but-these-days-most-people-wear-similar-clothes-is-this-a-positive-or-negative-development/,IELTS-Blog,287
857,8.0,It is argued that government funding should be used to provide computer training for people aged 65 and above. To what extent do you agree or disagree?,https://writing9.com/text/6abb09cd3be1dd001236d7f3-it-is-argued-that-government-funding-should-be-used-to-provide-computer-training-for-people-aged-65-,writing9.com,268
858,8.0,It is believed that people who read for pleasure develop their imagination more and acquire better language skills compared to people who prefer watching television. To what extent do you agree or disagree?,https://www.ielts-blog.com/ielts-writing-samples/ielts-essays-band-8/ielts-essay-topic-people-who-read-for-pleasure-develop-their-imagination-more-and-acquire-better-language-skills-compared-to-people-who-prefer-watching-television-agree-disagree/,IELTS-Blog,341
859,8.0,"It is important for people to take risks, both in their professional lives and their personal lives. Do you think the advantages of taking risks outweigh the disadvantages? Give reasons for your answer and include any relevant examples from your own knowledge or experience.",https://writing9.com/text/6aaa7df818262300115288d4-it-is-important-for-people-to-take-risks-both-in-their-professional-lives-and-their-personal-lives-d,writing9.com,290
860,8.0,It is the schools’ responsibility to teach students good behaviour in addition to providing formal education. To what extent do you agree or disagree?,https://www.ielts-blog.com/ielts-writing-samples/ielts-essays-band-8/ielts-essay-topic-schools-responsibility-teach-good-behaviour-agree-disagree/,IELTS-Blog,297
861,8.0,It is the responsibility of individuals to save and provide for their own retirement. Governments have no obligation to provide this benefit. To what extent do you agree or disagree with this statement? Give reasons for your answer and include any relevant examples from your knowledge or experience.,https://writing9.com/text/6a5677aad4eb7b0011b05b80-it-is-the-responsibility-of-individuals-to-save-and-provide-for-their-own-retirement-governments-hav,writing9.com,312
862,8.0,Many countries are experiencing population growth and need to build more homes. Some say that new homes should be constructed in existing cities while others argue that new towns should be built to accommodate the growing population. What are the advantages and disadvantages of these points of view?,https://www.ielts-blog.com/ielts-writing-samples/ielts-essays-band-8/ielts-essay-topic-some-say-that-new-homes-should-be-constructed-in-existing-cities-while-others-argue-that-new-towns-should-be-built-advantages-disadvantages/,IELTS-Blog,309
863,8.0,"Many believe that modern technology has brought people together, but others say that it has driven us apart. Discuss both viewpoints and give your own opinion.",https://writing9.com/text/6a2064ee71bc7b00110fd7b4-many-believe-that-modern-technology-has-brought-people-together-but-others-say-that-it-has-driven-us,writing9.com,296
864,8.0,Many criminals commit more crimes as soon as they are released from prison. What do you think are the causes of this? What possible solutions can you suggest?,https://www.ielts-blog.com/ielts-writing-samples/ielts-essays-band-8/ielts-essay-topic-criminals-commit-crimes-after-release-from-prison-reasons-solutions/,IELTS-Blog,299
865,8.0,Many children today are overweight. This is a serious health issue. Give reasons for child obesity and give solutions to fix this problem.,https://writing9.com/text/6a569bb9d4eb7b0011b05bbf-many-children-today-are-overweight-this-is-a-serious-health-issue-give-reasons-for-child-obesity-and,writing9.com,255
866,8.0,Many museums charge for admission while others are free. Do you think the advantages of charging people for admission to museums outweigh the disadvantages?,https://www.ielts-blog.com/ielts-writing-samples/ielts-essays-band-8/ielts-essay-topic-many-museums-charge-for-admission-while-others-are-free-do-advantages-of-this-outweigh-the-disadvantages/,IELTS-Blog,276
867,8.0,"Many criminals re-offend after they have been punished. Why do some people continue to commit crimes after they have been punished, and what measures can be taken to tackle this problem?",https://writing9.com/text/6a7f7c1e8b43af001111bdf4-many-criminals-re-offend-after-they-have-been-punished-why-do-some-people-continue-to-commit-crimes-,writing9.com,337
868,8.0,"Many offenders commit more crimes after serving the first punishment. Why is this happening, and what measures can be taken to tackle this problem?",https://www.ielts-blog.com/ielts-writing-samples/ielts-essays-band-8/ielts-essay-topic-why-do-criminals-commit-another-offence-after-being-punished/,IELTS-Blog,270
869,8.0,"Many criminals re-offended after they have been punished. Why do some people continue to commit crimes after they have been punished, and what measures can be taken to tackle this problem?",https://writing9.com/text/6a7dccab5a8b010011bd86fd-many-criminals-re-offended-after-they-have-been-punished-why-do-some-people-continue-to-commit-crime,writing9.com,293
870,8.0,"Many parents encourage young people to leave home when they become older, while others think they should stay at home with the family. Discuss both views and give your own opinion.",https://www.ielts-blog.com/ielts-writing-samples/ielts-essays-band-8/ielts-essay-topic-some-parents-encourage-young-people-to-leave-home-while-others-think-they-should-stay-with-the-family-discuss-and-give-your-opinion/,IELTS-Blog,287
871,8.0,"Many people feel it a waste of money to try to save the endangered animal species, for example the tiger or the blue whale. To what extent do you agree or disagree with this statement.",https://writing9.com/text/6a549f8dd4eb7b0011b05a5d-many-people-feel-it-a-waste-of-money-to-try-to-save-the-endangered-animal-species-for-example-the-ti,writing9.com,291
872,8.0,"Many people argue that museums and art galleries should present the nation’s art, as opposed to artworks from other countries. To what extent do you agree or disagree?",https://www.ielts-blog.com/ielts-writing-samples/ielts-essays-band-8/ielts-essay-topic-museums-art-galleries-should-present-only-national-art-agree-disagree/,IELTS-Blog,360
873,8.0,Many people finde it hard to balance their work with other parts of their lives. why do you think that is? how can this problem be overcome?,https://writing9.com/text/6a4ec276d4eb7b0011b05659-many-people-finde-it-hard-to-balance-their-work-with-other-parts-of-their-lives-why-do-you-think-tha,writing9.com,260
874,8.0,Many people believe that international tourism is a bad thing for their countries. What are the reasons for this? What can be done to change this negative attitude towards international tourism?,https://www.ielts-blog.com/ielts-writing-samples/ielts-essays-band-8/ielts-essay-topic-many-believe-that-international-tourism-is-bad-for-their-country-reasons-and-solutions/,IELTS-Blog,295
875,8.0,Many people think it is important to spend a lot of money on a large wedding celebration. Others disagree. Discuss both these views and give your opinion and give reason for your answer and include any relevant examples from your knowledge and experience,https://writing9.com/text/6a2d8e57cca8310012b54f93-many-people-think-it-is-important-to-spend-a-lot-of-money-on-a-large-wedding-celebration-others-disa,writing9.com,344
876,8.0,Many people believe that learning a foreign language is a very difficult task. What are the most difficult things about learning a foreign language? What is the best way to overcome them? Explain and include your personal experience or knowledge of these problems.,https://www.ielts-blog.com/ielts-writing-samples/ielts-essays-band-8/ielts-essay-topic-what-are-the-difficulties-of-learning-a-foreign-language-and-how-to-overcome-them/,IELTS-Blog,287
877,8.0,"Many people try to balance work and other parts of their life. However, this is very difficult to do. What are the problems associated with this? What is the best way to achieve a better balance?",https://writing9.com/text/6a410ec3b65fa3001144c749-many-people-try-to-balance-work-and-other-parts-of-their-life-however-this-is-very-difficult-to-do-w,writing9.com,307
878,8.0,Many people believe that reducing speed limits is the best option for road safety improvement. Do you think there are other measures that could be put in place? What are the advantages and disadvantages of this?,https://www.ielts-blog.com/ielts-writing-samples/ielts-essays-band-8/ielts-essay-topic-many-people-believe-that-reducing-speed-limits-is-the-best-option-for-road-safety-improvement-agree-disagree/,IELTS-Blog,335
879,8.0,"Many working people get little or no exercise either during the working day or in their free time, and have health problems as a result. Why do many working people not get enough exercise? What can be done about this problem? Give reasons for your answer and include any relevant examples from your own knowledge or experience.",https://writing9.com/text/6a36a3dab65fa3001144bf27-many-working-people-get-little-or-no-exercise-either-during-the-working-day-or-in-their-free-time-an,writing9.com,319
880,8.0,Many people support use of animals for testing medicines for humans. Others believe it isn’t appropriate to use animals for such experiments. Discuss both views and give your own opinion.,https://www.ielts-blog.com/ielts-writing-samples/ielts-essays-band-8/ielts-essay-topic-many-people-support-animal-testing-while-others-believe-it-isnt-appropriate-discuss/,IELTS-Blog,311
881,8.0,More and more people in developing countries are purchasing cars for the first time. What problems does this cause? What do you think are the possible solutions?,https://writing9.com/text/6a747af7bee1e0001159e61a-more-and-more-people-in-developing-countries-are-purchasing-cars-for-the-first-time-what-problems-do,writing9.com,307
882,8.0,Many people try to achieve a work-life balance but fail. Why is this happening? What can be done to help people overcome this problem?,https://www.ielts-blog.com/ielts-writing-samples/ielts-essays-band-8/ielts-essay-topic-many-people-try-achieve-work-life-balance-but-fail-reasons-solutions/,IELTS-Blog,297
883,8.0,More and more students are choosing to study abroad for their tertiary education. Do you think the advantages of studying in a foreign country outweigh the disadvantages?,https://writing9.com/text/6a24d17be3b62b0012e33122-more-and-more-students-are-choosing-to-study-abroad-for-their-tertiary-education-do-you-think-the-ad,writing9.com,367
884,8.0,"Many university students nowadays live away from home and their parents because of their university location, while others live with their families. What are the advantages and disadvantages of each situation?",https://www.ielts-blog.com/ielts-writing-samples/ielts-essays-band-8/ielts-essay-topic-many-students-live-away-from-home-and-parents/,IELTS-Blog,323
885,8.0,"Nowadays, the most important task is the environmental protection of our planet for future generations. To what extent do you agree or disagree with this statement?",https://writing9.com/text/6a517457d4eb7b0011b05826-nowadays-the-most-important-task-is-the-environmental-protection-of-our-planet-for-future-generation,writing9.com,320
886,8.0,Modern children are suffering from the diseases that were once considered to be meant for adults only. Obesity is a major disease prevalent among children. What are its causes and what solutions can be offered?,https://www.ielts-blog.com/ielts-writing-samples/ielts-essays-band-8/ielts-essay-topic-children-these-days-are-suffering-from-obesity-why-and-how-can-it-be-solved/,IELTS-Blog,293
887,8.0,People living in the 21st century have a better quality of life than the previous centuries. To what extent do you agree or disagree?,https://writing9.com/text/6a56ac2dd4eb7b0011b05be3-people-living-in-the-21st-century-have-a-better-quality-of-life-than-the-previous-centuries-to-what-,writing9.com,298
888,8.0,More and more people participate in extreme sports. Why do people take part in these dangerous sports? What can be done to reduce the danger associated with such activities?,https://www.ielts-blog.com/ielts-writing-samples/ielts-essays-band-8/ielts-essay-topic-more-people-participate-in-extreme-sports/,IELTS-Blog,290
889,8.0,People who decide on a career path early in their lives and keep to it are more likely to have a satisfying working life than those who change jobs frequently. To what extent do you agree or disagree?,https://writing9.com/text/6a569a80d4eb7b0011b05bb9-people-who-decide-on-a-career-path-early-in-their-lives-and-keep-to-it-are-more-likely-to-have-a-sat,writing9.com,291
890,8.0,More and more people today are drinking sugar-based drinks. Why is this happening? What measures can be taken to reverse this trend?,https://www.ielts-blog.com/ielts-writing-samples/ielts-essays-band-8/ielts-essay-topic-many-people-drink-sugar-based-drinks-reasons-solutions/,IELTS-Blog,346
891,8.0,"Some believe that modern technology has made people less socially active, while others disagree. Discuss both views and give your own opinion.",https://writing9.com/text/6a21358c71bc7b00110fd866-some-believe-that-modern-technology-has-made-people-less-socially-active-while-others-disagree-discu,writing9.com,394
892,8.0,Most countries are sending criminals to prison. Some people believe that education would be a better solution to crime. To what extent do you agree or disagree?,https://www.ielts-blog.com/ielts-writing-samples/ielts-essays-band-8/ielts-essay-topic-education-is-a-better-solution-to-crime-than-prison-agree-disagree/,IELTS-Blog,282
893,8.0,Some believe that people should not continue to work once they reach the age of retirement. Do you agree or disagree? Give reasons for your answer and include any relevant examples from your own knowledge or experience.,https://writing9.com/text/6aa7d06418262300115286b9-some-believe-that-people-should-not-continue-to-work-once-they-reach-the-age-of-retirement-do-you-ag,writing9.com,290
894,8.0,New parents should attend parenting classes to learn how to bring up their children well. To what extent do you agree or disagree with this statement?,https://www.ielts-blog.com/ielts-writing-samples/ielts-essays-band-8/ielts-essay-topic-new-parents-should-attend-parenting-classes-agree-disagree/,IELTS-Blog,314
895,8.0,Some parents give their children everything that their children ask for or allow them to do whatever they want to do. Is this good for children?What could be consequences for these children when they grow up?,https://writing9.com/text/6a0d4407312e6c0011a3f03c-some-parents-give-their-children-everything-that-their-children-ask-for-or-allow-them-to-do-whatever,writing9.com,310
896,8.0,Newspapers have a significant influence on people’s ideas and opinions. Why is this happening? Is it a positive or negative situation?,https://www.ielts-blog.com/ielts-writing-samples/ielts-essays-band-8/ielts-essay-topic-newspapers-influence-peoples-opinion-reasons-solutions/,IELTS-Blog,270
897,8.0,Some people argue that primary schools focus too much on formal learning. To what extent do you agree with this opinion? How important do you think it is for children to play as well as learn in the primary school classroom? Give reasons for your answer and include any relevant examples from your own knowledge or experience.,https://writing9.com/text/6a43a843b65fa3001144c8ef-some-people-argue-that-primary-schools-focus-too-much-on-formal-learning-to-what-extent-do-you-agree,writing9.com,256
898,8.0,Nowadays celebrities earn more money than politicians. What are the reasons for this? Is it a positive or negative development?,https://www.ielts-blog.com/ielts-writing-samples/ielts-essays-band-8/ielts-essay-topic-nowadays-celebrities-earn-more-money-than-politicians-what-are-the-reasons-for-this/,IELTS-Blog,301
899,8.0,Some people argue that we should do research into our family history. Others agree with the view that we should focus on the present and future generations. Discuss both views and give your own opinion.,https://writing9.com/text/6a56ac61d4eb7b0011b05be5-some-people-argue-that-we-should-do-research-into-our-family-history-others-agree-with-the-view-that,writing9.com,294
900,8.0,"Nowadays families move to different countries for work. Some people think it has a negative effect on children, while others disagree. Discuss both views and give your own opinion.",https://www.ielts-blog.com/ielts-writing-samples/ielts-essays-band-8/ielts-essay-topic-nowadays-families-move-to-different-countries-for-work-and-some-think-it-has-a-negative-effect-on-children-agree-disagree/,IELTS-Blog,292
901,8.0,"Some people believe that allowing children to make their own choices on everyday matters (such as food, clothes and entertainment) is likely to result in a society of individuals who only think about their own wishes. Other people believe that it is important for children to make decisions about matters that affect them. Discuss both these views and give your own opinion.",https://writing9.com/text/6a3ffb3ab65fa3001144c671-some-people-believe-that-allowing-children-to-make-their-own-choices-on-everyday-matters-such-as-foo,writing9.com,336
902,8.0,"Nowadays in many countries women have full time jobs. Therefore, it is logical to share household tasks evenly between men and women. To what extent do you agree or disagree with this statement?",https://www.ielts-blog.com/ielts-writing-samples/ielts-essays-band-8/ielts-essay-topic-nowadays-that-many-women-have-full-time-jobs-it-is-logical-to-share-the-housework-evenly-between-men-and-women-agree-disagree/,IELTS-Blog,304
903,8.0,"Some people believe that employees should work from home, while others think that working in an office is better. Discuss both views and give your own opinion.",https://writing9.com/text/6a7873e5bee1e0001159e8c8-some-people-believe-that-employees-should-work-from-home-while-others-think-that-working-in-an-offic,writing9.com,254
904,8.0,"Nowadays in many countries, young people don’t communicate with older people as much as they used to. Why is this happening? How could this situation be improved?",https://www.ielts-blog.com/ielts-writing-samples/ielts-essays-band-8/ielts-essay-topic-young-people-not-communicating-with-older-people-reasons-solutions/,IELTS-Blog,348
905,8.0,"Some people believe that people have the right to university education, and government should make it free no matter what their financial background. To what extent do you agree or disagree?",https://writing9.com/text/6a509140d4eb7b0011b057c7-some-people-believe-that-people-have-the-right-to-university-education-and-government-should-make-it,writing9.com,279
906,8.0,Nowadays many people choose ready-made food and refuse to cook at home. Why do you think it happens? What are the advantages and disadvantages of such a choice?,https://www.ielts-blog.com/ielts-writing-samples/ielts-essays-band-8/ielts-essay-topic-nowadays-many-people-choose-ready-made-food-and-refuse-to-cook-at-home-advantages-disadvantages/,IELTS-Blog,308
907,8.0,"Some people believe that studying at university or college is the best route to a successful career, while others believe that is better to get a job straight after school.",https://writing9.com/text/6a4d301a4aab7d0011b5a6c9-some-people-believe-that-studying-at-university-or-college-is-the-best-route-to-a-successful-career-,writing9.com,264
908,8.0,"Nowadays, many people do not exercise enough and eat an unhealthy diet. Why is this happening? What can be done to help them improve their lifestyle?",https://www.ielts-blog.com/ielts-writing-samples/ielts-essays-band-8/ielts-essay-topic-many-people-do-not-exercise-and-eat-unhealthy-reasons-solutions/,IELTS-Blog,299
909,8.0,Some people believe that teenagers should focus on all school subjects while others think that they should concentrate on the subjects where they do the best or find the most interesting. Discuss both views and give your opinion.,https://writing9.com/text/6aba27e23be1dd001236d783-some-people-believe-that-teenagers-should-focus-on-all-school-subjects-while-others-think-that-they-,writing9.com,260
910,8.0,"Nowadays many teenagers have a celebrity who they follow as a role model. Some people think this is not a good idea, because celebrities often set a bad example. Do you agree or disagree?",https://www.ielts-blog.com/ielts-writing-samples/ielts-essays-band-8/ielts-essay-topic-celebrities-can-be-poor-role-models-for-teenagers-agree-disagree/,IELTS-Blog,257
911,8.0,Some people believe that the experiences children have before they go to school will have the greatest effect on their future life. Others argue that experiences gained when they are teenagers have a bigger influence. Discuss both views and give your option,https://writing9.com/text/6a4f294ed4eb7b0011b056e4-some-people-believe-that-the-experiences-children-have-before-they-go-to-school-will-have-the-greate,writing9.com,331
912,8.0,Nowadays more and more people want to live by themselves. What are the reasons? Is it a positive or negative trend?,https://www.ielts-blog.com/ielts-writing-samples/ielts-essays-band-8/ielts-essay-topic-nowadays-more-and-more-people-want-to-live-by-themselves-why-is-this-happening/,IELTS-Blog,277
913,8.0,Some people believe that violence on television and in computer games has a damaging effect on children. Others deny that these factors have any significant influence on how children behave. Discuss both sides and give your opinion.,https://writing9.com/text/6a79fa4d5a8b010011bd845b-some-people-believe-that-violence-on-television-and-in-computer-games-has-a-damaging-effect-on-child,writing9.com,280
914,8.0,"Nowadays, more people move away from their friends and families for work. Does this development have more advantages or disadvantages?",https://www.ielts-blog.com/ielts-writing-samples/ielts-essays-band-8/ielts-essay-topic-people-move-away-from-family-for-work-advantages-disadvantages/,IELTS-Blog,313
915,8.0,"Some people say it is important to protect all wild animals. Others, however, say it is only important to protect some wild animals, not all of them. Discuss both these views and give your own opinion. Give reasons for your answer and include any relevant examples from your own knowledge or experience.",https://writing9.com/text/6a567ce5d4eb7b0011b05b8b-some-people-say-it-is-important-to-protect-all-wild-animals-others-however-say-it-is-only-important-,writing9.com,284
916,8.0,Nowadays people waste a lot of food that was bought from shops and restaurants. Why do you think people waste food? What can be done to reduce the amount of food they throw away?,https://www.ielts-blog.com/ielts-writing-samples/ielts-essays-band-8/ielts-essay-topic-nowadays-people-waste-a-lot-of-food-why-is-this-happening-and-how-to-reduce-waste/,IELTS-Blog,315
917,8.0,Some people say that computers have made life easier and more convenient. Other people say that computers have made life more complex and stressful. Discuss both side and give your opinion,https://writing9.com/text/6ac11ce53be1dd001236dcd7-some-people-say-that-computers-have-made-life-easier-and-more-convenient-other-people-say-that-compu,writing9.com,267
918,8.0,"Obesity was once considered a disease of adults; however, it is becoming increasingly common among children. Why do you think this is happening? What can be done to help children stay healthy?",https://www.ielts-blog.com/ielts-writing-samples/ielts-essays-band-8/ielts-essay-topic-obesity-is-becoming-common-among-children-give-reasons-and-solutions-from-target-band-7-book/,IELTS-Blog,324
919,8.0,Some people say that music is a good way of bringing people of different cultures and ages together. To what extent do you agree or disagree with this opinion.,https://writing9.com/text/6a4e6bdad4eb7b0011b05622-some-people-say-that-music-is-a-good-way-of-bringing-people-of-different-cultures-and-ages-together-,writing9.com,255
920,8.0,Part time courses are on the rise and students are taking them up as an alternative to full time courses. Do the advantages of this trend outweigh the disadvantages?,https://www.ielts-blog.com/ielts-writing-samples/ielts-essays-band-8/ielts-essay-topic-part-time-courses-are-on-the-rise-advantages-disadvantages/,IELTS-Blog,322
921,8.0,"Some people say that the best way to improve public health is by increasing the number of sports facilities. Others, however, say that this would have little effect on public health and that other measures are required. Discuss both views and give your own opinion. Give reasons for your answer and include any relevant examples from your own knowledge or experience.",https://writing9.com/text/6ac3af481e72750011862479-some-people-say-that-the-best-way-to-improve-public-health-is-by-increasing-the-number-of-sports-fac,writing9.com,289
922,8.0,People in many countries are spending more and more time away from their families. Why is this happening? How does this affect people and their families?,https://www.ielts-blog.com/ielts-writing-samples/ielts-essays-band-8/ielts-essay-topic-people-spending-time-away-from-families-reasons-effects/,IELTS-Blog,308
923,8.0,Some people tend to take temporary jobs (they only work for few months of years )for they have time to do other things. Do you the advantage outweigh disadvantages?,https://writing9.com/text/6a947d548b43af001111cdfc-some-people-tend-to-take-temporary-jobs-they-only-work-for-few-months-of-years-for-they-have-time-to,writing9.com,335
924,8.0,People in senior positions should be compensated with significantly higher salaries than people in lower positions in the same company. Do you agree or disagree?,https://www.ielts-blog.com/ielts-writing-samples/ielts-essays-band-8/ielts-essay-topic-people-in-senior-positions-should-earn-higher-salaries-agree-disagree/,IELTS-Blog,359
925,8.0,Some people think it is a good thing for senior managers to receive much higher salaries than other workers in a company. To what extent do you agree or disagree?,https://writing9.com/text/6a413d6eb65fa3001144c764-some-people-think-it-is-a-good-thing-for-senior-managers-to-receive-much-higher-salaries-than-other-,writing9.com,299
926,8.0,"People should follow the local customs and traditions, when they come to live in a new country. To what extent do you agree or disagree?",https://www.ielts-blog.com/ielts-writing-samples/ielts-essays-band-8/ielts-essay-topic-people-should-follow-traditions-of-new-country-agree-disagree/,IELTS-Blog,325
927,8.0,Some people think It's better to choose friends who always hav the same opinions as them. Other people believe it is good to have friends who sometimes disagree with them Discuss both these views and give your own opinion.,https://writing9.com/text/6abf24e33be1dd001236db78-some-people-think-its-better-to-choose-friends-who-always-hav-the-same-opinions-as-them-other-people,writing9.com,342
928,8.0,Popular events like the Football World Cup and other international sporting occasions are essential in easing international tension and releasing patriotic emotions in a safe way.,https://www.ielts-blog.com/ielts-writing-samples/ielts-essays-band-8/ielts-essay-topic-events-bringing-people-together/,IELTS-Blog,304
929,8.0,"Some people think litter in public places is a serious problem, others do not think so. What is your opinion?",https://writing9.com/text/6a81b1248b43af001111bf4d-some-people-think-litter-in-public-places-is-a-serious-problem-others-do-not-think-so-what-is-your-o,writing9.com,267
930,8.0,"Public health is becoming an urgent issue nowadays. Some argue that governments should create nutrition and food choice laws to improve public health, while others believe that it is a matter of personal choice and responsibility. Discuss both views and give your opinion.",https://www.ielts-blog.com/ielts-writing-samples/ielts-essays-band-8/ielts-essay-topic-should-government-create-food-choice-laws-to-improve-public-health-opinion/,IELTS-Blog,361
931,8.0,Some people think that children should not watch telvision as it has negative effects while some people believe that they should watch television as it helps them in their future. Discuss both views and give your opinion,https://writing9.com/text/6aaad67d1826230011528912-some-people-think-that-children-should-not-watch-telvision-as-it-has-negative-effects-while-some-peo,writing9.com,317
932,8.0,"Public libraries should only provide books and should not waste their limited resources on expensive high-tech media such as software, videos or DVDs. Do you agree or disagree?",https://www.ielts-blog.com/ielts-writing-samples/ielts-essays-band-8/ielts-essay-topic-public-libraries-should-only-provide-books-not-videos-or-dvd-agree-or-disagree/,IELTS-Blog,266
933,8.0,Some people think that employers should ensure a pleasant working environment so that workers feel valued and will therefore work hard. Others feel that employers should be stricter with employees and monitor them closely to ensure they work hard. Discuss both views and give your opinion.,https://writing9.com/text/6a18321314e63b0011f7014f-some-people-think-that-employers-should-ensure-a-pleasant-working-environment-so-that-workers-feel-v,writing9.com,318
934,8.0,"Research has shown that the transportation of products and people is the main source of pollution. Some people believe the government should be in charge of this, while others believe it is the fault of individuals. Discuss both views and give your opinion.",https://www.ielts-blog.com/ielts-writing-samples/ielts-essays-band-8/ielts-essay-topic-transportation-products-people-main-source-pollution-discuss-opinion/,IELTS-Blog,266
935,8.0,Some people think that government should be held responsible when problem of homelessness and unemployment arise. Do you agree or disagree?,https://writing9.com/text/6a15765914e63b0011f6ff7f-some-people-think-that-government-should-be-held-responsible-when-problem-of-homelessness-and-unempl,writing9.com,278
936,8.0,School teachers are more responsible for social and intellectual development of students than parents. To what extent do you agree or disagree?,https://www.ielts-blog.com/ielts-writing-samples/ielts-essays-band-8/ielts-essay-topic-teachers-are-more-responsible-for-social-and-intellectual-development-of-students-than-parents-agree-disagree/,IELTS-Blog,281
937,8.0,Some people think that it is a good idea of all employees to wear a uniform at work. To what extent do you agree or disagree?,https://writing9.com/text/6a2e9b2bcca8310012b55061-some-people-think-that-it-is-a-good-idea-of-all-employees-to-wear-a-uniform-at-work-to-what-extent-d,writing9.com,293
938,8.0,"Scientists believe that the world is in danger due to environmental changes. Some people say that personal lifestyle changes should be made to reduce the damage to environment, while others think that the government should do something to help. Discuss both views and give your own opinion.",https://www.ielts-blog.com/ielts-writing-samples/ielts-essays-band-8/ielts-essay-topic-who-should-be-responsible-for-protecting-the-environment-individuals-or-the-government/,IELTS-Blog,297
939,8.0,Some people think that it is always an advantage to buy local products rather than those made in other countries. Do you agree or disagree?,https://writing9.com/text/6a637bb9d4eb7b0011b064d5-some-people-think-that-it-is-always-an-advantage-to-buy-local-products-rather-than-those-made-in-oth,writing9.com,273
940,8.0,Social media helps people to keep in touch with friends and stay on top of news and events. Do you think the advantages of social media outweigh the disadvantages?,https://www.ielts-blog.com/ielts-writing-samples/ielts-essays-band-8/ielts-essay-topic-social-media-helps-people-stay-in-touch-advantages-disadvantages/,IELTS-Blog,330
941,8.0,"Some people think that machine translation is highly developed in today's society. Therefore, it is not necessary for students to learn a foreign language. What's your opinion?",https://writing9.com/text/6a74a672bee1e0001159e62e-some-people-think-that-machine-translation-is-highly-developed-in-todays-society-therefore-it-is-not,writing9.com,285
942,8.0,"Some believe that modern technology is increasing the gap between rich and poor people, while others disagree. Discuss both views and give your own opinion.",https://www.ielts-blog.com/ielts-writing-samples/ielts-essays-band-8/ielts-essay-topic-some-believe-that-modern-technology-is-increasing-the-gap-between-the-rich-and-poor-while-others-disagree-discuss/,IELTS-Blog,256
943,8.0,"Some people think that museums’ main function is to educate people, the others suggest that they can also serve for entertainment purposes. Discuss both views and provide your opinion.",https://writing9.com/text/6ab7c0583be1dd001236d5b7-some-people-think-that-museums-main-function-is-to-educate-people-the-others-suggest-that-they-can-a,writing9.com,270
944,8.0,Some believe that people should not continue to work once they reach the age of retirement. Do you agree or disagree?,https://www.ielts-blog.com/ielts-writing-samples/ielts-essays-band-8/ielts-essay-topic-people-should-not-work-beyond-the-retirement-age-agree-disagree/,IELTS-Blog,308
945,8.0,"Some people think that schools should teach students according to their academic abilities, while others believe that it is better to have students with different abilities to study together. Discuss both views and give your own opinion.",https://writing9.com/text/6a1e6b9420afae00111f2773-some-people-think-that-schools-should-teach-students-according-to-their-academic-abilities-while-oth,writing9.com,312
946,8.0,"Some cities create new housing for their growing populations by constructing a smaller number of high-rise buildings. Other cities create more of low-rise buildings. Which solution is better, in your opinion?",https://www.ielts-blog.com/ielts-writing-samples/ielts-essays-band-8/ielts-essay-topic-high-rise-vs-low-rise-buildings-which-solution-is-better-for-a-growing-population/,IELTS-Blog,376
947,8.0,Some people think that team sports prepare children for work life but others think individual sports are better. Discuss both sides and give your opinion.,https://writing9.com/text/6a5b8a6ed4eb7b0011b05f79-some-people-think-that-team-sports-prepare-children-for-work-life-but-others-think-individual-sports,writing9.com,257
948,8.0,Some countries invest a significant amount of money in promoting the use of bicycles. Why do you think this is the case? Does it have a positive or a negative impact on individuals and the society?,https://www.ielts-blog.com/ielts-writing-samples/ielts-essays-band-8/ielts-essay-topic-some-countries-invest-in-bicycles-reasons-effects/,IELTS-Blog,264
949,8.0,Some people think that the increasing use of computers and mobile phones nowadays has unwanted effects on young people's reading and writing skills. To what extent do you agree or disagree?,https://writing9.com/text/6ac3178a3be1dd001236de7b-some-people-think-that-the-increasing-use-of-computers-and-mobile-phones-nowadays-has-unwanted-effec,writing9.com,314
950,8.0,Some people argue that sports are essential for us. Others think of sports as an activity for leisure time. Discuss both views and give your opinion.,https://www.ielts-blog.com/ielts-writing-samples/ielts-essays-band-8/ielts-essay-topic-some-people-think-sports-are-essential-opinion/,IELTS-Blog,353
951,8.0,"Some people think the main benefit of international cooperation is in protection of the environment, while others think that the main benefit is in the world business. Discuss both views and give your opinion.",https://writing9.com/text/6ab42ec83be1dd001236d323-some-people-think-the-main-benefit-of-international-cooperation-is-in-protection-of-the-environment-,writing9.com,269
952,8.0,Some people believe that countries should produce all the food necessary to feed their populations and import as little food as possible. To what extent do you agree or disagree?,https://www.ielts-blog.com/ielts-writing-samples/ielts-essays-band-8/ielts-essay-topic-countries-should-produce-all-food-they-need-agree-disagree/,IELTS-Blog,277
953,8.0,"Some young people go to college or university to have a successful career path. Others, however, chose to go straight to work to gain real-life experience after high school. Discuss both views and write your opinion.",https://writing9.com/text/6a56a320d4eb7b0011b05bd9-some-young-people-go-to-college-or-university-to-have-a-successful-career-path-others-however-chose-,writing9.com,279
954,8.0,"Some people believe that excessive use of modern technologies, such as computers and smartphones, is negatively affecting the reading and writing skills of our young people. To what extent do you agree or disagree?",https://www.ielts-blog.com/ielts-writing-samples/ielts-essays-band-8/ielts-essay-topic-excessive-use-of-modern-technologies-is-negatively-affecting-the-reading-and-writing-skills-of-children-agree-disagree/,IELTS-Blog,376
955,8.0,students should pay their full university fees themselves as they benefit from having university studying and the society as a whole. to what extent do you agree or disagree?,https://writing9.com/text/6aa7bda718262300115286a9-students-should-pay-their-full-university-fees-themselves-as-they-benefit-from-having-university-stu,writing9.com,253
956,8.0,"Some people believe that if a child commits a crime he or she should be punished, while others think it is the child’s parents who should be punished. Discuss both views and give your opinion.",https://www.ielts-blog.com/ielts-writing-samples/ielts-essays-band-8/ielts-essay-topic-if-child-commits-crime-who-should-be-punished-opinion/,IELTS-Blog,275
957,8.0,t is important for children to learn the difference between right and wrong at an early age. Punishment is necessary to help them learn this distinction. To what extent do you agree or disagree with this opinion? What sort of punishment should parents and teachers be allowed to use to teach good behaviour to children?,https://writing9.com/text/6a2efdc3cca8310012b55096-t-is-important-for-children-to-learn-the-difference-between-right-and-wrong-at-an-early-age-punishme,writing9.com,334
958,8.0,"Some people believe that preserving natural environment is crucial, however, most make no effort to do so. Why do you think this is happening? What are some simple actions that could help the environment?",https://www.ielts-blog.com/ielts-writing-samples/ielts-essays-band-8/ielts-essay-topic-some-people-believe-that-preserving-natural-environment-is-crucial-but-make-no-effort-to-do-so-reasons-and-solutions/,IELTS-Blog,283
959,8.0,The best way to provide enough homes for people living in cities is to build tall apartment blocks. To what extent do you agree or disagree?,https://writing9.com/text/6a5693a7d4eb7b0011b05bad-the-best-way-to-provide-enough-homes-for-people-living-in-cities-is-to-build-tall-apartment-blocks-t,writing9.com,293
960,8.0,Some people believe that the best way to solve environmental problems is to increase the price of fuel.Do you agree or disagree?,https://www.ielts-blog.com/ielts-writing-samples/ielts-essays-band-8/ielts-essay-topic-best-way-to-solve-environmental-problems-increase-price-fuel-agree-disagree/,IELTS-Blog,315
961,8.0,The great benefit of studying abroad is that students will have life experience that will improve themselves as people that would have been otherwise impossible if the had have only studied in their own countries. What are the advantages and disadvantages of studying abroad,https://writing9.com/text/6a57d921d4eb7b0011b05d30-the-great-benefit-of-studying-abroad-is-that-students-will-have-life-experience-that-will-improve-th,writing9.com,353
962,8.0,Some people believe that the government should take care of old people and provide financial support after they retire. Others say individuals should save during their working years to fund their own retirement. What is your opinion?,https://www.ielts-blog.com/ielts-writing-samples/ielts-essays-band-8/ielts-essay-topic-some-believe-the-government-should-take-care-of-retirees-while-others-think-everyone-should-save-for-their-own-retirement-opinion/,IELTS-Blog,383
963,8.0,"The internet allows us to stay connected with each other no matter where we are. On the other hand, it also isolates us and encourages people not to socialise. To what extent do you agree or disagree with these statements.",https://writing9.com/text/6a7c8c665a8b010011bd8601-the-internet-allows-us-to-stay-connected-with-each-other-no-matter-where-we-are-on-the-other-hand-it,writing9.com,328
964,8.0,"Some people believe that the purpose of education is to make individuals useful to society, while others think that education should help people pursue personal ambitions. Discuss both views and give your own opinion.",https://www.ielts-blog.com/ielts-writing-samples/ielts-essays-band-8/ielts-essay-topic-purpose-of-education-for-society-or-personal-ambitions-discuss-opinion/,IELTS-Blog,254
965,8.0,"The percentage of overweight children in Western society has increased significantly over the last decade, becoming a major public health concern. This essay will discuss the main causes of this disturbing trend and its effects on children and society.",https://writing9.com/text/6a9de1368b43af001111d4ca-the-percentage-of-overweight-children-in-western-society-has-increased-significantly-over-the-last-d,writing9.com,290
966,8.0,"Some people believe that unpaid community service should be a compulsory part of high school programs (for example working for a charity, improving the neighborhood or teaching sports to younger children). To what extent do you agree or disagree?",https://www.ielts-blog.com/ielts-writing-samples/ielts-essays-band-8/ielts-essay-topic-should-unpaid-community-work-be-mandatory-in-high-school-agree-disagree/,IELTS-Blog,305
967,8.0,The picture below shows the museum's plant in 1998 and after some changes were made in 2008.,https://writing9.com/text/6a95632c8b43af001111cea3-the-picture-below-shows-the-museums-plant-in-1998-and-after-some-changes-were-made-in-2008,writing9.com,280
968,8.0,Some people believe that women should be treated as equal to men when applying for a job with the police or the military. Others think that women are less suitable for this kind of job. Discuss both views and give your opinion.,https://www.ielts-blog.com/ielts-writing-samples/ielts-essays-band-8/ielts-essay-topic-some-people-believe-that-women-should-be-treated-as-equal-to-men-when-applying-for-a-job-with-the-police-or-the-military-while-others-disagree-opinion/,IELTS-Blog,365
969,8.0,"The rise of platforms like YouTube and Instagram has led many young people to spend significant amounts of time online, sometimes at the expense of their academic responsibilities. What are the consequences of this problem, and what measures can be taken to address it? Provide reasons for your answer and give relevant examples from your own experience and knowledge.",https://writing9.com/text/6a32c47fcca8310012b553ba-the-rise-of-platforms-like-youtube-and-instagram-has-led-many-young-people-to-spend-significant-amou,writing9.com,532
970,8.0,"Some people claim that it is acceptable to use animals in medical research for the benefit of human beings, while others argue that it is wrong. Discuss both views and give your opinion.",https://www.ielts-blog.com/ielts-writing-samples/ielts-essays-band-8/ielts-essay-topic-some-people-claim-that-it-is-acceptable-to-use-animals-in-medical-research-discuss/,IELTS-Blog,295
971,8.0,The world of work is changing rapidly. Working conditions today are not the same as before and people no longer rely on taking one job for life. Discuss the possible causes for these changes and give your suggestions on how people should prepare for work in the future.,https://writing9.com/text/6a25cb36cca8310012b549ff-the-world-of-work-is-changing-rapidly-working-conditions-today-are-not-the-same-as-before-and-people,writing9.com,419
972,8.0,Some people say it is better to be unemployed than work in a job you dislike. To what extent do you agree or disagree?,https://www.ielts-blog.com/ielts-writing-samples/ielts-essays-band-8/ielts-essay-topic-better-be-unemployed-than-job-you-dislike-agree-disagree/,IELTS-Blog,258
973,8.0,There are many animal species that are close to extinction. Some say that only animals that are beneficial should be protected. Do you agree or disagree?,https://writing9.com/text/6a7dbac25a8b010011bd86f5-there-are-many-animal-species-that-are-close-to-extinction-some-say-that-only-animals-that-are-benef,writing9.com,252
974,8.0,Some people say that all popular TV entertainment programmes should aim to educate viewers about important social issues. To what extent do you agree or disagree with this statement?,https://www.ielts-blog.com/ielts-writing-samples/ielts-essays-band-8/ielts-essay-topic-some-say-popular-tv-programs-should-aim-to-educate-viewers-agree-disagree/,IELTS-Blog,324
975,8.0,"There is a lot of pressure on young people today to succeed academically. As a result, some people believe that non-academic subjects, such as physical education and cookery, should be removed from the school syllabus so that children can concentrate on academic work. To what extent do you agree or disagree? Give reasons for your answer and include any relevant examples from your own knowledge and experience.",https://writing9.com/text/6a549c22d4eb7b0011b05a59-there-is-a-lot-of-pressure-on-young-people-today-to-succeed-academically-as-a-result-some-people-bel,writing9.com,323
976,8.0,"Some people say that art subjects such as music, drama and creative writing are an essential part of education, and every school should include them in its syllabus. Do you agree or disagree with this statement? Give your opinion and examples from your own experience.",https://www.ielts-blog.com/ielts-writing-samples/ielts-essays-band-8/ielts-essay-topic-some-people-say-that-arts-subjects-are-as-essential-as-academic-ones-and-should-be-part-of-school-syllabus-agree-disagree/,IELTS-Blog,261
977,8.0,There is a view that the widespread use of computers and mobile phones has contributed to a decline in reading and writing abilities among young people. Do you agree or disagree?,https://writing9.com/text/6abc82bd3be1dd001236d983-there-is-a-view-that-the-widespread-use-of-computers-and-mobile-phones-has-contributed-to-a-decline-,writing9.com,276
978,8.0,Some people say that the education system is the only critical factor in the development of a country. To what extent do you agree or disagree with this statement?,https://www.ielts-blog.com/ielts-writing-samples/ielts-essays-band-8/ielts-essay-topic-the-education-system-is-the-only-critical-factor-in-the-development-of-a-country-agree-disagree-from-target-band-7-book/,IELTS-Blog,344
979,8.0,"There seems to be an increasing number of serious crimes committed each year.While some think the best way is to use the death penalty as a deterrent, ,many believe that other meausres will be needed. Discuss both sides.",https://writing9.com/text/6a44749bb65fa3001144c9a5-there-seems-to-be-an-increasing-number-of-serious-crimes-committed-each-yearwhile-some-think-the-bes,writing9.com,334
980,8.0,Some people say that the main aim of advertising is to improve sales of products that people do not really need. To what extent do you agree or disagree?,https://www.ielts-blog.com/ielts-writing-samples/ielts-essays-band-8/ielts-essay-topic-main-aim-advertising-sell-products-people-dont-need-agree-disagree/,IELTS-Blog,250
981,8.0,"These days, if people have health problems, many do not visit doctors. They try to get better at home by themselves. Is this a positive or negative development?",https://writing9.com/text/6aaf48f41826230011528c57-these-days-if-people-have-health-problems-many-do-not-visit-doctors-they-try-to-get-better-at-home-b,writing9.com,311
982,8.0,Some people say that too much attention and resources are given to the protection of wild animals and birds. To what extent do you agree or disagree?,https://www.ielts-blog.com/ielts-writing-samples/ielts-essays-band-8/ielts-essay-topic-too-much-attention-given-to-wildlife-protection-agree-disagree/,IELTS-Blog,311
983,8.0,Under British and Australian laws a jury in a criminal case has no access to information about the defendant's past criminal record. This protects the person who is being accused of the crime. Some lawyers have suggested that this practice should be changed and that a jury should be given all the past facts before they reach their decision about the case. Do you agree or disagree?,https://writing9.com/text/6a569562d4eb7b0011b05bb5-under-british-and-australian-laws-a-jury-in-a-criminal-case-has-no-access-to-information-about-the-d,writing9.com,294
984,8.0,"Some people tend to buy products or get services instantly, without waiting. Why is it happening? Is this a positive or negative development?",https://www.ielts-blog.com/ielts-writing-samples/ielts-essays-band-8/ielts-essay-topic-some-people-buy-products-or-get-services-instantly/,IELTS-Blog,284
985,8.0,"When asked to choose between a life without work and working most of the time, people would always choose not to work. Do you agree or disagree?",https://writing9.com/text/6a420820b65fa3001144c80c-when-asked-to-choose-between-a-life-without-work-and-working-most-of-the-time-people-would-always-ch,writing9.com,300
986,8.0,"Some people think it is better for children to grown up in the city, while others think that life in the countryside is more suitable for them. What are the advantages and disadvantages of both places?",https://www.ielts-blog.com/ielts-writing-samples/ielts-essays-band-8/ielts-essay-topic-should-children-grow-up-in-the-city-or-countryside-advantages-disadvantages/,IELTS-Blog,277
987,8.0,"With the wide use of computers and the Internet, people can study and work from home without going to school or company. Do the advantages outweigh its disadvantages?",https://writing9.com/text/6a23e2e4e3b62b0012e33059-with-the-wide-use-of-computers-and-the-internet-people-can-study-and-work-from-home-without-going-to,writing9.com,294
988,8.0,"Some people think it is better to make more money rather than have free time, while others prefer to have more free time rather than making money. Discuss both views and give your opinion.",https://www.ielts-blog.com/ielts-writing-samples/ielts-essays-band-8/ielts-essay-topic-some-people-think-making-money-better-than-free-time-opinion/,IELTS-Blog,308
989,8.0,Some people think it would be a good idea for schools to teach every young person how to be a good parent. Do you agree or disagree?,https://www.ielts-blog.com/ielts-writing-samples/ielts-essays-band-8/ielts-essay-topic-schools-should-teach-parenting-classes-agree-disagree/,IELTS-Blog,385
990,8.0,"Some people think that dangerous sports should be banned, while others believe that people should be free to do any sports or activities. Discuss both views and give your opinion.",https://www.ielts-blog.com/ielts-writing-samples/ielts-essays-band-8/ielts-essay-topic-people-think-dangerous-sports-should-be-banned-discuss-opinion/,IELTS-Blog,294
991,8.0,"Some people think that hosting an international sporting event is beneficial for a country, while others disagree. Do the advantages of hosting a major sporting event outweigh its disadvantages?",https://www.ielts-blog.com/ielts-writing-samples/ielts-essays-band-8/ielts-essay-topic-hosting-international-sporting-event-advantages-disadvantages/,IELTS-Blog,316
992,8.0,Some people think that it is best to encourage children to leave their family home as soon as possible. Others believe children should stay at the family home for as long as they like. Discuss both views and give your own opinion.,https://www.ielts-blog.com/ielts-writing-samples/ielts-essays-band-8/ielts-essay-topic-some-think-that-children-should-leave-their-family-home-as-soon-as-possible-while-others-believe-they-should-stay-for-as-long-as-they-like-discuss/,IELTS-Blog,281
993,8.0,"Some people think that it is fine for professional sportsmen and sportswomen to misbehave on or off the field, as long as they are playing well. Do you agree or disagree with this opinion?",https://www.ielts-blog.com/ielts-writing-samples/ielts-essays-band-8/ielts-essay-topic-some-people-think-that-it-is-fine-for-professional-athletes-to-misbehave-on-or-off-the-field-as-long-as-they-are-playing-well-opinion/,IELTS-Blog,380
994,8.0,"Some people think that public health within a country can be improved by government making laws regarding nutritious food. Others, however, think that health is a matter of personal choice and responsibility. Discuss both views and give your opinion.",https://www.ielts-blog.com/ielts-writing-samples/ielts-essays-band-8/ielts-essay-topic-some-people-think-that-public-health-in-a-country-can-be-improved-by-government-making-laws-regarding-nutritious-food-agree-disagree/,IELTS-Blog,334
995,8.0,"Some people think that schools should select students according to their academic abilities, while others believe that it is better to have students with different abilities studying together. Discuss both views and state your own opinion.",https://www.ielts-blog.com/ielts-writing-samples/ielts-essays-band-8/ielts-essay-topic-schools-should-select-students-by-their-academic-abilities-agree-or-disagree/,IELTS-Blog,323
996,8.0,"Some people think that spending a lot on holding wedding parties, birthday parties and other celebrations is just a waste of money. Others, however, think that these are necessary for individuals and the society. Discuss both views and give your opinion.",https://www.ielts-blog.com/ielts-writing-samples/ielts-essays-band-8/ielts-essay-topic-should-people-spend-a-lot-on-weddings-and-birthday-parties/,IELTS-Blog,282
997,8.0,"Some people use the Internet to search for solutions to their medical problems, is this a positive or negative development?",https://www.ielts-blog.com/ielts-writing-samples/ielts-essays-band-8/ielts-essay-topic-some-people-use-the-internet-to-search-for-solutions-to-their-medical-problems-is-this-a-positive-or-negative-development/,IELTS-Blog,320
998,8.0,"Some say that reading newspapers and watching TV news is a waste of time, because it has no direct connection with people’s lives. To what extent do you agree or disagree?",https://www.ielts-blog.com/ielts-writing-samples/ielts-essays-band-8/ielts-essay-topic-reading-newspapers-watching-tv-is-a-waste-of-time-agree-disagree/,IELTS-Blog,307
999,8.0,"Some say that rich countries should help poor countries with trade, health and education. Do you agree or disagree?",https://www.ielts-blog.com/ielts-writing-samples/ielts-essays-band-8/ielts-essay-topic-rich-countries-should-help-the-poor/,IELTS-Blog,408
1000,8.0,"Some think that young people should be free to choose any career they like, while others say that they should think more realistically about their future. Discuss both views and give your own opinion.",https://www.ielts-blog.com/ielts-writing-samples/ielts-essays-band-8/ielts-essay-topic-some-think-that-young-people-should-be-free-to-choose-any-career-they-like-while-others-say-that-they-should-think-more-realistically-about-their-future-opinion/,IELTS-Blog,324
1001,8.5,Some people believe that technology has made communication between people less personal. To what extent do you agree or disagree with this statement?,https://allthingsielts.com/ielts-writing/task-2-samples,AllThingsIELTS,331
1002,8.5,"Students can easily access information online, so libraries are no longer necessary. To what extent do you agree or disagree?",https://writing9.com/text/6511751013eafb0019f6635d-12students-can-easily-access-information-online-so-libraries-are-no-longer-necessary-to-what-extent-,writing9.com,283
1003,8.5,"Rich countries often give money to poorer countries, but it does not solve poverty. Therefore, develop countries should give other types of help to poorer countries rather than financial aid. To what extend do you agree or disagree?",https://writing9.com/text/65078362c7edc500186c6359-17rich-countries-often-give-money-to-poorer-countries-but-it-does-not-solve-poverty-therefore-develo,writing9.com,399
1004,8.5,Many people use social media every day to get in touch with others and news events. Do you think the advantages of this outweigh the disadvantages?,https://writing9.com/text/6512393413eafb0019f66586-19many-people-use-social-media-every-day-to-get-in-touch-with-others-and-news-events-do-you-think-th,writing9.com,253
1005,8.5,Governments should ban dangerous sports. Others think that people should have the freedom to do any sport activity. Discuss both side and give your opinion,https://writing9.com/text/650de3cfd111ee0018b4a738-22governments-should-ban-dangerous-sports-others-think-that-people-should-have-the-freedom-to-do-any,writing9.com,355
1006,8.5,Some people say that too much time and resource are spent on the protection of wild animals and birds. To what extend do you agree or disagree?,https://writing9.com/text/651323bbbc1bf2001855b395-31some-people-say-that-too-much-time-and-resource-are-spent-on-the-protection-of-wild-animals-and-bi,writing9.com,333
1007,8.5,"Some people argue that parents of children who break the law should be punished in some way, because they are responsible for their children’s actions. To what extent do you agree or disagree?",https://writing9.com/text/651619ac781646001220954a-37some-people-argue-that-parents-of-children-who-break-the-law-should-be-punished-in-some-way-becaus,writing9.com,356
1008,8.5,4- It is said that experiencing new context in another country is a plus side for any expert while others believe that their home land provides enough positive experience. Discuss both and state your own opinion.,https://writing9.com/text/668166598077b700112b58af-4-it-is-said-that-experiencing-new-context-in-another-country-is-a-plus-side-for-any-expert-while-ot,writing9.com,395
1009,8.5,"An increasing number of professionals, such as, teachers and doctors are leaving their own countries to work in developed countries. What are the causes of this problems? What solutions can you suggest?",https://writing9.com/text/6781e0672bd9350011ea0a08-an-increasing-number-of-professionals-such-as-teachers-and-doctors-are-leaving-their-own-countries-t,writing9.com,252
1010,8.5,Child labour is considered to be one of the most serious problems on the planet. What are the reasons why children find themselves in child labour and can be done to tackle this issue ?,https://writing9.com/text/677f81442bd9350011ea0471-child-labour-is-considered-to-be-one-of-the-most-serious-problems-on-the-planet-what-are-the-reasons,writing9.com,316
1011,8.5,Children these days are using gadgets like smartphones and tablets from an early age for both entertainment and education. Do you think the advantages of this trend outweigh the disadvantages?,https://writing9.com/text/64fe8f1ac2621d0018d11ee6-children-these-days-are-using-gadgets-like-smartphones-and-tablets-from-an-early-age-for-both-entert,writing9.com,324
1012,8.5,"Climate change is one of the biggest environmental problems of the 21st century. Some people think that humans should stop using oil, gas and coal and switch to alternative energy resources, such as wind and solar power. Others claim that fossil fuels are essential for many industries, and not using them will result in economic recession. What is your opinion? Support your point of view with relevant examples.",https://writing9.com/text/6540e2a7d3fabe0013640c75-climate-change-is-one-of-the-biggest-environmental-problems-of-the-21st-century-some-people-think-th,writing9.com,297
1013,8.5,Companies invest millions of dollars in advertising to persuade consumers to buy their products. Do the advantages of this outweigh the disadvantages for the consumer?,https://writing9.com/text/678fb9a3c604e100118972af-companies-invest-millions-of-dollars-in-advertising-to-persuade-consumers-to-buy-their-products-do-t,writing9.com,259
1014,8.5,"Completing university education is thought by some to be the best way to get a good job. On the other hand, other people think that getting experience and developing soft skills is more skills is more important. Discuss both sides and give your opinion.",https://writing9.com/text/66055a1efbd01600110bf856-completing-university-education-is-thought-by-some-to-be-the-best-way-to-get-a-good-job-on-the-other,writing9.com,273
1015,8.5,"computers are used more and more in education. some people say that this is a positive trend, while others argue that it is leading to negative consequences. Discuss both sides of this argument and then give your own opinion.",https://writing9.com/text/673f1b380b20930011f815aa-computers-are-used-more-and-more-in-education-some-people-say-that-this-is-a-positive-trend-while-ot,writing9.com,255
1016,8.5,Countries should spend money on trains rather than new roads. Do you agree or disagree?,https://writing9.com/text/670be517771d910011209c37-countries-should-spend-money-on-trains-rather-than-new-roads-do-you-agree-or-disagree,writing9.com,257
1017,8.5,Cycling is more environmentally friendly than other forms of transport. Why is it not popular in many places? What can be done to increase this popularity?,https://writing9.com/text/650da8c54d5cd90019d07b79-cycling-is-more-environmentally-friendly-than-other-forms-of-transport-why-is-it-not-popular-in-many,writing9.com,314
1018,8.5,"Developed countries have created many environmental problems, particularly in contributing to global warming. Why is global warming a problem? What can be done to reduce the dangers of global warming?",https://writing9.com/text/651a8e01e7eb29001349e1a4-developed-countries-have-created-many-environmental-problems-particularly-in-contributing-to-global-,writing9.com,348
1019,8.5,"Due to availability of fast food nowadays, many people have low-quality diets. What problem can this cause? What can governments do to resolve these problems?",https://writing9.com/text/66068eb6fbd01600110bfb66-due-to-availability-of-fast-food-nowadays-many-people-have-low-quality-diets-what-problem-can-this-c,writing9.com,286
1020,8.5,"Due to poorer countries experiecing a 'brain drain' they are seeing many professionals, such as doctors and teachers, leaving to work in more developed countries. What problems does this cause? What solutions can be suggested to deal with these situations?",https://writing9.com/text/6661f7f1a8fb9b0011ffe0df-due-to-poorer-countries-experiecing-a-brain-drain-they-are-seeing-many-professionals-such-as-doctors,writing9.com,345
1021,8.5,"Due to the development and rapid expansion of supermarkets, many small local businesses are unable to compete. Some people think that the closure of local business will bring about the death of local communities. To what extent do you agree or disagree?",https://writing9.com/text/65065166c7edc500186c6119-due-to-the-development-and-rapid-expansion-of-supermarkets-many-small-local-businesses-are-unable-to,writing9.com,346
1022,8.5,Each country censors the media in one way or the other. What are the pros and cons of censorship in the media?,https://writing9.com/text/64f03861364e440019a8a2db-each-country-censors-the-media-in-one-way-or-the,writing9.com,320
1023,8.5,Earlier technological developments brought more benefits and changed the lives of ordinary people more than recent technological developments. To what extent do you agree or disagree?,https://writing9.com/text/64fc47e4c2621d0018d11b11-earlier-technological-developments-brought-more-benefits-and-changed-the-lives-of-ordinary-people-mo,writing9.com,282
1024,8.5,Foreign visitors should pay more than local visitors for cultural and historical attractions. To what extent do you agree or disagree with this opinion.,https://writing9.com/text/66b8400910d1570011238fc9-foreign-visitors-should-pay-more-than-local-visitors-for-cultural-and-historical-attractions-to-what,writing9.com,333
1025,8.5,Government should spend money on railways rather than roads. To what extend to you agree or disagree?,https://writing9.com/text/66fbbd1e518ab60011f68c15-government-should-spend-money-on-railways-rather-than-roads-to-what-extend-to-you-agree-or-disagree,writing9.com,378
1026,8.5,Government spending on restroration of old buildings in cities should be stopped. Instead they should spend money in housing and road development . Do you agree or disagree with this.,https://writing9.com/text/65030584c7edc500186c5a75-government-spending-on-restroration-of-old-buildings-in-cities-should-be-stopped-instead-they-should,writing9.com,265
1027,8.5,Governments should spend on railways rather than roads. To what extent do you agree or disagree with this statement?,https://writing9.com/text/6511af6713eafb0019f66448-governments-should-spend-on-railways-rather-than-roads-to-what-extent-do-you-agree-or-disagree-with-,writing9.com,254
1028,8.5,"Human activity has had a negative impact on plants and animals around the world. Some people think that this cannot be changed, while others think that actions can be taken to bring the change. Discuss both views and give your opnion.",https://writing9.com/text/66bdd22aecdb6e00120e9a09-human-activity-has-had-a-negative-impact-on-plants-and-animals-around-the-world-some-people-think-th,writing9.com,323
1029,8.5,Importance should be given to the academic subjects by the schools. Music and sports should not be as a subject. Do you agree or disagree. Give reasons and examples for your answer.,https://writing9.com/text/66c02823ecdb6e00120ea092-importance-should-be-given-to-the-academic-subjects-by-the-schools-music-and-sports-should-not-be-as,writing9.com,412
1030,8.5,"In many cities the use of video cameras in public places is being increased in order to reduce crime, but some people believe that these measures restrict our individual freedom. Do the benefits of increased security outweigh the drawbacks.",https://writing9.com/text/66b0d74ad091c90011b45b9d-in-many-cities-the-use-of-video-cameras-in-public-places-is-being-increased-in-order-to-reduce-crime,writing9.com,302
1031,8.5,"In many countries around the world, rural people are moving to cities, so the population in the countryside is decreasing. Do you think this is a positive or a negative development?",https://writing9.com/text/6a66948312d2e100113499aa-in-many-countries-around-the-world-rural-people-are-moving-to-cities-so-the-population-in-the-countr,writing9.com,366
1032,8.5,"In many countries around the world,rural people are moving to cities so the population in the countryside is decreasing. Do you think this is the positive or a negative development? Give reasons for your answer and include any relevant examples from your own knowledge and experience.",https://writing9.com/text/652ff9056a6da800128869fd-in-many-countries-around-the-worldrural-people-are-moving-to-cities-so-the-population-in-the-country,writing9.com,270
1033,8.5,"In many countries around the world rural people are moving to cities, so the population in the countryside is decreasing. Do you think this is a positive or negative development?",https://writing9.com/text/6605fefdfbd01600110bf9ef-in-many-countries-around-the-world-rural-people-are-moving-to-cities-so-the-population-in-the-countr,writing9.com,279
1034,8.5,in many countries men and women are working full time it is therefore logical for both men and women to share their house hold tasks. to what extent do you agree or disagree?,https://writing9.com/text/6506a4b4c7edc500186c617c-in-many-countries-men-and-women-are-working-full-time-it-is-therefore-logical-for-both-men-and-women,writing9.com,314
1035,8.5,"In many countries, paying for things using mobile app is becoming increasingly common. Does this development are having more advantages or disadvantages?",https://writing9.com/text/64f2db2e3ad42d001853c828-in-many-countries-paying-for-things-using-mobile-app-is,writing9.com,260
1036,8.5,"In many countries, people are now living longer than ever before. Some people say an ageing population creates problems for governments. Other people think there are benefits if society has more elderly people. To what extend do the advantages of having an ageing population outweigh the disadvantages?",https://writing9.com/text/6606c705fbd01600110bfc11-in-many-countries-people-are-now-living-longer-than-ever-before-some-people-say-an-ageing-population,writing9.com,287
1037,8.5,"In many countries people have to pay for medical care, but some think that it should be a free service provided by the government. To what extent do you agree or disagree?",https://writing9.com/text/65083373a662530018de101a-in-many-countries-people-have-to-pay-for-medical-care-but-some-think-that-it-should-be-a-free-servic,writing9.com,335
1038,8.5,"In some countries, children are often told that they can achieve anything if they try hard enough. What are the advantages and disadvantages of giving children this message?",https://writing9.com/text/664e0a0d409a80001187b27b-in-some-countries-children-are-often-told-that-they-can-achieve-anything-if-they-try-hard-enough-wha,writing9.com,301
1039,8.5,"In some countries, many children are becoming overweight and unhealthy. Some people say it is the responsibility of governments to solve this problem. To what extent do you agree or disagree with this statement?",https://writing9.com/text/64f5ddd30859610018afc711-in-some-countries-many-children-are-becoming-overweight-and-unhealthy-some-people-say-it-is-the-resp,writing9.com,296
1040,8.5,In some countries more and more people are becoming interested in finding out about the history of the house or the building they live in,https://writing9.com/text/66067416fbd01600110bfb10-in-some-countries-more-and-more-people-are-becoming-interested-in-finding-out-about-the-history-of-t,writing9.com,300
1041,8.5,"in some countries, owning a home rather than renting one is very important for people. why might this be the case? what do you think this is a positive or negative situation?",https://writing9.com/text/670da2e3771d91001120a05a-in-some-countries-owning-a-home-rather-than-renting-one-is-very-important-for-people-why-might-this-,writing9.com,266
1042,8.5,"in some countries, owning a home rather than renting one is very important for people. why might this be the case? Do you think this a positive or a negative situation?",https://writing9.com/text/64ef8b3a364e440019a8a20c-in-some-countries-owning-a-home-rather-than-renting-one,writing9.com,301
1043,8.5,"In some countries, people believe that international tourism is a bad thing for their country. What are the reasons for this? How to change their views？",https://writing9.com/text/650e7d51d111ee0018b4a82f-in-some-countries-people-believe-that-international-tourism-is-a-bad-thing-for-their-country-what-ar,writing9.com,282
1044,8.5,"In some countries, there have been schemes to encourage older professional people to retrain as school teachers. Do you feel that this is likely to have beneficial effects on education? Support your point of view with reasons and/or examples from your own experience.",https://writing9.com/text/6502c4ef9e63dc0018a99e7e-in-some-countries-there-have-been-schemes-to-encourage-older-professional-people-to-retrain-as-schoo,writing9.com,254
1045,8.5,In some culture children are often told that they can achieve anything if they try hard enough. What are the advantages and disavdantages of giving children this message?,https://writing9.com/text/66b5de68181fca0012465087-in-some-culture-children-are-often-told-that-they-can-achieve-anything-if-they-try-hard-enough-what-,writing9.com,310
1046,8.5,"In some cultures, children are often told they can achieve anything if they try hard enough. What are the advanages and disadvantages of gibing children this message?",https://writing9.com/text/66733e2097bdf800129b4b51-in-some-cultures-children-are-often-told-they-can-achieve-anything-if-they-try-hard-enough-what-are-,writing9.com,258
1047,8.5,"In some cultures, older people are valued most highly. In other cultures, youth is valued more than experience. Discuss both views and give your opinion as to which age should be most valued.",https://writing9.com/text/64f2c2523ad42d001853c7e0-in-some-cultures-older-people-are-valued-most-highly-in,writing9.com,254
1048,8.5,"In spite of the advances made in agriculture, many people around the world go hungry. why is this the caces? what can be done about this problem?",https://writing9.com/text/669b6e5c17f00b0011c86574-in-spite-of-the-advances-made-in-agriculture-many-people-around-the-world-go-hungry-why-is-this-the-,writing9.com,317
1049,8.5,"In spite of the advances made in agriculture, many people around the world still go hungry. Why is this the case? What can be done about this problem?",https://writing9.com/text/64fad5c7be90df00197504dd-in-spite-of-the-advances-made-in-agriculture-many-people-around-the-world-still-go-hungry-why-is-thi,writing9.com,255
1050,8.5,"In the 20th century, contact between many different parts of the world has developed rapidly through air travel and telecommunications. Do the advantages of this outweigh the disadvantages?",https://writing9.com/text/64f388db2964e6001987d732-in-the-20th-century-contact-between-many-different-parts-of,writing9.com,319
1051,8.5,"In the future, all cars, buses, and trucks will be driverless. The only people traveling inside these vehicles will be passengers. Do you think the advantages of driverless vehicles outweigh the disadvantages?",https://writing9.com/text/6512970e13eafb0019f6666a-in-the-future-all-cars-buses-and-trucks-will-be-driverless-the-only-people-traveling-inside-these-ve,writing9.com,323
1052,8.5,"In the future, all cars, buses, and trucks will be driverless. The only people travelling inside these vehicles will be passengers. Do you think the advantages of driverless vehicles outweigh the disadvantagse?",https://writing9.com/text/66547607e3785200114adffa-in-the-future-all-cars-buses-and-trucks-will-be-driverless-the-only-people-travelling-inside-these-v,writing9.com,349
1053,8.5,"In the future, nobody wil buy printed newspapers of books because they will be able to read everything they want on!ine without paying. To what extent do you agree or disagree with this statement?",https://writing9.com/text/64efc5e5364e440019a8a23f-in-the-future-nobody-wil-buy-printed-newspapers-of-books,writing9.com,374
1054,8.5,"In the future, nobody will buy printed newspapers or books because they will be able to read everything they want online without paying. To what extent do you agree or disagree with this statement.",https://writing9.com/text/64f9761abe90df00197501ed-in-the-future-nobody-will-buy-printed-newspapers-or-books-because-they-will-be-able-to-read-everythi,writing9.com,301
1055,8.5,"In the past, people stored knowledge in the book. Nowadays, people store knowledge on the internet. Do you think advantages outweigh disadvantages?",https://writing9.com/text/66a6fa5dd091c90011b43fcc-in-the-past-people-stored-knowledge-in-the-book-nowadays-people-store-knowledge-on-the-internet-do-y,writing9.com,299
1056,8.5,"In their advertising, businesses nowadays usually emphasize that their products are new in some way. Why is this? Do you think it is a positive or negative development?",https://writing9.com/text/64f0c41a96269c00181dcc23-in-their-advertising-businesses-nowadays-usually-emphasize-that-their-products,writing9.com,251
1057,8.5,"International travel brings benefits to travellers and the countries visited, but it also harms for the environment. Do the disadvantages outweigh the advantages?",https://writing9.com/text/650c00c394b4d50018bd515b-international-travel-brings-benefits-to-travellers-and-the-countries-visited-but-it-also-harms-for-t,writing9.com,310
1058,8.5,It is a natural process that some animal species are extinct (e.g. dinosaur and dodos no longer exist). There is no reason that some people try to prevent this from happening. Do you agree or disagree?,https://writing9.com/text/652fd9c86a6da80012886989-it-is-a-natural-process-that-some-animal-species-are-extinct-eg-dinosaur-and-dodos-no-longer-exist-t,writing9.com,280
1059,8.5,"It is better to buy just a few expensive clothes, rather than lots of cheaper clothes. Do you agree or disagree?",https://writing9.com/text/6622d159d277db001139ae7e-it-is-better-to-buy-just-a-few-expensive-clothes-rather-than-lots-of-cheaper-clothes-do-you-agree-or,writing9.com,300
1060,8.5,It is important for children to learn the differences between right and wrong at an early age. Punishment is necessary to help them learn this distinction. To what extend to you agree or disagree with this opinion? What sort of punishment should parents and teachers be allowed to use to teach good behavior to children?,https://writing9.com/text/650bee5994b4d50018bd512b-it-is-important-for-children-to-learn-the-differences-between-right-and-wrong-at-an-early-age-punish,writing9.com,305
1061,8.5,"It is important for everyone, including young people, to save money for their future. To what extent do you agree or disagree with this statement?",https://writing9.com/text/67133dcf771d91001120ac74-it-is-important-for-everyone-including-young-people-to-save-money-for-their-future-to-what-extent-do,writing9.com,280
1062,8.5,"It is important for people to take risk, both in professional lives and personal lives. Do you think advantage of taking risks outweigh the disadvantages?",https://writing9.com/text/64f6e5a30859610018afc8f6-it-is-important-for-people-to-take-risk-both-in-professional-lives-and-personal-lives-do-you-think-a,writing9.com,321
1063,8.5,"It is important for people to take risks, both in their personal lives and professional lives. Do you think the advantages of taking risk outweigh the disadvantages.",https://writing9.com/text/64f0fd68a471340018b136ba-it-is-important-for-people-to-take-risks-both-in,writing9.com,274
1064,8.5,"It is important for people to take risks, bothh in teir professional lives and their personal lives. Do yo think the advantages of taking risks outweigh the disadvantages",https://writing9.com/text/64f7908f0859610018afcb24-it-is-important-for-people-to-take-risks-bothh-in-teir-professional-lives-and-their-personal-lives-d,writing9.com,369
1065,8.5,"It is impossible to help all the people in the world who are in need, so governments should focus on people from their own country. To what extent do you agree or disagree?",https://writing9.com/text/66dedefb7fb1d400113f847e-it-is-impossible-to-help-all-the-people-in-the-world-who-are-in-need-so-governments-should-focus-on-,writing9.com,288
1066,8.5,It is observed that in many countries not enough students are choosing to study science as a subject. What are the causes? And what will be the effects on society?,https://writing9.com/text/6510f917d111ee0018b4ad24-it-is-observed-that-in-many-countries-not-enough-students-are-choosing-to-study-science-as-a-subject,writing9.com,267
1067,8.5,"It is sometimes possible to pay somebody to do things you don't want to do, or don't have time to do, for example, household chores or looking after children. Is this a good way of providing work for others? Should people do these things themselves? Give reasons for your answer and include any relevant examples from your own knowledge or experience.",https://writing9.com/text/678fffd3c604e10011897322-it-is-sometimes-possible-to-pay-somebody-to-do-things-you-dont-want-to-do-or-dont-have-time-to-do-fo,writing9.com,265
1068,8.5,It is the job of governments and companies is to deal with the huge environmental problems which we face. Individuals on their own can do little or nothing. What is your opinion about this statement?,https://writing9.com/text/64ef44c1efce1f0018b4aede-it-is-the-job-of-governments-and-companies-is-to,writing9.com,430
1069,8.5,It is the responsibility of schools to teach children good behavior in addition to providing formal education. To what extent do you agree or disagree?,https://writing9.com/text/69ed943c75fa8600118d9eb5-it-is-the-responsibility-of-schools-to-teach-children-good-behavior-in-addition-to-providing-formal-,writing9.com,288
1070,8.5,Learning to play team sports is an important part of a child’s education. Do you agree or disagree? Give reason for your answer. And include any relevant experience from your own knowledge.,https://writing9.com/text/6732ac951357400011729909-learning-to-play-team-sports-is-an-important-part-of-a-childs-education-do-you-agree-or-disagree-giv,writing9.com,298
1071,8.5,"Lectures were used in the past with many students. With modern technology available for education, there is no justification for this way of teaching. To what extent do you agree or disagree ?",https://writing9.com/text/64f344b83ad42d001853c93d-lectures-were-used-in-the-past-with-many-students-with,writing9.com,300
1072,8.5,Life was better when technology was simpler. To what extent do you agree or disagree?,https://writing9.com/text/67256c1e4f386200113988e3-life-was-better-when-technology-was-simpler-to-what-extent-do-you-agree-or-disagree,writing9.com,284
1073,8.5,"Many believe that modern technology has brought people together, but others say that it has driven us apart. Discuss both viewpoints and give your own opinion.",https://writing9.com/text/672096d24f38620011397eae-many-believe-that-modern-technology-has-brought-people-together-but-others-say-that-it-has-driven-us,writing9.com,280
1074,8.5,"Many children no longer read books and instead spend their time using modern technology. While some people think this is a positive trend, others think it is a problem. Discuss both sides and give your opinion.",https://writing9.com/text/66dd29c854b6d70012ec419c-many-children-no-longer-read-books-and-instead-spend-their-time-using-modern-technology-while-some-p,writing9.com,470
1075,8.5,Many cities suffer from traffic congestion. What are the causes and solutions?,https://writing9.com/text/69eda57f75fa8600118d9ec1-many-cities-suffer-from-traffic-congestion-what-are-the-causes-and-solutions,writing9.com,302
1076,8.5,"Many countries have compulsory military service for young men after they leave school. It would be a good idea for all countries to adopt this system for men, and possibly for women too. Do you agree or disagree with this statement?",https://writing9.com/text/64f3376d3ad42d001853c90e-many-countries-have-compulsory-military-service-for-young-men-after,writing9.com,285
1077,8.5,many graduates want to start their first job in a big corporation. many others prefer to work for a small company first. compare and contrast their choices and express your opinion,https://writing9.com/text/651d80159df1b2001275ddce-many-graduates-want-to-start-their-first-job-in-a-big-corporation-many-others-prefer-to-work-for-a-s,writing9.com,317
1078,8.5,"Many of the world’s cities are currently facing a serious housing shortage. What are some of the reasons for this shortage, and what solutions can you suggest? Give reasons for your answer and include any relevant examples from your own knowledge or experience.",https://writing9.com/text/6648441ef23a8f001141f10e-many-of-the-worlds-cities-are-currently-facing-a-serious-housing-shortage-what-are-some-of-the-reaso,writing9.com,293
1079,8.5,Many people are now opting to provide technology companies with their personal data in-exchange for access to software. Do the advantages of this outweigh the disadvantages?,https://writing9.com/text/64f32c753ad42d001853c8ff-many-people-are-now-opting-to-provide-technology-companies-with,writing9.com,251
1080,8.5,Many people argue that restaurants should be required to disclose the nutritional information of the dishes they serve. Do the advantages of this outweigh the disadvantages?,https://writing9.com/text/6a9b9ed98b43af001111d37e-many-people-argue-that-restaurants-should-be-required-to-disclose-the-nutritional-information-of-the,writing9.com,336
1081,8.5,Many people believe that social networking sites (such as Facebook) have had a huge negative impact on both individuals and societies To what extent do you agree?,https://writing9.com/text/65037fe7c7edc500186c5baa-many-people-believe-that-social-networking-sites-such-as-facebook-have-had-a-huge-negative-impact-on,writing9.com,278
1082,8.5,Many people say that globalisation and the growing number of multinational companies have a negative effect on the environment. To what extent do you agree or disagree? Use specific reasons and examples to support your position.,https://writing9.com/text/6a51da04d4eb7b0011b058be-many-people-say-that-globalisation-and-the-growing-number-of-multinational-companies-have-a-negative,writing9.com,330
1083,8.5,"Many people think living in high-rise apartment blocks makes people feel longely and unhappy, while others argue it has advantages. Discuss both views and give your own opinion.",https://writing9.com/text/6506549bc7edc500186c611c-many-people-think-living-in-high-rise-apartment-blocks-makes-people-feel-longely-and-unhappy-while-o,writing9.com,359
1084,8.5,many people think that technology creates significant impact in the modern word? Do you agree with this statement?,https://writing9.com/text/65074572c7edc500186c6307-many-people-think-that-technology-creates-significant-impact-in-the-modern-word-do-you-agree-with-th,writing9.com,432
1085,8.5,Many people think the fast food companies should not be allowed to advertise while others believe that all companies should have the right to advertise. What is your opinion?,https://writing9.com/text/650186bcc2621d0018d12557-many-people-think-the-fast-food-companies-should-not-be-allowed-to-advertise-while-others-believe-th,writing9.com,416
1086,8.5,Many people try to achieve success through their career or education. What can success mean to different people? What is your view of success?,https://writing9.com/text/66504156409a80001187b8a1-many-people-try-to-achieve-success-through-their-career-or-education-what-can-success-mean-to-differ,writing9.com,259
1087,8.5,"Many people used distance- learning programs to study at home, but some people think that it cannot bring the benefits as much as attending college or university. To what extent do you agree or disagree?",https://writing9.com/text/64f043d1364e440019a8a2f4-many-people-used-distance-learning-programs-to-study-at-home,writing9.com,271
1088,8.5,"Many Working People Get Little or No Exercise either During the Working Day or in Their Free Time, and Have Health Problems as a Result. Why Do Many Working People Not Get Enough Exercise? What Can Be Done About This Problem?",https://writing9.com/text/6604b42044fe0e0011c0bf57-many-working-people-get-little-or-no-exercise-either-during-the-working-day-or-in-their-free-time-an,writing9.com,290
1089,8.5,Memorising facts is the most important way to succeed in education. To what extent do you agree or disagree with this statement? Give reasons for your answer and include any relevant examples from your own knowledge or experience.,https://writing9.com/text/66bebd6eecdb6e00120e9c91-write-about-the-following-topic-memorising-facts-is-the-most-important-way-to-succeed-in-education-t,writing9.com,275
1090,8.5,Modern medical science has made it possible to combat many diseases. This is one reason that people are living longer lives now than in the past. Discuss the effects this might have on society. Support your answer with reasons and examples from your own experience.,https://writing9.com/text/6607ff0feea418001104f278-modern-medical-science-has-made-it-possible-to-combat-many-diseases-this-is-one-reason-that-people-a,writing9.com,265
1091,8.5,Modern technology has made it easier for individuals to download copyrighted music and books from the Internet for no charge. To what extent is this a positive or a negative development?,https://writing9.com/text/64f0dcaba471340018b13680-modern-technology-has-made-it-easier-for-individuals-to-download,writing9.com,332
1092,8.5,Modern technology is now very common in most workplaces. How do you think has changed the way we worked? Do you think there are disadvantages to relying too much on technology?,https://writing9.com/text/64ff2a27c2621d0018d12070-modern-technology-is-now-very-common-in-most-workplaces-how-do-you-think-has-changed-the-way-we-work,writing9.com,379
1093,8.5,More and more people and organizations are using digital technology for contact with other people. What are the advantages and disadvantages of using digital technology for communication?,https://writing9.com/text/66c565b2ecdb6e00120eade4-more-and-more-people-and-organizations-are-using-digital-technology-for-contact-with-other-people-wh,writing9.com,262
1094,8.5,More and more people want to buy famous brands in clothes cars and other items. What are the reasons behind this trend? Do you think it is a positive or negative development,https://writing9.com/text/660632c1fbd01600110bfaa3-more-and-more-people-want-to-buy-famous-brands-in-clothes-cars-and-other-items-what-are-the-reasons-,writing9.com,311
1095,8.5,More and more students are choosing to study at colleges and universities in a foreign country. Do the benefits of studying abroad outweigh the drawbacks?,https://writing9.com/text/6666426a2715ef0011109117-more-and-more-students-are-choosing-to-study-at-colleges-and-universities-in-a-foreign-country-do-th,writing9.com,301
1096,8.5,More and more young people from wealthy countries are spending a short time doing unpaid work such as teaching or building houses for communities in poorer countries. Why young people choose to do so? Who will benefit more: young people or the communities? Give reasons for your answer and include any relevant examples from your own knowledge or experience.,https://writing9.com/text/6507e275c7edc500186c6405-more-and-more-young-people-from-wealthy-countries-are-spending-a-short-time-doing-unpaid-work-such-a,writing9.com,326
1097,8.5,"Most countries aim to improve their standard of living through economic development, but many important social values can be lost as a result.Do the advantages of economic development outweigh the disadvantages?",https://writing9.com/text/665e823b0442ea001278f8ea-most-countries-aim-to-improve-their-standard-of-living-through-economic-development-but-many-importa,writing9.com,287
1098,8.5,Music has always been and continues to be the universal language of mankind. To what extent do you agree or disagree?,https://writing9.com/text/6502779d9e63dc0018a99db7-music-has-always-been-and-continues-to-be-the-universal-language-of-mankind-to-what-extent-do-you-ag,writing9.com,326
1099,8.5,New technologies and ways of buying and selling are transforming the lives of consumers. To what extent do you agree or disagree with this opinion?,https://writing9.com/text/651bc79c3d20c400125e1d2a-new-technologies-and-ways-of-buying-and-selling-are-transforming-the-lives-of-consumers-to-what-exte,writing9.com,310
1100,8.5,news editors decide what to broadcast on television and what to print in newspapers. what factors do you think influence these decisions? do we become used to bad news? would it be better if more good news was reported?,https://writing9.com/text/679c6ce0468bc30011b6d5e5-news-editors-decide-what-to-broadcast-on-television-and-what-to-print-in-newspapers-what-factors-do-,writing9.com,345
1101,8.5,"Nowadays, a growing number of people with health problems are trying to alternative medicines and treatments instead of visiting their usual doctor. Do you think this is positive and negative development?",https://writing9.com/text/64f20a663ad42d001853c67e-nowadays-a-growing-number-of-people-with-health-problems-are,writing9.com,259
1102,8.5,Nowadays many colleges and universities are offering online courses for students. What are the advantages and disadvantages of this?,https://writing9.com/text/64f52c522964e6001987d9fe-nowadays-many-colleges-and-universities-are-offering-online-courses-for-students-what-are-the-advant,writing9.com,252
1103,8.5,"Nowadays many people choose to be self-employed, rather than to work for a company or organization. Why might this be the case? What could be the disadvantages of being self-employed?",https://writing9.com/text/653763dd0e9e480012bee2c6-nowadays-many-people-choose-to-be-self-employed-rather-than-to-work-for-a-company-or-organization-wh,writing9.com,290
1104,8.5,"Nowadays, some international companies become more and more powerful. Some people think it is a negative development. Do you agree or disagree?",https://writing9.com/text/6531e4fcfa1e8100126ad710-nowadays-some-international-companies-become-more-and-more-powerful-some-people-think-it-is-a-negati,writing9.com,353
1105,8.5,Nowadays the most important task is the environmental protection of our planet for future generations. To what extent do you agree or disagree with this statement?,https://writing9.com/text/650e27fed111ee0018b4a78e-nowadays-the-most-important-task-is-the-environmental-protection-of-our-planet-for-future-generation,writing9.com,271
1106,8.5,ome people with a good education and experience in their field decide to move abroad to work. Why do you think that is? What are the problems caused by this?,https://writing9.com/text/64f374992964e6001987d706-ome-people-with-a-good-education-and-experience-in-their,writing9.com,285
1107,8.5,"Overcrowded classrooms can hinder the teaching and learning process, affecting both teachers and students. Explore the causes of overcrowding in schools and propose practical solutions to manage classroom sizes and improve the quality of education.",https://writing9.com/text/670fc75d771d91001120a5c6-overcrowded-classrooms-can-hinder-the-teaching-and-learning-process-affecting-both-teachers-and-stud,writing9.com,259
1108,8.5,Parents should encourage children to spend less time studying and more time doing physical activities. To what extent do you agree or disagree?,https://writing9.com/text/6540492fd3fabe0013640ad6-parents-should-encourage-children-to-spend-less-time-studying-and-more-time-doing-physical-activitie,writing9.com,258
1109,8.5,Parents should encourage their children to spend less time on studying and more time on physical activities. To what extent do you agree or disagree?,https://writing9.com/text/653f319bc4e5120012d95210-parents-should-encourage-their-children-to-spend-less-time-on-studying-and-more-time-on-physical-act,writing9.com,263
1110,8.5,People believe that they should be able to keep all the money they earn and should not pay tax to the state. To what extent do you agree or disagree with this statement?,https://writing9.com/text/666960cb97bdf800129b3069-people-believe-that-they-should-be-able-to-keep-all-the-money-they-earn-and-should-not-pay-tax-to-th,writing9.com,272
1111,8.5,People today often use the internet to learn about the culture of other countries. This means that it is not that important to travel to those countries. To what extent do you agree or disagree?,https://writing9.com/text/667975971031f400117e12c2-people-today-often-use-the-internet-to-learn-about-the-culture-of-other-countries-this-means-that-it,writing9.com,303
1112,8.5,"People try to change their look by changing the colour of their hair using cosmetics, wearing jewellery or even having a plastic surgery done. Why do you think people do it? Do you think changing a look is a good thing.",https://writing9.com/text/650275d99e63dc0018a99dae-people-try-to-change-their-look-by-changing-the-colour-of-their-hair-using-cosmetics-wearing-jewelle,writing9.com,333
1113,8.5,People who decide on a career path early in their lives and keep to it are more likely to have a satisfying working life than those who change jobs frequently. To what extent do you agree or disagree?,https://writing9.com/text/67724291708dba00126941d2-people-who-decide-on-a-career-path-early-in-their-lives-and-keep-to-it-are-more-likely-to-have-a-sat,writing9.com,263
1114,8.5,Popular events like the football World Club and other international sporting occasions are essential in easing international tensions and releasing patriotic emotions in a safe way. To what extent do you agree or disagree with this opinion?,https://writing9.com/text/64f1b812a471340018b13822-popular-events-like-the-football-world-club-and-other-international,writing9.com,274
1115,8.5,"""Prevention is better than cure"". Researching and treating diseases is too costly so it would be better to invest in preventative measures. To what extent do you agree.",https://writing9.com/text/67275fe00ff0870011f97c8e-prevention-is-better-than-cure-researching-and-treating-diseases-is-too-costly-so-it-would-be-better,writing9.com,251
1116,8.5,"Q) Some people prefer to spend their lives doing the same things and avoid any change. others, however, think that change is always a good thing. discuss both views and give your opinion.",https://writing9.com/text/66240cdad277db001139b146-q-some-people-prefer-to-spend-their-lives-doing-the-same-things-and-avoid-any-change-others-however-,writing9.com,316
1117,8.5,Reading for pleasure can develop imagination and language skills better than watching TV. To what extent do you agree or disagree?,https://writing9.com/text/64f88f39be90df001975003b-reading-for-pleasure-can-develop-imagination-and-language-skills-better-than-watching-tv-to-what-ext,writing9.com,254
1118,8.5,"Scientists tell us some activities are good for health, and others are bad. Despite knowing that millions of people continue doing unhealthy activities. What are the causes, and what are the solutions?",https://writing9.com/text/677a6b122bd9350011e9f963-scientists-tell-us-some-activities-are-good-for-health-and-others-are-bad-despite-knowing-that-milli,writing9.com,294
1119,8.5,Some children spend hours every day on their smartphones. Why is this the case? Do you think this is a positive or a negative development?,https://writing9.com/text/6605a303fbd01600110bf93e-some-children-spend-hours-every-day-on-their-smartphones-why-is-this-the-case-do-you-think-this-is-a,writing9.com,284
1120,8.5,Some feel that it is impossible for a country to be economically progressive and environmentally friendly at the same time. Others disagree with this view. Discuss both points of view and give your opinion.,https://writing9.com/text/67847754a23bad0012022fd6-some-feel-that-it-is-impossible-for-a-country-to-be-economically-progressive-and-environmentally-fri,writing9.com,266
1121,8.5,Some old people today struggle with the use of modern technologies such as smartphones and computers. What is the cause of this? What are some possible solutions?,https://writing9.com/text/66096ef2eea418001104f52b-some-old-people-today-struggle-with-the-use-of-modern-technologies-such-as-smartphones-and-computers,writing9.com,330
1122,8.5,"Some people are of the view that only university education can ensure success, whereas many others oppose this view. Discuss both views and give your opinion.",https://writing9.com/text/651931f79c6b29001263cf5d-some-people-are-of-the-view-that-only-university-education-can-ensure-success-whereas-many-others-op,writing9.com,280
1123,8.5,"Some people argue that all experimentation on animals is bad and should be outlawed. However, others believe that important scientific discoveries can be made from animal experiments. Can experimentation on animals be justified? Are there any alternatives? Give reasons for your answer and include any relevant examples from your own knowledge and experience.",https://writing9.com/text/661e102a755a57001146a4d2-write-about-the-following-topic-some-people-argue-that-all-experimentation-on-animals-is-bad-and-sho,writing9.com,291
1124,8.5,Some people believe it is best to accept a bad situation such as unsatisfactory jobs or shortage of money. Others argue that it is better to try to improve such situation. Discuss both views and give your opinion.,https://writing9.com/text/64f06c76364e440019a8a344-some-people-believe-it-is-best-to-accept-a-bad,writing9.com,290
1125,8.5,"Some people believe that allowing children to make their own choices on everyday matters (such as foood, clothes and entertainment) is likely to result in a society of individuals who only think about their own wishes. Other people believe that it is important for children to make decisions about matters that affect them. Discuss both these views and give your own opinion.",https://writing9.com/text/6646341e35cdc60012734333-some-people-believe-that-allowing-children-to-make-their-own-choices-on-everyday-matters-such-as-foo,writing9.com,321
1126,8.5,"Some people believe that charity organisations should help people wherever they live, others think they should help people in their country only. Discuss both views, give your opinion.",https://writing9.com/text/66c960364dcc5a00110dcd30-some-people-believe-that-charity-organisations-should-help-people-wherever-they-live-others-think-th,writing9.com,342
1127,8.5,Some people believe that developments in the field of artificial intelligence will have a positive impact on our lives in the near future. To what extent do you agree or disagree?,https://writing9.com/text/66be8953ecdb6e00120e9bd9-some-people-believe-that-developments-in-the-field-of-artificial-intelligence-will-have-a-positive-i,writing9.com,273
1128,8.5,Some people believe that in order to reduce the rising obesity among children the school administration should make it necessary for every child to participate in sports and other outdoor activities. Do you agree or disagree?,https://writing9.com/text/676289a7943ad5001170ceb9-some-people-believe-that-in-order-to-reduce-the-rising-obesity-among-children-the-school-administrat,writing9.com,323
1129,8.5,"Some people believe that it is best to accept a bad situation, such as an unsatifactory job or shortage of money. Others argue that it is better to try and improve such situations. Discuss both these views and give your own opinion.",https://writing9.com/text/64f369002964e6001987d6f4-some-people-believe-that-it-is-best-to-accept-a,writing9.com,273
1130,8.5,"Some people believe that it is best to accept a bad situation, such as an unsatisfactory job or shortage of money. Others argue that it is better to try and improve such situations. Discuss both these views and give your own opinion.",https://writing9.com/text/664f05ff409a80001187b4d6-some-people-believe-that-it-is-best-to-accept-a-bad-situation-such-as-an-unsatisfactory-job-or-short,writing9.com,298
1131,8.5,"Some people believe that living and working in the city offers more opportunities for a better quality of life, while others argue that working and living in the countryside brings greater benefits. Discuss both views and give your own opinion.",https://writing9.com/text/672774018df5b30012593165-some-people-believe-that-living-and-working-in-the-city-offers-more-opportunities-for-a-better-quali,writing9.com,332
1132,8.5,"Some people believe that professionals, such as doctors and engineers, should be required to work in the country where they did their training. Others believe they should be free to work in other countries. Discuss both views and give your opinion.",https://writing9.com/text/6618c4162d32af00124821af-some-people-believe-that-professionals-such-as-doctors-and-engineers-should-be-required-to-work-in-t,writing9.com,293
1133,8.5,"Some people believe that technology has led to many positive developments in their lives, while others think technology is gradually taking over control of the way people live.",https://writing9.com/text/652bdf20f02b800012da5212-some-people-believe-that-technology-has-led-to-many-positive-developments-in-their-lives-while-other,writing9.com,347
1134,8.5,"Some people believe that the responsibility for the protection of the environment is by a transnational organization, rather than by each individual country. To what extent do you agree or disagree?",https://writing9.com/text/64f376982964e6001987d710-some-people-believe-that-the-responsibility-for-the-protection-of,writing9.com,267
1135,8.5,"Some people believe that unpaid community service should be a compulsory part of high school programs (for example working for a charity, improving the neighborhood or teaching sports to younger children). To what extent do you agree or disagree?",https://writing9.com/text/673d8aa80b20930011f8113d-some-people-believe-that-unpaid-community-service-should-be-a-compulsory-part-of-high-school-program,writing9.com,267
1136,8.5,"Some people believe that watching TV is good and makes life more enjoyable. Others, however, feel that it is a waste of time. Do you agree or disagree? Give your opinion.",https://writing9.com/text/69ed0c4275fa8600118d9dff-some-people-believe-that-watching-tv-is-good-and-makes-life-more-enjoyable-others-however-feel-that-,writing9.com,253
1137,8.5,Some people choose to have their first child at an older age. What are the reasons? Do the advantages outweigh the disadvantages?,https://writing9.com/text/6740e21236ca92001192ae28-some-people-choose-to-have-their-first-child-at-an-older-age-what-are-the-reasons-do-the-advantages-,writing9.com,328
1138,8.5,Some people feel that they should not have to pay any tax and should be able to keep all of the money that they earn. To what extent do you agree or disagree?,https://writing9.com/text/650c517894b4d50018bd5255-some-people-feel-that-they-should-not-have-to-pay-any-tax-and-should-be-able-to-keep-all-of-the-mone,writing9.com,266
1139,8.5,"Some people have the opinion that big shopping malls are expensive places as they offer high costs for the products which can be bought at much cheaper prices from local shops. On the other hand, some people think that such malls are absolutely the best places to visit for shopping. Discuss both the opinions and give your own opinion.",https://writing9.com/text/67124466771d91001120aaa1-some-people-have-the-opinion-that-big-shopping-malls-are-expensive-places-as-they-offer-high-costs-f,writing9.com,271
1140,8.5,Some people rely too much on doctors instead of taking care of their own health. they think all health problems can just be fixed by visiting doctors. What problems could this approach to healthcare cause and how might they be solved?,https://writing9.com/text/652c3488f02b800012da5326-some-people-rely-too-much-on-doctors-instead-of-taking-care-of-their-own-health-they-think-all-healt,writing9.com,346
1141,8.5,"Some people say in order to prevent illness and disease, governments should focus on reducing environment pollution and housing problems. To what extent do you agree or disagree?",https://writing9.com/text/662647ced277db001139b6e1-some-people-say-in-order-to-prevent-illness-and-disease-governments-should-focus-on-reducing-environ,writing9.com,259
1142,8.5,some people say in order to prevent illness and disease governments should focus on reducing environmental pollution and housing problems. To what extent do you agree or disagree.,https://writing9.com/text/66264510d277db001139b6c2-some-people-say-in-order-to-prevent-illness-and-disease-governments-should-focus-on-reducing-environ,writing9.com,369
1143,8.5,"Some people say it is important to keep your home and your workplace tidy, with everything organised and in the correct place. What is your opinion about this? Give reasons for your answers and include any relevant examples from your own knowledge or experience.",https://writing9.com/text/69efe15e75fa8600118da047-some-people-say-it-is-important-to-keep-your-home-and-your-workplace-tidy-with-everything-organised-,writing9.com,257
1144,8.5,Some people say that it is better to work for a large company than a small one. Do you agree or disagree?,https://writing9.com/text/664fa141409a80001187b71a-some-people-say-that-it-is-better-to-work-for-a-large-company-than-a-small-one-do-you-agree-or-disag,writing9.com,377
1145,8.5,"Some People Say That Now We Can See Films on Our Phones or Tablets There Is No Need to Go to the Cinema. Others Say That to Be Fully Enjoyed, Films Need to Be Seen in a Cinema. Discuss Both These Views and Give Your Opinion.",https://writing9.com/text/6605f8d5fbd01600110bf9e7-some-people-say-that-now-we-can-see-films-on-our-phones-or-tablets-there-is-no-need-to-go-to-the-cin,writing9.com,313
1146,8.5,"Some people say that schools should teach good behavior to children and introduce them to ""right"" and ""wrong"". Parents should not be the only once responsible. Do you agree or disagree?",https://writing9.com/text/6739c3f61c9dc400112f2bc3-some-people-say-that-schools-should-teach-good-behavior-to-children-and-introduce-them-to-right-and-,writing9.com,347
1147,8.5,"Some people support modern developments in agriculture such as factory farming and creation of new types of fruits and vegetables. However, other people oppose this view. Discuss both these views and give your own opinion.",https://writing9.com/text/667b2ea61031f400117e1787-some-people-support-modern-developments-in-agriculture-such-as-factory-farming-and-creation-of-new-t,writing9.com,383
1148,8.5,"Some people think governments should focus the spending only on public services rather than wasting money on arts (music, painting, etc.). To what extent do you agree or disagree?",https://writing9.com/text/6a8fff8f8b43af001111caac-some-people-think-governments-should-focus-the-spending-only-on-public-services-rather-than-wasting-,writing9.com,310
1149,8.5,"Some people think that competition at work, at school and in daily life is a good thing. Others believe that we should try to cooperate more, rather than competing against each other. Discuss both these views and give your own opinion.",https://writing9.com/text/6776de7a2bd9350011e9f21f-some-people-think-that-competition-at-work-at-school-and-in-daily-life-is-a-good-thing-others-believ,writing9.com,268
1150,8.5,Some people think that getting a degree from univerity is the best way to secure a good job. Others believe that employers value work experience more than a university degree. Discuss both views and give your opinion. Angsa,https://writing9.com/text/679a5a80468bc30011b6d25d-some-people-think-that-getting-a-degree-from-univerity-is-the-best-way-to-secure-a-good-job-others-b,writing9.com,258
1151,8.5,"Some people think that having a set retirement age (eg. 65 years) for everybody, regardless of occupation, is unfair. They believe that a certain workers deserve to retire and receive a pension at an earlier age. Do you agree or disagree? Which type of workers do you think should be benefit from early retirement?",https://writing9.com/text/64ef3fb6efce1f0018b4aecf-some-people-think-that-having-a-set-retirement-age-eg,writing9.com,337
1152,8.5,Some people think that homeschooling should be banned because it has several drawbacks. Others think that it has a number of benefits. Discuss both views and give your opinion.,https://writing9.com/text/6510e16cd111ee0018b4ad0d-some-people-think-that-homeschooling-should-be-banned-because-it-has-several-drawbacks-others-think-,writing9.com,370
1153,8.5,Some people think that in order to solve traffic and transportation problems people should be encouraged to live in cities rather than in suburbs or in the countryside. To what extent do you agree or disagree?,https://writing9.com/text/6770e5ad708dba0012693f30-some-people-think-that-in-order-to-solve-traffic-and-transportation-problems-people-should-be-encour,writing9.com,273
1154,8.5,"Some people think that individuals are born to be leaders, others believe leadership can be learnt. Discuss both views and give your opinion.",https://writing9.com/text/6664efd72715ef0011108dd2-some-people-think-that-individuals-are-born-to-be-leaders-others-believe-leadership-can-be-learnt-di,writing9.com,302
1155,8.5,Some people think that it is best to increase the fuel cost to reduce the pollution problems other think otherwise discuss both views and give your opinion,https://writing9.com/text/666a111997bdf800129b3304-some-people-think-that-it-is-best-to-increase-the-fuel-cost-to-reduce-the-pollution-problems-other-t,writing9.com,389
1156,8.5,"Some people think that it is the best to save money, for exemple in a bank or savings scheme. Other people feel that money should be spent whenever it is available. Discuss these views and reach on opinion on this debate",https://writing9.com/text/65106a9cd111ee0018b4ac59-some-people-think-that-it-is-the-best-to-save-money-for-exemple-in-a-bank-or-savings-scheme-other-pe,writing9.com,315
1157,8.5,"Some people think that men and women have different qualities. Therefore, some certain jobs are suitable for men and some jobs are suitable for women. To what extent do you agree or disagree?",https://writing9.com/text/66bc2ee4ecdb6e00120e949c-some-people-think-that-men-and-women-have-different-qualities-therefore-some-certain-jobs-are-suitab,writing9.com,272
1158,8.5,Some people think that only those people who have worked for a company for many years should be promoted to a higher position. Do you agree?,https://writing9.com/text/65046ba1c7edc500186c5dd6-some-people-think-that-only-those-people-who-have-worked-for-a-company-for-many-years-should-be-prom,writing9.com,323
1159,8.5,Some people think that technological development has made life complex. The only possible solution it not to use technology to live a simpler life. To what extent do you agree or disagree?,https://writing9.com/text/6506fb6cc7edc500186c6229-some-people-think-that-technological-development-has-made-life-complex-the-only-possible-solution-it,writing9.com,319
1160,8.5,Some people think that the best way to improve road safety is to have drivers tested every year. To what extent do you agree or disagree?,https://writing9.com/text/65052e77c7edc500186c5f14-some-people-think-that-the-best-way-to-improve-road-safety-is-to-have-drivers-tested-every-year-to-w,writing9.com,291
1161,8.5,"Some people think that the increase in the number of obese people should be the responsibility of the governments, while other think it should be the responsibility of individuals. Discuss both sides and give your opinion",https://writing9.com/text/677ef29e2bd9350011ea02dd-some-people-think-that-the-increase-in-the-number-of-obese-people-should-be-the-responsibility-of-th,writing9.com,279
1162,8.5,"Some people think that the only way to have success in business is to have a unique product. What factors, so you think, influence the success of a company?",https://writing9.com/text/676b00139e9ed40011e83532-some-people-think-that-the-only-way-to-have-success-in-business-is-to-have-a-unique-product-what-fac,writing9.com,287
1163,8.5,Some people think that there could be more benefits to society if more people study business than history. To what extent do you agree or disagree?,https://writing9.com/text/64f6d0910859610018afc8c6-some-people-think-that-there-could-be-more-benefits-to-society-if-more-people-study-business-than-hi,writing9.com,320
1164,8.5,Some people think that to be successful in sports natural ability is the main important reason others think that hard work and practice is more important Discuss both views with opinion,https://writing9.com/text/66fcf5f01adb790012981583-some-people-think-that-to-be-successful-in-sports-natural-ability-is-the-main-important-reason-other,writing9.com,296
1165,8.5,"Some people think that too much money has been spent looking after and repairing old buildings, so we should knock down old buildings and build modern ones instead. To what extent do you agree or disagree?",https://writing9.com/text/65215bb3f6b266001245e515-some-people-think-that-too-much-money-has-been-spent-looking-after-and-repairing-old-buildings-so-we,writing9.com,282
1166,8.5,Some people think that water is the most important natural resource. Others believe that other resources (such as oil and gold) are more important. Discuss both views and give your own opinion.,https://writing9.com/text/650db3dcd111ee0018b4a6a2-some-people-think-that-water-is-the-most-important-natural-resource-others-believe-that-other-resour,writing9.com,268
1167,8.5,"Some people think that young people should spend free time with families instead of outside entertainment, others disagree. Discuss both views and give your opinion.",https://writing9.com/text/64fd8057c2621d0018d11d1c-some-people-think-that-young-people-should-spend-free-time-with-families-instead-of-outside-entertai,writing9.com,273
1168,8.5,"Some products can be made quickly by a machine. Other items take a long time to be made by hand. As a buyer, which do you prefer and why? Give specific details and examples in your answer.",https://writing9.com/text/66901d36d784b30012d4d2d8-some-products-can-be-made-quickly-by-a-machine-other-items-take-a-long-time-to-be-made-by-hand-as-a-,writing9.com,250
1169,8.5,Some university students want to learn about other subjects in addition to their main subjects. Others believe it is more important to give all their time and attention to studying for a qualification. Discuss both these views and give your own opinion.,https://writing9.com/text/65043807c7edc500186c5d19-some-university-students-want-to-learn-about-other-subjects-in-addition-to-their-main-subjects-other,writing9.com,282
1170,8.5,"Sometimes, companies choose people based on their personality rather than skill set. Why do you think that is the case? What do you think is more important – personality or skills?",https://writing9.com/text/65157ceb78164600122093f6-sometimes-companies-choose-people-based-on-their-personality-rather-than-skill-set-why-do-you-think-,writing9.com,284
1171,8.5,Spend money on roads and motorways than on public transport systems,https://writing9.com/text/6657ce60e3785200114aec0f-spend-money-on-roads-and-motorways-than-on-public-transport-systems,writing9.com,329
1172,8.5,"Students can easily access information online, so libraries are no longer necessary. To what extent do you agree or disagree?",https://writing9.com/text/64fff974c2621d0018d121c9-students-can-easily-access-information-online-so-libraries-are-no-longer-necessary-to-what-extent-do,writing9.com,343
1173,8.5,Successful companies use advertisement to make more sales. What can make an advertisement very effective? Do you think this is a bad thing or a good thing for the society?,https://writing9.com/text/650fe0c4d111ee0018b4ab10-successful-companies-use-advertisement-to-make-more-sales-what-can-make-an-advertisement-very-effect,writing9.com,365
1174,8.5,The availability of entertainment such as playing electronic games on portable devices will be harmful to individuals in the society they live in. To what extent do you agree or disagree,https://writing9.com/text/64f17af0a471340018b13759-the-availability-of-entertainment-such-as-playing-electronic-games-on,writing9.com,291
1175,8.5,"The dangers of smoking are well known, yet many people continue with this habit. What are the causes of this? How can we reduce smoking in society? Give reasons for your answer and include any relevant examples from your own knowledge or experience.",https://writing9.com/text/660be9b9143b1d0011539613-the-dangers-of-smoking-are-well-known-yet-many-people-continue-with-this-habit-what-are-the-causes-o,writing9.com,269
1176,8.5,The exploration and development of safe alternatives to fossil fuel should be the most important global priority today. To what extend do you agree or disagree?,https://writing9.com/text/64fb1867be90df00197505aa-the-exploration-and-development-of-safe-alternatives-to-fossil-fuel-should-be-the-most-important-glo,writing9.com,279
1177,8.5,The family has a great influence on children development but the influence from outside the home play bigger part in children's likes . Do you agree or disagree?,https://writing9.com/text/64f06a4e364e440019a8a342-the-family-has-a-great-influence-on-children-development-but,writing9.com,285
1178,8.5,The growth of online shopping will one day lead to stops in towns and cities closing. Do you agree or disagree?,https://writing9.com/text/64f41cd62964e6001987d7e0-the-growth-of-online-shopping-will-one-day-lead-to-stops-in-towns-and-cities-closing-do-you-agree-or,writing9.com,270
1179,8.5,The increase in the production of consumer goods results in damage to the natural environment. What are the causes of this? What can be done to solve this problem ?,https://writing9.com/text/665dedce0442ea001278f774-the-increase-in-the-production-of-consumer-goods-results-in-damage-to-the-natural-environment-what-a,writing9.com,268
1180,8.5,The Internet has made a positive impact on our life. Do you agree or disagree?,https://writing9.com/text/64f1b813a471340018b13823-the-internet-has-made-a-positive-impact-on-our-life,writing9.com,257
1181,8.5,The money spent by the governments on space programmes would be better spent on vital public services such as schools and hospitals. To what extent do you agree or disagree?,https://writing9.com/text/686641c662fa4d0011f9b991-the-money-spent-by-the-governments-on-space-programmes-would-be-better-spent-on-vital-public-service,writing9.com,359
1182,8.5,The most important aim of science be to improve people's lives. To what extent do you agree or disagree with this statement?,https://writing9.com/text/64f639a20859610018afc7df-the-most-important-aim-of-science-be-to-improve-peoples-lives-to-what-extent-do-you-agree-or-disagre,writing9.com,391
1183,8.5,The most important aim of science should be to improve people's lives. To what extent do you agree or disagree with this statement? Give reasons for your answer and include any relevant examples from your own knowledge or experience.,https://writing9.com/text/65127ce013eafb0019f66611-the-most-important-aim-of-science-should-be-to-improve-peoples-lives-to-what-extent-do-you-agree-or-,writing9.com,296
1184,8.5,The most important aim of science should be to improve people’s lives. To what extent do you agree or disagree with this statement? Give reasons for your answer and include relevant examples from your knowledge or experience.,https://writing9.com/text/677b38712bd9350011e9fae7-the-most-important-aim-of-science-should-be-to-improve-peoples-lives-to-what-extent-do-you-agree-or-,writing9.com,270
1185,8.5,The movements of people from the villages to the cities for work has caused a lots of problems in both places. What are the serious problems associated with this? What measures can be taken to solve these problems?,https://writing9.com/text/6614dada6e4c2e00119f73c0-the-movements-of-people-from-the-villages-to-the-cities-for-work-has-caused-a-lots-of-problems-in-bo,writing9.com,250
1186,8.5,"The older generations tend to have very traditional ideas about how people should live, think and behave. However, some people believe that these ideas are not helpful in preparing younger generations for modern life. To what extent do you agree or disagree with this view?",https://writing9.com/text/65368dca196b520012cf7e5c-the-older-generations-tend-to-have-very-traditional-ideas-about-how-people-should-live-think-and-beh,writing9.com,264
1187,8.5,The only reason for people working hard is to earn money. To what extent do you agree or disagree?,https://writing9.com/text/65278709442ffe0012a66705-the-only-reason-for-people-working-hard-is-to-earn-money-to-what-extent-do-you-agree-or-disagree,writing9.com,310
1188,8.5,The qualities and skills that people require to be successful in today’s world cannot be learned at university or at other academic institutions. To what extent do you agree or disagree?,https://writing9.com/text/67892c35c604e100118966d1-the-qualities-and-skills-that-people-require-to-be-successful-in-todays-world-cannot-be-learned-at-u,writing9.com,257
1189,8.5,The rise of convenience foods has helped people keep up with the speed of the modern life style. What are the advantages of this trends? DO the advantages outweigh the disadvantages?,https://writing9.com/text/64f301ac3ad42d001853c89b-the-rise-of-convenience-foods-has-helped-people-keep-up,writing9.com,298
1190,8.5,"The use of social media, e.g. Facebook and Twitter, is replacing face-to-face contact for many people in everyday life. Do the advantages of this development outweigh the disadvantages? Give reasons for your answer and include any relevant examples from your own knowledge or experience.",https://writing9.com/text/6506f542c7edc500186c6224-you-should-spend-about-40-minutes-on-this-task-write-about-the-following-topic-the-use-of-social-med,writing9.com,312
1191,8.5,The use of social media such as Facebook or Twitter is replacing face-to-face contact this century. Do you think the advantages of this development outweigh the disadvantages?,https://writing9.com/text/650c072894b4d50018bd5175-the-use-of-social-media-such-as-facebook-or-twitter-is-replacing-face-to-face-contact-this-century-d,writing9.com,315
1192,8.5,The workplace nowadays is trying to employ the equal number of females and males. To what extent do you agree or disagree?,https://writing9.com/text/66063d0efbd01600110bfabc-the-workplace-nowadays-is-trying-to-employ-the-equal-number-of-females-and-males-to-what-extent-do-y,writing9.com,335
1193,8.5,"The World Cup is a very important event for soccer fans all over the world. Many countries compete for the honor of hosting this event. In your opinion, what are the major benefits and drawbacks of hosting an international sporting event such as the World Cup?",https://writing9.com/text/65f26956ecea9d0011e70015-the-world-cup-is-a-very-important-event-for-soccer-fans-all-over-the-world-many-countries-compete-fo,writing9.com,254
1194,8.5,The younger generation is mainly responsible for the latest technological developments. How far do you agree?,https://writing9.com/text/675e84a3071e920011b9dae2-the-younger-generation-is-mainly-responsible-for-the-latest-technological-developments-how-far-do-yo,writing9.com,251
1195,8.5,"There are several factors that motivate people to stay in the workforce, and money is the most important factor. To what extent do you agree or disagree?",https://writing9.com/text/6660747da8fb9b0011ffdae8-there-are-several-factors-that-motivate-people-to-stay-in-the-workforce-and-money-is-the-most-import,writing9.com,344
1196,8.5,Today many people put their personal and private information online (address phone number and credit card number) to facilitate everyday activities such as banking shopping and socializing. Is this a positive or negative development?,https://writing9.com/text/64eed23cefce1f0018b4adfa-today-many-people-put-their-personal-and-private-information-online,writing9.com,296
1197,8.5,Today more people are overweight than ever before. What in your opinion are the primary causes of this? What are the main effects of this epidemic?,https://writing9.com/text/6605b7edfbd01600110bf968-today-more-people-are-overweight-than-ever-before-what-in-your-opinion-are-the-primary-causes-of-thi,writing9.com,266
1198,8.5,"Today our communications, medicine and transport systems all depend on computer technology. Our reliance on computer technology in these fields has created a dangerous situation. To what extent do you agree or disagree with this statement?",https://writing9.com/text/663dfe2f9f4b030011e5c9c4-today-our-communications-medicine-and-transport-systems-all-depend-on-computer-technology-our-relian,writing9.com,258
1199,8.5,"traffic jam is a problem in many cities and towns, To solve this problem, some suggest building underground railway, while others suggest expanding the road. Which one do you think is the best way?",https://writing9.com/text/650222069e63dc0018a99d5c-traffic-jam-is-a-problem-in-many-cities-and-towns-to-solve-this-problem-some-suggest-building-underg,writing9.com,295
1200,8.5,Training 65-year-olds to use computers would be a good use of government money. To what extent do you agree or disagree?,https://writing9.com/text/6abbb9ac3be1dd001236d8ba-training-65-year-olds-to-use-computers-would-be-a-good-use-of-government-money-to-what-extent-do-you,writing9.com,290
1201,9.0,Artificial Intelligence will take over the role of teachers (agree/disagree),https://www.ielts-blog.com/ielts-writing-samples/ielts-essays-band-9/ielts-essay-topic-artificial-intelligence-will-take-over-role-of-teachers-agree-disagree/,IELTS-Blog,398
1202,9.0,A small number of global streaming companies now decide which films and television series are made. Do you think this is a positive or a negative development?,https://www.cdieltsprep.com/writing-samples/global-streaming-platforms-deciding-what-gets-made,CD IELTS Prep,306
1203,9.0,"In many countries, the gap between the rich and the poor is widening. Some people argue that economic growth is the best way to reduce inequality, while others believe that direct government redistribution of wealth is more effective. Discuss both views and give your own opinion.",https://ieltswritingcorrectionservice.com/ielts-task-2-sample-society,IELTS Writing Correction Service,272
1204,9.0,Some educators believe that every child should be taught how to play a musical instrument. To what extent do you agree or disagree?,https://writing9.com/text/651ca8443d20c400125e204c-49some-educators-believe-that-every-child-should-be-taught-how-to-play-a-musical-instrument-to-what-,writing9.com,377
1205,9.0,Athletes and entertainers’ enormous salaries reflect our dependence on entertainment (agree/disagree),https://www.ielts-blog.com/ielts-writing-samples/ielts-essays-band-9/ielts-essay-topic-athletes-and-entertainers-enormous-salaries-reflect-our-dependence-on-entertainment-agree-disagree/,IELTS-Blog,318
1206,9.0,An increasing number of students choose to complete their university degree in a foreign country rather than at home. Discuss the advantages and disadvantages of this trend.,https://www.cdieltsprep.com/writing-samples/studying-degree-abroad,CD IELTS Prep,322
1207,9.0,"Many people argue that individuals are responsible for addressing environmental problems, while others believe that governments and large corporations bear the primary responsibility. Discuss both views and give your own opinion.",https://ieltswritingcorrectionservice.com/ielts-task-2-sample-environment,IELTS Writing Correction Service,281
1208,9.0,"A lot of places in the world rely on tourism as a main source of income. Unfortunately, tourism can also be a source of problems if it is not well-managed. What are the advantages and disadvantaged of tourism in the modern world?",https://writing9.com/text/6723a9484f38620011398570-a-lot-of-places-in-the-world-rely-on-tourism-as-a-main-source-of-income-unfortunately-tourism-can-al,writing9.com,277
1209,9.0,Can the society cope with the larger number of elderly people and how?,https://www.ielts-blog.com/ielts-writing-samples/ielts-essays-band-9/ielts-essay-topic-can-the-society-cope-with-the-larger-number-of-elderly-people-and-how/,IELTS-Blog,274
1210,9.0,"As countries try to reduce their carbon emissions, some argue that nuclear power must be part of the solution, while others believe that only renewable sources such as wind and solar should be developed. Discuss both views and give your own opinion.",https://www.cdieltsprep.com/writing-samples/nuclear-power-versus-renewables-only,CD IELTS Prep,322
1211,9.0,"Some people believe that governments should take responsibility for improving the health of citizens by regulating diet and lifestyle choices, while others think that health is a personal matter and individuals should be free to make their own decisions. To what extent do you agree with the view that governments should intervene in citizens' health choices?",https://ieltswritingcorrectionservice.com/ielts-task-2-sample-health,IELTS Writing Correction Service,286
1212,9.0,A person should never make an important decision alone. Do you agree or disagree with this following statement?,https://writing9.com/text/665ae03c0442ea001278ed08-a-person-should-never-make-an-important-decision-alone-do-you-agree-or-disagree-with-this-following-,writing9.com,349
1213,9.0,Do schools still need to teach handwriting and mental mathematics skills?,https://www.ielts-blog.com/ielts-writing-samples/ielts-essays-band-9/ielts-essay-topic-do-schools-still-need-to-teach-handwriting-and-mental-mathematics-skills/,IELTS-Blog,319
1214,9.0,"At many universities, live lectures are being replaced by recorded material which students watch in their own time. Do you think this is a positive or a negative development?",https://www.cdieltsprep.com/writing-samples/recorded-lectures-replacing-live-teaching,CD IELTS Prep,304
1215,9.0,"Some people believe that the introduction of artificial intelligence and automation will lead to widespread unemployment and social problems, while others argue that technology has always created more jobs than it has destroyed. Discuss both views and give your own opinion.",https://ieltswritingcorrectionservice.com/ielts-task-2-sample-work,IELTS Writing Correction Service,282
1216,9.0,"Across the world, local shops are closing due to losing customers to online competitors. What problems does this produce? And what solutions can you suggest to overcome them?",https://writing9.com/text/67238cb64f3862001139852b-across-the-world-local-shops-are-closing-due-to-losing-customers-to-online-competitors-what-problems,writing9.com,250
1217,9.0,Ending the world’s reliance on fossil fuels will be a positive development (agree/disagree),https://www.ielts-blog.com/ielts-writing-samples/ielts-essays-band-9/ielts-essay-topic-ending-reliance-fossil-fuels-positive-change-agree-disagree/,IELTS-Blog,339
1218,9.0,Employers are now able to record everything their staff do on company computers. Some people believe that employers should be free to do this. Do you agree or disagree?,https://www.cdieltsprep.com/writing-samples/employers-monitoring-staff-computer-use,CD IELTS Prep,309
1219,9.0,"Aircraft have been increasingly used to transport fruit and vegetables to some countries where such plants hardly grow or are out of season. Some people consider it a good idea, but some people oppose itDiscuss both views and give your opinion.",https://writing9.com/text/66b5cabe181fca001246503c-aircraft-have-been-increasingly-used-to-transport-fruit-and-vegetables-to-some-countries-where-such-,writing9.com,372
1220,9.0,Everybody should pay a small amount from their income to help people in poverty (agree/disagree),https://www.ielts-blog.com/ielts-writing-samples/ielts-essays-band-9/ielts-essay-topic-everybody-should-pay-a-small-amount-from-their-income-to-help-people-in-poverty-agree-disagree/,IELTS-Blog,303
1221,9.0,"English has become the main language of international business, science and travel. Some people see this as a practical advantage, while others believe it threatens smaller languages and the cultures attached to them. Discuss both views and give your own opinion.",https://www.cdieltsprep.com/writing-samples/english-global-language-versus-smaller-languages,CD IELTS Prep,339
1222,9.0,"As mass communication and transport continue to grow, societies are becoming more and more alike, leading to a phenomenon known as globalization. Some people fear that globalization will inevitably lead to the total loss of cultural identity. To what extent do you agree or disagree with this statement?",https://writing9.com/text/673880f9448d3a0012f60b32-as-mass-communication-and-transport-continue-to-grow-societies-are-becoming-more-and-more-alike-lead,writing9.com,277
1223,9.0,Having a salaried job is better than being self-employed (agree/disagree),https://www.ielts-blog.com/ielts-writing-samples/ielts-essays-band-9/ielts-essay-topic-having-a-salaried-job-is-better-than-being-self-employed-agree-disagree/,IELTS-Blog,346
1224,9.0,Fraud committed over the internet has increased significantly in recent years. Why has this type of crime become so common? What can individuals do to protect themselves?,https://www.cdieltsprep.com/writing-samples/rise-of-online-fraud,CD IELTS Prep,335
1225,9.0,"As well as making money, businesses also have social responsibilities. To what extent do you agree or disagree?",https://writing9.com/text/66b8c8f210d157001123916d-as-well-as-making-money-businesses-also-have-social-responsibilities-to-what-extent-do-you-agree-or-,writing9.com,265
1226,9.0,Households should have a government-imposed limit on the amount of rubbish they produce (agree/disagree),https://www.ielts-blog.com/ielts-writing-samples/ielts-essays-band-9/ielts-essay-topic-households-should-have-a-government-imposed-limit-on-the-amount-of-rubbish-they-produce-agree-disagree/,IELTS-Blog,291
1227,9.0,Governments have limited budgets for health care. Some people believe that public money should always be spent on preventing illness rather than on treating it. To what extent do you agree or disagree?,https://www.cdieltsprep.com/writing-samples/prevention-before-treatment-health-spending,CD IELTS Prep,313
1228,9.0,"At the present time, the population of some countries includes a relatively large number of young adults, compared with the number of older people. Do the advantages of this situation outweigh the disadvantages?",https://writing9.com/text/6641e2b9774afd0011a05192-at-the-present-time-the-population-of-some-countries-includes-a-relatively-large-number-of-young-adu,writing9.com,327
1229,9.0,Breakthroughs in medical science are the most significant advances over the last two centuries (opinion),https://www.ielts-blog.com/ielts-writing-samples/ielts-essays-band-9/ielts-band-9-essay-topic-breakthroughs-in-medical-science-are-the-most-significant-advances-over-the-last-two-centuries-opinion/,IELTS-Blog,276
1230,9.0,"In many communities, local charities and clubs are finding it increasingly difficult to recruit volunteers. Why is this happening? What could be done to encourage more people to give their time?",https://www.cdieltsprep.com/writing-samples/why-volunteers-are-harder-to-find,CD IELTS Prep,365
1231,9.0,Big salary is much more important than job satisfaction. Do you agree or disagree?,https://writing9.com/text/66299fa565ad4b001190f733-big-salary-is-much-more-important-than-job-satisfaction-do-you-agree-or-disagree,writing9.com,278
1232,9.0,Increases in fuel prices are the only way to reduce world consumption of fuel (agree/disagree),https://www.ielts-blog.com/ielts-writing-samples/ielts-essays-band-9/ielts-band-9-essay-topic-increases-in-fuel-prices-are-the-only-way-to-reduce-world-consumption-of-fuel-agree-disagree/,IELTS-Blog,284
1233,9.0,"In many companies, software and artificial intelligence now carry out routine administrative work that was previously done by employees. Do the advantages of this development outweigh the disadvantages?",https://www.cdieltsprep.com/writing-samples/automation-routine-office-work,CD IELTS Prep,323
1234,9.0,Both government investment in public transport systems and reductions in public transport ticket prices would help to reduce transport pollution greatly. Do you agree or disagree with this statement?,https://writing9.com/text/66bd97e0ecdb6e00120e9935-both-government-investment-in-public-transport-systems-and-reductions-in-public-transport-ticket-pri,writing9.com,325
1235,9.0,Many people nowadays travel abroad for their university education (discuss),https://www.ielts-blog.com/ielts-writing-samples/ielts-essays-band-9/ielts-band-9-essay-topic-many-people-nowadays-travel-abroad-for-their-university-education-discuss/,IELTS-Blog,320
1236,9.0,"In many countries, a high proportion of young people who are released from prison commit further offences within a short period. What are the reasons for this, and how could the situation be improved?",https://www.cdieltsprep.com/writing-samples/young-offenders-reoffending-solutions,CD IELTS Prep,304
1237,9.0,; --- Childhood obesity is an increasing problem in Australia as many as two thirds of children are now obese. Schools have a responsibility to monitor what their students eat and the amount of exercise they do. To what extend do you agree to this statement?,https://writing9.com/text/670be7cd771d910011209c40-task-2-childhood-obesity-is-an-increasing-problem-in-australia-as-many-as-two-thirds-of-children-are,writing9.com,279
1238,9.0,Schools should teach their students how to survive financially in the world today (agree/disagree),https://www.ielts-blog.com/ielts-writing-samples/ielts-essays-band-9/ielts-band-9-essay-topic-schools-should-teach-their-students-how-to-survive-financially-in-the-world-today-agree-disagree/,IELTS-Blog,303
1239,9.0,"In many countries, companies are employing fewer permanent staff and are using more short-term contractors and gig workers. Do you think this is a positive or a negative development?",https://www.cdieltsprep.com/writing-samples/short-term-contracts-replacing-permanent-jobs,CD IELTS Prep,312
1240,9.0,Doctors in many countries are saying that people are not getting enough physical exercise. What are the causes of this? How it can be addressed?,https://writing9.com/text/66e8670fac434e0014cbdee5-doctors-in-many-countries-are-saying-that-people-are-not-getting-enough-physical-exercise-what-are-t,writing9.com,278
1241,9.0,Should teachers be required to conform to a dress code?,https://www.ielts-blog.com/ielts-writing-samples/ielts-essays-band-9/ielts-band-9-essay-topic-should-teachers-be-required-to-conform-to-a-dress-code/,IELTS-Blog,315
1242,9.0,"In many countries, fewer school leavers are choosing to study science and mathematics at a higher level. Why is this happening? What could be done to encourage more young people into these subjects?",https://www.cdieltsprep.com/writing-samples/fewer-students-choosing-science-and-maths,CD IELTS Prep,320
1243,9.0,Employers should give their staff at least a 4- week holiday a year to make employees better at their jobs. To what extend do you agree or disagree?,https://writing9.com/text/673db5860b20930011f811cd-employers-should-give-their-staff-at-least-a-4-week-holiday-a-year-to-make-employees-better-at-their,writing9.com,264
1244,9.0,Some people believe that everyone has a right to access to the Internet and governments should provide it free (agree/disagree),https://www.ielts-blog.com/ielts-writing-samples/ielts-essays-band-9/ielts-band-9-essay-topic-some-people-believe-that-everyone-has-a-right-to-access-to-the-internet-and-governments-should-provide-it-free-agree-disagree/,IELTS-Blog,301
1245,9.0,In many countries people are having their first child at a much later age than previous generations did. Discuss the advantages and disadvantages of this development.,https://www.cdieltsprep.com/writing-samples/having-children-later-in-life,CD IELTS Prep,335
1246,9.0,First impressions are important. Some people think that doing well in interviews is the key to securing a good job. To what extent do you agree?,https://writing9.com/text/668c3d25d784b30012d4c77c-first-impressions-are-important-some-people-think-that-doing-well-in-interviews-is-the-key-to-securi,writing9.com,311
1247,9.0,"Some people believe that teaching music in schools is vital, while others think it is unnecessary (opinion)",https://www.ielts-blog.com/ielts-writing-samples/ielts-essays-band-9/ielts-band-9-essay-topic-some-people-believe-that-teaching-music-in-schools-is-vital-while-others-think-it-is-unnecessary-opinion/,IELTS-Blog,301
1248,9.0,"In many countries, public confidence in politicians has fallen sharply in recent decades. What has caused this loss of trust? How might it be rebuilt?",https://www.cdieltsprep.com/writing-samples/falling-public-trust-in-politicians,CD IELTS Prep,306
1249,9.0,Handwriting today is less formal than it was in the past. What are the causes of this change? Is it a positive or negative development?,https://writing9.com/text/661a3e702d32af00124824e5-handwriting-today-is-less-formal-than-it-was-in-the-past-what-are-the-causes-of-this-change-is-it-a-,writing9.com,394
1250,9.0,"Some people believe that the world’s increase in population is unsustainable, while others think it is necessary and beneficial (opinion)",https://www.ielts-blog.com/ielts-writing-samples/ielts-essays-band-9/ielts-band-9-essay-topic-some-people-believe-that-the-worlds-increase-in-population-is-unsustainable-while-others-think-it-is-necessary-and-beneficial-opinion/,IELTS-Blog,263
1251,9.0,"In many countries, services that were once run by the state, such as prisons, railways and rubbish collection, are now operated by private companies under government contracts. Do you think this is a positive or a negative development?",https://www.cdieltsprep.com/writing-samples/private-companies-running-public-services,CD IELTS Prep,354
1252,9.0,Having more money and less free time is better than earning less money and having more free time. Discuss both views and state your opinion.,https://writing9.com/text/6606abdafbd01600110bfbba-having-more-money-and-less-free-time-is-better-than-earning-less-money-and-having-more-free-time-dis,writing9.com,298
1253,9.0,"Some say that people should diet and exercise to lose weight, while others think they should eat better and change their lifestyle (opinion)",https://www.ielts-blog.com/ielts-writing-samples/ielts-essays-band-9/ielts-band-9-essay-topic-some-say-that-people-should-diet-and-exercise-to-lose-weight-while-others-think-they-should-eat-better-and-change-their-lifestyle-opinion/,IELTS-Blog,331
1254,9.0,"In many countries the number of overweight children and teenagers has risen sharply in recent decades. What are the causes of this trend, and what measures could be taken to reverse it?",https://www.cdieltsprep.com/writing-samples/childhood-obesity-causes-and-solutions,CD IELTS Prep,301
1255,9.0,If all workers in a company were paid exact same wage regardless of job role there would be much more harmony and cooperation between staff. To what extent do you agree or disagree?,https://writing9.com/text/677f36fc2bd9350011ea03a8-if-all-workers-in-a-company-were-paid-exact-same-wage-regardless-of-job-role-there-would-be-much-mor,writing9.com,291
1256,9.0,Some schools insist that students have laptops in class (advantages / disadvantages),https://www.ielts-blog.com/ielts-writing-samples/ielts-essays-band-9/ielts-band-9-essay-topic-some-schools-insist-that-students-have-laptops-in-class-advantages-disadvantages/,IELTS-Blog,346
1257,9.0,"In many growing cities, most new homes are now built as flats in high-rise tower blocks rather than as individual houses with gardens. Do the advantages of this trend outweigh the disadvantages?",https://www.cdieltsprep.com/writing-samples/high-rise-flats-instead-of-houses,CD IELTS Prep,366
1258,9.0,"In many cities the use of video cameras in public places is being increased in order to reduce crime, but some people believe that these measures restrict our individual freedom. Do the advantages of video surveillance outweigh the disadvantages?",https://writing9.com/text/66151e596e4c2e00119f7458-in-many-cities-the-use-of-video-cameras-in-public-places-is-being-increased-in-order-to-reduce-crime,writing9.com,257
1259,9.0,The world today is a safer place and governments should stop spending large amounts of money on their armed forces (agree/disagree).,https://www.ielts-blog.com/ielts-writing-samples/ielts-essays-band-9/ielts-band-9-essay-topic-the-world-today-is-a-safer-place-and-governments-should-stop-spending-large-amounts-of-money-on-their-armed-forces-agree-disagree/,IELTS-Blog,280
1260,9.0,"In many large cities, ordinary working people can no longer afford to live near the places where they work. Why has this happened, and what can be done about it?",https://www.cdieltsprep.com/writing-samples/urban-housing-unaffordable-solutions,CD IELTS Prep,311
1261,9.0,"In many countries around the world, rural people are moving to cities, so the population in the countryside is decreasing. Do you think this is a positive or a negative development? Give reasons for your answer and include any relevant examples from your own knowledge or experience.",https://writing9.com/text/6687be25d784b30012d4bc85-in-many-countries-around-the-world-rural-people-are-moving-to-cities-so-the-population-in-the-countr,writing9.com,338
1262,9.0,Today’s governments struggle to create enough housing for increasing populations while protecting the environment (opinion),https://www.ielts-blog.com/ielts-writing-samples/ielts-essays-band-9/ielts-band-9-essay-topic-todays-governments-struggle-to-create-enough-housing-for-increasing-populations-while-protecting-the-environment-opinion/,IELTS-Blog,253
1263,9.0,"In many societies, a growing number of older people live alone and have little regular contact with others. What are the causes of this isolation, and what could be done to reduce it?",https://www.cdieltsprep.com/writing-samples/older-people-loneliness-isolation-solutions,CD IELTS Prep,302
1264,9.0,"In many countries, people are now living longer than ever before. Some people say an ageing population creates problems for governments. Other people think there are benefits if society has more elderly people.",https://writing9.com/text/65b4a68b2d0c430011eb3b6a-in-many-countries-people-are-now-living-longer-than-ever-before-some-people-say-an-ageing-population,writing9.com,308
1265,9.0,"Wildlife population around the world has decreased by around 50 per cent, what can we do to protect wildlife?",https://www.ielts-blog.com/ielts-writing-samples/ielts-essays-band-9/ielts-band-9-essay-topic-wildlife-population-around-the-world-has-decreased-by-around-50-per-cent-what-can-we-do-to-protect-wildlife/,IELTS-Blog,343
1266,9.0,"In many towns and cities, online retailers have taken a large share of the trade that once went to shops on the high street. Do the advantages of this shift outweigh the disadvantages?",https://www.cdieltsprep.com/writing-samples/online-retail-replacing-high-street,CD IELTS Prep,312
1267,9.0,"In many countries, sports stars earn extremely high salaries. Some people believe that sports stars earn too much money, while others claim that they deserve their high salaries. Discuss both views and give your opinion.",https://writing9.com/text/6723beec4f386200113985b1-in-many-countries-sports-stars-earn-extremely-high-salaries-some-people-believe-that-sports-stars-ea,writing9.com,252
1268,9.0,"In some cities the numbers of tourists seem overwhelming, why is this happening?",https://www.ielts-blog.com/ielts-writing-samples/ielts-essays-band-9/ielts-essay-topic-in-some-cities-numbers-of-tourists-seem-overwhelming-why/,IELTS-Blog,362
1269,9.0,"In many wealthy countries, a large proportion of the food that is produced is never eaten and ends up being thrown away. What problems does this cause? What measures could be taken to reduce the amount of food that is wasted?",https://www.cdieltsprep.com/writing-samples/food-waste-in-wealthy-countries,CD IELTS Prep,344
1270,9.0,"In many countries today, women have full-time jobs. Therefore, it is reasonable to share housework equally between men and women. To what extent do you agree or disagree with this statement? Give reasons for your answer and include any relevant examples from your own knowledge or experience.",https://writing9.com/text/65f506b1ecea9d0011e70633-in-many-countries-today-women-have-full-time-jobs-therefore-it-is-reasonable-to-share-housework-equa,writing9.com,365
1271,9.0,In some countries private cars are now banned from city centres (advantages / disadvantages),https://www.ielts-blog.com/ielts-writing-samples/ielts-essays-band-9/ielts-essay-topic-in-some-countries-private-cars-are-now-banned-from-city-centres-advantages-disadvantages/,IELTS-Blog,331
1272,9.0,"In some areas, libraries, parks and community centres that were once run by paid council staff are now managed by local volunteers. Some people believe this is the best way to keep such services open, while others argue that local government should pay professionals to run them. Discuss both views and give your own opinion.",https://www.cdieltsprep.com/writing-samples/volunteers-running-local-services,CD IELTS Prep,348
1273,9.0,"In some countries, more people are becoming interested in finding out about the history of the house or building they live in. What are the reasons for this? How can people research this question?",https://writing9.com/text/6652e4199000ba001112cb82-in-some-countries-more-people-are-becoming-interested-in-finding-out-about-the-history-of-the-house-,writing9.com,312
1274,9.0,Individuals should be responsible for funding their own retirement (agree/disagree),https://www.ielts-blog.com/ielts-writing-samples/ielts-essays-band-9/ielts-essay-topic-individuals-should-be-responsible-for-funding-their-own-retirement-agree-disagree/,IELTS-Blog,309
1275,9.0,"In some countries, cash is being replaced almost entirely by digital payment. Do you think this is a positive or a negative development?",https://www.cdieltsprep.com/writing-samples/cash-replaced-by-digital-payment,CD IELTS Prep,313
1276,9.0,"In spite of the advances made in agriculture, many people around the world still go hungry. Why is this the case? What can be done about this problem?",https://writing9.com/text/664b61ab409a80001187aa95-in-spite-of-the-advances-made-in-agriculture-many-people-around-the-world-still-go-hungry-why-is-thi,writing9.com,296
1277,9.0,Is banning cars from city centres a positive or negative development?,https://www.ielts-blog.com/ielts-writing-samples/ielts-essays-band-9/ielts-essay-topic-is-banning-cars-from-city-centres-a-positive-or-negative-development/,IELTS-Blog,280
1278,9.0,"In some families, young children are cared for during the working day by their grandparents. Others believe that professional nurseries provide a better start. Discuss both views and give your own opinion.",https://www.cdieltsprep.com/writing-samples/grandparents-versus-nurseries-childcare,CD IELTS Prep,329
1279,9.0,"In the past, when students did a university degree, they tended to study in their own country. Nowadays, they have more opportunity to study abroad. What are the advantages and disadvantages of this development?",https://writing9.com/text/677c1eaa2bd9350011e9fc97-in-the-past-when-students-did-a-university-degree-they-tended-to-study-in-their-own-country-nowadays,writing9.com,298
1280,9.0,"Is fashion a significant part of society, or a waste of time and money (opinion)?",https://www.ielts-blog.com/ielts-writing-samples/ielts-essays-band-9/ielts-essay-topic-fashion-significant-part-of-society-or-waste-of-time-opinion/,IELTS-Blog,338
1281,9.0,"Increasingly, people pay a monthly subscription to use products such as software, cars, furniture and even clothing, instead of buying them outright. Do you think this is a positive or a negative development?",https://www.cdieltsprep.com/writing-samples/subscriptions-replacing-ownership,CD IELTS Prep,366
1282,9.0,"In their advertising, businesses nowadays usually emphasize that their products are new in some ways. Why is this? Do you think it is a positive or negative development?",https://writing9.com/text/66532bcf9000ba001112cc96-in-their-advertising-businesses-nowadays-usually-emphasize-that-their-products-are-new-in-some-ways-,writing9.com,338
1283,9.0,Is it acceptable that enormous sums are paid for pieces of art when many people around the world live in poverty?,https://www.ielts-blog.com/ielts-writing-samples/ielts-essays-band-9/ielts-essay-topic-is-it-acceptable-that-enormous-sums-are-paid-for-pieces-of-art-when-many-people-around-the-world-live-in-poverty/,IELTS-Blog,274
1284,9.0,It is now common for people to change careers several times during their working lives. Why is this happening? Do you think it is a positive or a negative development?,https://www.cdieltsprep.com/writing-samples/changing-careers-several-times,CD IELTS Prep,309
1285,9.0,It is better to save money than to spend it. How far do you agree with this statement? Is saving more important than spending in today’s world.,https://writing9.com/text/66210db786c1fc00112d3064-it-is-better-to-save-money-than-to-spend-it-how-far-do-you-agree-with-this-statement-is-saving-more-,writing9.com,290
1286,9.0,Is learning a foreign language essential or a waste of time (opinion)?,https://www.ielts-blog.com/ielts-writing-samples/ielts-essays-band-9/ielts-essay-topic-is-learning-a-foreign-language-essential-or-a-waste-of-time-opinion/,IELTS-Blog,339
1287,9.0,"Large quantities of plastic waste end up in the world's oceans every year. What do you think are the main reasons for this, and what could be done to address the situation?",https://www.cdieltsprep.com/writing-samples/ocean-plastic-waste-causes-and-solutions,CD IELTS Prep,302
1288,9.0,"It is common aspiration among many young people to run their own business, rather than work for an employer. Do you think the advantages of working for yourself outweigh the drawbacks?",https://writing9.com/text/66616906a8fb9b0011ffde66-it-is-common-aspiration-among-many-young-people-to-run-their-own-business-rather-than-work-for-an-em,writing9.com,314
1289,9.0,Is studying at university better than getting a job straight after school (opinion)?,https://www.ielts-blog.com/ielts-writing-samples/ielts-essays-band-9/ielts-essay-topic-studying-at-university-better-than-getting-job-after-school-opinion/,IELTS-Blog,330
1290,9.0,"Many companies now allow their staff to work from home for most of the week. Some people think this arrangement benefits employees, while others argue that it harms teamwork and the training of younger staff. Discuss both views and give your own opinion.",https://www.cdieltsprep.com/writing-samples/remote-working-employees-versus-teams,CD IELTS Prep,312
1291,9.0,Is using physical force to discipline children acceptable (opinion)?,https://www.ielts-blog.com/ielts-writing-samples/ielts-essays-band-9/ielts-essay-topic-is-using-physical-force-to-discipline-children-acceptable-opinion/,IELTS-Blog,364
1292,9.0,"Many countries invest heavily in training doctors, engineers and other skilled professionals, only for large numbers of them to emigrate soon after qualifying. Why does this happen, and what measures could reduce it?",https://www.cdieltsprep.com/writing-samples/skilled-graduates-emigration-brain-drain,CD IELTS Prep,312
1293,9.0,"It is important for everyone, including young people, to save money for their future. To what extent do you agree or disagree with this statement?",https://writing9.com/text/678028af2bd9350011ea060f-it-is-important-for-everyone-including-young-people-to-save-money-for-their-future-to-what-extent-do,writing9.com,276
1294,9.0,Libraries are not a necessity anymore because of the digital resources available today (agree/disagree),https://www.ielts-blog.com/ielts-writing-samples/ielts-essays-band-9/ielts-essay-topic-libraries-are-not-a-necessity-anymore-because-of-the-digital-resources-available-today-agree-disagree/,IELTS-Blog,397
1295,9.0,Many countries spend large amounts of public money on hosting international sporting events. Some people believe that this money is wasted. To what extent do you agree or disagree?,https://www.cdieltsprep.com/writing-samples/public-money-hosting-international-sporting-events,CD IELTS Prep,303
1296,9.0,It is the responsibility of individuals to save and provide for their own retirement. Governments have no obligation to provide this benefit. To what extent do you agree or disagree with this statement? Give reasons for your answer and include any relevant examples from your knowledge or experience.,https://writing9.com/text/6a0c4d9c312e6c0011a3ef46-it-is-the-responsibility-of-individuals-to-save-and-provide-for-their-own-retirement-governments-hav,writing9.com,337
1297,9.0,Only people over 18 years old should be allowed to use social media (agree/disagree),https://www.ielts-blog.com/ielts-writing-samples/ielts-essays-band-9/ielts-essay-topic-only-people-over-18-years-old-should-be-allowed-to-use-social-media-agree-disagree/,IELTS-Blog,257
1298,9.0,Many developing countries have built their economies around large-scale international tourism. Do the advantages of this approach outweigh the disadvantages?,https://www.cdieltsprep.com/writing-samples/mass-tourism-developing-economies,CD IELTS Prep,301
1299,9.0,"It is widely believed that children of different levels of intelligence should be taught together, while others think that more intelligent children should be taught separately. Discuss and present your opinion.",https://writing9.com/text/6669772897bdf800129b30ec-it-is-widely-believed-that-children-of-different-levels-of-intelligence-should-be-taught-together-wh,writing9.com,345
1300,9.0,People today find their lives more and more dominated by their jobs (agree/disagree),https://www.ielts-blog.com/ielts-writing-samples/ielts-essays-band-9/ielts-essay-topic-people-today-find-their-lives-dominated-by-jobs-agree-disagree/,IELTS-Blog,302
1301,9.0,"Many major museums hold objects that were removed from other countries in the past. Some people believe these objects should be returned to their countries of origin, while others argue they are better preserved and more widely seen where they are. Discuss both views and give your own opinion.",https://www.cdieltsprep.com/writing-samples/museum-artefacts-return-or-retain,CD IELTS Prep,338
1302,9.0,"Many manufactured food and drink products contain high levels of sugar, which causes many health problems. Sugary products should be made more expensive to encourage people to consume less sugar. Do you agree or disagree?",https://writing9.com/text/66533f539000ba001112ccf6-many-manufactured-food-and-drink-products-contain-high-levels-of-sugar-which-causes-many-health-prob,writing9.com,351
1303,9.0,Schoolchildren today take part in short work experience sessions instead of school (positive/negative),https://www.ielts-blog.com/ielts-writing-samples/ielts-essays-band-9/ielts-essay-topic-schoolchildren-today-take-part-in-short-work-experience-sessions-instead-of-school-positive-negative/,IELTS-Blog,372
1304,9.0,Many patients do not follow the advice they are given by their doctors. Why does this happen? What are the consequences of this behaviour?,https://www.cdieltsprep.com/writing-samples/patients-ignoring-medical-advice,CD IELTS Prep,333
1305,9.0,Many people believe that the current system of both teachers and students in the classroom will no longer exist by the year 2050. To what extent do you agree with this opinion?,https://writing9.com/text/664b76f2409a80001187aad1-many-people-believe-that-the-current-system-of-both-teachers-and-students-in-the-classroom-will-no-l,writing9.com,266
1306,9.0,Should boys and girls be educated separately (opinion)?,https://www.ielts-blog.com/ielts-writing-samples/ielts-essays-band-9/ielts-essay-topic-should-boys-and-girls-be-educated-separately-opinion/,IELTS-Blog,322
1307,9.0,Many people now decide where to go on holiday because of photographs and videos they have seen on social media. Do you think this is a positive or a negative development?,https://www.cdieltsprep.com/writing-samples/holidays-chosen-from-social-media,CD IELTS Prep,360
1308,9.0,Many scientists believe that now we can study the behavior of a three-years-old child to see whether they will grow up to be criminals.To what extend do you think crime is determined by human nature?Is it possible to stop children from going up to be criminals?,https://writing9.com/text/6537d8ae7f00d10013d5e979-many-scientists-believe-that-now-we-can-study-the-behavior-of-a-three-years-old-child-to-see-whether,writing9.com,368
1309,9.0,"Should copyright materials such as music, films and books be freely available on the Internet (opinion)?",https://www.ielts-blog.com/ielts-writing-samples/ielts-essays-band-9/ielts-essay-topic-should-copyright-materials-such-as-music-films-and-books-be-freely-available-on-the-internet-opinion/,IELTS-Blog,349
1310,9.0,"Many people with physical disabilities find it difficult to travel for pleasure, even within their own country. What problems do they face, and what measures could be taken to make travel easier for them?",https://www.cdieltsprep.com/writing-samples/travel-for-people-with-disabilities,CD IELTS Prep,366
1311,9.0,Many university students want to learn about different subjects in addition to their main subjects. Others feel it is more important to give all their time and attention to studying for their qualification.,https://writing9.com/text/66062598fbd01600110bfa8d-many-university-students-want-to-learn-about-different-subjects-in-addition-to-their-main-subjects-o,writing9.com,308
1312,9.0,Should governments impose extra taxes to restrict tourism in order to reduce pollution?,https://www.ielts-blog.com/ielts-writing-samples/ielts-essays-band-9/ielts-essay-topic-should-governments-impose-extra-taxes-to-restrict-tourism-in-order-to-reduce-pollution/,IELTS-Blog,306
1313,9.0,"Most people are now aware of the environmental damage caused by air travel, yet the number of flights taken each year continues to rise. Why do people keep flying? What should be done about this?",https://www.cdieltsprep.com/writing-samples/flying-despite-environmental-cost,CD IELTS Prep,308
1314,9.0,Many young people leave school with negative attitudes towards learning. What are the causes？How to encourage young people to study？,https://writing9.com/text/672b6fe795547e001294190c-many-young-people-leave-school-with-negative-attitudes-towards-learning-what-are-the-causeshow-to-en,writing9.com,309
1315,9.0,Should governments or teachers be responsible for what is to be taught in schools (opinion)?,https://www.ielts-blog.com/ielts-writing-samples/ielts-essays-band-9/ielts-essay-topic-should-governments-or-teachers-be-responsible-for-what-is-to-be-taught-in-schools-opinion/,IELTS-Blog,340
1316,9.0,"Most people now receive their news through social media rather than through newspapers or broadcasters. Some believe this has made public debate more open, while others think it has left people less well informed. Discuss both views and give your own opinion.",https://www.cdieltsprep.com/writing-samples/social-media-as-a-news-source,CD IELTS Prep,312
1317,9.0,"Nowadays environmental problems are too big to be managed by individual persons or individual countries. In other words, it is an international problem. To what extent do you agree or disagree?",https://writing9.com/text/66e45e99ac434e0014cbd50a-nowadays-environmental-problems-are-too-big-to-be-managed-by-individual-persons-or-individual-countr,writing9.com,267
1318,9.0,"Since obesity may be caused by fast food, should the government put a tax on fast food?",https://www.ielts-blog.com/ielts-writing-samples/ielts-essays-band-9/ielts-essay-topic-since-obesity-may-be-caused-by-fast-food-should-the-government-put-a-tax-on-fast-food/,IELTS-Blog,360
1319,9.0,News organisations sometimes publish stories that later turn out to be false. Some people believe that the law should require corrections to be given the same prominence as the original story. To what extent do you agree or disagree?,https://www.cdieltsprep.com/writing-samples/legal-duty-to-publish-prominent-corrections,CD IELTS Prep,324
1320,9.0,"Nowadays, many people choose to be self-employed, rather than to work for a company or oganisation. Why might be the case? What could be the disadvantages of being self-employed?",https://writing9.com/text/6651b8ac58d61c001273a982-nowadays-many-people-choose-to-be-self-employed-rather-than-to-work-for-a-company-or-oganisation-why,writing9.com,329
1321,9.0,Some parents think that children must do house chores (opinion),https://www.ielts-blog.com/ielts-writing-samples/ielts-essays-band-9/ielts-essay-topic-some-parents-think-that-children-must-do-house-chores-opinion/,IELTS-Blog,313
1322,9.0,People in many countries now depend heavily on their smartphones. Why has this happened? What effects does this dependence have on individuals and on society?,https://www.cdieltsprep.com/writing-samples/smartphone-dependence-causes-and-effects,CD IELTS Prep,303
1323,9.0,Nowadays the way many people interact with each other has changed because of technology. In what ways has technology affected the types of relationships that people make? Has this been a positive or negative development?,https://writing9.com/text/67702dbe708dba0012693ddb-nowadays-the-way-many-people-interact-with-each-other-has-changed-because-of-technology-in-what-ways,writing9.com,311
1324,9.0,Some people believe that the problem of illegal drugs can be solved by legalising all drugs (agree/disagree),https://www.ielts-blog.com/ielts-writing-samples/ielts-essays-band-9/ielts-essay-topic-some-people-believe-that-the-problem-of-illegal-drugs-can-be-solved-by-legalising-all-drugs-agree-disagree/,IELTS-Blog,332
1325,9.0,"Some cities have made all public transport free to use, paying for it through taxation instead of fares. Do you think this is a positive or negative development?",https://www.cdieltsprep.com/writing-samples/fare-free-public-transport,CD IELTS Prep,354
1326,9.0,People who decide on a career path early in their lives and keep to it are more likely to have a satisfying working life than those who change jobs frequently. To what extent do you agree or disagree?,https://writing9.com/text/676c29e29e9ed40011e83755-people-who-decide-on-a-career-path-early-in-their-lives-and-keep-to-it-are-more-likely-to-have-a-sat,writing9.com,264
1327,9.0,Some people like to own their home while others prefer to rent it (discuss),https://www.ielts-blog.com/ielts-writing-samples/ielts-essays-band-9/ielts-essay-topic-some-people-like-to-own-home-others-prefer-renting/,IELTS-Blog,345
1328,9.0,"Some countries are considering reducing the standard working week from five days to four, with no reduction in pay. Do the advantages of this change outweigh the disadvantages?",https://www.cdieltsprep.com/writing-samples/four-day-working-week,CD IELTS Prep,325
1329,9.0,"Public transportation is a great way to travel, particularly within a metropolis. The metro is the most convenient way to get around a city. Do you agree or disagree?",https://writing9.com/text/65c319e439d16a00126ceddc-public-transportation-is-a-great-way-to-travel-particularly-within-a-metropolis-the-metro-is-the-mos,writing9.com,285
1330,9.0,"Some people think that sport in schools is a waste of time and resources, while others believe it is a vital part of education (opinion)",https://www.ielts-blog.com/ielts-writing-samples/ielts-essays-band-9/ielts-essay-topic-some-people-think-that-sport-in-schools-is-a-waste-of-time-and-resources-while-others-believe-it-is-a-vital-part-of-education-opinion/,IELTS-Blog,294
1331,9.0,Some governments are moving ministries and other public bodies out of the capital city to smaller towns and regions. Do the advantages of this policy outweigh the disadvantages?,https://www.cdieltsprep.com/writing-samples/relocating-government-bodies-from-capital,CD IELTS Prep,339
1332,9.0,Research indicates that the characteristics we are born with have much more influence on our personality and development than any experiences we may have in our life. Which do you consider to be the major influence? Give reasons for your answer and include any relevant examples from your own knowledge or experience.,https://writing9.com/text/66c43befecdb6e00120eaab7-research-indicates-that-the-characteristics-we-are-born-with-have-much-more-influence-on-our-persona,writing9.com,288
1333,9.0,The advantages and disadvantages of high-rise apartment living,https://www.ielts-blog.com/ielts-writing-samples/ielts-essays-band-9/ielts-essay-topic-high-rise-apartment-living-advantages-disadvantages/,IELTS-Blog,319
1334,9.0,Some governments now fund university places only in subjects that lead directly to employment. To what extent do you agree or disagree?,https://www.cdieltsprep.com/writing-samples/university-funding-employment-outcomes,CD IELTS Prep,321
1335,9.0,"Schools are no longer necessary, because children can get so much information available through Internet, and they can study just as well at home. What extent do you agree or disagree?",https://writing9.com/text/678f0e56c604e10011897199-schools-are-no-longer-necessary-because-children-can-get-so-much-information-available-through-inter,writing9.com,262
1336,9.0,The majority of former prisoners commit further crime after their release (reasons and solutions),https://www.ielts-blog.com/ielts-writing-samples/ielts-essays-band-9/ielts-essay-topic-the-majority-of-former-prisoners-commit-further-crime-after-their-release-reasons-and-solutions/,IELTS-Blog,302
1337,9.0,Some people argue that offenders who have committed non-violent crimes should serve their sentences in the community rather than in prison. To what extent do you agree or disagree?,https://www.cdieltsprep.com/writing-samples/community-sentences-for-non-violent-crime,CD IELTS Prep,330
1338,9.0,"Should a city try to preserve its old, historic buildings or destroy them and replace them with modern buildings? Use specific reasons and examples to support your opinion.",https://writing9.com/text/6933d8d9cf3248001196399e-should-a-city-try-to-preserve-its-old-historic-buildings-or-destroy-them-and-replace-them-with-moder,writing9.com,273
1339,9.0,"The number of advertisements for charities is increasing, what is causing this?",https://www.ielts-blog.com/ielts-writing-samples/ielts-essays-band-9/ielts-essay-topic-the-number-of-advertisements-for-charities-is-increasing-what-is-causing-this/,IELTS-Blog,315
1340,9.0,Some people believe that governments should place a heavy tax on foods that are high in sugar and fat in order to improve public health. To what extent do you agree or disagree?,https://www.cdieltsprep.com/writing-samples/taxing-sugar-and-fat-for-public-health,CD IELTS Prep,337
1341,9.0,Some children spend hours every day on their smartphones. Why is this the case? Do you think this is a positive or a negative development?,https://writing9.com/text/66560ddfe3785200114ae63b-some-children-spend-hours-every-day-on-their-smartphones-why-is-this-the-case-do-you-think-this-is-a,writing9.com,261
1342,9.0,There is a moral necessity for the richer countries to help the poorer countries (agree/disagree),https://www.ielts-blog.com/ielts-writing-samples/ielts-essays-band-9/ielts-essay-topic-there-is-moral-necessity-rich-countries-help-poor-agree-disagree/,IELTS-Blog,288
1343,9.0,Some people believe that individual efforts to live more sustainably achieve nothing while governments fail to regulate polluting industries. To what extent do you agree or disagree?,https://www.cdieltsprep.com/writing-samples/individual-action-versus-climate-regulation,CD IELTS Prep,315
1344,9.0,some children spend hours every day on their smartphones. why is this the case? do you think this is a positive or negative development?,https://writing9.com/text/672a117a9a9b4200113e40b2-some-children-spend-hours-every-day-on-their-smartphones-why-is-this-the-case-do-you-think-this-is-a,writing9.com,272
1345,9.0,Traffic on roads has become a problem in nearly every country in the world (solutions),https://www.ielts-blog.com/ielts-writing-samples/ielts-essays-band-9/ielts-essay-topic-traffic-on-roads-has-become-problem-solutions/,IELTS-Blog,276
1346,9.0,Some people believe that newspapers and websites should be free to publish stories about the private lives of famous people. Others think that famous people have the same right to privacy as anyone else. Discuss both views and give your own opinion.,https://www.cdieltsprep.com/writing-samples/press-reporting-private-lives-of-the-famous,CD IELTS Prep,353
1347,9.0,"Some people believe famous people’s support toward international aid organizations draws attention to problems, while others think celebrities make the problems less important. Discuss both views and give your opinions",https://writing9.com/text/65ec7302b9261900117bab69-some-people-believe-famous-peoples-support-toward-international-aid-organizations-draws-attention-to,writing9.com,356
1348,9.0,Unemployment payments encourage people not to seek work (opinion),https://www.ielts-blog.com/ielts-writing-samples/ielts-essays-band-9/ielts-essay-topic-unemployment-payments-encourage-people-not-to-seek-work-opinion/,IELTS-Blog,376
1349,9.0,Some people believe that private cars should be banned from the centres of large cities. To what extent do you agree or disagree?,https://www.cdieltsprep.com/writing-samples/banning-private-cars-from-city-centres,CD IELTS Prep,338
1350,9.0,"Some people believe that in the future, environmental problems will mean that we are unable to live on this planet. In order to survive, the human species will need to find another planet that can support life. To what extent do you agree or disagree with this opinion?",https://writing9.com/text/677977d52bd9350011e9f78d-some-people-believe-that-in-the-future-environmental-problems-will-mean-that-we-are-unable-to-live-o,writing9.com,372
1351,9.0,"What is the best motivation for workers – salary, job satisfaction or helping others?",https://www.ielts-blog.com/ielts-writing-samples/ielts-essays-band-9/ielts-essay-topic-what-is-the-best-motivation-for-workers-salary-job-satisfaction-or-helping-others/,IELTS-Blog,261
1352,9.0,Some people believe that voting in national elections should be compulsory for all adult citizens. To what extent do you agree or disagree?,https://www.cdieltsprep.com/writing-samples/compulsory-voting-in-national-elections,CD IELTS Prep,326
1353,9.0,Some people believe that increasing tax on various industries will reduce pollution whereas others believe that there are better ways. Discuss both views and give your opinion.,https://writing9.com/text/653642423e8baa0012b51514-some-people-believe-that-increasing-tax-on-various-industries-will-reduce-pollution-whereas-others-b,writing9.com,291
1354,9.0,"With the scale of globalisation today, it would be best to have a single world currency (agree/disagree)",https://www.ielts-blog.com/ielts-writing-samples/ielts-essays-band-9/ielts-essay-topic-with-the-scale-of-globalisation-today-it-would-be-best-to-have-a-single-world-currency-agree-disagree/,IELTS-Blog,301
1355,9.0,Some people think that all advertising aimed at children under the age of twelve should be banned. To what extent do you agree or disagree?,https://www.cdieltsprep.com/writing-samples/banning-advertising-aimed-at-young-children,CD IELTS Prep,324
1356,9.0,"Some people believe that modern technology is increasing the gap between rich and poor, while others disagree and say that it is helping reduce the gap. Discuss both views and give your own opinion.",https://writing9.com/text/668258bc8077b700112b5ab2-some-people-believe-that-modern-technology-is-increasing-the-gap-between-rich-and-poor-while-others-,writing9.com,327
1357,9.0,"Women, not men, should stay at home to care for children (agree/disagree)",https://www.ielts-blog.com/ielts-writing-samples/ielts-essays-band-9/ielts-essay-topic-women-not-men-should-stay-at-home-care-for-children/,IELTS-Blog,334
1358,9.0,Some people think that children should not be allowed to own a smartphone until they start secondary school. To what extent do you agree or disagree?,https://www.cdieltsprep.com/writing-samples/smartphones-before-secondary-school,CD IELTS Prep,330
1359,9.0,Some people believe that nowadays we have too many choices. Topic: information/ business/ choices To what extent do you agree or disagree with this statement?,https://writing9.com/text/6648de67f23a8f001141f307-some-people-believe-that-nowadays-we-have-too-many-choices-topic-information-business-choices-to-wha,writing9.com,276
1360,9.0,"Some schools teach children of all abilities together in the same class, while others divide students into groups according to how well they perform. Discuss both approaches and give your own opinion.",https://www.cdieltsprep.com/writing-samples/mixed-ability-classes-versus-streaming,CD IELTS Prep,336
1361,9.0,Some people believe that planing for the future is a waste of time because they think that focusing on the present is more important. To what extent do you agree or disagree. Angsa,https://writing9.com/text/6798f450c604e1001189833b-some-people-believe-that-planing-for-the-future-is-a-waste-of-time-because-they-think-that-focusing-,writing9.com,260
1362,9.0,"Streaming platforms have largely replaced scheduled television and, for many people, trips to the cinema. Discuss the advantages and disadvantages of this change.",https://www.cdieltsprep.com/writing-samples/streaming-replacing-television-cinema,CD IELTS Prep,340
1363,9.0,Some people believe that technology has made man more social. To what extent do you agree or disagree with this opinion?,https://writing9.com/text/66829519380917001289a21d-some-people-believe-that-technology-has-made-man-more-social-to-what-extent-do-you-agree-or-disagree,writing9.com,332
1364,9.0,"Traditional crafts such as weaving, pottery and woodcarving are dying out in many parts of the world. Why is this happening? Do you think it is important to keep these skills alive?",https://www.cdieltsprep.com/writing-samples/traditional-crafts-dying-out,CD IELTS Prep,368
1365,9.0,"Some people believe that unpaid community service should be compulsory in high school programmes (for example, working for a charity, improving the neighbourhood or teaching sports to younger children). Do you agree or disagree?",https://writing9.com/text/65213e7af6b266001245e4bf-some-people-believe-that-unpaid-community-service-should-be-compulsory-in-high-school-programmes-for,writing9.com,267
1366,9.0,"Traffic congestion is becoming worse in many rapidly growing cities. What do you think are the causes of this, and what solutions could be introduced?",https://www.cdieltsprep.com/writing-samples/urban-traffic-congestion-solutions,CD IELTS Prep,305
1367,9.0,Some people claim that museums and art galleries are not needed today because everyone can see historical objects or art works by computer. To what extent do you agree or disagree?,https://writing9.com/text/65c166922d0c430011eb5aee-some-people-claim-that-museums-and-art-galleries-are-not-needed-today-because-everyone-can-see-histo,writing9.com,324
1368,9.0,"When children behave badly, some people believe that their parents rather than their schools should be held responsible. To what extent do you agree or disagree?",https://www.cdieltsprep.com/writing-samples/parents-or-schools-responsible-for-behaviour,CD IELTS Prep,300
1369,9.0,Some people feel that the legal age at which people can marry should be at least 21. To what extent do you agree or disagree?,https://writing9.com/text/6607162e290bcd0011bf6729-some-people-feel-that-the-legal-age-at-which-people-can-marry-should-be-at-least-21-to-what-extent-d,writing9.com,302
1370,9.0,Some people prefer to eat at food stands or restaurants. Other people prefer to prepare and eat food at home. Which do you prefer? Use specific reasons and examples to support your answer.,https://writing9.com/text/66925078c106010011b87e58-some-people-prefer-to-eat-at-food-stands-or-restaurants-other-people-prefer-to-prepare-and-eat-food-,writing9.com,276
1371,9.0,Some people prefer to eat at food stands or restaurants. Other people prefer to prepare and eat food at home. Which do you prefer?,https://writing9.com/text/665b18ea0442ea001278edce-some-people-prefer-to-eat-at-food-stands-or-restaurants-other-people-prefer-to-prepare-and-eat-food-,writing9.com,331
1372,9.0,some people said professionals such as doctors or engineers should be required to work in the country where they did their training while other said they should be free to work in another country,https://writing9.com/text/66278973d277db001139ba30-some-people-said-professionals-such-as-doctors-or-engineers-should-be-required-to-work-in-the-countr,writing9.com,253
1373,9.0,Some people sat that it is a good idea to socialise with work colleagues during evenings and/or weekends. Other people think it is important to keep working life completely separate from social life. Discuss both the views and give your own opinion.,https://writing9.com/text/6527ffb3442ffe0012a6682c-some-people-sat-that-it-is-a-good-idea-to-socialise-with-work-colleagues-during-evenings-andor-weeke,writing9.com,301
1374,9.0,Some people say that music is a good way of bringing people of different cultures and ages together. To what extent do you agree or disagree with this opinion?,https://writing9.com/text/66505a26409a80001187b8f1-some-people-say-that-music-is-a-good-way-of-bringing-people-of-different-cultures-and-ages-together-,writing9.com,261
1375,9.0,"Some people say that parents have the most important role in a child development. However, others argue that other things like Television or friends have the most significant influence. Discuss both views and give your opinion.",https://writing9.com/text/666c091997bdf800129b3905-some-people-say-that-parents-have-the-most-important-role-in-a-child-development-however-others-argu,writing9.com,577
1376,9.0,Some people say that the best way to improve public health is by increasing the number of sports facilities.other however say that this would have little effect on public health and other majores are required.discuss both this view and give yourown opinion.,https://writing9.com/text/6aa8376b1826230011528711-some-people-say-that-the-best-way-to-improve-public-health-is-by-increasing-the-number-of-sports-fac,writing9.com,309
1377,9.0,Some people say that the main environmental problem of our times is the loss of particular species of plants and animals. Others say that there are more important environmental problems. Discuss both these views and give your opinion.,https://writing9.com/text/6605640efbd01600110bf873-some-people-say-that-the-main-environmental-problem-of-our-times-is-the-loss-of-particular-species-o,writing9.com,257
1378,9.0,Some people say that the main environmental problem of our time is the loss of particular species of plants and animals. Others say that there are more important environmental problems. Discuss both these views and give your own opinion.,https://writing9.com/text/664f660b409a80001187b68f-some-people-say-that-the-main-environmental-problem-of-our-time-is-the-loss-of-particular-species-of,writing9.com,306
1379,9.0,Some people think that government funding for schools should be spent on science subjects rather than on other subjects. To what extent do you agree or disagree?,https://writing9.com/text/67958fa5c604e10011897d5b-some-people-think-that-government-funding-for-schools-should-be-spent-on-science-subjects-rather-tha,writing9.com,273
1380,9.0,"Some people think that human needs for farmland, housing, and industry are more important than saving land for endangered animals. Do you agree or disagree with this point of view?",https://writing9.com/text/66f11748518ab60011f673de-some-people-think-that-human-needs-for-farmland-housing-and-industry-are-more-important-than-saving-,writing9.com,310
1381,9.0,"Some people think that instead of preventing climate change, we need to find a way to live with it. To what extent do you agree or disagree?",https://writing9.com/text/66dc5e3354b6d70012ec400d-some-people-think-that-instead-of-preventing-climate-change-we-need-to-find-a-way-to-live-with-it-to,writing9.com,313
1382,9.0,"Some people think that paying taxes is a big enough contribution to society, while others think people have more responsibilities as a member of society than only paying taxes. Discuss both views and give your opinion.",https://writing9.com/text/65153c2ebc1bf2001855b815-some-people-think-that-paying-taxes-is-a-big-enough-contribution-to-society-while-others-think-peopl,writing9.com,255
1383,9.0,Some people think that planting trees in open space cities and towns is more important than building houses. To what extent do you agree or disagree?,https://writing9.com/text/66544d05ffd31a00118caea6-some-people-think-that-planting-trees-in-open-space-cities-and-towns-is-more-important-than-building,writing9.com,284
1384,9.0,Some people think that schools are too competitive and that this has a negative impact on children. Others believe the competitive environment encourages children to achieve.,https://writing9.com/text/6662c6bf2715ef001110880c-some-people-think-that-schools-are-too-competitive-and-that-this-has-a-negative-impact-on-children-o,writing9.com,317
1385,9.0,"Some people think that strict punishments for driving offenses are the key to reducing traffic accidents. Others, however, believe that other measures would be more effective in improving road safety. Discuss both these views and give your own opinion.",https://writing9.com/text/677b56c72bd9350011e9fb08-some-people-think-that-strict-punishments-for-driving-offenses-are-the-key-to-reducing-traffic-accid,writing9.com,272
1386,9.0,Some people think that teachers are no longer needed because students can study via the Internet. To what extent do you agree or disagree?,https://writing9.com/text/6630250283c4190011def793-some-people-think-that-teachers-are-no-longer-needed-because-students-can-study-via-the-internet-to-,writing9.com,322
1387,9.0,Some people think that the amount of money spent on library is a waste as a new technologies are developing and replacing library functions. Do you agree or disagree?,https://writing9.com/text/66069e55fbd01600110bfb8f-some-people-think-that-the-amount-of-money-spent-on-library-is-a-waste-as-a-new-technologies-are-dev,writing9.com,365
1388,9.0,"Some people think that the increase in the number of obese people should be the responsibility of the governments, while other think it should be the responsibility of individuals. Discuss both sides and give your opinion",https://writing9.com/text/677682b72bd9350011e9f17f-some-people-think-that-the-increase-in-the-number-of-obese-people-should-be-the-responsibility-of-th,writing9.com,292
1389,9.0,"Some people think that to lead a successful life, a university degree is important. Others believe that this is no longer true nowadays. Discuss both views and give your opinion.",https://writing9.com/text/6783ef1d2bd9350011ea0e87-some-people-think-that-to-lead-a-successful-life-a-university-degree-is-important-others-believe-tha,writing9.com,281
1390,9.0,"Some schools are very strict about their school uniforms and the appearance of their pupils, while other schools have a very relaxed dress code. What are the advantages and disadvantages of children of having a school uniform?",https://writing9.com/text/6606b476fbd01600110bfbf5-some-schools-are-very-strict-about-their-school-uniforms-and-the-appearance-of-their-pupils-while-ot,writing9.com,347
1391,9.0,Some university students want to learn about other subjects in addition to their main subjects. Others believe it is more important to give all their time and attention to studying for a qualification. Discuss both these views and give your opinion. Give reasons for your answer and include any relevant example for your own knowledge or experience.,https://writing9.com/text/6604190d44fe0e0011c0be51-some-university-students-want-to-learn-about-other-subjects-in-addition-to-their-main-subjects-other,writing9.com,264
1392,9.0,The best way to solve the world’s environmental problems is to increase the cost of fuel. Do you agree or disagree with this view?,https://writing9.com/text/6662e8842715ef001110889c-the-best-way-to-solve-the-worlds-environmental-problems-is-to-increase-the-cost-of-fuel-do-you-agree,writing9.com,279
1393,9.0,"The cheaper availability of international transport means that more people are able to travel abroad these days. It is claimed that this is improving understanding among the world’s population. However, others believe it is better to use mass media to find out about more about the world. Discuss both views and give your own opinion. Give reasons for your answer and include any relevant examples from your own knowledge or experience.",https://writing9.com/text/674741852530eb001171afe8-the-cheaper-availability-of-international-transport-means-that-more-people-are-able-to-travel-abroad,writing9.com,253
1394,9.0,The crime rate nowadays is decreasing compared to the past due to advanced technology which can prevent and solve the crime. Do you agree or disagree?,https://writing9.com/text/667d1db43a9274001120f075-the-crime-rate-nowadays-is-decreasing-compared-to-the-past-due-to-advanced-technology-which-can-prev,writing9.com,382
1395,9.0,The most importan aim of science is to should be to improve people's life. To what extent do you agree or disagree with this estatement.,https://writing9.com/text/6594eded07eb1c0011bcbd96-the-most-importan-aim-of-science-is-to-should-be-to-improve-peoples-life-to-what-extent-do-you-agree,writing9.com,293
1396,9.0,The population of major cities around the world is increasing very fastly. Why is this the case and what measures could be taken to solve this issue.,https://writing9.com/text/66bd75bdecdb6e00120e98a4-the-population-of-major-cities-around-the-world-is-increasing-very-fastly-why-is-this-the-case-and-w,writing9.com,272
1397,9.0,"The world is experiencing a dramatic increase in population. This is causing problems not only for poor, undeveloped countries, but also for industrialized and developing nations. Describe some of the problems that overpopulation causes, and suggestion least one possible solution.",https://writing9.com/text/66613142a8fb9b0011ffddb1-the-world-is-experiencing-a-dramatic-increase-in-population-this-is-causing-problems-not-only-for-po,writing9.com,294
1398,9.0,"There is a lot of pressure on young people today to succeed academically. As a result, some people believe that non-academic subjects, such as physical education and cookery, should be removed from the school syllabus so that children can concentrate on academic work. To what extent do you agree or disagree? Give reasons for your answer and include any relevant examples from your own knowledge and experience.",https://writing9.com/text/671e38c6771d91001120c411-there-is-a-lot-of-pressure-on-young-people-today-to-succeed-academically-as-a-result-some-people-bel,writing9.com,308
1399,9.0,"Throughout the history, people dream to live in a perfect society while they haven’t agree how the ideal society would be like. What is the most important element you think to make a perfect society? How do people do to achieving an ideal society?",https://writing9.com/text/653caa7036ad310012752696-throughout-the-history-people-dream-to-live-in-a-perfect-society-while-they-havent-agree-how-the-ide,writing9.com,331
1400,9.0,Virtual reality should be used as a tool for therapeutic interventions and mental health treatments. To what extent do you agree or disagree?,https://writing9.com/text/66f192cb518ab60011f67590-virtual-reality-should-be-used-as-a-tool-for-therapeutic-interventions-and-mental-health-treatments-,writing9.com,377
1401,6.0,"Even though globalization affects the world’s economy in a very positive way, its negative side should not be forgotten. Discuss.",https://www.ielts-blog.com/ielts-writing-samples/ielts-essays-band-6/ielts-essay-topic-the-positive-negative-side-of-globalization/,IELTS-Blog,154
1402,6.0,Financial education should be a mandatory component of the school program. To what extent do you agree or disagree with this statement?,https://www.ielts-blog.com/ielts-writing-samples/ielts-essays-band-6/ielts-essay-topic-financial-education-at-school/,IELTS-Blog,157
1403,6.0,Financial education should be a mandatory component of the school program. To what extent do you agree or disagree with this statement?,https://www.ielts-blog.com/ielts-writing-samples/ielts-essays-band-6/ielts-essay-topic-is-financial-education-at-school-a-must/,IELTS-Blog,171
1404,6.0,Art classes such as painting or drawing are important for children s development so it should be compulsory in high school.Do you agree or disagree,https://writing9.com/text/6aa2d09418262300115282fb-art-classes-such-as-painting-or-drawing-are-important-for-children-s-development-so-it-should-be-com,writing9.com,274
1405,6.0,"Nowadays, it is easier for young people to have a credit card compared to the past. Do the advantages of this trend outweigh the disadvantages?",https://writing9.com/text/6a8ce1ce8b43af001111c810-nowadays-it-is-easier-for-young-people-to-have-a-credit-card-compared-to-the-past-do-the-advantages-,writing9.com,314
1406,6.0,some people think that hosting an international sporting event is beneficial for a country while others disagree. Do the advantages of hosting major sporting events outweigh the disadvantages?,https://writing9.com/text/6a6f5c7563791b00118b2968-some-people-think-that-hosting-an-international-sporting-event-is-beneficial-for-a-country-while-oth,writing9.com,398
1407,6.0,"Some people think that parents should teach their children how to be good members of society. Others, however, believe that school is the best place to learn this. Discuss both views and give your own opinion.",https://writing9.com/text/6aa254f01826230011528291-some-people-think-that-parents-should-teach-their-children-how-to-be-good-members-of-society-others-,writing9.com,331
1408,6.0,"Traffic congestion in large cities is getting worse. What problems does this cause, and what solutions can address it?",https://writing9.com/text/6aaa65be18262300115288c1-traffic-congestion-in-large-cities-is-getting-worse-what-problems-does-this-cause-and-what-solutions,writing9.com,274
1409,6.0,University students are increasingly studying abroad as part of their studies. discuss both advantages and disadvantages.,https://writing9.com/text/6abac33d3be1dd001236d7d0-university-students-are-increasingly-studying-abroad-as-part-of-their-studies-discuss-both-advantage,writing9.com,238
1410,6.0,University students are increasingly studying abroad as part of their studies. Do the advantages of studying abroad overweighs the disadvantages?,https://writing9.com/text/6a90c85e8b43af001111cb27-university-students-are-increasingly-studying-abroad-as-part-of-their-studies-do-the-advantages-of-s,writing9.com,342
1411,6.0,Write an email to the manager of the moving company in about 150–200 words. Your email should: Explain why you chose the moving company and what services were promised. Describe the problems you experienced and how they affected you. Explain what you would like the company to do to resolve the situation.,https://writing9.com/text/6a94a1b18b43af001111ce0a-write-an-email-to-the-manager-of-the-moving-company-in-about-150200-words-your-email-should-explain-,writing9.com,194
1412,6.5,,https://ieltswritingcorrectionservice.com/ielts-task-2-sample-technology,IELTS Writing Correction Service,270
1413,6.5,,https://ieltswritingcorrectionservice.com/ielts-task-2-sample-education,IELTS Writing Correction Service,269
1414,6.5,Many elder people are no long look after their families but are put in care home and nursing homes.What are advantages and disadvantages of this .,https://writing9.com/text/6a9923858b43af001111d1ab-many-elder-people-are-no-long-look-after-their-families-but-are-put-in-care-home-and-nursing-homeswh,writing9.com,280
1415,6.5,"Nowadays, most of the information is available on the Internet, whereas in the past, knowledge was stored in books and on paper. Do you think the advantages of this situation outweigh its disadvantages?",https://writing9.com/text/6a7a974a5a8b010011bd84f6-nowadays-most-of-the-information-is-available-on-the-internet-whereas-in-the-past-knowledge-was-stor,writing9.com,330
1416,6.5,Some people have decided to reduce the number of times they fly every year or to stop flying altogether. Do you think the environmental benefits of this development outweigh the disadvantages for individuals and businesses? Give reasons for your answer and include any relevant examples from your own knowledge or experience.,https://writing9.com/text/6aa4070718262300115283e0-some-people-have-decided-to-reduce-the-number-of-times-they-fly-every-year-or-to-stop-flying-altoget,writing9.com,253
1417,6.5,"To what extent do the advantages of having an ageing population outweigh the disadvantages?In many countries, people are now living longer than ever before. Some people say an ageing population creates problems for governments. Other people think there are benefits if society has more elderly people. To what extent do the advantages of having an ageing population outweigh the disadvantages",https://writing9.com/text/6a7c60b05a8b010011bd85f0-to-what-extent-do-the-advantages-of-having-an-ageing-population-outweigh-the-disadvantagesin-many-co,writing9.com,267
1418,6.5,"today, more and more people use robots to do tasks at home and at work. Do you think it is a positive or negative development? Why?",https://writing9.com/text/6abb8c973be1dd001236d89b-today-more-and-more-people-use-robots-to-do-tasks-at-home-and-at-work-do-you-think-it-is-a-positive-,writing9.com,357
1419,6.5,"Today, more and more people use robots to do tasks at home and at work. Do you think it is a positive or negative development? Why?",https://writing9.com/text/6ab86c763be1dd001236d65f-today-more-and-more-people-use-robots-to-do-tasks-at-home-and-at-work-do-you-think-it-is-a-positive-,writing9.com,374
1420,6.5,"Today more and more tourists are visiting places where conditions are difficult, such as the Sahara desert or the Antarctic. What are the benefits and disadvantages for tourists who visit such places?",https://writing9.com/text/6abae6793be1dd001236d7e4-today-more-and-more-tourists-are-visiting-places-where-conditions-are-difficult-such-as-the-sahara-d,writing9.com,290
1421,6.5,"University students often focus on one subject. However, some people think that universities should encourage students to learn a range of other subjects. To what extent do you agree or disagree?",https://writing9.com/text/6ab9486d3be1dd001236d6b6-university-students-often-focus-on-one-subject-however-some-people-think-that-universities-should-en,writing9.com,270
1422,6.5,Water is a natural resource that should always be free. Governments should ban the sale of bottled water. To what extent do you agree or disagree?,https://writing9.com/text/6a7d20735a8b010011bd86a9-water-is-a-natural-resource-that-should-always-be-free-governments-should-ban-the-sale-of-bottled-wa,writing9.com,270
1423,6.5,"When students study a foreign language,,they should also study the culture and lifestyles of the people who speak the language. Do you agree or disagree?",https://writing9.com/text/6a9d84048b43af001111d4a4-when-students-study-a-foreign-languagethey-should-also-study-the-culture-and-lifestyles-of-the-peopl,writing9.com,255
1424,6.5,"With deforestation, urban development and illegal hunting, many animal species are becoming endangered as they lose their habitat and some are even threatened to the point of extinction. Do you think it is important to p",https://writing9.com/text/6aa303751826230011528318-with-deforestation-urban-development-and-illegal-hunting-many-animal-species-are-becoming-endangered,writing9.com,255
1425,6.5,"You wish to apply for a new college course, but you are unsure about the details posted on the college website. Write an email to the relevant person in admissions at the college, ask him, - in which course you are intrested in. - Course cost, duration, and subjects. -Deadline of application.",https://writing9.com/text/6a870dae8b43af001111c3bb-you-wish-to-apply-for-a-new-college-course-but-you-are-unsure-about-the-details-posted-on-the-colleg,writing9.com,216
1426,7.0,Nowadays managers and team leaders in different organizations are much younger compared to the past. What are the reasons for this? Is it a positive or negative development?,https://writing9.com/text/6ab475273be1dd001236d334-nowadays-managers-and-team-leaders-in-different-organizations-are-much-younger-compared-to-the-past-,writing9.com,351
1427,7.0,Some children spend hours every day on their smartphones. Why is this the case? Do you think this is a positive or a negative development,https://writing9.com/text/6a81fa858b43af001111bf8f-some-children-spend-hours-every-day-on-their-smartphones-why-is-this-the-case-do-you-think-this-is-a,writing9.com,275
1428,7.0,Some people say that all secondary and higher secondary school students should be taught how to manage money as it is an important skill. Do you agree or disagree with this argument?,https://writing9.com/text/6a5c4273d4eb7b0011b06014-some-people-say-that-all-secondary-and-higher-secondary-school-students-should-be-taught-how-to-mana,writing9.com,307
1429,7.0,Some people say that your first impressions when you meet someone are always right. To what extent do you agree with this statement?,https://writing9.com/text/6a76f139bee1e0001159e7b3-some-people-say-that-your-first-impressions-when-you-meet-someone-are-always-right-to-what-extent-do,writing9.com,345
1430,7.0,Some people think it is a good thing for senior managers to have much higher salaries than other workers in a company. To what extent do you agree or disagree?,https://writing9.com/text/6ac0fd7a3be1dd001236dcc8-some-people-think-it-is-a-good-thing-for-senior-managers-to-have-much-higher-salaries-than-other-wor,writing9.com,280
1431,7.0,Some people think it is a good thing for senior managers to have much higher salaries than other workers in a company. To what extent do you agree or disagree?,https://writing9.com/text/6abfe4db3be1dd001236dbe1-some-people-think-it-is-a-good-thing-for-senior-managers-to-have-much-higher-salaries-than-other-wor,writing9.com,262
1432,7.0,Some people think money is one of the most essential factors in promoting hapinness. Do you think people can be happy without much money? What other factors contribute towards happiness?,https://writing9.com/text/6a5986c1d4eb7b0011b05e71-some-people-think-money-is-one-of-the-most-essential-factors-in-promoting-hapinness-do-you-think-peo,writing9.com,268
1433,7.0,You have stayed at a friend’s house last weekend. You think you have left your watch there. Thank your friend describe your watch tell me what you want him to do write 150 words.,https://writing9.com/text/6a88f6588b43af001111c58e-you-have-stayed-at-a-friends-house-last-weekend-you-think-you-have-left-your-watch-there-thank-your-,writing9.com,201
1434,7.0,Young people who commit crimes should be treated in the same way as adults. To what extent do you agree or disagree?,https://writing9.com/text/6a6dd44963791b00118b2863-young-people-who-commit-crimes-should-be-treated-in-the-same-way-as-adults-to-what-extent-do-you-agr,writing9.com,344
1435,7.0,"Zoos are meant for entertainment at the cost of animals? right to roam around without restrictions. Therefore, Zoos should be banned. Discuss.",https://writing9.com/text/6aba91933be1dd001236d7b5-zoos-are-meant-for-entertainment-at-the-cost-of-animals-right-to-roam-around-without-restrictions-th,writing9.com,265
1436,7.5,,https://ieltswritingcorrectionservice.com/ielts-task-2-sample-technology,IELTS Writing Correction Service,278
1437,7.5,,https://ieltswritingcorrectionservice.com/ielts-task-2-sample-education,IELTS Writing Correction Service,287
1438,7.5,"Some people say government should give health care the first priorities, some others believe education is more important priorities to spend the taxpayers' money. Discuss both views and give your opinion.",https://writing9.com/text/6a9ba5e88b43af001111d380-some-people-say-government-should-give-health-care-the-first-priorities-some-others-believe-educatio,writing9.com,254
1439,7.5,"Surveillance cameras in banks, offices, shops and streets have been very successful in reducing crime in the workplace and public, but they are also took for their users to spy on people's private business. what problems do surveillance cameras create? what are the solutions?",https://writing9.com/text/6a788a04bee1e0001159e8dc-surveillance-cameras-in-banks-offices-shops-and-streets-have-been-very-successful-in-reducing-crime-,writing9.com,279
1440,7.5,The UN recentky celebrated its 70th anniversary. What benefits has it brought during this time? Do you think the UN will last another 70 years?,https://writing9.com/text/6aa180ef18262300115281e8-the-un-recentky-celebrated-its-70th-anniversary-what-benefits-has-it-brought-during-this-time-do-you,writing9.com,351
1441,7.5,The use of cashless payment methods is becoming dominant worldwide. Do the advantages outweigh the disadvantages?,https://writing9.com/text/6a6b64c263791b00118b26ed-the-use-of-cashless-payment-methods-is-becoming-dominant-worldwide-do-the-advantages-outweigh-the-di,writing9.com,252
1442,7.5,The working week should be shorter and workers should have a longer weekend.Do you agree or disagree?Give reasons for your answer and include any relevant examples from your own knowledge or experience.,https://writing9.com/text/6aa799f8182623001152867e-the-working-week-should-be-shorter-and-workers-should-have-a-longer-weekenddo-you-agree-or-disagreeg,writing9.com,289
1443,7.5,The working week should be shorter and workers should have a longer weekend. Do you agree or disagree?,https://writing9.com/text/6a8805798b43af001111c4af-the-working-week-should-be-shorter-and-workers-should-have-a-longer-weekend-do-you-agree-or-disagree,writing9.com,266
1444,7.5,These days it is much easier for many people to travel to different countries for tourism than in the past. Do the advantages of this development outweight the disadvantages?,https://writing9.com/text/6ab63c1b3be1dd001236d49b-these-days-it-is-much-easier-for-many-people-to-travel-to-different-countries-for-tourism-than-in-th,writing9.com,264
1445,7.5,"These days more people put their personal information, such as names, addresses and telephone numbers, online for everyday activities such as socialising on social networks or banking purposes. Do you think it is a positive or negative development?",https://writing9.com/text/6a58a491d4eb7b0011b05db6-these-days-more-people-put-their-personal-information-such-as-names-addresses-and-telephone-numbers-,writing9.com,310
1446,7.5,Today it is common practice for many business meetings and business training to take place online. Do the advantages of this new development outweigh the disadvantages?,https://writing9.com/text/6ab28d6e3be1dd001236d20a-today-it-is-common-practice-for-many-business-meetings-and-business-training-to-take-place-online-do,writing9.com,288
1447,7.5,Today many businesses do their meetings on line. This is a new trend. Give the advantages and disadvantages of this type of meeting.,https://writing9.com/text/6a5c1671d4eb7b0011b05fac-today-many-businesses-do-their-meetings-on-line-this-is-a-new-trend-give-the-advantages-and-disadvan,writing9.com,297
1448,7.5,"Today, more and more students are choosing to move to another country for their higher education studies. Do the benefits of studying abroad outweigh the problems associated with it? Give reasons for your answer and include any relevant examples from your own knowledge or experience.",https://writing9.com/text/6a568e54d4eb7b0011b05ba4-today-more-and-more-students-are-choosing-to-move-to-another-country-for-their-higher-education-stud,writing9.com,271
1449,7.5,Today more countries import food from different parts of the world. What are the advantages and disadvantages of this trend?,https://writing9.com/text/6a7aa71b5a8b010011bd84fc-today-more-countries-import-food-from-different-parts-of-the-world-what-are-the-advantages-and-disad,writing9.com,257
1450,7.5,Topic: It is the responsibility of individuals to save and provide for their own retirement. Governments have no obligation to provide this benefit. To what extent do you agree or disagree?,https://writing9.com/text/6a567af9d4eb7b0011b05b88-topic-it-is-the-responsibility-of-individuals-to-save-and-provide-for-their-own-retirement-governmen,writing9.com,401
1451,7.5,"With the increased global demand for oil and gas, undiscovered areas of the world should be opened up to access more resources. To what extent do you agree? Angsa",https://writing9.com/text/6a567d83d4eb7b0011b05b8d-with-the-increased-global-demand-for-oil-and-gas-undiscovered-areas-of-the-world-should-be-opened-up,writing9.com,283
1452,7.5,Your friend has been offered a place on a course at the university where you studied. He/She would like your advice about finding a place to live. Write an email to your friend. In your email * describe where you lived when you were a student at the university * recommend the best way for him/her to look for accomodation * warn him/her of mistakes students make when choosing accommodation,https://writing9.com/text/6a4b33abf1df6100115dbe7a-your-friend-has-been-offered-a-place-on-a-course-at-the-university-where-you-studied-heshe-would-lik,writing9.com,278
1453,8.0,The best way to reduce traffic accidents is to raise the age limit for younger drivers and to lower the age limit for elderly ones. Do you agree or disagree?,https://www.ielts-blog.com/ielts-writing-samples/ielts-essays-band-8/ielts-essay-topic-changing-drivers-age-limits-is-the-best-way-to-reduce-traffic-accidents-from-target-band-7-book/,IELTS-Blog,309
1454,8.0,The cost of public transport has been rapidly rising over the past decade. What are the reasons for this? What are some possible solutions?,https://www.ielts-blog.com/ielts-writing-samples/ielts-essays-band-8/ielts-essay-topic-cost-of-transport-rising-reasons-solutions/,IELTS-Blog,169
1455,8.0,The role of parents and family in the future success of a person is more important than knowledge and skills learnt at school. To what extent do you agree or disagree?,https://www.ielts-blog.com/ielts-writing-samples/ielts-essays-band-8/ielts-essay-topic-role-of-parents-family-in-future-success-agree-disagree/,IELTS-Blog,286
1456,8.0,"These days, many young people are not spending their weekends and holidays doing outdoor activities such as hiking or mountaineering. Why is that happening? How can they be encouraged to spend more time in the natural environment?",https://www.ielts-blog.com/ielts-writing-samples/ielts-essays-band-8/ielts-essay-topic-young-people-not-spending-weekends-outdoors-reasons-solutions/,IELTS-Blog,302
1457,8.0,Today children are spending much more time watching TV compared to the past. Why do you think this happens? Is this a positive or a negative change?,https://www.ielts-blog.com/ielts-writing-samples/ielts-essays-band-8/ielts-essay-topic-children-today-are-spending-more-time-watching-tv-than-in-the-past-is-it-a-positive-or-a-negative-change/,IELTS-Blog,285
1458,8.0,Today people are surrounded by advertising. This affects what people think is important and has a negative impact on people’s lives. To what extent do you agree or disagree?,https://www.ielts-blog.com/ielts-writing-samples/ielts-essays-band-8/ielts-essay-topic-advertising-affects-what-people-think-is-important-and-has-a-negative-effect-on-their-lives-agree-disagree/,IELTS-Blog,273
1459,8.0,Today’s young generation is facing many problems at school and at home. What are the problems? What can parents do to help their teenage children?,https://www.ielts-blog.com/ielts-writing-samples/ielts-essays-band-8/ielts-essay-topic-young-people-are-facing-problems-at-school-and-at-home-what-problems-and-how-can-parents-help/,IELTS-Blog,381
1460,8.0,"When a country develops its technology, the traditional skills and ways of life die out. It is pointless to try and keep them alive.To what extent do you agree or disagree with this opinion?",https://www.ielts-blog.com/ielts-writing-samples/ielts-essays-band-8/ielts-essay-topic-the-development-of-technology-causes-traditional-skills-to-die-out-agree-or-disagree/,IELTS-Blog,300
1461,8.0,"When new towns are planned, it is important to build more public parks or sports facilities than shopping centers for people to spend their free time. To what extent do you agree or disagree?",https://www.ielts-blog.com/ielts-writing-samples/ielts-essays-band-8/ielts-essay-topic-when-new-towns-are-planned-it-is-important-to-build-more-public-parks-or-sports-facilities-than-shopping-centers-agree-disagree/,IELTS-Blog,297
1462,8.0,"While recruiting a new employee, the employer should pay more attention to their personal qualities, rather than qualifications and experience. To what extent do you agree or disagree? Give your opinion and include relevant examples.",https://www.ielts-blog.com/ielts-writing-samples/ielts-essays-band-8/ielts-essay-topic-should-employers-pay-more-attention-to-personal-qualities-rather-than-qualifications/,IELTS-Blog,278
1463,8.0,Young people’s use of computers and mobile phones to communicate has a negative impact on their reading and writing skills. To what extent do you agree or disagree?,https://www.ielts-blog.com/ielts-writing-samples/ielts-essays-band-8/ielts-essay-topic-computers-mobile-phones-negatively-impact-reading-writing-agree-disagree/,IELTS-Blog,282
1464,8.0,"Some people think that schools should teach students according to their academic abilities, while others believe that it is better to have students with different abilities to study together. Discuss both views and give your own opinion.",https://writing9.com/text/6a0d17d0312e6c0011a3f026-some-people-think-that-schools-should-teach-students-according-to-their-academic-abilities-while-oth,writing9.com,285
1465,8.5,Describe advantages and disadvantages of public transport.,https://writing9.com/text/64f0ad31bd9f600018374371-describe-advantages-and-disadvantages-of-public-transport,writing9.com,327
1466,8.5,"In the future, nobody will buy printed newspapers or books because they will be able to read everything they want online without paying. To what extent do you agree or disagree with this statement.",https://writing9.com/text/64f69b2d0859610018afc85d-in-the-future-nobody-will-buy-printed-newspapers-or-books-because-they-will-be-able-to-read-everythi,writing9.com,288
1467,8.5,"It is important for everyone, including young people, to save money for their future. To what extent do you agree or disagree with this statement?",https://writing9.com/text/67724698708dba00126941dd-it-is-important-for-everyone-including-young-people-to-save-money-for-their-future-to-what-extent-do,writing9.com,280
1468,8.5,"Some people believe that it is best to accept a bad situation, such as an unsatisfactory job or shortage of money. Others argue that it is better to try and improve such situations. Discuss both these views and give your own opinion.",https://writing9.com/text/6787f218a23bad0012023723-some-people-believe-that-it-is-best-to-accept-a-bad-situation-such-as-an-unsatisfactory-job-or-short,writing9.com,385
1469,8.5,Some people say that it is better to work for a large company than a small one. Do you agree or disagree?,https://writing9.com/text/669bbe2617f00b0011c8665f-some-people-say-that-it-is-better-to-work-for-a-large-company-than-a-small-one-do-you-agree-or-disag,writing9.com,254
1470,8.5,"There are several factors that motivate people to stay in the workforce, and money is the most important factor. To what extent do you agree or disagree?",https://writing9.com/text/6662ca722715ef0011108823-there-are-several-factors-that-motivate-people-to-stay-in-the-workforce-and-money-is-the-most-import,writing9.com,344
1471,8.5,"Today our communications, medicine and transport systems all depend on computer technology. Our reliance on computer technology in these fields has created a dangerous situation. To what extent do you agree or disagree with this statement?",https://writing9.com/text/64f887fcbe90df001975002e-today-our-communications-medicine-and-transport-systems-all-depend-on-computer-technology-our-relian,writing9.com,275
1472,8.5,Wealthy countries should accept more refugees and provide them with basic assistance such as food and housing. To what extent do you agree or disagree?,https://writing9.com/text/660bf6f4143b1d0011539678-wealthy-countries-should-accept-more-refugees-and-provide-them-with-basic-assistance-such-as-food-an,writing9.com,282
1473,8.5,Wealthy countries should accept more refugees and provide them with basic assistance such as food and housing. To what extent do you agree or disagree?,https://writing9.com/text/64f08d58bd9f600018374343-wealthy-countries-should-accept-more-refugees-and-provide-them-with,writing9.com,255
1474,8.5,"Wealthy countries should acceptor refugees and provide them with basic assistance, such as food and housing. To what do you agree or disagree?",https://writing9.com/text/66f3c26b518ab60011f67af4-wealthy-countries-should-acceptor-refugees-and-provide-them-with-basic-assistance-such-as-food-and-h,writing9.com,256
1475,8.5,What are the advantages of cheaper public transportation?,https://writing9.com/text/6504d092c7edc500186c5e86-what-are-the-advantages-of-cheaper-public-transportation,writing9.com,284
1476,8.5,Whether or not someone achieve their aims is mostly by a question of luck. To what extent do you agree or disagree?,https://writing9.com/text/66647bd62715ef0011108cfe-whether-or-not-someone-achieve-their-aims-is-mostly-by-a-question-of-luck-to-what-extent-do-you-agre,writing9.com,307
1477,8.5,"While people in developing countries are happier than in the past, people in developed countries are less happy. Why? What can be learnt from this?",https://writing9.com/text/64fdd1a8c2621d0018d11dbb-while-people-in-developing-countries-are-happier-than-in-the-past-people-in-developed-countries-are-,writing9.com,351
1478,8.5,With the development of modern society is the loss of traditional ways of life. Is it important to keep our traditional ways of life? How can this be achieved?,https://writing9.com/text/667b498b1031f400117e179d-with-the-development-of-modern-society-is-the-loss-of-traditional-ways-of-life-is-it-important-to-ke,writing9.com,330
1479,8.5,Young people are often influenced in their behaviors by others in the same age group. Some argue that peer pressure is important while others feel it has distinct disadvantages. Do the disadvantages of peer pressure outweigh the advantages?,https://writing9.com/text/650bd97b94b4d50018bd50f2-young-people-are-often-influenced-in-their-behaviors-by-others-in-the-same-age-group-some-argue-that,writing9.com,299
1480,8.5,Young people do not spend their holidays and weekends doing outdoor activities such as hiking and climbing in nature. Why is this? And how can we encourage them to go out?,https://writing9.com/text/64f6010d0859610018afc767-young-people-do-not-spend-their-holidays-and-weekends-doing-outdoor-activities-such-as-hiking-and-cl,writing9.com,271
1481,9.0,Should school children be given homework (opinion)?,https://www.ielts-blog.com/ielts-writing-samples/ielts-essays-band-9/ielts-essay-topic-should-school-children-be-given-homework-opinion/,IELTS-Blog,312
1482,9.0,,https://ieltswritingcorrectionservice.com/ielts-task-2-sample-technology,IELTS Writing Correction Service,303
1483,9.0,,https://ieltswritingcorrectionservice.com/ielts-task-2-sample-education,IELTS Writing Correction Service,305
1484,9.0,"In many countries, sports stars earn extremely high salaries. Some people believe that sports stars earn too much money, while others claim that they deserve their high salaries. Discuss both views and give your opinion.",https://writing9.com/text/67801e462bd9350011ea05fc-in-many-countries-sports-stars-earn-extremely-high-salaries-some-people-believe-that-sports-stars-ea,writing9.com,296
1485,9.0,Many young people leave school with negative attitudes towards learning. What are the causes？How to encourage young people to study？,https://writing9.com/text/67460a38057f5c001180d68e-many-young-people-leave-school-with-negative-attitudes-towards-learning-what-are-the-causeshow-to-en,writing9.com,301
1486,9.0,Research indicates that the characteristics we are born with have much more influence on our personality and development than any experiences we may have in our life. Which do you consider to be the major influence? Give reasons for your answer and include any relevant examples from your own knowledge or experience.,https://writing9.com/text/665d85ba0442ea001278f5f6-write-about-the-following-topic-research-indicates-that-the-characteristics-we-are-born-with-have-mu,writing9.com,278
1487,9.0,Some children spend hours every day on their smartphones. Why is this the case? Do you think this is a positive or a negative development?,https://writing9.com/text/66062773fbd01600110bfa90-some-children-spend-hours-every-day-on-their-smartphones-why-is-this-the-case-do-you-think-this-is-a,writing9.com,418
1488,9.0,What discovery in the last 100 years has been most beneficial for people in your country?,https://writing9.com/text/665afef70442ea001278ed86-what-discovery-in-the-last-100-years-has-been-most-beneficial-for-people-in-your-country,writing9.com,360
1489,9.0,"With the increased global demand for oil and gas, undiscovered areas of the world should be opened up to access more resources. To what extent do you agree? Angsa",https://writing9.com/text/679df8613ca513001113a175-with-the-increased-global-demand-for-oil-and-gas-undiscovered-areas-of-the-world-should-be-opened-up,writing9.com,296
1490,9.0,You recently ordered something online; when you opened the packet the product was damaged with which you were disappointed,https://writing9.com/text/6623e31dd277db001139b0c5-you-recently-ordered-something-online-when-you-opened-the-packet-the-product-was-damaged-with-which-,writing9.com,264
