id,band,task_type,topic,split,word_count,subscores,flags,source,source_no,source_url
B6-OP-001,6.0,opinion,health,train,279,,,ielts-blog.com,1,https://www.ielts-blog.com/ielts-writing-samples/ielts-essays-band-6/ielts-essay-topic-dieting-changes-a-persons-life/
B6-REP-001,6.0,report,environment,train,205,TR6/CC6.5/LR6/GRA6,,ielts.international,2,https://www.ielts.international/ielts-sample-essays
B6-REP-002,6.0,report,environment,train,268,,,writing9.com,3,https://writing9.com/text/6aab43e1182623001152899b-air-pollution-is-one-of-the-largest-problems-the-world-is-facing-today-what-are-some-causes-of-air-p
B6-OP-002,6.0,opinion,health,train,282,,,ielts-blog.com,4,https://www.ielts-blog.com/ielts-writing-samples/ielts-essays-band-6/ielts-essay-topic-reasons-for-and-against-dieting/
B6-OP-003,6.0,opinion,technology,train,203,TR6/CC6/LR6/GRA6,,ielts.international,5,https://www.ielts.international/ielts-sample-essays
B6-ADV-001,6.0,adv-disadv,education,train,257,,,writing9.com,6,https://writing9.com/text/6a9236948b43af001111cc70-all-university-undergraduate-courses-should-include-a-period-of-time-spent-studying-abroad-or-doing-
B6-OP-004,6.0,opinion,globalization-work,train,284,,,ielts-blog.com,7,https://www.ielts-blog.com/ielts-writing-samples/ielts-essays-band-6/ielts-essay-topic-globalization/
B6-ADV-002,6.0,adv-disadv,globalization-work,train,341,,,writing9.com,8,https://writing9.com/text/6a9aeb768b43af001111d2df-an-increasing-number-of-organisations-are-considering-a-four-day-working-week-without-reducing-emplo
B6-OP-005,6.0,opinion,globalization-work,train,222,,,ielts-blog.com,9,https://www.ielts-blog.com/ielts-writing-samples/ielts-essays-band-6/ielts-essay-topic-aspects-of-globalization/
B6-OP-006,6.0,opinion,education,train,298,,,writing9.com,10,https://writing9.com/text/6a8315f58b43af001111c06e-art-classes-such-as-painting-or-drawing-are-as-important-for-childrens-development-as-other-subjects
B6-ADV-003,6.0,adv-disadv,education,train,288,,,ielts-blog.com,11,https://www.ielts-blog.com/ielts-writing-samples/ielts-essays-band-6/ielts-essay-topic-the-advantages-and-disadvantages-of-studying-in-another-country/
B6-OP-007,6.0,opinion,culture,blindtest,270,,,writing9.com,12,https://writing9.com/text/6aa2b3ad18262300115282da-art-classes-such-as-painting-or-drawing-are-important-for-childrens-development-so-it-should-be-comp
B6-OP-008,6.0,opinion,education,train,218,,,ielts-blog.com,13,https://www.ielts-blog.com/ielts-writing-samples/ielts-essays-band-6/ielts-essay-topic-financial-education/
B6-ADV-004,6.0,adv-disadv,social,train,350,,,writing9.com,14,https://writing9.com/text/6a790528bee1e0001159e93d-at-the-present-time-the-population-of-some-countries-includes-a-relatively-large-number-of-young-adu
B6-OP-009,6.0,opinion,education,blindtest,282,,,ielts-blog.com,15,https://www.ielts-blog.com/ielts-writing-samples/ielts-essays-band-6/ielts-essay-topic-should-students-do-other-activities-in-addition-to-studying/
B6-OP-010,6.0,opinion,globalization-work,train,274,,,writing9.com,16,https://writing9.com/text/6a7324cdbee1e0001159e52c-big-salary-is-much-more-important-than-job-satisfaction-to-what-extent-do-you-agree-or-disagree
B6-OP-011,6.0,opinion,globalization-work,blindtest,193,,,ielts-blog.com,17,https://www.ielts-blog.com/ielts-writing-samples/ielts-essays-band-6/ielts-essay-topic-should-children-be-working/
B6-ADV-005,6.0,adv-disadv,technology,train,329,,,writing9.com,18,https://writing9.com/text/6ab7aa563be1dd001236d5af-buying-things-on-the-internet-such-as-book-air-ticket-and-groceries-is-becoming-more-and-more-popula
B6-OP-012,6.0,opinion,education,blindtest,197,,,ielts-blog.com,19,https://www.ielts-blog.com/ielts-writing-samples/ielts-essays-band-6/ielts-essay-learning-about-past/
B6-REP-003,6.0,report,health,train,298,,,writing9.com,20,https://writing9.com/text/6a89711d8b43af001111c5b6-childhood-obesity-has-become-a-serious-problem-in-recent-years-what-are-the-primary-causes-of-this-w
B6-TQ-001,6.0,two-part,education,blindtest,238,,,ielts-blog.com,21,https://www.ielts-blog.com/ielts-writing-samples/ielts-essays-band-6/ielts-essay-topic-people-moving-into-english-speaking-countries/
B6-OP-013,6.0,opinion,globalization-work,train,286,,,writing9.com,22,https://writing9.com/text/6ab4d0da3be1dd001236d3b0-countries-with-longer-working-hours-are-more-economically-successful-than-other-countries-to-what-ex
B6-OP-014,6.0,opinion,globalization-work,train,298,,,ielts-blog.com,23,https://www.ielts-blog.com/ielts-writing-samples/ielts-essays-band-6/ielts-essay-topic-women-power/
B6-OP-015,6.0,opinion,government,train,231,,,writing9.com,24,https://writing9.com/text/6a7d19e55a8b010011bd86a5-creative-artists-should-be-given-the-freedom-to-express-their-ideas-through-words-pictures-music-or-
B6-REP-004,6.0,report,education,train,287,,,ielts-blog.com,25,https://www.ielts-blog.com/ielts-writing-samples/ielts-essays-band-6/ielts-essay-topic-reasons-to-attend-college/
B6-REP-005,6.0,report,education,train,311,,,writing9.com,26,https://writing9.com/text/6aae0dc21826230011528b8c-despite-improved-access-to-education-many-adults-still-lack-literacy-skills-in-what-ways-are-they-di
B6-DIS-001,6.0,discussion,social,train,259,,,ielts-blog.com,27,https://www.ielts-blog.com/ielts-writing-samples/ielts-essays-band-6/ielts-essay-topic-change-is-always-a-good-thing-agree-or-disagree/
B6-ADV-006,6.0,adv-disadv,education,train,292,,,writing9.com,28,https://writing9.com/text/6a9cff2a8b43af001111d462-due-to-the-coronavirus-all-schools-have-been-closed-making-both-students-and-teachers-use-electronic
B6-OP-016,6.0,opinion,education,train,210,,,ielts-blog.com,29,https://www.ielts-blog.com/ielts-writing-samples/ielts-essays-band-6/ielts-essay-topic-critical-factor-to-development-of-a-country/
B6-REP-006,6.0,report,social,train,390,,,writing9.com,30,https://writing9.com/text/6aae13871826230011528b8e-economic-progress-is-considered-a-significant-factor-to-measure-a-countrys-success-but-many-people-t
B6-OP-017,6.0,opinion,education,train,208,,,ielts-blog.com,31,https://www.ielts-blog.com/ielts-writing-samples/ielts-essays-band-6/ielts-essay-topic-education-critical-factor/
B6-OP-018,6.0,opinion,education,train,274,,,writing9.com,32,https://writing9.com/text/6a8475f08b43af001111c181-financial-education-should-be-included-as-a-mandatory-subject-in-schools-to-prepare-students-for-man
B6-OP-019,6.0,opinion,social,train,274,,,ielts-blog.com,33,https://www.ielts-blog.com/ielts-writing-samples/ielts-essays-band-6/ielts-essay-topic-leisure-time-activities/
B6-DIS-002,6.0,discussion,globalization-work,blindtest,242,,,writing9.com,34,https://writing9.com/text/6a8dae118b43af001111c8f2-globalization-has-become-a-major-phenomenon-in-the-modern-world-affecting-culture-economy-and-social
B6-OP-020,6.0,opinion,education,blindtest,290,,,ielts-blog.com,35,https://www.ielts-blog.com/ielts-writing-samples/ielts-essays-band-6/ielts-essay-topic-students-from-rural-areas-should-get-a-subsidized-university-education-agree-or-disagree/
B6-DIS-003,6.0,discussion,education,train,277,,,writing9.com,36,https://writing9.com/text/6aa49d391826230011528423-going-to-university-is-thought-by-many-to-be-the-best-way-to-secure-a-good-job-on-the-other-hand-som
B6-TQ-002,6.0,two-part,social,train,309,,,ielts-blog.com,37,https://www.ielts-blog.com/ielts-writing-samples/ielts-essays-band-6/ielts-essay-topic-traffic-accidents/
B6-DIS-004,6.0,discussion,social,blindtest,268,,,writing9.com,38,https://writing9.com/text/6aaef25c1826230011528bdb-having-more-money-and-less-free-time-is-better-than-earning-less-money-and-having-more-free-time-som
B6-TQ-003,6.0,two-part,social,train,163,,,ielts-blog.com,39,https://www.ielts-blog.com/ielts-writing-samples/ielts-essays-band-6/ielts-essay-topic-avoiding-traffic-accidents/
B6-REP-007,6.0,report,technology,blindtest,344,,,writing9.com,40,https://writing9.com/text/6a919eb08b43af001111cbd2-how-much-has-the-internet-has-improved-peoples-lives-give-reasons-for-your-answer-and-include-any-re
B6-REP-008,6.0,report,social,blindtest,272,,,ielts-blog.com,41,https://www.ielts-blog.com/ielts-writing-samples/ielts-essays-band-6/ielts-essay-topic-overpopulation/
B6-ADV-007,6.0,adv-disadv,technology,train,243,,,writing9.com,42,https://writing9.com/text/6a831efe8b43af001111c07b-ielts-17-some-children-spend-hours-every-day-on-their-smartphones-why-is-this-the-case-do-you-think-
B6-OP-021,6.0,opinion,media,train,215,,,ielts-blog.com,43,https://www.ielts-blog.com/ielts-writing-samples/ielts-essays-band-6/ielts-essay-topic-getting-the-news-from-tv-radio-or-the-internet/
B6-DIS-005,6.0,discussion,globalization-work,train,267,,,writing9.com,44,https://writing9.com/text/6ac16e493be1dd001236dcf1-in-many-countries-an-increasing-number-of-people-are-choosing-to-work-from-home-rather-than-travel-t
B6-REP-009,6.0,report,health,blindtest,254,,,writing9.com,45,https://writing9.com/text/6abb039f3be1dd001236d7ee-in-many-countries-an-increasing-number-of-people-are-suffering-from-stress-in-their-daily-lives-what
B6-ADV-008,6.0,adv-disadv,education,train,317,,,writing9.com,46,https://writing9.com/text/6a8c334e8b43af001111c7b0-in-many-countries-more-and-more-people-want-to-study-at-universities-why-is-this-happening-do-you-th
B6-OP-022,6.0,opinion,social,train,252,,,writing9.com,47,https://writing9.com/text/6a75b1f6bee1e0001159e6f3-in-many-countries-more-people-are-choosing-to-live-alone-instead-of-with-their-families
B6-OP-023,6.0,opinion,crime,train,369,,,writing9.com,48,https://writing9.com/text/6ab0dac63be1dd001236d0c1-in-many-countries-today-crime-novels-and-tv-crimes-dramas-are-becoming-more-and-more-popular-why-do-
B6-OP-024,6.0,opinion,education,train,289,,,writing9.com,49,https://writing9.com/text/6ab7ef8a3be1dd001236d5d4-in-many-countries-young-people-are-encouraged-to-take-a-gap-year-between-finishing-high-school-and-s
B6-OP-025,6.0,opinion,education,train,287,,,writing9.com,50,https://writing9.com/text/6a85a61f8b43af001111c29e-in-many-countries-young-people-are-granted-certain-privileges-and-responsibilities-at-the-age-of-16-
B6-ADV-009,6.0,adv-disadv,social,train,293,,,writing9.com,51,https://writing9.com/text/6a8713198b43af001111c3c5-in-some-cities-public-parks-and-open-spaces-are-being-changed-into-gardens-where-local-residents-can
B6-TQ-004,6.0,two-part,health,train,266,,,writing9.com,52,https://writing9.com/text/6a83cbd28b43af001111c143-in-some-countries-and-their-levels-of-health-and-fitness-are-decreasing-what-do-you-think-are-the-ca
B6-OP-026,6.0,opinion,social,train,304,,,writing9.com,53,https://writing9.com/text/6aafbc893be1dd001236cfec-in-some-countries-owning-a-home-rather-than-renting-one-is-very-importatant-for-people-why-might-thi
B6-ADV-010,6.0,adv-disadv,health,train,252,,,writing9.com,54,https://writing9.com/text/6a8734e28b43af001111c3dd-in-some-countries-the-government-pays-for-health-care-in-others-the-individual-must-pay-for-their-ow
B6-REP-010,6.0,report,social,train,328,,,writing9.com,55,https://writing9.com/text/6aa7ba48182623001152869f-in-some-countries-there-is-not-enough-respect-for-elderly-people-what-are-the-causes-of-this-suggest
B6-ADV-011,6.0,adv-disadv,culture,train,230,,,writing9.com,56,https://writing9.com/text/6aa54db418262300115284db-in-some-cultures-children-are-often-told-that-they-can-achieve-anything-if-they-try-hard-enough-what
B6-ADV-012,6.0,adv-disadv,technology,train,275,,,writing9.com,57,https://writing9.com/text/6a6c972763791b00118b27a6-in-the-future-all-cars-buses-and-trucks-will-be-driverless-the-only-people-travelling-inside-these-v
B6-ADV-013,6.0,adv-disadv,globalization-work,train,267,,,writing9.com,58,https://writing9.com/text/6ab7d34a3be1dd001236d5c6-in-the-past-most-people-spend-their-entire-career-working-for-one-company-whereas-people-nowadays-mo
B6-ADV-014,6.0,adv-disadv,education,train,287,,,writing9.com,59,https://writing9.com/text/6a81f3458b43af001111bf8a-in-the-past-when-students-did-a-university-degree-they-tended-to-study-in-their-own-country-nowadays
B6-ADV-015,6.0,adv-disadv,media,train,324,,,writing9.com,60,https://writing9.com/text/6a874efe8b43af001111c3ee-in-their-advertising-businesses-nowadays-usually-emphasize-that-their-products-are-new-in-some-way-w
B6-ADV-016,6.0,adv-disadv,social,blindtest,237,,,writing9.com,61,https://writing9.com/text/6abd18f63be1dd001236d9e4-in-todays-world-people-spend-a-lot-of-money-on-appearance-because-they-want-to-look-younger-why-does
B6-OP-027,6.0,opinion,environment,blindtest,268,,,writing9.com,62,https://writing9.com/text/6a7715c4bee1e0001159e7cf-it-is-a-natural-process-in-which-animal-species-such-as-dinosaurs-become-extinct-there-is-no-reason-
B6-ADV-017,6.0,adv-disadv,social,train,295,,,writing9.com,63,https://writing9.com/text/6aa52bbb18262300115284bc-it-is-important-for-people-to-take-risks-both-in-their-professional-lives-and-their-personal-lives-d
B6-OP-028,6.0,opinion,education,train,279,,,writing9.com,64,https://writing9.com/text/6abb969f3be1dd001236d8aa-it-is-neither-nor-useful-to-provide-university-places-for-a-high-proportion-of-young-people-to-what-
B6-OP-029,6.0,opinion,education,train,300,,,writing9.com,65,https://writing9.com/text/6ab35db73be1dd001236d2b0-it-is-very-common-for-people-to-change-both-their-habits-and-their-opinions-as-they-get-older-do-you
B6-ADV-018,6.0,adv-disadv,globalization-work,train,260,,,writing9.com,66,https://writing9.com/text/6aa954d018262300115287db-leaders-of-all-kinds-are-often-younger-now-than-in-the-past-what-are-the-reasons-for-this-is-it-a-po
B6-OP-030,6.0,opinion,education,train,286,,,writing9.com,67,https://writing9.com/text/6a782889bee1e0001159e8a7-learning-to-play-team-sports-is-an-important-part-o-f-a-childs-education-do-you-agree-or-disagree-gi
B6-OP-031,6.0,opinion,globalization-work,train,238,,,writing9.com,68,https://writing9.com/text/6a718f4663791b00118b2b1d-many-aspects-of-the-way-people-dress-today-are-influenced-by-global-fashion-trends-how-has-global-fa
B6-ADV-019,6.0,adv-disadv,globalization-work,train,424,,,writing9.com,69,https://writing9.com/text/6aa7a4a01826230011528688-many-aspects-of-the-way-people-dress-today-are-influenced-by-global-fashion-trends-how-has-global-fa
B6-REP-011,6.0,report,health,train,285,,,writing9.com,70,https://writing9.com/text/6a734e35bee1e0001159e554-many-children-today-are-overweight-this-is-a-serious-health-issue-give-reasons-for-child-obesity-tod
B6-REP-012,6.0,report,health,blindtest,236,,,writing9.com,71,https://writing9.com/text/6a84a3fc8b43af001111c1a9-many-children-today-are-overweight-this-is-a-serious-health-problem-give-the-reasons-for-this-and-gi
B6-REP-013,6.0,report,health,train,285,,,writing9.com,72,https://writing9.com/text/6ab29b8c3be1dd001236d214-many-children-today-are-overweight-this-is-a-serious-health-problem-give-the-reasons-for-this-and-gi
B6-REP-014,6.0,report,health,train,265,,,writing9.com,73,https://writing9.com/text/6a77679cbee1e0001159e805-many-children-today-are-overweight-this-is-a-serious-health-issue-give-the-reasons-for-child-obesity
B6-REP-015,6.0,report,social,train,296,,,writing9.com,74,https://writing9.com/text/6aa116ff18262300115281af-many-cities-in-the-world-are-facing-issues-due-to-traffic-congestion-why-is-this-happening-what-can-
B6-OP-032,6.0,opinion,health,train,401,,,writing9.com,75,https://writing9.com/text/6abbd9f23be1dd001236d8cd-many-claim-that-the-fast-food-industry-had-a-negative-impact-on-the-environment-eating-habits-and-fa
B6-REP-016,6.0,report,culture,train,340,,,writing9.com,76,https://writing9.com/text/6a7350bbbee1e0001159e556-many-museums-and-historical-sites-are-mainly-visited-by-tourist-and-not-locals-what-is-the-cause-and
B6-DIS-006,6.0,discussion,education,blindtest,260,,,writing9.com,77,https://writing9.com/text/6a8336558b43af001111c09c-many-peole-think-that-it-is-important-to-go-to-university-while-others-prefer-to-start-work-without-
B6-OP-033,6.0,opinion,environment,train,363,,,writing9.com,78,https://writing9.com/text/6a7c785e5a8b010011bd85f4-many-people-feel-it-is-a-waste-of-money-to-try-to-save-endangered-species-for-example-the-tiger-or-t
B6-ADV-020,6.0,adv-disadv,social,train,253,,,writing9.com,79,https://writing9.com/text/6aaa8d7c18262300115288e0-many-people-in-cities-live-alone-or-in-small-family-units-instead-of-with-extended-family-do-you-thi
B6-ADV-021,6.0,adv-disadv,health,train,291,,,writing9.com,80,https://writing9.com/text/6aad38a71826230011528ae4-many-people-today-buy-ready-made-food-rather-than-spending-time-cooking-what-do-you-think-are-the-re
B6-OP-034,6.0,opinion,globalization-work,blindtest,262,,,writing9.com,81,https://writing9.com/text/6a9976838b43af001111d1e7-many-people-work-from-home-using-modern-technology-today-some-people-think-that-only-the-workers-ben
B6-REP-017,6.0,report,globalization-work,train,297,,,writing9.com,82,https://writing9.com/text/6a7c20a85a8b010011bd85dc-many-small-local-shops-are-closing-as-they-are-unable-to-compete-with-large-supermatkets-in-the-area
B6-ADV-022,6.0,adv-disadv,education,blindtest,272,,,writing9.com,83,https://writing9.com/text/6a7a070a5a8b010011bd8460-many-students-graduate-high-school-and-then-want-to-continue-their-studies-in-another-country-give-t
B6-OP-035,6.0,opinion,globalization-work,train,449,,,writing9.com,84,https://writing9.com/text/6ac394533be1dd001236dec2-most-artists-earn-low-salaries-and-should-recieve-funding-from-government-in-order-to-continue-their
B6-OP-036,6.0,opinion,culture,train,340,,,writing9.com,85,https://writing9.com/text/6aa15c8118262300115281cd-museums-and-art-galleries-should-concentrate-on-local-works-rather-than-showing-the-cultures-or-artw
B6-ADV-023,6.0,adv-disadv,social,blindtest,303,,,writing9.com,86,https://writing9.com/text/6a7a5b165a8b010011bd8483-nowadays-it-is-easier-for-young-people-to-have-a-credit-card-compared-to-the-past-do-the-advantages-
B6-REP-018,6.0,report,health,train,290,,,writing9.com,87,https://writing9.com/text/6a7e7bae8b43af001111bd82-nowadays-many-people-complain-that-they-have-difficulties-getting-enough-sleep-what-problems-can-lac
B6-REP-019,6.0,report,social,train,463,,,writing9.com,88,https://writing9.com/text/6a8dd0058b43af001111c90f-nowadays-more-and-more-people-are-using-their-phones-at-nights-what-problems-can-be-caused-because-o
B6-ADV-024,6.0,adv-disadv,media,train,313,,,writing9.com,89,https://writing9.com/text/6a6b490b63791b00118b26da-nowadays-there-is-a-trend-that-reports-in-the-media-focus-on-problems-and-emergencies-rather-than-po
B6-OP-037,6.0,opinion,social,train,286,,,writing9.com,90,https://writing9.com/text/6aa84b901826230011528721-nowadays-young-people-communicate-with-friends-and-family-through-mostly-social-network-sites-rather
B6-DIS-007,6.0,discussion,health,train,336,,,writing9.com,91,https://writing9.com/text/6aa3ff9318262300115283db-ome-people-think-that-exercise-is-the-key-to-health-while-others-feel-that-having-a-balanced-diet-is
B6-OP-038,6.0,opinion,education,train,246,,,writing9.com,92,https://writing9.com/text/6a85a3bd8b43af001111c29a-once-children-start-school-teachers-have-more-influence-on-their-intellectual-and-social-development
B6-TQ-005,6.0,two-part,social,train,276,,,writing9.com,93,https://writing9.com/text/6a85a5b28b43af001111c29c-one-problem-faced-by-almost-every-large-city-is-traffic-congestion-what-do-you-think-the-causes-are-
B6-ADV-025,6.0,adv-disadv,technology,blindtest,259,,,writing9.com,94,https://writing9.com/text/6a92c3058b43af001111ccb9-online-communication-is-becoming-more-popular-than-face-to-face-communication-in-many-companies-do-t
B6-ADV-026,6.0,adv-disadv,social,train,271,,,writing9.com,95,https://writing9.com/text/6ac3ce8f1e7275001186248d-people-today-buy-more-things-than-they-need-why-is-this-happening-and-is-it-a-positive-or-negative-d
B6-REP-020,6.0,report,environment,train,278,,,writing9.com,96,https://writing9.com/text/6aa628661826230011528587-plastic-waste-has-become-a-major-environmental-problem-what-are-the-problems-caused-by-plastic-waste
B6-OP-039,6.0,opinion,globalization-work,train,321,,,writing9.com,97,https://writing9.com/text/6a7cb03e5a8b010011bd8616-popular-events-like-the-football-world-cup-and-other-international-sporting-occasions-are-essential-
B6-OP-040,6.0,opinion,globalization-work,train,216,,,writing9.com,98,https://writing9.com/text/6a6b668b63791b00118b26f0-promotions-to-a-higher-level-should-be-made-from-within-the-company-rather-than-appointing-a-new-per
B6-OP-041,6.0,opinion,education,train,275,,,writing9.com,99,https://writing9.com/text/6aaf89fe3be1dd001236cfd7-question-universities-should-accept-equal-number-of-males-and-females-in-every-subject-to-what-exten
B6-REP-021,6.0,report,social,train,252,,,writing9.com,100,https://writing9.com/text/6aaa4fec18262300115288b1-shopping-is-the-favourite-pastime-of-most-of-the-young-people-why-is-this-the-case-do-you-think-they
B6-OP-042,6.0,opinion,social,train,236,,,writing9.com,101,https://writing9.com/text/6aa29ff918262300115282c9-should-parents-give-children-money-for-doing-household-work
B6-OP-043,6.0,opinion,environment,train,349,,,writing9.com,102,https://writing9.com/text/6a7a3e4c5a8b010011bd8479-solving-environmental-problems-should-be-the-responsibility-of-international-organizations-rather-th
B6-ADV-027,6.0,adv-disadv,technology,train,263,,,writing9.com,103,https://writing9.com/text/6abb94b93be1dd001236d8a8-some-children-spend-hours-every-day-on-their-smartphones-why-is-this-the-case-do-you-think-this-is-a
B6-OP-044,6.0,opinion,social,train,259,,,writing9.com,104,https://writing9.com/text/6a771e32bee1e0001159e7db-some-countries-have-an-ever-increasing-proportion-of-the-population-who-are-aged-15-and-younger-what
B6-OP-045,6.0,opinion,education,train,282,,,writing9.com,105,https://writing9.com/text/6a9e5def8b43af001111d55c-some-educationalists-argue-that-non-exam-arts-based-subjects-such-as-music-drama-art-and-craft-shoul
B6-DIS-008,6.0,discussion,globalization-work,train,296,,,writing9.com,106,https://writing9.com/text/6a7ef22e8b43af001111bdaf-some-employers-offer-their-employees-subsidized-membership-of-gym-or-sports-clubs-believing-that-thi
B6-OP-046,6.0,opinion,globalization-work,train,256,,,writing9.com,107,https://writing9.com/text/6a734ac7bee1e0001159e54c-some-experts-believe-that-once-a-country-is-already-rich-any-additional-increase-in-economic-wealth-
B6-DIS-009,6.0,discussion,technology,train,245,,,writing9.com,108,https://writing9.com/text/6a9051fc8b43af001111caf1-some-parents-think-it-is-good-to-give-their-children-mobile-phones-while-others-disagree-discuss-bot
B6-TQ-006,6.0,two-part,environment,train,286,,,writing9.com,109,https://writing9.com/text/6aa92f9618262300115287cf-some-people-argue-that-all-experimentation-on-animals-is-bad-and-should-be-outlawed-however-others-b
B6-DIS-010,6.0,discussion,social,train,300,,,writing9.com,110,https://writing9.com/text/6a792411bee1e0001159e9a8-some-people-argue-that-parents-should-have-a-strong-influence-on-their-childrens-choice-of-friends-a
B6-OP-047,6.0,opinion,education,train,270,,,writing9.com,111,https://writing9.com/text/6aa9b1731826230011528818-some-people-argue-that-primary-schools-focus-too-much-on-formal-learning-to-what-extent-do-you-agree
B6-DIS-011,6.0,discussion,media,blindtest,433,,,writing9.com,112,https://writing9.com/text/6a6993e0276f59001115b92c-some-people-believe-that-advertising-is-useful-and-informative-while-others-believe-it-provides-fals
B6-OP-048,6.0,opinion,globalization-work,train,237,,,writing9.com,113,https://writing9.com/text/6a85e4988b43af001111c2bb-some-people-believe-that-all-workers-regardless-of-their-job-or-skills-should-receive-the-same-salar
B6-DIS-012,6.0,discussion,social,train,293,,,writing9.com,114,https://writing9.com/text/6a941de48b43af001111cda3-some-people-believe-that-allowing-children-to-make-their-own-choices-on-everyday-matters-such-as-foo
B6-DIS-013,6.0,discussion,globalization-work,train,410,,,writing9.com,115,https://writing9.com/text/6a794efbbee1e0001159e9b6-some-people-believe-that-cheap-fast-transportation-is-required-for-successful-international-business
B6-REP-022,6.0,report,social,train,209,,,writing9.com,116,https://writing9.com/text/6a8f4b5d8b43af001111ca10-some-people-believe-that-children-are-given-too-much-free-time-they-feel-that-this-time-should-be-us
B6-OP-049,6.0,opinion,education,train,248,,,writing9.com,117,https://writing9.com/text/6ab673e03be1dd001236d4cb-some-people-believe-that-children-should-start-learning-a-foreign-language-in-primary-school-rather-
B6-OP-050,6.0,opinion,government,train,261,,,writing9.com,118,https://writing9.com/text/6a8d96cb8b43af001111c8e7-some-people-believe-that-government-should-not-spend-too-much-money-on-space-exploration-do-you-agre
B6-OP-051,6.0,opinion,globalization-work,blindtest,269,,,writing9.com,119,https://writing9.com/text/6a9cb9e58b43af001111d3f2-some-people-believe-that-it-is-a-good-idea-that-old-people-continue-to-work-if-it-is-possible-for-th
B6-DIS-014,6.0,discussion,social,train,362,,,writing9.com,120,https://writing9.com/text/6a8b6b008b43af001111c704-some-people-believe-that-it-is-best-to-accept-a-bad-situation-such-as-an-unsatisfactoryjob-or-shorta
B6-DIS-015,6.0,discussion,globalization-work,train,450,,,writing9.com,121,https://writing9.com/text/6a9adbab8b43af001111d2d6-some-people-believe-that-it-is-best-to-accept-a-bad-situation-such-as-an-unsatisfactory-job-or-lack-
B6-DIS-016,6.0,discussion,globalization-work,train,257,,,writing9.com,122,https://writing9.com/text/6a81a59a8b43af001111bf46-some-people-believe-that-it-is-best-to-accept-a-bad-situation-such-as-an-unsatisfactory-job-or-short
B6-OP-052,6.0,opinion,globalization-work,train,283,,,writing9.com,123,https://writing9.com/text/6a7bc5fd5a8b010011bd85c5-some-people-believe-that-price-is-the-only-consideration-when-buying-something-do-you-agree-or-disag
B6-DIS-017,6.0,discussion,health,train,273,,,writing9.com,124,https://writing9.com/text/6aaa4fb118262300115288af-some-people-believe-that-professionals-such-as-doctors-and-engineers-should-be-required-to-work-in-t
B6-OP-053,6.0,opinion,education,train,269,,,writing9.com,125,https://writing9.com/text/6a854bca8b43af001111c246-some-people-believe-that-schools-should-teach-practical-skills-such-as-financial-management-cooking-
B6-OP-054,6.0,opinion,technology,train,290,,,writing9.com,126,https://writing9.com/text/6abc659a3be1dd001236d96f-some-people-believe-that-the-widespread-use-of-computers-and-mobile-phones-has-weakened-young-people
B6-DIS-018,6.0,discussion,media,train,369,,,writing9.com,127,https://writing9.com/text/6aa5498e18262300115284d7-some-people-consider-national-news-as-more-important-while-other-people-think-that-international-new
B6-OP-055,6.0,opinion,education,train,278,,,writing9.com,128,https://writing9.com/text/6ab54a183be1dd001236d3ec-some-people-feel-that-students-should-not-have-to-take-standardized-tests-in-school-to-what-extent-d
B6-REP-023,6.0,report,globalization-work,train,266,,,writing9.com,129,https://writing9.com/text/6aa55f5818262300115284ea-some-people-get-into-debts-by-buying-things-they-dont-need-and-cant-afford-what-are-the-reasons-for-
B6-ADV-028,6.0,adv-disadv,environment,blindtest,236,,,writing9.com,130,https://writing9.com/text/6aa3f6e118262300115283d5-some-people-have-decided-to-reduce-the-number-of-times-they-fly-every-year-or-to-stop-flying-altoget
B6-DIS-019,6.0,discussion,education,train,276,,,writing9.com,131,https://writing9.com/text/6ab86c973be1dd001236d661-some-people-say-it-is-the-governments-responsibility-to-transport-children-to-school-while-others-be
B6-OP-056,6.0,opinion,media,train,298,,,writing9.com,132,https://writing9.com/text/6a81e7528b43af001111bf7b-some-people-say-that-all-popular-tv-programmes-should-aim-to-educate-viewers-about-improtant-social-
B6-DIS-020,6.0,discussion,culture,blindtest,414,,,writing9.com,133,https://writing9.com/text/6a81a10a8b43af001111bf44-some-people-say-that-history-offers-no-practical-benefit-to-society-while-others-claim-that-history-
B6-DIS-021,6.0,discussion,technology,blindtest,271,,,writing9.com,134,https://writing9.com/text/6abd3e903be1dd001236d9f3-some-people-say-that-in-the-digital-age-theatres-and-cinemas-are-no-longer-important-as-people-can-w
B6-DIS-022,6.0,discussion,technology,train,255,,,writing9.com,135,https://writing9.com/text/6a8a995f8b43af001111c68b-some-people-say-that-in-the-digital-age-theatres-and-cinemas-are-no-longer-important-as-people-can-w
B6-DIS-023,6.0,discussion,social,train,241,,,writing9.com,136,https://writing9.com/text/6abade8b3be1dd001236d7d9-some-people-say-that-nowadays-children-have-an-easy-life-and-some-people-think-that-the-life-of-chil
B6-DIS-024,6.0,discussion,social,train,269,,,writing9.com,137,https://writing9.com/text/6ab23b6a3be1dd001236d1ce-some-people-say-that-the-bicycles-are-a-good-modern-means-of-transportation-other-say-riding-a-bicyc
B6-DIS-025,6.0,discussion,media,train,302,,,writing9.com,138,https://writing9.com/text/6a69c5bb276f59001115b936-some-people-suggest-that-international-tv-programmes-and-movies-should-be-imported-while-others-thin
B6-DIS-026,6.0,discussion,social,train,263,,,writing9.com,139,https://writing9.com/text/6a78e751bee1e0001159e923-some-people-think-children-should-spend-more-time-studying-while-others-believe-they-should-spend-mo
B6-DIS-027,6.0,discussion,government,train,275,,,writing9.com,140,https://writing9.com/text/6ac3c2051e72750011862485-some-people-think-governments-should-spend-more-money-on-public-transport-rather-than-building-new-r
B6-OP-057,6.0,opinion,globalization-work,blindtest,335,,,writing9.com,141,https://writing9.com/text/6ac0b40a3be1dd001236dc9c-some-people-think-it-is-a-good-thing-for-senior-managers-to-have-much-higher-salaries-than-other-wor
B6-OP-058,6.0,opinion,education,train,274,,,writing9.com,142,https://writing9.com/text/6ab584e63be1dd001236d40b-some-people-think-it-is-better-to-educate-boys-and-girls-in-separate-schools-others-however-believe-
B6-DIS-028,6.0,discussion,education,train,273,,,writing9.com,143,https://writing9.com/text/6a7771b4bee1e0001159e810-some-people-think-that-all-university-students-should-study-whatever-they-like-others-believe-that-t
B6-ADV-029,6.0,adv-disadv,environment,train,366,,,writing9.com,144,https://writing9.com/text/6a7f893c8b43af001111bdf8-some-people-think-that-animals-should-be-kept-in-men-made-cells-what-are-the-disadvantages-of-keepin
B6-DIS-029,6.0,discussion,education,train,280,,,writing9.com,145,https://writing9.com/text/6a6f4a9863791b00118b2956-some-people-think-that-boys-and-girls-should-attend-school-together-others-feel-that-they-should-be-
B6-DIS-030,6.0,discussion,culture,train,253,,,writing9.com,146,https://writing9.com/text/6aa1595d18262300115281ca-some-people-think-that-entrance-to-museums-should-be-free-for-everyone-whereas-others-believe-that-v
B6-OP-059,6.0,opinion,social,blindtest,299,,,writing9.com,147,https://writing9.com/text/6abe788c3be1dd001236dae0-some-people-think-that-having-a-high-salary-is-the-most-important-part-of-a-good-job-do-you-agree-or
B6-ADV-030,6.0,adv-disadv,globalization-work,train,295,,,writing9.com,148,https://writing9.com/text/6a7f996a8b43af001111bdfe-some-people-think-that-hosting-an-international-sporting-event-is-beneficial-for-a-country-while-oth
B6-DIS-031,6.0,discussion,social,train,250,,,writing9.com,149,https://writing9.com/text/6aaf8e653be1dd001236cfdb-some-people-think-that-in-order-to-deal-with-the-problem-of-congestion-in-cities-privately-owned-veh
B6-DIS-032,6.0,discussion,culture,blindtest,346,,,writing9.com,150,https://writing9.com/text/6a7cad455a8b010011bd8612-some-people-think-that-its-good-for-a-countrys-culture-if-people-watch-some-imported-film-or-tv-prog
B6-ADV-031,6.0,adv-disadv,globalization-work,train,283,,,writing9.com,151,https://writing9.com/text/6a992d2e8b43af001111d1b5-some-people-think-that-it-would-be-better-for-large-companies-and-industries-to-move-to-regional-are
B6-OP-060,6.0,opinion,education,blindtest,289,,,writing9.com,152,https://writing9.com/text/6a7893c9bee1e0001159e8eb-some-people-think-that-machine-translation-is-highly-developed-in-todays-society-therefore-it-is-not
B6-DIS-033,6.0,discussion,education,train,231,,,writing9.com,153,https://writing9.com/text/6a8c05328b43af001111c790-some-people-think-that-parents-should-teach-their-children-how-to-be-good-members-of-society-others-
B6-DIS-034,6.0,discussion,crime,blindtest,335,,,writing9.com,154,https://writing9.com/text/6a6a458d63791b00118b2619-some-people-think-that-strict-punishment-for-driving-offences-is-key-to-reducing-traffic-accidents-o
B6-TQ-007,6.0,two-part,social,train,251,,,writing9.com,155,https://writing9.com/text/6aafff383be1dd001236d008-some-people-think-that-the-best-way-to-improve-road-safety-is-to-get-drivers-tested-each-year-to-wha
B6-DIS-035,6.0,discussion,government,blindtest,286,,,writing9.com,156,https://writing9.com/text/6a7a075a5a8b010011bd8462-some-people-think-that-the-government-should-provide-free-public-libraries-in-every-town-while-other
B6-DIS-036,6.0,discussion,globalization-work,train,332,,,writing9.com,157,https://writing9.com/text/6ac3be0c1e72750011862480-some-people-think-that-the-increasing-use-of-technology-in-the-workplace-is-beneficial-for-employees
B6-OP-061,6.0,opinion,social,train,313,,,writing9.com,158,https://writing9.com/text/6aa678fb18262300115285b0-some-people-think-that-too-much-money-has-been-spent-looking-after-and-repairing-old-buildings-so-we
B6-DIS-037,6.0,discussion,education,train,257,,,writing9.com,159,https://writing9.com/text/6abb3e743be1dd001236d878-some-people-think-that-universities-should-focus-exclusively-on-providing-academic-knowledge-and-tec
B6-OP-062,6.0,opinion,health,train,326,,,writing9.com,160,https://writing9.com/text/6a9039e28b43af001111cadd-some-people-think-that-watching-sports-as-leisure-activity-is-a-wastage-of-time-do-you-agree-or-disa
B6-OP-063,6.0,opinion,media,train,285,,,writing9.com,161,https://writing9.com/text/6aaf29241826230011528bea-some-people-think-the-news-has-no-connection-to-peoples-lives-so-then-it-is-a-waste-of-time-to-read-
B6-DIS-038,6.0,discussion,media,train,259,,,writing9.com,162,https://writing9.com/text/6a98b9c38b43af001111d11b-some-people-think-watching-television-is-a-good-way-to-relax-others-prefer-other-activities-discuss-
B6-DIS-039,6.0,discussion,government,train,423,,,writing9.com,163,https://writing9.com/text/6a7d2fd45a8b010011bd86b4-some-people-want-governments-to-spend-money-looking-for-life-on-other-planets-others-however-think-t
B6-DIS-040,6.0,discussion,globalization-work,train,265,,,writing9.com,164,https://writing9.com/text/6a8493328b43af001111c1a1-some-people-work-for-the-same-organisation-all-their-working-life-others-think-that-it-is-better-to-
B6-OP-064,6.0,opinion,education,train,365,,,writing9.com,165,https://writing9.com/text/6aad5bc41826230011528af9-some-students-choose-to-work-or-travel-after-leaving-school-and-before-going-to-university-many-peop
B6-DIS-041,6.0,discussion,education,train,310,,,writing9.com,166,https://writing9.com/text/6aa533c818262300115284c4-some-university-students-want-to-learn-about-other-subjects-in-addition-to-their-main-subjects-other
B6-DIS-042,6.0,discussion,education,train,315,,,writing9.com,167,https://writing9.com/text/6aa54af618262300115284d9-some-university-students-want-to-learn-about-other-subjects-in-addition-to-their-main-subjects-other
B6-REP-024,6.0,report,social,blindtest,259,,,writing9.com,168,https://writing9.com/text/6a7c45945a8b010011bd85e5-some-young-people-are-leaving-the-countryside-to-live-in-cities-and-towns-leaving-only-old-people-in
B6-OP-065,6.0,opinion,education,train,401,,,writing9.com,169,https://writing9.com/text/6a974b5c8b43af001111d019-students-should-be-allowed-to-choose-academic-courses-or-practical-courses-eg-carpenters-to-what-ext
B6-REP-025,6.0,report,globalization-work,train,314,,,writing9.com,170,https://writing9.com/text/6a74cc65bee1e0001159e641-surveillance-cameras-in-banks-offices-shops-and-streets-have-been-very-successful-in-reducing-crime-
B6-REP-026,6.0,report,globalization-work,train,268,,,writing9.com,171,https://writing9.com/text/6a801d8b8b43af001111be8d-surveillance-cameras-in-banks-offices-shops-and-streets-have-been-very-successful-in-reducing-crime-
B6-ADV-032,6.0,adv-disadv,social,blindtest,258,,,writing9.com,172,https://writing9.com/text/6aaa3ccb1826230011528898-taking-risks-in-both-professional-and-personal-life-is-important-do-you-think-the-advantages-of-taki
B6-OP-066,6.0,opinion,technology,blindtest,374,,,writing9.com,173,https://writing9.com/text/6a8b0d348b43af001111c6d7-the-availability-of-entertainment-such-as-video-games-on-handled-devices-are-harmful-to-individuals-
B6-OP-067,6.0,opinion,social,blindtest,274,,,writing9.com,174,https://writing9.com/text/6a86d2648b43af001111c393-the-best-way-to-provide-enough-homes-in-large-cities-is-to-build-tall-apartment-blocks-to-what-exten
B6-OP-068,6.0,opinion,social,train,259,,,writing9.com,175,https://writing9.com/text/6a9709108b43af001111d000-the-best-way-to-provide-enough-homes-in-large-cities-is-to-build-tall-apartment-blocks-to-what-exten
B6-OP-069,6.0,opinion,crime,train,290,,,writing9.com,176,https://writing9.com/text/6ab7a56a3be1dd001236d5a7-the-best-way-to-provide-road-safety-is-to-introduce-more-serious-punishments-for-drivers-to-what-ext
B6-OP-070,6.0,opinion,social,train,203,,suspected-offtask,writing9.com,177,https://writing9.com/text/6a72dd3ecbfa29001139c880-the-given-bar-chart-how-many-residents-in-uk-spend-their-money-in-three-categories-food-and-drinks-r
B6-OP-071,6.0,opinion,technology,train,241,,,writing9.com,178,https://writing9.com/text/6a7b68a65a8b010011bd8541-the-internet-allows-us-to-stay-connected-with-each-other-no-matter-where-we-are-on-the-other-hand-it
B6-OP-072,6.0,opinion,technology,train,464,,,writing9.com,179,https://writing9.com/text/6ac33acd3be1dd001236de8f-the-internet-has-made-possible-for-everybody-to-read-anything-online-for-free-this-will-make-it-unne
B6-ADV-033,6.0,adv-disadv,technology,train,300,,,writing9.com,180,https://writing9.com/text/6a73734bbee1e0001159e562-the-internet-is-an-amazing-invention-which-has-changed-the-world-it-has-affected-how-people-live-giv
B6-ADV-034,6.0,adv-disadv,technology,train,288,,,writing9.com,181,https://writing9.com/text/6ab14df93be1dd001236d121-the-internet-is-an-amazing-invention-which-has-changed-the-world-give-the-advantages-and-disadvantag
B6-OP-073,6.0,opinion,technology,train,277,,,writing9.com,182,https://writing9.com/text/6a6f2af663791b00118b293d-the-internet-is-an-amazing-invention-which-has-changed-the-world-give-the-advantges-and-disadvantage
B6-OP-074,6.0,opinion,media,train,366,,,writing9.com,183,https://writing9.com/text/6a7d27085a8b010011bd86b1-the-main-purpose-of-public-libraries-is-to-provide-books-and-they-should-not-waste-their-limited-res
B6-OP-075,6.0,opinion,technology,train,283,,,writing9.com,184,https://writing9.com/text/6aa2e3a51826230011528305-the-most-important-aim-of-science-shoud-be-to-improve-peoples-lives-to-what-extent-do-you-agree-or-d
B6-OP-076,6.0,opinion,technology,train,261,,,writing9.com,185,https://writing9.com/text/6aa6de2d18262300115285e3-the-most-important-aim-of-science-should-be-to-improve-peoples-lives-to-what-extent-do-you-agree-or-
B6-OP-077,6.0,opinion,social,train,183,,suspected-offtask,writing9.com,186,https://writing9.com/text/6a6f9a6f63791b00118b298c-the-plans-below-show-a-harbour-in-2000-and-how-it-looks-today-summarise-the-information-by-selecting
B6-OP-078,6.0,opinion,social,train,202,,suspected-offtask,writing9.com,187,https://writing9.com/text/6a6b214663791b00118b26c3-the-plans-below-show-a-small-theatre-in-2010-and-the-same-theatre-in-2012
B6-OP-079,6.0,opinion,social,blindtest,177,,suspected-offtask,writing9.com,188,https://writing9.com/text/6a8d0d7a8b43af001111c888-the-plans-below-show-the-site-of-a-farm-in-1950-and-the-same-site-today-summarise-the-information-by
B6-ADV-035,6.0,adv-disadv,health,train,405,,,writing9.com,189,https://writing9.com/text/6ab63d393be1dd001236d49e-the-popularity-of-fast-food-is-increasing-especially-among-younger-people-what-are-the-cause-for-thi
B6-ADV-036,6.0,adv-disadv,media,train,307,,,writing9.com,190,https://writing9.com/text/6a7a1e0a5a8b010011bd846b-the-television-is-good-for-you-discuss-the-advantages-and-disadvantages-of-watching-television-give-
B6-OP-080,6.0,opinion,education,train,287,,,writing9.com,191,https://writing9.com/text/6a8315c88b43af001111c06c-the-typical-teaching-situation-of-a-teacher-and-students-in-the-class-will-not-exist-by-the-year-205
B6-OP-081,6.0,opinion,globalization-work,train,264,,,writing9.com,192,https://writing9.com/text/6a6fbacf63791b00118b299d-the-working-week-should-be-shorter-and-workers-should-have-a-longer-weekend-do-you-agree-or-disagree
B6-ADV-037,6.0,adv-disadv,health,blindtest,271,,,writing9.com,193,https://writing9.com/text/6abb19743be1dd001236d860-these-days-if-people-have-health-problems-many-do-not-visit-doctors-they-try-to-get-better-at-home-b
B6-ADV-038,6.0,adv-disadv,education,blindtest,316,,,writing9.com,194,https://writing9.com/text/6ab969263be1dd001236d6c4-these-days-many-university-courses-are-offered-through-the-internet-some-people-think-that-online-te
B6-REP-027,6.0,report,environment,train,252,,,writing9.com,195,https://writing9.com/text/6aad38c11826230011528ae6-these-days-many-young-people-do-not-spend-their-weekends-and-holidays-doing-outdoor-activities-such-
B6-ADV-039,6.0,adv-disadv,globalization-work,train,283,,,writing9.com,196,https://writing9.com/text/6a95ac828b43af001111ceef-these-days-more-and-more-people-are-going-to-other-countries-for-significant-periods-of-time-either-
B6-DIS-043,6.0,discussion,health,train,336,,,writing9.com,197,https://writing9.com/text/6a7b461d5a8b010011bd8533-tipping-is-a-common-practice-at-restaurants-in-many-countries-some-people-believe-tipping-is-a-great
B6-OP-082,6.0,opinion,culture,train,228,,,writing9.com,198,https://writing9.com/text/6a7a1d0d5a8b010011bd8469-to-learn-a-foreign-language-successfully-you-need-to-spend-time-in-the-country-where-the-language-is
B6-REP-028,6.0,report,health,blindtest,301,,,writing9.com,199,https://writing9.com/text/6a9302ea8b43af001111ccdf-today-many-children-are-overweight-this-is-a-serious-health-problem-give-the-reasons-for-child-obesi
B6-ADV-040,6.0,adv-disadv,technology,train,235,,,writing9.com,200,https://writing9.com/text/6aa84fe31826230011528726-today-many-people-use-the-internet-and-smartphones-to-transfer-money-to-friends-family-and-businesse
B65-ADV-001,6.5,adv-disadv,media,train,254,,,cdieltsprep.com,201,https://www.cdieltsprep.com/writing-samples/global-streaming-platforms-deciding-what-gets-made
B65-DIS-001,6.5,discussion,social,train,270,TR6/CC6/LR6/GRA7,,ieltswritingcorrectionservice.com,202,https://ieltswritingcorrectionservice.com/ielts-task-2-sample-society
B65-ADV-002,6.5,adv-disadv,social,train,351,,,writing9.com,203,https://writing9.com/text/6aa68e8418262300115285b6-2in-many-countries-around-the-world-rural-people-are-moving-to-cities-so-the-population-in-the-count
B65-ADV-003,6.5,adv-disadv,education,train,264,,,cdieltsprep.com,204,https://www.cdieltsprep.com/writing-samples/studying-degree-abroad
B65-DIS-002,6.5,discussion,environment,train,263,TR6/CC6/LR6/GRA7,,ieltswritingcorrectionservice.com,205,https://ieltswritingcorrectionservice.com/ielts-task-2-sample-environment
B65-OP-001,6.5,opinion,education,train,333,,,writing9.com,206,https://writing9.com/text/6aa7bbab18262300115286a4-4many-people-join-distance-learning-programs-studys-material-post-tv-internet-and-study-at-home-but-
B65-DIS-003,6.5,discussion,environment,train,261,,,cdieltsprep.com,207,https://www.cdieltsprep.com/writing-samples/nuclear-power-versus-renewables-only
B65-OP-002,6.5,opinion,health,train,270,TR6/CC6/LR6/GRA7,,ieltswritingcorrectionservice.com,208,https://ieltswritingcorrectionservice.com/ielts-task-2-sample-health
B65-ADV-004,6.5,adv-disadv,globalization-work,train,272,,,writing9.com,209,https://writing9.com/text/6ab7883a3be1dd001236d596-a-lot-of-places-in-the-world-rely-on-tourism-as-a-main-source-of-income-describe-the-advantages-and-
B65-ADV-005,6.5,adv-disadv,education,blindtest,254,,,cdieltsprep.com,210,https://www.cdieltsprep.com/writing-samples/recorded-lectures-replacing-live-teaching
B65-DIS-004,6.5,discussion,technology,train,288,TR6/CC6/LR6/GRA7,,ieltswritingcorrectionservice.com,211,https://ieltswritingcorrectionservice.com/ielts-task-2-sample-work
B65-ADV-006,6.5,adv-disadv,education,train,252,,,writing9.com,212,https://writing9.com/text/6aa1269f18262300115281b9-all-university-undergraduate-courses-should-include-a-period-of-time-spent-studying-abroad-or-doing-
B65-OP-003,6.5,opinion,globalization-work,blindtest,254,,,cdieltsprep.com,213,https://www.cdieltsprep.com/writing-samples/employers-monitoring-staff-computer-use
B65-ADV-007,6.5,adv-disadv,globalization-work,blindtest,326,,,writing9.com,214,https://writing9.com/text/6ac539761e727500118625be-an-increasing-number-of-people-are-changing-careers-during-their-working-life-what-do-you-think-are-
B65-DIS-005,6.5,discussion,culture,train,265,,,cdieltsprep.com,215,https://www.cdieltsprep.com/writing-samples/english-global-language-versus-smaller-languages
B65-ADV-008,6.5,adv-disadv,globalization-work,blindtest,282,,,writing9.com,216,https://writing9.com/text/6aba75653be1dd001236d7a6-as-global-trade-increases-many-goods-including-those-we-use-on-daily-basis-are-produced-in-another-c
B65-REP-001,6.5,report,crime,train,254,,,cdieltsprep.com,217,https://www.cdieltsprep.com/writing-samples/rise-of-online-fraud
B65-OP-004,6.5,opinion,technology,train,286,,,writing9.com,218,https://writing9.com/text/6a9c31b08b43af001111d3c1-children-should-be-taught-how-to-manage-their-own-use-of-digital-devices-rather-than-having-strict-l
B65-OP-005,6.5,opinion,government,blindtest,262,,,cdieltsprep.com,219,https://www.cdieltsprep.com/writing-samples/prevention-before-treatment-health-spending
B65-OP-006,6.5,opinion,government,train,261,,,writing9.com,220,https://writing9.com/text/6a7cad705a8b010011bd8614-creative-artists-should-be-given-the-freedom-to-express-their-ideas-through-words-pictures-music-or-
B65-REP-002,6.5,report,social,train,274,,,cdieltsprep.com,221,https://www.cdieltsprep.com/writing-samples/why-volunteers-are-harder-to-find
B65-REP-003,6.5,report,health,blindtest,267,,,writing9.com,222,https://writing9.com/text/6ab2502e3be1dd001236d1e4-despite-the-large-number-of-gyms-a-sedenatary-lifestyle-is-gaining-popularity-in-the-contemporary-wo
B65-ADV-009,6.5,adv-disadv,globalization-work,train,256,,,cdieltsprep.com,223,https://www.cdieltsprep.com/writing-samples/automation-routine-office-work
B65-REP-004,6.5,report,environment,train,277,,,writing9.com,224,https://writing9.com/text/6abb8d4b3be1dd001236d8a2-discuss-the-impact-of-single-use-plastics-on-the-environment-what-steps-can-individuals-and-governme
B65-REP-005,6.5,report,crime,train,279,,,cdieltsprep.com,225,https://www.cdieltsprep.com/writing-samples/young-offenders-reoffending-solutions
B65-OP-007,6.5,opinion,education,train,284,,,writing9.com,226,https://writing9.com/text/6a7cdddc5a8b010011bd8628-education-is-not-a-luxury-but-a-basic-human-right-and-as-such-should-be-free-for-everyone-irrespecti
B65-ADV-010,6.5,adv-disadv,globalization-work,train,255,,,cdieltsprep.com,227,https://www.cdieltsprep.com/writing-samples/short-term-contracts-replacing-permanent-jobs
B65-OP-008,6.5,opinion,education,blindtest,335,,,writing9.com,228,https://writing9.com/text/6ac2c8423be1dd001236de07-education-should-be-free-for-everyone-to-what-extent-do-you-agree
B65-REP-006,6.5,report,education,train,258,,,cdieltsprep.com,229,https://www.cdieltsprep.com/writing-samples/fewer-students-choosing-science-and-maths
B65-OP-009,6.5,opinion,culture,train,317,,,writing9.com,230,https://writing9.com/text/6aab562318262300115289a6-english-has-become-a-need-of-the-day-and-the-local-language-are-getting-sidelined-give-opinion-and-d
B65-ADV-011,6.5,adv-disadv,social,blindtest,273,,,cdieltsprep.com,231,https://www.cdieltsprep.com/writing-samples/having-children-later-in-life
B65-OP-010,6.5,opinion,technology,blindtest,302,,,writing9.com,232,https://writing9.com/text/6a7a708f5a8b010011bd848c-entertainment-such-as-playing-electronic-games-on-portable-devices-will-be-harmful-to-individuals-in
B65-TQ-001,6.5,two-part,government,blindtest,256,,,cdieltsprep.com,233,https://www.cdieltsprep.com/writing-samples/falling-public-trust-in-politicians
B65-OP-011,6.5,opinion,environment,blindtest,336,,,writing9.com,234,https://writing9.com/text/6a7e849b8b43af001111bd86-environmental-protection-is-the-responsibility-of-politicians-not-individuals-as-individuals-can-too
B65-ADV-012,6.5,adv-disadv,crime,train,266,,,cdieltsprep.com,235,https://www.cdieltsprep.com/writing-samples/private-companies-running-public-services
B65-REP-007,6.5,report,social,blindtest,286,,,writing9.com,236,https://writing9.com/text/6a7f26658b43af001111bdcc-family-members-and-friends-caring-for-elderly-people-find-it-hard-to-spend-enough-time-looking-after
B65-REP-008,6.5,report,health,train,257,,,cdieltsprep.com,237,https://www.cdieltsprep.com/writing-samples/childhood-obesity-causes-and-solutions
B65-OP-012,6.5,opinion,government,blindtest,373,,,writing9.com,238,https://writing9.com/text/6a98fe198b43af001111d19f-governments-should-invest-more-in-public-transport-than-in-building-new-roads-to-what-extent-do-you-
B65-ADV-013,6.5,adv-disadv,social,train,287,,,cdieltsprep.com,239,https://www.cdieltsprep.com/writing-samples/high-rise-flats-instead-of-houses
B65-OP-013,6.5,opinion,government,blindtest,270,,,writing9.com,240,https://writing9.com/text/6a9d971d8b43af001111d4b9-governments-should-spend-more-money-preventing-common-illnesses-than-treating-people-after-they-beco
B65-REP-009,6.5,report,globalization-work,train,279,,,cdieltsprep.com,241,https://www.cdieltsprep.com/writing-samples/urban-housing-unaffordable-solutions
B65-ADV-014,6.5,adv-disadv,social,train,330,,,writing9.com,242,https://writing9.com/text/6a84cbff8b43af001111c1be-high-rise-building-advantagedisadvantage-these-days-more-people-prefer-to-live-in-vertical-buildings
B65-REP-010,6.5,report,social,train,289,,,cdieltsprep.com,243,https://www.cdieltsprep.com/writing-samples/older-people-loneliness-isolation-solutions
B65-DIS-006,6.5,discussion,social,train,258,,,writing9.com,244,https://writing9.com/text/6a8e5d158b43af001111c996-in-many-cities-around-the-world-there-is-a-shortage-of-housing-some-people-believe-that-governments-
B65-ADV-015,6.5,adv-disadv,technology,train,264,,,cdieltsprep.com,245,https://www.cdieltsprep.com/writing-samples/online-retail-replacing-high-street
B65-TQ-002,6.5,two-part,education,train,254,,,writing9.com,246,https://writing9.com/text/6aba1fea3be1dd001236d77d-in-many-countries-primary-and-secondary-schools-close-for-two-months-or-more-in-the-summer-holidays-
B65-REP-011,6.5,report,health,blindtest,279,,,cdieltsprep.com,247,https://www.cdieltsprep.com/writing-samples/food-waste-in-wealthy-countries
B65-ADV-016,6.5,adv-disadv,culture,blindtest,315,,,writing9.com,248,https://writing9.com/text/6ab29b023be1dd001236d211-in-many-countries-shopping-is-becoming-a-free-time-activity-that-replaces-traditional-hobbies-such-a
B65-DIS-007,6.5,discussion,social,train,299,,,cdieltsprep.com,249,https://www.cdieltsprep.com/writing-samples/volunteers-running-local-services
B65-OP-014,6.5,opinion,social,train,251,,,writing9.com,250,https://writing9.com/text/6aa260891826230011528299-in-many-countries-woman-no-longer-feel-the-need-to-get-married-some-people-believe-that-this-is-beca
B65-ADV-017,6.5,adv-disadv,technology,blindtest,255,,,cdieltsprep.com,251,https://www.cdieltsprep.com/writing-samples/cash-replaced-by-digital-payment
B65-ADV-018,6.5,adv-disadv,globalization-work,train,262,,,writing9.com,252,https://writing9.com/text/6aa6760818262300115285ad-in-many-parts-of-the-world-more-employees-are-choosing-or-being-required-to-work-from-home-do-the-ad
B65-DIS-008,6.5,discussion,social,blindtest,253,,,cdieltsprep.com,253,https://www.cdieltsprep.com/writing-samples/grandparents-versus-nurseries-childcare
B65-DIS-009,6.5,discussion,social,train,346,,,writing9.com,254,https://writing9.com/text/6a85c0b38b43af001111c2b0-in-recent-years-there-has-been-growing-interest-in-the-relationship-between-equality-and-personal-ac
B65-ADV-019,6.5,adv-disadv,globalization-work,blindtest,265,,,cdieltsprep.com,255,https://www.cdieltsprep.com/writing-samples/subscriptions-replacing-ownership
B65-OP-015,6.5,opinion,social,train,310,,,writing9.com,256,https://writing9.com/text/6ab791783be1dd001236d598-in-some-area-of-the-us-a-curfew-is-imposed-in-which-teenagers-are-not-allowed-to-be-out-of-doors-aft
B65-ADV-020,6.5,adv-disadv,globalization-work,train,263,,,cdieltsprep.com,257,https://www.cdieltsprep.com/writing-samples/changing-careers-several-times
B65-ADV-021,6.5,adv-disadv,social,train,253,,,writing9.com,258,https://writing9.com/text/6aafe8133be1dd001236d002-in-some-cities-public-parks-and-open-spaces-are-changed-into-gardens-where-local-residents-can-grow-
B65-TQ-003,6.5,two-part,environment,train,263,,,cdieltsprep.com,259,https://www.cdieltsprep.com/writing-samples/ocean-plastic-waste-causes-and-solutions
B65-OP-016,6.5,opinion,social,train,415,,,writing9.com,260,https://writing9.com/text/6ab0c0ea3be1dd001236d0b3-in-some-countires-owning-a-home-rather-than-renting-one-is-very-important-for-people-why-might-be-th
B65-DIS-010,6.5,discussion,globalization-work,train,251,,,cdieltsprep.com,261,https://www.cdieltsprep.com/writing-samples/remote-working-employees-versus-teams
B65-ADV-022,6.5,adv-disadv,health,train,417,,,writing9.com,262,https://writing9.com/text/6aad0f991826230011528acb-in-some-countries-it-is-becoming-increasingly-common-for-people-to-follow-a-vegetarian-diet-do-the-a
B65-REP-012,6.5,report,health,train,265,,,cdieltsprep.com,263,https://www.cdieltsprep.com/writing-samples/skilled-graduates-emigration-brain-drain
B65-ADV-023,6.5,adv-disadv,social,train,356,,,writing9.com,264,https://writing9.com/text/6ac4dfdd1e7275001186257c-in-some-countries-more-and-more-fathers-take-care-of-their-children-at-home-while-mothers-work-full-
B65-OP-017,6.5,opinion,government,train,257,,,cdieltsprep.com,265,https://www.cdieltsprep.com/writing-samples/public-money-hosting-international-sporting-events
B65-DIS-011,6.5,discussion,globalization-work,blindtest,359,,,writing9.com,266,https://writing9.com/text/6aa261ef182623001152829b-in-some-countries-people-who-are-unemployed-receive-a-sum-of-money-each-week-in-the-form-of-a-benefi
B65-ADV-024,6.5,adv-disadv,globalization-work,train,258,,,cdieltsprep.com,267,https://www.cdieltsprep.com/writing-samples/mass-tourism-developing-economies
B65-DIS-012,6.5,discussion,globalization-work,train,307,,,writing9.com,268,https://writing9.com/text/6a9d5f398b43af001111d48f-in-some-countries-people-who-are-unemployed-receive-a-sum-of-money-each-week-in-the-form-of-a-benefi
B65-DIS-013,6.5,discussion,culture,train,268,,,cdieltsprep.com,269,https://www.cdieltsprep.com/writing-samples/museum-artefacts-return-or-retain
B65-TQ-004,6.5,two-part,health,train,296,,,writing9.com,270,https://writing9.com/text/6a8d7a688b43af001111c8cf-in-some-countries-the-average-weight-of-people-is-increasing-and-their-levels-of-health-and-fitness-
B65-REP-013,6.5,report,health,train,253,,,cdieltsprep.com,271,https://www.cdieltsprep.com/writing-samples/patients-ignoring-medical-advice
B65-OP-018,6.5,opinion,social,train,251,,,writing9.com,272,https://writing9.com/text/6a8ecd458b43af001111c9c9-in-some-countries-there-are-many-social-problems-involving-teenagers-this-is-because-parents-spend-m
B65-ADV-025,6.5,adv-disadv,media,train,282,,,cdieltsprep.com,273,https://www.cdieltsprep.com/writing-samples/holidays-chosen-from-social-media
B65-ADV-026,6.5,adv-disadv,education,train,285,,,writing9.com,274,https://writing9.com/text/6ac360cc3be1dd001236deb1-in-some-countries-university-students-live-at-home-with-their-families-while-studying-whereas-in-oth
B65-REP-014,6.5,report,social,train,289,,,cdieltsprep.com,275,https://www.cdieltsprep.com/writing-samples/travel-for-people-with-disabilities
B65-ADV-027,6.5,adv-disadv,social,train,333,,,writing9.com,276,https://writing9.com/text/6a82b1338b43af001111c038-in-the-21st-century-contact-between-many-different-parts-of-the-world-has-developed-rapidly-through-
B65-TQ-005,6.5,two-part,environment,blindtest,263,,,cdieltsprep.com,277,https://www.cdieltsprep.com/writing-samples/flying-despite-environmental-cost
B65-ADV-028,6.5,adv-disadv,technology,train,293,,,writing9.com,278,https://writing9.com/text/6a8a63208b43af001111c682-in-the-future-all-cars-buses-and-trucks-will-be-driverless-the-only-people-travelling-inside-these-v
B65-DIS-014,6.5,discussion,media,train,261,,,cdieltsprep.com,279,https://www.cdieltsprep.com/writing-samples/social-media-as-a-news-source
B65-OP-019,6.5,opinion,social,train,311,,,writing9.com,280,https://writing9.com/text/6ab8c5293be1dd001236d67a-in-the-last-century-the-first-man-to-walk-on-the-moon-said-it-was-a-giant-leap-for-mankind-however-s
B65-OP-020,6.5,opinion,media,train,259,,,cdieltsprep.com,281,https://www.cdieltsprep.com/writing-samples/legal-duty-to-publish-prominent-corrections
B65-TQ-006,6.5,two-part,environment,train,317,,,writing9.com,282,https://writing9.com/text/6a7ce18f5a8b010011bd862a-increasing-the-prices-of-petrol-is-the-best-way-to-solve-growing-traffic-and-pollution-problems-to-w
B65-REP-015,6.5,report,technology,train,252,,,cdieltsprep.com,283,https://www.cdieltsprep.com/writing-samples/smartphone-dependence-causes-and-effects
B65-ADV-029,6.5,adv-disadv,health,train,269,,,writing9.com,284,https://writing9.com/text/6ab6072f3be1dd001236d489-it-has-recently-been-announced-that-a-new-restaurant-may-be-built-in-your-neighborhood-what-are-the-
B65-ADV-030,6.5,adv-disadv,government,train,290,,,cdieltsprep.com,285,https://www.cdieltsprep.com/writing-samples/fare-free-public-transport
B65-OP-021,6.5,opinion,culture,train,284,,,writing9.com,286,https://writing9.com/text/6aa5518018262300115284e1-it-is-a-fact-that-there-are-a-lot-of-languages-in-this-world-but-every-year-several-of-the-languages
B65-ADV-031,6.5,adv-disadv,globalization-work,train,268,,,cdieltsprep.com,287,https://www.cdieltsprep.com/writing-samples/four-day-working-week
B65-ADV-032,6.5,adv-disadv,education,train,256,,,writing9.com,288,https://writing9.com/text/6ac528621e727500118625b4-it-is-becoming-increasingly-popular-to-have-a-year-off-between-finishing-school-and-going-to-univers
B65-ADV-033,6.5,adv-disadv,government,train,279,,,cdieltsprep.com,289,https://www.cdieltsprep.com/writing-samples/relocating-government-bodies-from-capital
B65-OP-022,6.5,opinion,social,train,282,,,writing9.com,290,https://writing9.com/text/6ac3459e3be1dd001236de97-it-is-important-for-all-towns-and-cities-to-have-large-outdoor-public-spaces-such-as-squared-and-par
B65-OP-023,6.5,opinion,education,train,279,,,cdieltsprep.com,291,https://www.cdieltsprep.com/writing-samples/university-funding-employment-outcomes
B65-OP-024,6.5,opinion,social,blindtest,247,,,writing9.com,292,https://writing9.com/text/6abcf2673be1dd001236d9da-it-is-important-for-all-towns-and-cities-to-have-large-public-outdoor-places-like-squares-and-parks-
B65-OP-025,6.5,opinion,crime,train,250,,,cdieltsprep.com,293,https://www.cdieltsprep.com/writing-samples/community-sentences-for-non-violent-crime
B65-OP-026,6.5,opinion,education,train,276,,,writing9.com,294,https://writing9.com/text/6ab35f9a3be1dd001236d2b2-it-is-very-common-for-people-to-change-both-their-habits-and-their-opinions-as-they-get-older-do-you
B65-OP-027,6.5,opinion,health,train,266,,,cdieltsprep.com,295,https://www.cdieltsprep.com/writing-samples/taxing-sugar-and-fat-for-public-health
B65-OP-028,6.5,opinion,globalization-work,train,253,,,writing9.com,296,https://writing9.com/text/6a9d7dde8b43af001111d49f-manufacturers-should-be-legally-required-to-make-products-that-can-be-repaired-easily-instead-of-enc
B65-OP-029,6.5,opinion,environment,train,262,,,cdieltsprep.com,297,https://www.cdieltsprep.com/writing-samples/individual-action-versus-climate-regulation
B65-DIS-015,6.5,discussion,media,train,289,,,writing9.com,298,https://writing9.com/text/6ab6c8283be1dd001236d4fa-many-companies-sponsor-sports-as-a-way-of-advertising-themselves-some-people-think-this-is-good-for-
B65-DIS-016,6.5,discussion,media,train,288,,,cdieltsprep.com,299,https://www.cdieltsprep.com/writing-samples/press-reporting-private-lives-of-the-famous
B65-ADV-034,6.5,adv-disadv,social,train,284,,,writing9.com,300,https://writing9.com/text/6a9926a18b43af001111d1b0-many-elder-people-are-no-long-look-after-their-families-but-are-put-in-care-home-and-nursing-homeswh
B65-OP-030,6.5,opinion,social,train,269,,,cdieltsprep.com,301,https://www.cdieltsprep.com/writing-samples/banning-private-cars-from-city-centres
B65-OP-031,6.5,opinion,health,blindtest,260,,,writing9.com,302,https://writing9.com/text/6aa6b6a018262300115285d2-many-manufactured-food-and-drink-contains-high-level-of-sugar-which-causes-many-health-problems-suga
B65-OP-032,6.5,opinion,government,blindtest,268,,,cdieltsprep.com,303,https://www.cdieltsprep.com/writing-samples/compulsory-voting-in-national-elections
B65-OP-033,6.5,opinion,health,train,296,,,writing9.com,304,https://writing9.com/text/6aad86c61826230011528b09-many-manufactured-food-and-drink-products-contain-high-levels-of-sugar-which-causes-many-health-prob
B65-OP-034,6.5,opinion,media,train,259,,,cdieltsprep.com,305,https://www.cdieltsprep.com/writing-samples/banning-advertising-aimed-at-young-children
B65-DIS-017,6.5,discussion,education,train,316,,,writing9.com,306,https://writing9.com/text/6aaf238d1826230011528be8-many-people-believe-that-cooking-is-an-essential-life-skill-and-should-be-taught-to-both-boys-and-gi
B65-OP-035,6.5,opinion,technology,train,250,,,cdieltsprep.com,307,https://www.cdieltsprep.com/writing-samples/smartphones-before-secondary-school
B65-DIS-018,6.5,discussion,environment,train,256,,,writing9.com,308,https://writing9.com/text/6a9a74828b43af001111d290-many-people-believe-that-it-is-important-to-protect-all-wild-animals-while-others-think-that-only-so
B65-DIS-019,6.5,discussion,education,train,259,,,cdieltsprep.com,309,https://www.cdieltsprep.com/writing-samples/mixed-ability-classes-versus-streaming
B65-OP-036,6.5,opinion,social,train,316,,,writing9.com,310,https://writing9.com/text/6a7d8eb95a8b010011bd86e7-many-people-believe-that-saving-money-for-the-future-is-important-for-everyone-especially-for-young-
B65-ADV-035,6.5,adv-disadv,media,train,261,,,cdieltsprep.com,311,https://www.cdieltsprep.com/writing-samples/streaming-replacing-television-cinema
B65-OP-037,6.5,opinion,environment,blindtest,231,,,writing9.com,312,https://writing9.com/text/6a7b8dc35a8b010011bd8550-many-people-feel-it-is-a-waste-of-money-to-try-to-save-endangered-animal-species-for-example-the-tig
B65-TQ-007,6.5,two-part,culture,train,270,,,cdieltsprep.com,313,https://www.cdieltsprep.com/writing-samples/traditional-crafts-dying-out
B65-REP-016,6.5,report,health,train,317,,,writing9.com,314,https://writing9.com/text/6a9e89998b43af001111d582-many-people-understand-what-they-should-do-to-maintain-a-healthy-lifestyle-but-still-fail-to-follow-
B65-TQ-008,6.5,two-part,social,blindtest,266,,,cdieltsprep.com,315,https://www.cdieltsprep.com/writing-samples/urban-traffic-congestion-solutions
B65-ADV-036,6.5,adv-disadv,globalization-work,train,355,,,writing9.com,316,https://writing9.com/text/6a9adb678b43af001111d2d0-many-people-work-long-hours-leaving-very-little-for-leisure-activities-does-this-situation-have-more
B65-OP-038,6.5,opinion,education,train,265,,,cdieltsprep.com,317,https://www.cdieltsprep.com/writing-samples/parents-or-schools-responsible-for-behaviour
B65-ADV-037,6.5,adv-disadv,education,train,286,,,writing9.com,318,https://writing9.com/text/6ac26fe73be1dd001236ddd8-many-students-finish-high-school-and-want-to-continue-their-studies-in-another-country-give-the-adva
B65-OP-039,6.5,opinion,culture,train,269,,,writing9.com,319,https://writing9.com/text/6aaafee31826230011528922-modern-buildings-appear-in-large-numbers-but-some-people-believe-that-we-should-build-our-buildings-
B65-OP-040,6.5,opinion,social,train,259,,,writing9.com,320,https://writing9.com/text/6a9d776e8b43af001111d498-modern-cities-should-be-designed-to-encourage-people-to-spend-time-together-in-shared-public-spaces-
B65-ADV-038,6.5,adv-disadv,social,train,287,,,writing9.com,321,https://writing9.com/text/6a9903228b43af001111d1a2-more-and-more-people-are-moving-to-big-cities-these-days-discuss-advantages-and-disadvantages-of-liv
B65-OP-041,6.5,opinion,globalization-work,train,257,,,writing9.com,322,https://writing9.com/text/6a8738548b43af001111c3df-multinational-companies-improves-the-quality-of-life-in-the-foreign-countries-where-they-sell-their-
B65-OP-042,6.5,opinion,social,train,264,,,writing9.com,323,https://writing9.com/text/6a8eb1bc8b43af001111c9c4-n-some-countries-there-are-many-social-problems-involving-teenagers-some-people-say-this-is-because-
B65-OP-043,6.5,opinion,media,train,381,,,writing9.com,324,https://writing9.com/text/6aa4b5c71826230011528499-nowadays-many-young-people-are-highly-influenced-by-celebrities-and-choose-them-as-their-role-models
B65-ADV-039,6.5,adv-disadv,technology,blindtest,341,,,writing9.com,325,https://writing9.com/text/6a7a0a4d5a8b010011bd8464-nowadays-most-of-the-information-is-available-on-the-internet-whereas-in-the-past-knowledge-was-stor
B65-TQ-009,6.5,two-part,government,train,420,,,writing9.com,326,https://writing9.com/text/6a9333d98b43af001111ccff-nowadays-we-are-producing-more-and-more-rubbishgarbage-why-do-you-think-this-is-happening-what-can-g
B65-OP-044,6.5,opinion,media,train,312,,,writing9.com,327,https://writing9.com/text/6ac520d01e727500118625a8-ordinary-people-try-to-copy-famous-people-either-reading-magazines-or-watching-tv-why-do-they-do-thi
B65-REP-017,6.5,report,health,blindtest,250,,,writing9.com,328,https://writing9.com/text/6ab139dc3be1dd001236d115-people-are-having-more-and-more-sugar-based-drinks-what-are-the-reasons-what-are-the-solutions-to-ma
B65-OP-045,6.5,opinion,globalization-work,train,257,,,writing9.com,329,https://writing9.com/text/6ab9108a3be1dd001236d6a5-peoples-shopping-habits-depend-more-on-the-age-group-they-belong-to-than-any-other-factors-to-what-e
B65-OP-046,6.5,opinion,globalization-work,train,317,,,writing9.com,330,https://writing9.com/text/6a7c8f235a8b010011bd8608-popular-events-like-the-football-world-cup-and-other-international-sporting-occasions-are-essential-
B65-ADV-040,6.5,adv-disadv,health,train,290,,,writing9.com,331,https://writing9.com/text/6a8574408b43af001111c25e-populations-in-developing-nations-are-rapidly-growing-people-now-believe-that-we-should-turn-to-gent
B65-OP-047,6.5,opinion,health,train,341,,,writing9.com,332,https://writing9.com/text/6a7f41738b43af001111bddf-prevention-is-better-than-cure-researching-and-treating-disease-is-too-costly-so-it-would-be-better-
B65-OP-048,6.5,opinion,globalization-work,train,287,,,writing9.com,333,https://writing9.com/text/6a7f94ac8b43af001111bdfc-promotions-to-a-higher-level-should-be-made-from-within-the-company-rather-than-appointing-a-new-per
B65-OP-049,6.5,opinion,education,blindtest,283,,,writing9.com,334,https://writing9.com/text/6a9af5ef8b43af001111d2e7-schools-and-workplaces-should-allow-people-to-make-mistakes-without-serious-consequences-because-fai
B65-OP-050,6.5,opinion,health,train,252,,,writing9.com,335,https://writing9.com/text/6aa13d9618262300115281c0-shops-should-not-be-allowed-to-sell-any-food-or-drink-that-are-scientifically-proven-to-be-bad-for-h
B65-OP-051,6.5,opinion,social,blindtest,296,,,writing9.com,336,https://writing9.com/text/6a83283e8b43af001111c089-should-a-city-try-to-preserve-its-old-historic-buildings-or-destroy-them-and-replace-them-with-moder
B65-OP-052,6.5,opinion,globalization-work,train,491,,,writing9.com,337,https://writing9.com/text/6ac3346c3be1dd001236de87-should-the-weekly-working-days-be-reduced-and-weekends-extended-give-your-opinion
B65-OP-053,6.5,opinion,media,train,321,,,writing9.com,338,https://writing9.com/text/6aa6502a182623001152859b-social-media-is-a-good-thing-for-modern-society-to-what-extent-do-you-agree-or-disagree-with-this-st
B65-DIS-020,6.5,discussion,education,train,406,,,writing9.com,339,https://writing9.com/text/6aa1808f18262300115281e6-some-believe-that-teenagers-should-concentrate-on-all-school-subjects-but-others-believe-that-teenag
B65-DIS-021,6.5,discussion,social,train,340,,,writing9.com,340,https://writing9.com/text/6aae877e1826230011528bb0-some-parents-think-that-children-should-do-extracurricular-activities-others-think-that-this-will-gi
B65-DIS-022,6.5,discussion,technology,blindtest,295,,,writing9.com,341,https://writing9.com/text/6ac40c051e727500118624ae-some-people-argue-that-it-is-useful-to-do-research-into-family-history-to-search-for-past-generation
B65-OP-054,6.5,opinion,education,train,310,,,writing9.com,342,https://writing9.com/text/6a8c83968b43af001111c7fd-some-people-argue-that-primary-schools-focus-too-much-on-formal-learning-to-what-extent-do-you-agree
B65-DIS-023,6.5,discussion,media,train,357,,,writing9.com,343,https://writing9.com/text/6ab25c663be1dd001236d1e9-some-people-believe-that-advertising-does-a-great-job-of-persuading-people-to-buy-things-others-thin
B65-DIS-024,6.5,discussion,environment,train,326,,,writing9.com,344,https://writing9.com/text/6a85f9328b43af001111c2c8-some-people-believe-that-animal-should-be-eaten-or-experimented-on-while-other-think-they-have-equal
B65-DIS-025,6.5,discussion,media,train,260,,,writing9.com,345,https://writing9.com/text/6abc9b4e3be1dd001236d98c-some-people-believe-that-celebrity-personal-events-ia-a-waste-of-money-others-feel-that-these-celebr
B65-OP-055,6.5,opinion,government,train,252,,,writing9.com,346,https://writing9.com/text/6a7c8db25a8b010011bd8603-some-people-believe-that-governments-should-encourage-people-to-use-public-transport-instead-of-priv
B65-DIS-026,6.5,discussion,globalization-work,train,284,,,writing9.com,347,https://writing9.com/text/6a7c7cec5a8b010011bd85f8-some-people-believe-that-it-is-best-to-accept-a-bad-situation-such-as-an-unsatisfactory-job-or-short
B65-OP-056,6.5,opinion,health,train,288,,,writing9.com,348,https://writing9.com/text/6a81da758b43af001111bf6f-some-people-believe-that-playing-sports-is-the-best-way-to-stay-healthy-to-what-extent-do-you-agree-
B65-DIS-027,6.5,discussion,education,train,338,,,writing9.com,349,https://writing9.com/text/6ab281013be1dd001236d1fe-some-people-believe-that-the-experiences-children-have-before-they-go-to-school-will-have-the-greate
B65-OP-057,6.5,opinion,technology,train,261,,,writing9.com,350,https://writing9.com/text/6a8feb958b43af001111caa8-some-people-believe-that-the-increasing-use-of-computers-and-mobile-phones-for-communications-has-ha
B65-OP-058,6.5,opinion,education,train,358,,,writing9.com,351,https://writing9.com/text/6ac49e021e7275001186254c-some-people-believe-that-university-education-should-be-free-for-everyone-regardless-of-their-financ
B65-DIS-028,6.5,discussion,technology,train,250,,,writing9.com,352,https://writing9.com/text/6ac21a593be1dd001236dda0-some-people-believe-that-young-children-should-learn-to-use-computers-as-early-as-possible-others-th
B65-DIS-029,6.5,discussion,environment,blindtest,298,,,writing9.com,353,https://writing9.com/text/6a95ab698b43af001111ceeb-some-people-believe-that-zoos-are-inhumane-and-should-be-closed-down-others-argue-that-zoos-play-an-
B65-DIS-030,6.5,discussion,social,blindtest,349,,,writing9.com,354,https://writing9.com/text/6abc5b243be1dd001236d8ff-some-people-believe-the-government-should-spend-money-on-building-train-and-subway-lines-to-reduce-t
B65-DIS-031,6.5,discussion,technology,train,256,,,writing9.com,355,https://writing9.com/text/6ac491f91e7275001186253d-some-people-believe-today-that-everyone-has-a-right-to-access-to-the-internet-and-that-governments-s
B65-DIS-032,6.5,discussion,social,train,253,,,writing9.com,356,https://writing9.com/text/6a90ba718b43af001111cb25-some-people-do-not-like-changes-and-prefer-to-do-things-they-are-good-at-while-other-people-like-tak
B65-DIS-033,6.5,discussion,education,train,305,,,writing9.com,357,https://writing9.com/text/6aabf9b61826230011528a01-some-people-feel-that-the-primary-function-of-a-university-should-be-to-prepare-students-for-the-wor
B65-ADV-041,6.5,adv-disadv,environment,train,276,,,writing9.com,358,https://writing9.com/text/6a7b2bce5a8b010011bd8527-some-people-have-decided-to-reduce-the-number-of-times-they-fly-every-year-or-to-stop-flying-altoget
B65-DIS-034,6.5,discussion,technology,train,257,,,writing9.com,359,https://writing9.com/text/6abb7bc13be1dd001236d891-some-people-prefer-hobbies-that-involve-the-use-of-technology-while-others-enjoy-hobbies-that-do-not
B65-DIS-035,6.5,discussion,government,blindtest,290,,,writing9.com,360,https://writing9.com/text/6a9a8f748b43af001111d2a1-some-people-say-government-should-give-health-care-the-first-priorities-some-others-believe-educatio
B65-DIS-036,6.5,discussion,education,blindtest,288,,,writing9.com,361,https://writing9.com/text/6a8db7078b43af001111c8f8-some-people-say-history-is-one-of-the-most-important-schoool-subjects-othert-people-think-that-in-to
B65-OP-059,6.5,opinion,technology,train,368,,,writing9.com,362,https://writing9.com/text/6a83b68e8b43af001111c13a-some-people-say-that-ebook-and-modern-technology-will-totally-replace-traditional-newspaper-and-maga
B65-DIS-037,6.5,discussion,social,train,347,,,writing9.com,363,https://writing9.com/text/6aa2fbd21826230011528314-some-people-say-that-living-in-a-high-rise-apartment-block-is-a-lonely-experience-because-there-is-n
B65-DIS-038,6.5,discussion,health,train,271,,,writing9.com,364,https://writing9.com/text/6aac46a71826230011528a3d-some-people-say-that-the-best-way-to-improve-public-health-is-by-increasing-the-number-of-sports-fac
B65-ADV-042,6.5,adv-disadv,social,train,445,,,writing9.com,365,https://writing9.com/text/6a9acb0d8b43af001111d2bd-some-people-spend-most-of-their-time-lives-living-close-to-where-they-bornwhat-are-the-reasons-and-e
B65-OP-060,6.5,opinion,education,train,252,,,writing9.com,366,https://writing9.com/text/6a8a9bfc8b43af001111c68d-some-people-suggest-that-children-do-not-understand-the-world-of-work-and-schools-should-make-all-te
B65-DIS-039,6.5,discussion,media,blindtest,305,,,writing9.com,367,https://writing9.com/text/6ac17ed63be1dd001236dcfb-some-people-think-advertisements-may-have-positive-economic-effects-whereas-others-think-there-are-n
B65-DIS-040,6.5,discussion,health,train,309,,,writing9.com,368,https://writing9.com/text/6aa008a23155de0012e27497-some-people-think-it-is-more-beneficial-to-take-part-in-sports-which-are-played-in-teams-like-footba
B65-OP-061,6.5,opinion,technology,train,254,,,writing9.com,369,https://writing9.com/text/6a820a468b43af001111bfa2-some-people-think-that-artificial-intelligence-will-replace-many-human-jobs-in-the-future-to-what-ex
B65-DIS-041,6.5,discussion,education,train,307,,,writing9.com,370,https://writing9.com/text/6a8561758b43af001111c251-some-people-think-that-being-a-university-graduate-is-the-key-to-securing-a-good-job-while-others-th
B65-ADV-043,6.5,adv-disadv,education,blindtest,259,,,writing9.com,371,https://writing9.com/text/6a8bf2df8b43af001111c784-some-people-think-that-children-should-begin-learning-a-foreign-language-at-primary-school-rather-th
B65-DIS-042,6.5,discussion,education,train,282,,,writing9.com,372,https://writing9.com/text/6abfd3ae3be1dd001236dbd8-some-people-think-that-children-should-start-learning-a-foreign-language-at-primary-school-while-oth
B65-OP-062,6.5,opinion,health,train,287,,,writing9.com,373,https://writing9.com/text/6a9ea3788b43af001111d58c-some-people-think-that-dangerous-extreme-sports-such-as-skydiving-and-rock-climbing-should-be-banned
B65-DIS-043,6.5,discussion,social,train,236,,,writing9.com,374,https://writing9.com/text/6abb59723be1dd001236d887-some-people-think-that-electrocars-are-important-for-us-while-others-think-that-they-are-expensive-d
B65-ADV-044,6.5,adv-disadv,health,train,272,,,writing9.com,375,https://writing9.com/text/6a9e7c7f8b43af001111d579-some-people-think-that-good-health-is-very-important-to-every-person-so-medical-service-should-not-b
B65-ADV-045,6.5,adv-disadv,globalization-work,train,245,,,writing9.com,376,https://writing9.com/text/6a7aa5955a8b010011bd84fa-some-people-think-that-it-would-be-better-for-large-companies-and-industries-to-move-to-regional-are
B65-DIS-044,6.5,discussion,culture,train,263,,,writing9.com,377,https://writing9.com/text/6ac1fcbf3be1dd001236dd89-some-people-think-that-museums-should-be-free-for-everyone-others-think-visitors-should-pay-to-enter
B65-DIS-045,6.5,discussion,education,train,323,,,writing9.com,378,https://writing9.com/text/6aa6983718262300115285bc-some-people-think-that-schools-should-teach-students-financial-management-while-others-believe-that-
B65-DIS-046,6.5,discussion,education,train,275,,,writing9.com,379,https://writing9.com/text/6ac17e2c3be1dd001236dcf8-some-people-think-that-students-should-learn-from-teachers-in-a-classroom-while-others-believe-that-
B65-OP-063,6.5,opinion,education,train,288,,,writing9.com,380,https://writing9.com/text/6a86e2bc8b43af001111c3a6-some-people-think-young-people-should-be-required-to-have-full-time-education-until-they-are-at-leas
B65-DIS-047,6.5,discussion,social,blindtest,345,,,writing9.com,381,https://writing9.com/text/6abb19813be1dd001236d862-some-people-view-the-conflict-between-teenagers-and-parents-as-a-necessary-part-of-growing-up-while-
B65-REP-018,6.5,report,globalization-work,train,259,,,writing9.com,382,https://writing9.com/text/6abf836d3be1dd001236dbbc-some-people-work-harder-than-other-why-is-this-is-this-a-positive-or-negative-habit
B65-OP-064,6.5,opinion,education,train,287,,,writing9.com,383,https://writing9.com/text/6a8d33da8b43af001111c89c-some-scientists-recommend-that-formal-education-should-start-at-the-age-of-4-or-5-in-some-countries-
B65-ADV-046,6.5,adv-disadv,education,train,251,,,writing9.com,384,https://writing9.com/text/6aa7f5c018262300115286de-some-teachers-says-international-student-exchange-program-would-be-beneficial-for-all-teenage-school
B65-OP-065,6.5,opinion,technology,train,284,,,writing9.com,385,https://writing9.com/text/6a7efffe8b43af001111bdbc-some-teenagers-spend-more-time-reading-books-while-others-prefer-to-read-online-newspapers-the-forme
B65-OP-066,6.5,opinion,education,train,252,,,writing9.com,386,https://writing9.com/text/6a8865ad8b43af001111c4f8-students-at-school-and-universities-learn-far-more-from-lessons-with-teachers-than-from-other-source
B65-DIS-048,6.5,discussion,health,train,269,,,writing9.com,387,https://writing9.com/text/6ab796483be1dd001236d59a-the-adverse-effect-of-sugar-on-health-is-well-known-to-the-public-now-some-believe-that-the-governme
B65-TQ-010,6.5,two-part,social,train,336,,,writing9.com,388,https://writing9.com/text/6a7b63fd5a8b010011bd853f-the-best-way-to-reduce-the-number-of-traffic-accidents-is-to-raise-the-age-limit-for-younger-drivers
B65-TQ-011,6.5,two-part,government,train,313,,,writing9.com,389,https://writing9.com/text/6a9ec3d08b43af001111d599-the-best-way-to-tackle-traffic-jams-is-to-invest-in-public-transport-to-what-extent-do-you-agree-or-
B65-OP-067,6.5,opinion,globalization-work,blindtest,341,,,writing9.com,390,https://writing9.com/text/6a872fa78b43af001111c3db-the-best-way-to-understand-other-cultures-is-to-work-for-a-multinational-organisation-to-what-extent
B65-OP-068,6.5,opinion,environment,train,277,,,writing9.com,391,https://writing9.com/text/6a8b23f78b43af001111c6e5-the-environmental-problems-are-rising-day-by-day-and-some-people-believe-that-it-is-the-governments-
B65-TQ-012,6.5,two-part,social,train,307,,,writing9.com,392,https://writing9.com/text/6ab1c9d63be1dd001236d149-the-friends-that-children-have-are-a-very-important-part-of-their-lives-what-kinds-of-influence-may-
B65-TQ-013,6.5,two-part,education,train,305,,,writing9.com,393,https://writing9.com/text/6a977da28b43af001111d091-the-growing-number-of-overweight-people-is-putting-a-strain-on-the-health-care-system-in-an-effort-t
B65-DIS-049,6.5,discussion,social,train,409,,,writing9.com,394,https://writing9.com/text/6a8c339f8b43af001111c7b3-the-number-of-older-people-is-increasing-some-people-think-this-is-causing-problems-in-their-countri
B65-REP-019,6.5,report,education,train,281,,,writing9.com,395,https://writing9.com/text/6aab529818262300115289a2-the-number-of-students-that-read-books-for-fun-has-dropped-dramatically-in-recent-yearswhat-are-the-
B65-ADV-047,6.5,adv-disadv,environment,train,284,,,writing9.com,396,https://writing9.com/text/6aa907ca18262300115287c9-the-topic-of-renewable-energy-is-widely-discussed-these-days-what-are-the-main-reasons-behind-the-in
B65-OP-069,6.5,opinion,globalization-work,train,250,,,writing9.com,397,https://writing9.com/text/6a81e7c68b43af001111bf80-the-working-week-should-be-shorter-and-workers-should-have-a-longer-weekend-do-you-agree-or-disagree
B65-OP-070,6.5,opinion,globalization-work,train,229,,,writing9.com,398,https://writing9.com/text/6ac51bdb1e727500118625a6-there-are-those-who-consider-work-to-be-the-paramount-aspect-of-life-suggesting-that-without-career-
B65-DIS-050,6.5,discussion,education,train,279,,,writing9.com,399,https://writing9.com/text/6ac0dd473be1dd001236dcb5-these-days-internet-based-courses-have-become-a-popular-alternative-to-university-based-courses-some
B65-ADV-048,6.5,adv-disadv,health,train,356,,,writing9.com,400,https://writing9.com/text/6ab1fd083be1dd001236d1bd-to-meet-the-growing-needs-of-food-for-the-increasing-population-country-should-make-use-of-edible-in
B7-DIS-001,7.0,discussion,media,train,218,,,ielts-blog.com,401,https://www.ielts-blog.com/ielts-writing-samples/ielts-essays-band-7/ielts-essay-topic-advertising/
B7-DIS-002,7.0,discussion,globalization-work,train,241,TR7/CC7/LR7.5/GRA7,,ielts.international,402,https://www.ielts.international/ielts-sample-essays
B7-OP-001,7.0,opinion,education,train,255,,,bandnine.ai,403,https://bandnine.ai/blog/ielts-writing-band-7-sample-essays-examiner-criteria
B7-OP-002,7.0,opinion,media,train,289,,,writing9.com,404,https://writing9.com/text/6aa6af5118262300115285ce-3social-media-is-a-good-thing-for-modern-society-to-what-extent-do-you-agree-or-disagree-with-this-s
B7-OP-003,7.0,opinion,globalization-work,blindtest,302,,,ielts-blog.com,405,https://www.ielts-blog.com/ielts-writing-samples/ielts-essays-band-7/ielts-essay-topic-working-kids/
B7-DIS-003,7.0,discussion,health,blindtest,245,TR7/CC7.5/LR7/GRA7,,ielts.international,406,https://www.ielts.international/ielts-sample-essays
B7-DIS-004,7.0,discussion,crime,train,377,,,writing9.com,407,https://writing9.com/text/6a58ef02d4eb7b0011b05dde-a-portion-of-the-human-population-believes-that-criminal-behaviour-has-its-roots-in-genes-others-thi
B7-OP-004,7.0,opinion,social,blindtest,251,,,ielts-blog.com,408,https://www.ielts-blog.com/ielts-writing-samples/ielts-essays-band-7/ielts-essay-topic-children-and-rules/
B7-DIS-005,7.0,discussion,education,train,251,TR7/CC7/LR7/GRA7,,ielts.international,409,https://www.ielts.international/ielts-sample-essays
B7-OP-005,7.0,opinion,social,blindtest,319,,,writing9.com,410,https://writing9.com/text/6aac43de1826230011528a36-access-to-clean-water-is-a-basic-human-right-therefore-every-home-should-have-a-water-supply-that-is
B7-TQ-001,7.0,two-part,media,train,323,,,ielts-blog.com,411,https://www.ielts-blog.com/ielts-writing-samples/ielts-essays-band-7/ielts-essay-topic-news-on-tv/
B7-ADV-001,7.0,adv-disadv,technology,train,308,,,writing9.com,412,https://writing9.com/text/6a61ee5ed4eb7b0011b063c2-although-modern-technology-has-made-international-communication-very-easy-many-businesspeople-still-
B7-OP-006,7.0,opinion,environment,blindtest,296,,,ielts-blog.com,413,https://www.ielts-blog.com/ielts-writing-samples/ielts-essays-band-7/ielts-essay-topic-environmental-problems/
B7-TQ-002,7.0,two-part,social,train,361,,,writing9.com,414,https://writing9.com/text/6a5896cbd4eb7b0011b05db0-ambition-is-a-positive-quality-for-people-to-have-in-society-today-how-important-is-it-for-people-wh
B7-OP-007,7.0,opinion,globalization-work,train,291,,,ielts-blog.com,415,https://www.ielts-blog.com/ielts-writing-samples/ielts-essays-band-7/ielts-essay-topic-popular-events/
B7-OP-008,7.0,opinion,technology,train,354,,,writing9.com,416,https://writing9.com/text/6a9080558b43af001111cb14-artificial-intelligence-ai-will-replace-most-human-jobs-in-the-future-to-what-extent-do-you-agree-or
B7-OP-009,7.0,opinion,crime,train,240,,,ielts-blog.com,417,https://www.ielts-blog.com/ielts-writing-samples/ielts-essays-band-7/ielts-essay-topic-should-tobacco-be-prohibited/
B7-OP-010,7.0,opinion,technology,blindtest,289,,,writing9.com,418,https://writing9.com/text/6a9aab438b43af001111d2ab-artificial-intelligence-is-increasingly-being-used-to-make-decisions-in-areas-such-as-recruitment-ed
B7-TQ-003,7.0,two-part,government,train,309,,,ielts-blog.com,419,https://www.ielts-blog.com/ielts-writing-samples/ielts-essays-band-7/ielts-essay-topic-should-wealthy-nation-share-wealth/
B7-OP-011,7.0,opinion,environment,train,283,,,writing9.com,420,https://writing9.com/text/6abc803d3be1dd001236d97f-as-we-are-facing-more-and-more-problems-which-affect-the-whole-planet-good-relationships-between-dif
B7-OP-012,7.0,opinion,health,train,384,,,ielts-blog.com,421,https://www.ielts-blog.com/ielts-writing-samples/ielts-essays-band-7/ielts-essay-topic-smoking-in-public-places/
B7-REP-001,7.0,report,health,train,382,,,writing9.com,422,https://writing9.com/text/6a5f2736d4eb7b0011b061cb-demand-of-food-is-increasing-worlwide-what-are-the-causes-of-this-what-measures-can-the-internationa
B7-DIS-006,7.0,discussion,environment,train,296,,,ielts-blog.com,423,https://www.ielts-blog.com/ielts-writing-samples/ielts-essays-band-7/ielts-essay-topic-some-people-say-protecting-the-environment-is-the-governments-responsibility-others-believe-individuals-should-be-responsible-for-it-opinion/
B7-OP-013,7.0,opinion,education,train,313,,,writing9.com,424,https://writing9.com/text/6a5c4dd0d4eb7b0011b06016-due-to-high-unemployment-rate-in-some-countries-pupils-should-be-offered-only-primary-education-and-
B7-OP-014,7.0,opinion,technology,train,206,,,ielts-blog.com,425,https://www.ielts-blog.com/ielts-writing-samples/ielts-essays-band-7/ielts-essay-topic-internet-connecting-people/
B7-OP-015,7.0,opinion,technology,train,313,,,writing9.com,426,https://writing9.com/text/6a82cd568b43af001111c040-earlier-technological-development-brought-more-changes-to-the-life-of-ordinary-people-than-recent-te
B7-OP-016,7.0,opinion,education,train,369,,,ielts-blog.com,427,https://www.ielts-blog.com/ielts-writing-samples/ielts-essays-band-7/ielts-essay-topic-should-students-travel/
B7-TQ-004,7.0,two-part,globalization-work,train,377,,,writing9.com,428,https://writing9.com/text/6abca9b83be1dd001236d99e-economic-progress-is-one-way-to-measure-the-success-of-a-country-while-some-people-think-there-are-o
B7-OP-017,7.0,opinion,technology,train,348,,,ielts-blog.com,429,https://www.ielts-blog.com/ielts-writing-samples/ielts-essays-band-7/ielts-essay-topic-internet-and-communication/
B7-ADV-002,7.0,adv-disadv,education,train,347,,,writing9.com,430,https://writing9.com/text/6a57413bd4eb7b0011b05c60-english-is-now-widely-used-as-the-main-language-of-education-especiallyin-the-education-systems-of-s
B7-OP-018,7.0,opinion,technology,blindtest,325,,,ielts-blog.com,431,https://www.ielts-blog.com/ielts-writing-samples/ielts-essays-band-7/ielts-essay-topic-internet-as-a-source-of-information/
B7-OP-019,7.0,opinion,environment,blindtest,287,,,writing9.com,432,https://writing9.com/text/6a618ac5d4eb7b0011b063a6-environmental-problems-are-too-big-for-individuals-or-individual-countries-to-address-therefore-they
B7-TQ-005,7.0,two-part,technology,blindtest,334,,,ielts-blog.com,433,https://www.ielts-blog.com/ielts-writing-samples/ielts-essays-band-7/ielts-essay-topic-computers-in-our-life/
B7-REP-002,7.0,report,social,train,273,,,writing9.com,434,https://writing9.com/text/6a7ed1bd8b43af001111bd9a-every-country-has-poor-people-and-every-country-has-different-ways-of-dealing-with-the-poor-what-are
B7-TQ-006,7.0,two-part,technology,train,152,,,ielts-blog.com,435,https://www.ielts-blog.com/ielts-writing-samples/ielts-essays-band-7/ielts-essay-topic-computers-in-the-future/
B7-OP-020,7.0,opinion,health,train,318,,,writing9.com,436,https://writing9.com/text/6a589d6cd4eb7b0011b05db4-extreme-sports-such-as-skydiving-and-rock-climbing-are-very-dangerous-and-should-be-banned-to-what-e
B7-OP-021,7.0,opinion,government,train,237,,,ielts-blog.com,437,https://www.ielts-blog.com/ielts-writing-samples/ielts-essays-band-7/ielts-essay-topic-space-exploration/
B7-OP-022,7.0,opinion,health,blindtest,296,,,writing9.com,438,https://writing9.com/text/6a9c06718b43af001111d3a4-fast-food-is-now-universally-in-most-countries-and-is-becoming-increasingly-poularsome-feel-that-thi
B7-OP-023,7.0,opinion,crime,train,299,,,ielts-blog.com,439,https://www.ielts-blog.com/ielts-writing-samples/ielts-essays-band-7/ielts-essay-topic-capital-punishment-2/
B7-OP-024,7.0,opinion,government,train,359,,,writing9.com,440,https://writing9.com/text/6a7e933f8b43af001111bd8a-goremment-investment-in-the-arts-such-as-music-and-theatre-is-a-waste-of-money-governments-must-inve
B7-OP-025,7.0,opinion,government,blindtest,296,,,writing9.com,441,https://writing9.com/text/6a5ef280d4eb7b0011b061b1-government-should-spend-money-on-railways-rahter-than-roads-to-what-extent-do-you-agree-or-disagree-
B7-OP-026,7.0,opinion,government,train,264,,,writing9.com,442,https://writing9.com/text/6aaae52d182623001152891a-governments-should-spend-money-on-railways-rather-than-roads-to-what-extent-do-you-agree-or-disagree
B7-DIS-007,7.0,discussion,social,train,301,,,writing9.com,443,https://writing9.com/text/6aae9c971826230011528bbf-having-more-money-and-less-free-time-is-better-than-earning-less-money-and-having-more-free-time-som
B7-DIS-008,7.0,discussion,technology,train,285,,,writing9.com,444,https://writing9.com/text/6a757a02bee1e0001159e6df-if-a-robot-can-think-learn-and-express-emotions-in-ways-that-are-indistinguishable-from-a-human-shou
B7-ADV-003,7.0,adv-disadv,education,train,332,,,writing9.com,445,https://writing9.com/text/6a5735cad4eb7b0011b05c5e-in-many-countries-it-is-obligatory-for-school-children-to-wear-a-uniform-do-the-advatages-of-this-po
B7-ADV-004,7.0,adv-disadv,social,blindtest,276,,,writing9.com,446,https://writing9.com/text/6aa85c94182623001152872b-in-many-countries-people-are-now-living-longer-than-ever-before-some-people-say-an-ageing-population
B7-ADV-005,7.0,adv-disadv,government,train,297,,,writing9.com,447,https://writing9.com/text/6ab66af43be1dd001236d4c5-in-many-countries-people-have-to-go-away-from-their-family-and-friends-to-find-work-do-you-think-the
B7-OP-027,7.0,opinion,environment,train,280,,,writing9.com,448,https://writing9.com/text/6a9ed7e48b43af001111d5b1-in-many-countries-plastic-bags-are-the-main-source-of-rubbish-causing-pollution-in-oceans-and-on-lan
B7-ADV-006,7.0,adv-disadv,globalization-work,train,351,,,writing9.com,449,https://writing9.com/text/6aab813118262300115289be-in-many-countries-shopping-is-no-longer-just-about-buying-what-you-need-it-has-become-a-popular-hobb
B7-TQ-007,7.0,two-part,environment,train,286,,,writing9.com,450,https://writing9.com/text/6a6b382a63791b00118b26ce-in-many-countries-the-number-of-animals-and-plants-is-declining-why-do-you-think-this-is-happening-h
B7-REP-003,7.0,report,globalization-work,train,278,,,writing9.com,451,https://writing9.com/text/6aa626c91826230011528584-in-many-countries-unemployment-among-graduates-is-a-serious-issue-what-are-the-problems-and-what-is-
B7-ADV-007,7.0,adv-disadv,social,train,298,,,writing9.com,452,https://writing9.com/text/6abc68f33be1dd001236d977-in-many-countries-young-people-are-leaving-their-homes-in-the-countryside-to-live-in-large-cities-do
B7-OP-028,7.0,opinion,globalization-work,train,352,,,writing9.com,453,https://writing9.com/text/6abed58f3be1dd001236dafc-in-many-places-women-are-taking-jobs-which-are-traditionally-done-be-men-what-do-you-think-made-thes
B7-ADV-008,7.0,adv-disadv,government,train,265,,,writing9.com,454,https://writing9.com/text/6ab0f4553be1dd001236d0de-in-order-to-solve-traffic-problems-government-should-tax-private-car-owners-heavily-and-use-the-mone
B7-REP-004,7.0,report,culture,train,251,,,writing9.com,455,https://writing9.com/text/6a625613d4eb7b0011b063f5-in-some-countries-more-and-more-people-are-becoming-interested-in-finding-out-about-the-history-of-t
B7-ADV-009,7.0,adv-disadv,social,train,316,,,writing9.com,456,https://writing9.com/text/6a9951d48b43af001111d1c9-in-some-countries-most-people-prefer-to-rent-their-houses-rather-than-buy-their-housees-what-are-the
B7-OP-029,7.0,opinion,social,train,253,,,writing9.com,457,https://writing9.com/text/6a6cb51b63791b00118b27af-in-some-countries-owning-a-home-rather-than-renting-one-is-very-important-for-people-why-might-this-
B7-TQ-008,7.0,two-part,health,train,304,,,writing9.com,458,https://writing9.com/text/6a83c5ad8b43af001111c13e-in-some-countries-the-average-weight-of-people-is-increasing-and-their-level-of-health-is-decreasing
B7-ADV-010,7.0,adv-disadv,health,train,299,,,writing9.com,459,https://writing9.com/text/6a874fff8b43af001111c3f0-in-some-countries-the-government-pays-for-health-care-in-others-the-individual-must-pay-for-their-ow
B7-DIS-009,7.0,discussion,social,blindtest,325,,,writing9.com,460,https://writing9.com/text/6a8556968b43af001111c24c-in-some-countries-the-use-of-surveillance-cameras-in-public-places-is-increasing-some-people-think-t
B7-OP-030,7.0,opinion,social,blindtest,262,,,writing9.com,461,https://writing9.com/text/6a8fa1258b43af001111ca8e-in-some-countries-there-are-many-social-problems-involving-teenagers-this-is-because-parents-spend-m
B7-ADV-011,7.0,adv-disadv,media,train,285,,,writing9.com,462,https://writing9.com/text/6abc823c3be1dd001236d981-in-some-parts-of-the-world-many-famous-people-are-regarded-as-role-models-and-they-are-having-an-inc
B7-ADV-012,7.0,adv-disadv,technology,train,300,,,writing9.com,463,https://writing9.com/text/6a7fb0898b43af001111be02-in-the-future-all-cars-buses-and-trucks-will-be-driverless-the-only-people-travelling-inside-these-v
B7-OP-031,7.0,opinion,social,train,380,,,writing9.com,464,https://writing9.com/text/6abc8e423be1dd001236d986-in-the-last-century-the-first-man-to-walk-on-the-moon-said-it-was-a-giant-leap-for-mankind-however-s
B7-ADV-013,7.0,adv-disadv,culture,train,252,,,writing9.com,465,https://writing9.com/text/6aa3b2da18262300115283b3-in-the-past-people-used-to-wear-their-traditional-clothes-depending-on-their-culture-nowadays-the-tr
B7-ADV-014,7.0,adv-disadv,education,train,265,,,writing9.com,466,https://writing9.com/text/6a990ec98b43af001111d1a6-increasing-number-of-students-are-going-to-university-instend-of-working-after-hight-school-discuss-
B7-OP-032,7.0,opinion,technology,train,287,,,writing9.com,467,https://writing9.com/text/6a95abd68b43af001111ceed-it-could-be-argued-that-technology-makes-our-lives-easier-and-simpler-but-there-are-certainly-people
B7-OP-033,7.0,opinion,social,train,316,,,writing9.com,468,https://writing9.com/text/6a5b9437d4eb7b0011b05f7b-it-has-been-suggested-that-all-young-adults-should-be-required-to-undertake-a-period-of-unpaid-work-
B7-DIS-010,7.0,discussion,globalization-work,train,239,,,writing9.com,469,https://writing9.com/text/6ac1188d3be1dd001236dcd3-it-is-common-for-people-to-travel-long-distance-for-work-and-studysome-argue-that-longer-commute-tim
B7-ADV-015,7.0,adv-disadv,globalization-work,blindtest,316,,,writing9.com,470,https://writing9.com/text/6ac16c8b3be1dd001236dcef-it-is-common-that-in-many-companies-people-from-different-ages-work-together-in-a-same-team-do-the-a
B7-OP-034,7.0,opinion,social,train,345,,,writing9.com,471,https://writing9.com/text/6aada1e31826230011528b11-it-is-important-for-everyone-including-young-people-to-save-money-for-their-future-to-what-extent-do
B7-OP-035,7.0,opinion,environment,train,317,,,writing9.com,472,https://writing9.com/text/6abb10c13be1dd001236d85c-it-is-often-argued-that-every-town-and-city-should-provide-large-public-outdoor-areas-such-as-parks-
B7-OP-036,7.0,opinion,education,train,276,,,writing9.com,473,https://writing9.com/text/6ac4b2a21e72750011862554-it-is-thought-by-some-that-a-school-teachers-role-is-to-motivate-and-inspire-students-however-other-
B7-OP-037,7.0,opinion,culture,train,263,,,writing9.com,474,https://writing9.com/text/6a68c110276f59001115b8a0-its-been-seen-that-reading-for-pleasure-develops-imaginations-and-better-language-skills-than-to-wat
B7-REP-005,7.0,report,health,blindtest,304,,,writing9.com,475,https://writing9.com/text/6a59ea7ed4eb7b0011b05e7e-many-children-today-are-overweight-this-is-a-serious-health-problem-give-the-reasons-responsible-for
B7-OP-038,7.0,opinion,health,train,321,,,writing9.com,476,https://writing9.com/text/6a882f998b43af001111c4c9-many-manufactured-food-and-drink-products-contain-high-levels-of-sugar-which-causes-many-health-prob
B7-DIS-011,7.0,discussion,education,train,282,,,writing9.com,477,https://writing9.com/text/6a835ec18b43af001111c0bc-many-peole-think-that-it-is-important-to-go-to-university-while-others-prefer-to-start-work-without-
B7-OP-039,7.0,opinion,education,train,268,,,writing9.com,478,https://writing9.com/text/6ab4e9b43be1dd001236d3b7-many-people-believe-in-the-idea-of-school-children-wearing-a-school-uniform-but-should-teachers-as-w
B7-ADV-016,7.0,adv-disadv,social,train,250,,,writing9.com,479,https://writing9.com/text/6a6dd37563791b00118b2860-many-people-in-cities-live-alone-or-in-small-family-units-instead-of-with-extended-family-do-you-thi
B7-REP-006,7.0,report,media,blindtest,266,,,writing9.com,480,https://writing9.com/text/6abe87473be1dd001236dae5-many-people-spend-too-much-time-using-social-media-what-problems-can-this-cause-and-what-solutions-c
B7-REP-007,7.0,report,globalization-work,train,291,,,writing9.com,481,https://writing9.com/text/6aa8abaf18262300115287a3-many-people-want-to-have-a-successful-career-and-a-happy-family-life-both-what-problems-are-involved
B7-OP-040,7.0,opinion,education,train,266,,,writing9.com,482,https://writing9.com/text/6a5cc28cd4eb7b0011b06025-many-students-graduate-high-school-and-wish-to-continue-their-studies-overseas-give-the-advantages-o
B7-OP-041,7.0,opinion,social,train,253,,,writing9.com,483,https://writing9.com/text/6ac0d42e3be1dd001236dcaf-money-is-important-for-everyone-including-young-people-to-save-money-for-their-future-to-what-extent
B7-ADV-017,7.0,adv-disadv,globalization-work,train,287,,,writing9.com,484,https://writing9.com/text/6a85bd648b43af001111c2a6-more-and-more-companies-are-allowing-employees-to-work-at-home-do-you-think-this-is-a-positive-or-ne
B7-ADV-018,7.0,adv-disadv,globalization-work,train,343,,,writing9.com,485,https://writing9.com/text/6a656c3812d2e10011349947-more-and-more-people-are-working-from-home-instead-of-going-to-an-office-what-are-the-advantages-and
B7-REP-008,7.0,report,environment,train,298,,,writing9.com,486,https://writing9.com/text/6a7b2ef65a8b010011bd8529-more-and-more-wild-animals-are-on-the-verge-of-extinction-and-others-are-on-the-endangered-list-what
B7-OP-042,7.0,opinion,globalization-work,blindtest,276,,,writing9.com,487,https://writing9.com/text/6a744844bee1e0001159e604-nowadays-international-tourism-is-the-biggest-industries-in-the-world-unfortunately-international-to
B7-ADV-019,7.0,adv-disadv,globalization-work,train,369,,,writing9.com,488,https://writing9.com/text/6ab414673be1dd001236d30f-nowadays-managers-and-team-leaders-in-different-organizations-are-much-younger-compared-to-the-past-
B7-ADV-020,7.0,adv-disadv,globalization-work,train,265,,,writing9.com,489,https://writing9.com/text/6ab196233be1dd001236d13f-nowadays-many-people-choose-to-be-self-employed-rather-than-to-work-for-a-company-or-organisation-wh
B7-REP-009,7.0,report,social,train,345,,,writing9.com,490,https://writing9.com/text/6a9289318b43af001111cc94-nowadays-more-and-more-older-people-who-need-employment-have-to-compete-with-younger-people-for-the-
B7-OP-043,7.0,opinion,technology,train,380,,,writing9.com,491,https://writing9.com/text/6a5f8d21d4eb7b0011b061fd-nowadays-online-shopping-is-extremely-popular-discuss-the-impact-of-it-on-the-environment-and-on-peo
B7-ADV-021,7.0,adv-disadv,media,train,301,,,writing9.com,492,https://writing9.com/text/6a579102d4eb7b0011b05cd5-nowadays-young-people-are-admiring-media-and-sports-stars-even-though-they-often-do-not-set-a-good-e
B7-REP-010,7.0,report,health,blindtest,267,,,writing9.com,493,https://writing9.com/text/6aa625bd1826230011528581-obesity-is-becoming-a-growing-concern-in-many-developed-countries-what-are-the-main-causes-of-obesit
B7-OP-044,7.0,opinion,social,train,322,,,writing9.com,494,https://writing9.com/text/6aa283d718262300115282b0-paying-all-workers-the-same-salary-in-a-company-promotes-harmony-and-respect-amongst-colleagues-to-w
B7-OP-045,7.0,opinion,social,train,368,,,writing9.com,495,https://writing9.com/text/6a977fbb8b43af001111d093-people-are-now-living-much-longer-lives-than-before-and-many-feel-we-should-remain-in-the-workforce-
B7-REP-011,7.0,report,social,train,303,,,writing9.com,496,https://writing9.com/text/6aa7cc0718262300115286b3-people-in-all-modern-societies-use-drugs-but-todays-youth-are-experimenting-with-both-legal-and-ille
B7-ADV-022,7.0,adv-disadv,technology,train,320,,,writing9.com,497,https://writing9.com/text/6aad38c91826230011528ae7-people-now-have-the-freedom-to-work-and-live-anywhere-in-the-world-due-to-the-development-of-communi
B7-ADV-023,7.0,adv-disadv,social,train,258,,,writing9.com,498,https://writing9.com/text/6abee63a3be1dd001236dafe-people-spend-a-lot-of-money-on-appearance-because-they-want-to-look-younger-why-does-this-happen-do-
B7-OP-046,7.0,opinion,globalization-work,train,312,,,writing9.com,499,https://writing9.com/text/6a9e42d98b43af001111d551-people-who-have-been-working-for-many-years-should-be-encouraged-to-retrain-for-completely-different
B7-OP-047,7.0,opinion,crime,blindtest,295,,,writing9.com,500,https://writing9.com/text/6a737419bee1e0001159e564-prison-is-the-common-way-in-most-countries-to-solve-the-problem-of-crime-however-a-more-effective-so
B7-REP-012,7.0,report,environment,train,299,,,writing9.com,501,https://writing9.com/text/6abb8f713be1dd001236d8a6-problem-and-solution-global-warming-is-one-of-the-most-serious-issues-that-the-worlds-facing-todaywh
B7-OP-048,7.0,opinion,globalization-work,train,267,,,writing9.com,502,https://writing9.com/text/6a6f9e7d63791b00118b2990-promotions-to-a-higher-level-should-be-made-from-within-the-company-rather-than-appointing-a-new-per
B7-OP-049,7.0,opinion,globalization-work,train,292,,,writing9.com,503,https://writing9.com/text/6a688b2112d2e10011349b07-promotions-to-higher-level-should-be-from-within-company-and-not-to-a-new-person-from-outside-do-you
B7-DIS-012,7.0,discussion,government,train,289,,,writing9.com,504,https://writing9.com/text/6a78f4f9bee1e0001159e931-some-believe-that-the-government-should-support-artists-like-musicians-painters-and-poets-while-othe
B7-ADV-024,7.0,adv-disadv,technology,train,304,,,writing9.com,505,https://writing9.com/text/6aac448e1826230011528a38-some-children-spend-hours-every-day-on-their-smartphones-why-is-this-the-case-do-you-think-this-is-a
B7-ADV-025,7.0,adv-disadv,globalization-work,blindtest,297,,,writing9.com,506,https://writing9.com/text/6a9e75e98b43af001111d572-some-companies-monitor-employees-activities-while-they-are-working-including-their-use-of-computers-
B7-ADV-026,7.0,adv-disadv,culture,train,281,,,writing9.com,507,https://writing9.com/text/6abd1bbb3be1dd001236d9e6-some-countries-now-have-people-from-different-cultures-and-ethnic-groups-what-is-the-reason-for-this
B7-ADV-027,7.0,adv-disadv,education,train,283,,,writing9.com,508,https://writing9.com/text/6a607843d4eb7b0011b062c7-some-experts-believe-that-it-is-better-for-children-to-begin-learning-a-foreign-laguage-at-the-prima
B7-DIS-013,7.0,discussion,globalization-work,train,253,,,writing9.com,509,https://writing9.com/text/6a6b5ae463791b00118b26e6-some-organisations-believe-that-their-employees-should-dress-smartly-others-value-quality-of-work-ab
B7-REP-013,7.0,report,media,train,313,,,writing9.com,510,https://writing9.com/text/6aa8a7f618262300115287a1-some-people-argue-that-a-growing-number-of-young-people-spend-too-much-time-watching-television-why-
B7-OP-050,7.0,opinion,education,train,272,,,writing9.com,511,https://writing9.com/text/6a787121bee1e0001159e8c5-some-people-argue-that-primary-schools-focus-too-much-on-formal-learning-to-what-extent-do-you-agree
B7-DIS-014,7.0,discussion,environment,train,272,,,writing9.com,512,https://writing9.com/text/6ab9071c3be1dd001236d6a0-some-people-argue-that-the-use-of-drones-for-personal-delivery-of-packages-is-an-invasion-of-privacy
B7-OP-051,7.0,opinion,social,train,319,,,writing9.com,513,https://writing9.com/text/6a6314d8d4eb7b0011b06480-some-people-believe-that-buses-and-trains-should-be-free-for-everyone-to-what-extent-do-you-agree-or
B7-DIS-015,7.0,discussion,globalization-work,train,268,,,writing9.com,514,https://writing9.com/text/6aa068ae1826230011528118-some-people-believe-that-cheap-and-fast-transportation-is-required-for-successful-international-busi
B7-DIS-016,7.0,discussion,technology,blindtest,421,,,writing9.com,515,https://writing9.com/text/6a9e59a88b43af001111d559-some-people-believe-that-employers-should-invest-more-in-training-existing-workers-to-use-new-techno
B7-OP-052,7.0,opinion,education,train,320,,,writing9.com,516,https://writing9.com/text/6a6c63a063791b00118b278f-some-people-believe-that-exams-are-an-inappropriate-way-of-measuring-students-performance-and-should
B7-DIS-017,7.0,discussion,social,blindtest,299,,,writing9.com,517,https://writing9.com/text/6a8c26cf8b43af001111c7a4-some-people-believe-that-fashion-is-a-waste-of-money-while-others-think-it-plays-an-important-role-i
B7-DIS-018,7.0,discussion,environment,train,346,,,writing9.com,518,https://writing9.com/text/6a6c05e663791b00118b278a-some-people-believe-that-it-is-parents-who-teach-children-to-recycle-waste-while-others-feel-schools
B7-DIS-019,7.0,discussion,environment,train,329,,,writing9.com,519,https://writing9.com/text/6a6ea26963791b00118b2915-some-people-believe-that-it-is-parents-who-teach-children-to-recycle-waste-while-others-feel-schools
B7-DIS-020,7.0,discussion,education,train,295,,,writing9.com,520,https://writing9.com/text/6ac29d473be1dd001236ddf5-some-people-believe-that-parents-should-be-responsible-for-teaching-children-how-to-manage-money-whi
B7-OP-053,7.0,opinion,social,blindtest,311,,,writing9.com,521,https://writing9.com/text/6a7dd3db5a8b010011bd870b-some-people-believe-that-restoration-of-old-building-costs-too-much-we-should-demolish-them-and-buil
B7-DIS-021,7.0,discussion,education,train,286,,,writing9.com,522,https://writing9.com/text/6ac2943d3be1dd001236ddea-some-people-believe-that-schools-should-focus-mainly-on-academic-subjects-while-others-believe-that-
B7-DIS-022,7.0,discussion,education,blindtest,327,,,writing9.com,523,https://writing9.com/text/6aad4d291826230011528af0-some-people-believe-that-studying-at-college-or-university-is-important-for-successful-career-others
B7-DIS-023,7.0,discussion,government,train,318,,,writing9.com,524,https://writing9.com/text/6ab3cad83be1dd001236d301-some-people-believe-that-the-government-should-spend-more-money-on-public-transportation-while-other
B7-DIS-024,7.0,discussion,education,train,290,,,writing9.com,525,https://writing9.com/text/6ac295113be1dd001236dded-some-people-believe-that-university-education-should-be-free-for-everyone-others-believe-that-studen
B7-DIS-025,7.0,discussion,education,blindtest,263,,,writing9.com,526,https://writing9.com/text/6a78e91dbee1e0001159e927-some-people-believe-that-university-students-should-study-whatever-they-like-while-others-think-they
B7-ADV-028,7.0,adv-disadv,globalization-work,train,314,,,writing9.com,527,https://writing9.com/text/6a7ca03a5a8b010011bd8610-some-people-believe-that-working-from-home-has-more-benefits-than-working-in-an-office-do-the-advant
B7-DIS-026,7.0,discussion,globalization-work,train,267,,,writing9.com,528,https://writing9.com/text/6a78e49ebee1e0001159e921-some-people-believe-that-working-from-home-is-beneficial-while-others-think-employees-should-work-in
B7-OP-054,7.0,opinion,technology,train,273,,,writing9.com,529,https://writing9.com/text/6abcc4223be1dd001236d9b7-some-people-believe-that-young-people-today-are-too-dependent-on-technology-such-as-computers-tablet
B7-DIS-027,7.0,discussion,media,train,281,,,writing9.com,530,https://writing9.com/text/6a56a3e8d4eb7b0011b05bdd-some-people-belive-that-watching-tv-is-bad-for-children-while-others-claim-that-it-has-positive-effe
B7-ADV-029,7.0,adv-disadv,environment,train,310,,,writing9.com,531,https://writing9.com/text/6a84b7bf8b43af001111c1b7-some-people-have-decided-to-reduce-the-number-of-times-they-fly-every-year-or-to-stop-flying-altoget
B7-DIS-028,7.0,discussion,social,train,292,,,writing9.com,532,https://writing9.com/text/6a9671dc8b43af001111cfa4-some-people-move-to-other-countries-when-they-retire-others-think-that-it-is-better-to-retire-in-the
B7-OP-055,7.0,opinion,education,train,314,,,writing9.com,533,https://writing9.com/text/6a63668cd4eb7b0011b064aa-some-people-say-that-all-secondary-and-higher-secondary-school-students-should-be-taught-how-to-mana
B7-OP-056,7.0,opinion,technology,train,325,,,writing9.com,534,https://writing9.com/text/6a8350188b43af001111c0b8-some-people-say-that-ebook-and-modern-technology-will-totally-replace-traditional-newspaper-and-maga
B7-DIS-029,7.0,discussion,technology,train,291,,,writing9.com,535,https://writing9.com/text/6a9126a98b43af001111cb98-some-people-say-that-in-the-digital-age-theatres-and-cinemas-are-no-longer-important-as-people-can-w
B7-DIS-030,7.0,discussion,technology,train,280,,,writing9.com,536,https://writing9.com/text/6a9ef01e3155de0012e273c3-some-people-say-that-in-the-digital-age-theatres-and-cinemas-are-no-longer-important-as-people-can-w
B7-OP-057,7.0,opinion,globalization-work,train,310,,,writing9.com,537,https://writing9.com/text/6a6f3d7d63791b00118b294b-some-people-say-that-it-is-better-to-work-for-a-large-company-than-a-small-one-do-you-agree-or-disag
B7-DIS-031,7.0,discussion,globalization-work,train,278,,,writing9.com,538,https://writing9.com/text/6a56a24ed4eb7b0011b05bd5-some-people-say-that-on-one-should-do-the-same-job-forever-while-others-believe-that-doing-the-same-
B7-DIS-032,7.0,discussion,government,train,276,,,writing9.com,539,https://writing9.com/text/6a73d0f6bee1e0001159e57a-some-people-say-that-the-governments-should-pay-for-health-care-and-education-but-others-think-that-
B7-OP-058,7.0,opinion,social,train,250,,,writing9.com,540,https://writing9.com/text/6a7e06a25a8b010011bd8726-some-people-say-that-your-first-impressions-when-you-meet-someone-are-always-right-to-what-extent-do
B7-DIS-033,7.0,discussion,social,train,278,,,writing9.com,541,https://writing9.com/text/6aaf4c081826230011528c59-some-people-say-young-people-should-be-encouraged-to-leave-their-family-when-they-become-adults-whil
B7-DIS-034,7.0,discussion,environment,train,254,,,writing9.com,542,https://writing9.com/text/6aa6c4e718262300115285d6-some-people-spend-their-time-in-one-place-others-move-a-number-of-times-throughout-their-lives-looki
B7-DIS-035,7.0,discussion,media,train,258,,,writing9.com,543,https://writing9.com/text/6a5ee390d4eb7b0011b061a5-some-people-think-advertisements-may-have-positive-economic-effects-whereas-others-think-there-are-n
B7-OP-059,7.0,opinion,globalization-work,train,251,,,writing9.com,544,https://writing9.com/text/6a7b817a5a8b010011bd854a-some-people-think-it-is-a-good-thing-for-senior-managers-to-have-much-higher-salaries-than-other-wor
B7-DIS-036,7.0,discussion,education,train,254,,,writing9.com,545,https://writing9.com/text/6ab93b4d3be1dd001236d6b3-some-people-think-it-is-no-longer-necessary-for-children-to-go-to-school-because-they-can-do-all-the
B7-DIS-037,7.0,discussion,education,blindtest,312,,,writing9.com,546,https://writing9.com/text/6a63e22312d2e10011349826-some-people-think-its-better-to-choose-friends-who-always-have-the-same-opinion-as-them-other-people
B7-DIS-038,7.0,discussion,social,train,382,,,writing9.com,547,https://writing9.com/text/6a60e822d4eb7b0011b06314-some-people-think-its-better-to-choose-friends-who-always-have-the-same-opinions-as-them-other-peopl
B7-TQ-009,7.0,two-part,social,blindtest,306,,,writing9.com,548,https://writing9.com/text/6a7aa3485a8b010011bd84f8-some-people-think-money-is-one-of-the-most-essential-factors-in-promoting-hapinness-do-you-think-peo
B7-DIS-039,7.0,discussion,crime,train,261,,,writing9.com,549,https://writing9.com/text/6abf7bb23be1dd001236dbb0-some-people-think-prison-is-the-best-way-to-punish-criminals-while-others-believe-community-service-
B7-DIS-040,7.0,discussion,globalization-work,train,309,,,writing9.com,550,https://writing9.com/text/6a6618ff12d2e1001134996f-some-people-think-that-a-job-provides-not-only-an-income-but-also-a-social-life-other-people-think-t
B7-DIS-041,7.0,discussion,social,train,418,,,writing9.com,551,https://writing9.com/text/6aa780351826230011528678-some-people-think-that-a-sense-of-competition-in-children-should-be-encouraged-others-believe-that-c
B7-DIS-042,7.0,discussion,social,train,406,,,writing9.com,552,https://writing9.com/text/6a5e2ffbd4eb7b0011b06101-some-people-think-that-activities-during-free-time-should-be-planned-while-others-disagree-discuss-b
B7-REP-014,7.0,report,social,train,321,,,writing9.com,553,https://writing9.com/text/6abe9b383be1dd001236daf1-some-people-think-that-economic-progress-is-the-only-way-to-measure-a-countrys-success-while-others-
B7-DIS-043,7.0,discussion,globalization-work,train,318,,,writing9.com,554,https://writing9.com/text/6aae9c171826230011528bbd-some-people-think-that-high-salary-is-important-when-choosing-a-company-to-work-for-while-other-thin
B7-DIS-044,7.0,discussion,globalization-work,train,257,,,writing9.com,555,https://writing9.com/text/6abecea13be1dd001236dafa-some-people-think-that-hosting-an-international-sports-event-is-good-for-the-country-while-some-peop
B7-DIS-045,7.0,discussion,education,blindtest,352,,,writing9.com,556,https://writing9.com/text/6a61c9acd4eb7b0011b063b5-some-people-think-that-in-order-to-be-successful-in-business-one-has-to-study-at-university-while-ot
B7-OP-060,7.0,opinion,globalization-work,train,261,,,writing9.com,557,https://writing9.com/text/6a66c82112d2e10011349a1e-some-people-think-that-it-is-always-an-advantage-to-buy-local-products-rather-than-those-made-in-oth
B7-OP-061,7.0,opinion,government,train,324,,,writing9.com,558,https://writing9.com/text/6a8b360d8b43af001111c6f4-some-people-think-that-mothers-should-spend-most-of-their-time-raising-their-family-and-therefore-th
B7-OP-062,7.0,opinion,globalization-work,blindtest,264,,,writing9.com,559,https://writing9.com/text/6ab39f5a3be1dd001236d2e7-some-people-think-that-older-and-more-experienced-employees-are-useful-for-a-company-others-feel-tha
B7-DIS-046,7.0,discussion,environment,blindtest,301,,,writing9.com,560,https://writing9.com/text/6a5a91edd4eb7b0011b05eb5-some-people-think-that-olympic-games-are-exciting-events-that-bring-other-nations-together-others-sa
B7-DIS-047,7.0,discussion,education,train,355,,,writing9.com,561,https://writing9.com/text/6ab239bc3be1dd001236d1cc-some-people-think-that-parents-should-teach-their-children-how-to-be-good-members-of-society-others-
B7-OP-063,7.0,opinion,social,train,278,,,writing9.com,562,https://writing9.com/text/6ab440e43be1dd001236d32b-some-people-think-that-planting-trees-in-open-space-in-cities-and-towns-is-more-important-than-build
B7-OP-064,7.0,opinion,media,train,279,,,writing9.com,563,https://writing9.com/text/6a6233ead4eb7b0011b063df-some-people-think-that-social-media-sites-have-a-huge-negative-effect-on-both-individuals-and-societ
B7-OP-065,7.0,opinion,social,train,354,,,writing9.com,564,https://writing9.com/text/6a89e9288b43af001111c5fd-some-people-think-that-staying-in-hotels-is-not-a-good-option-to-know-about-a-country-or-its-people-
B7-OP-066,7.0,opinion,education,train,278,,,writing9.com,565,https://writing9.com/text/6a574171d4eb7b0011b05c63-some-people-think-that-students-should-study-only-subjects-that-will-be-useful-in-the-future-while-o
B7-DIS-048,7.0,discussion,health,train,260,,,writing9.com,566,https://writing9.com/text/6a78857dbee1e0001159e8da-some-people-think-that-team-sports-prepare-children-for-work-life-but-others-think-individual-sports
B7-OP-067,7.0,opinion,government,blindtest,293,,,writing9.com,567,https://writing9.com/text/6ab6599f3be1dd001236d4ba-some-people-think-that-the-government-is-wasting-money-on-the-arts-and-that-this-money-could-be-bett
B7-OP-068,7.0,opinion,technology,blindtest,253,,,writing9.com,568,https://writing9.com/text/6aae65851826230011528ba8-some-people-think-that-the-increasing-use-of-computers-and-mobile-phones-nowadays-has-unwanted-effec
B7-DIS-049,7.0,discussion,environment,train,263,,,writing9.com,569,https://writing9.com/text/6a69f9b388b4ce00117ab9a4-some-people-think-that-zoos-are-all-cruel-and-should-be-closed-down-others-however-believe-that-zoos
B7-DIS-050,7.0,discussion,government,blindtest,334,,,writing9.com,570,https://writing9.com/text/6a58f115d4eb7b0011b05de2-some-people-think-the-government-should-provide-free-housing-while-others-believe-it-is-not-the-gove
B7-OP-069,7.0,opinion,social,train,361,,,writing9.com,571,https://writing9.com/text/6a57d7fdd4eb7b0011b05d2c-some-people-think-to-produce-happier-society-we-must-ensure-that-there-is-only-a-small-difference-in
B7-OP-070,7.0,opinion,education,train,322,,,writing9.com,572,https://writing9.com/text/6ab136703be1dd001236d111-some-people-think-university-education-should-be-free-for-everyone-to-what-extent-do-you-agree-or-di
B7-OP-071,7.0,opinion,social,train,256,,,writing9.com,573,https://writing9.com/text/6aaff0123be1dd001236d005-some-people-think-young-people-should-spend-more-time-doing-sports-do-you-agree-or-disagree
B7-DIS-051,7.0,discussion,government,blindtest,282,,,writing9.com,574,https://writing9.com/text/6a7719c6bee1e0001159e7d7-some-people-want-governments-to-spend-money-looking-for-life-on-other-planets-others-however-sink-th
B7-DIS-052,7.0,discussion,education,train,255,,,writing9.com,575,https://writing9.com/text/6a899e168b43af001111c5dc-some-university-students-want-to-learn-about-other-subjects-in-additions-to-their-main-subjects-othe
B7-ADV-030,7.0,adv-disadv,globalization-work,blindtest,232,,,writing9.com,576,https://writing9.com/text/6a5dd6d7d4eb7b0011b060db-space-travel-has-become-possible-for-tourists-and-offers-an-opportunity-for-ordinary-people-to-trave
B7-OP-072,7.0,opinion,education,train,325,,,writing9.com,577,https://writing9.com/text/6a977c508b43af001111d08f-students-should-be-allowed-to-choose-academic-courses-or-practical-courses-eg-carpenters-to-what-ext
B7-OP-073,7.0,opinion,education,train,318,,,writing9.com,578,https://writing9.com/text/6a96a79a8b43af001111cfbf-students-should-pay-their-full-university-fees-as-they-benefit-from-having-university-studies-and-no
B7-TQ-010,7.0,two-part,crime,train,351,,,writing9.com,579,https://writing9.com/text/6a69c13b276f59001115b934-study-shows-that-many-criminals-have-a-low-level-educationfor-that-reason-some-people-believe-that-t
B7-DIS-053,7.0,discussion,health,train,279,,,writing9.com,580,https://writing9.com/text/6a5ac14dd4eb7b0011b05ec0-succesfull-sports-professional-can-earn-a-great-deal-more-money-than-people-in-other-important-profe
B7-ADV-031,7.0,adv-disadv,social,blindtest,299,,,writing9.com,581,https://writing9.com/text/6a5cfd0ed4eb7b0011b0603f-taking-risks-in-both-professional-and-personal-life-is-important-do-you-think-the-advantages-of-taki
B7-OP-074,7.0,opinion,technology,blindtest,307,,,writing9.com,582,https://writing9.com/text/6a748d24bee1e0001159e622-technology-is-becoming-progressively-universal-in-the-fullness-of-time-classroom-teachers-will-be-to
B7-REP-015,7.0,report,environment,train,268,,,writing9.com,583,https://writing9.com/text/6ac144953be1dd001236dce0-the-animal-species-are-becoming-extinct-due-to-human-activities-on-land-and-in-the-sea-what-are-the-
B7-OP-075,7.0,opinion,social,train,287,,,writing9.com,584,https://writing9.com/text/6aab568818262300115289a8-the-best-way-to-provide-enough-homes-in-large-cities-is-to-build-tall-apartment-blocks-to-what-exten
B7-OP-076,7.0,opinion,social,train,307,,,writing9.com,585,https://writing9.com/text/6ac3cf121e7275001186248f-the-best-way-to-provide-enough-homes-in-large-cities-is-to-build-tall-apartment-blocks-to-what-exten
B7-OP-077,7.0,opinion,technology,train,396,,,writing9.com,586,https://writing9.com/text/6aa195ed18262300115281f2-the-most-important-aim-of-science-should-be-to-improve-peoples-lives-to-what-extent-do-you-agree-or-
B7-REP-016,7.0,report,social,train,314,,,writing9.com,587,https://writing9.com/text/6abff01c3be1dd001236dbea-the-movement-of-people-from-agricultural-areas-to-cities-can-cause-serious-problems-in-both-places-w
B7-REP-017,7.0,report,social,train,314,,,writing9.com,588,https://writing9.com/text/6abfefca3be1dd001236dbe7-the-movement-of-people-from-agricultural-areas-to-cities-can-cause-serious-problems-what-are-the-ser
B7-ADV-032,7.0,adv-disadv,social,blindtest,323,,,writing9.com,589,https://writing9.com/text/6a95b6e18b43af001111cef8-the-rise-of-convenience-foods-has-helped-people-keep-up-with-the-speed-of-the-modern-life-style-what
B7-OP-078,7.0,opinion,globalization-work,train,273,,,writing9.com,590,https://writing9.com/text/6ac321e33be1dd001236de7d-the-working-week-should-be-shorter-and-workers-should-have-a-longer-weekenddo-you-agree-or-disagreeg
B7-OP-079,7.0,opinion,technology,train,301,,,writing9.com,591,https://writing9.com/text/6a8b277e8b43af001111c6e7-there-have-been-major-advances-in-technology-over-recent-decades-and-this-has-led-to-significant-imp
B7-ADV-033,7.0,adv-disadv,health,train,323,,,writing9.com,592,https://writing9.com/text/6a95221e8b43af001111ce8f-today-in-modern-society-fast-food-is-growing-and-playing-an-important-role-in-daily-life-many-people
B7-ADV-034,7.0,adv-disadv,globalization-work,blindtest,321,,,writing9.com,593,https://writing9.com/text/6abb4afb3be1dd001236d87d-today-more-and-more-tourists-are-visiting-places-where-conditions-are-difficult-such-as-the-sahara-d
B7-OP-080,7.0,opinion,technology,train,277,,,writing9.com,594,https://writing9.com/text/6a61f598d4eb7b0011b063c6-today-our-communications-medicine-and-transport-systems-all-depend-on-computer-technology-our-relian
B7-OP-081,7.0,opinion,education,train,320,,,writing9.com,595,https://writing9.com/text/6a7de8775a8b010011bd8717-too-much-emphasis-is-placed-on-going-university-for-academic-study-people-should-be-encouraged-to-do
B7-OP-082,7.0,opinion,technology,train,298,,,writing9.com,596,https://writing9.com/text/6a96b2c98b43af001111cfc5-training-65-year-olds-to-use-computers-would-be-a-good-way-to-use-government-money-to-what-extent-do
B7-OP-083,7.0,opinion,education,train,283,,,writing9.com,597,https://writing9.com/text/6aaa8bd718262300115288dc-universities-should-accept-equal-numbers-of-male-and-female-students-in-every-subject-to-what-extent
B7-OP-084,7.0,opinion,education,blindtest,255,,,writing9.com,598,https://writing9.com/text/6ac430521e727500118624c4-university-students-always-focus-on-one-specialist-subject-but-some-people-think-universities-should
B7-ADV-035,7.0,adv-disadv,social,train,291,,,writing9.com,599,https://writing9.com/text/6a63c67f12d2e10011349820-with-growing-populations-in-cities-more-and-more-people-live-in-homes-with-little-or-no-outdoor-spac
B7-OP-085,7.0,opinion,education,train,372,,,writing9.com,600,https://writing9.com/text/6a87b6268b43af001111c492-with-the-advancement-in-technology-the-use-of-computers-has-increased-more-than-ever-before-in-educa
B75-ADV-001,7.5,adv-disadv,media,train,284,,,cdieltsprep.com,601,https://www.cdieltsprep.com/writing-samples/global-streaming-platforms-deciding-what-gets-made
B75-ADV-002,7.5,adv-disadv,culture,train,262,TR7.5/CC8/LR7.5/GRA7,,ielts.international,602,https://www.ielts.international/ielts-sample-essays
B75-DIS-001,7.5,discussion,social,train,263,TR7/CC8/LR7/GRA8,,ieltswritingcorrectionservice.com,603,https://ieltswritingcorrectionservice.com/ielts-task-2-sample-society
B75-ADV-003,7.5,adv-disadv,globalization-work,train,398,,,allthingsielts.com,604,https://allthingsielts.com/ielts-writing/task-2-samples
B75-OP-001,7.5,opinion,environment,blindtest,329,,,writing9.com,605,https://writing9.com/text/6a9162308b43af001111cbb3-air-travel-should-be-restricted-because-of-pollution-and-the-use-of-the-worlds-fuel-do-you-agree-or-
B75-ADV-004,7.5,adv-disadv,education,train,280,,,cdieltsprep.com,606,https://www.cdieltsprep.com/writing-samples/studying-degree-abroad
B75-DIS-002,7.5,discussion,crime,train,261,TR7.5/CC7.5/LR8/GRA7.5,,ielts.international,607,https://www.ielts.international/ielts-sample-essays
B75-DIS-003,7.5,discussion,environment,train,232,TR7/CC8/LR7/GRA8,,ieltswritingcorrectionservice.com,608,https://ieltswritingcorrectionservice.com/ielts-task-2-sample-environment
B75-REP-001,7.5,report,environment,train,375,,,allthingsielts.com,609,https://allthingsielts.com/ielts-writing/task-2-samples
B75-ADV-005,7.5,adv-disadv,education,train,329,,,writing9.com,610,https://writing9.com/text/6a7344a7bee1e0001159e541-all-university-undergraduate-courses-should-include-a-period-of-time-spent-studying-abroad-or-doing-
B75-DIS-004,7.5,discussion,environment,train,296,,,cdieltsprep.com,611,https://www.cdieltsprep.com/writing-samples/nuclear-power-versus-renewables-only
B75-OP-002,7.5,opinion,health,blindtest,251,TR7/CC8/LR7/GRA8,,ieltswritingcorrectionservice.com,612,https://ieltswritingcorrectionservice.com/ielts-task-2-sample-health
B75-TQ-001,7.5,two-part,government,train,294,,,writing9.com,613,https://writing9.com/text/6abb4a683be1dd001236d87b-although-more-and-more-people-use-public-transport-some-city-streets-are-still-overcrowded-with-traf
B75-ADV-006,7.5,adv-disadv,education,train,280,,,cdieltsprep.com,614,https://www.cdieltsprep.com/writing-samples/recorded-lectures-replacing-live-teaching
B75-DIS-005,7.5,discussion,technology,train,265,TR7/CC8/LR7/GRA8,,ieltswritingcorrectionservice.com,615,https://ieltswritingcorrectionservice.com/ielts-task-2-sample-work
B75-ADV-007,7.5,adv-disadv,technology,train,327,,,writing9.com,616,https://writing9.com/text/6a5bbc54d4eb7b0011b05f98-an-increasing-number-of-people-are-buying-what-they-need-online-what-are-the-advantages-and-disadvan
B75-OP-003,7.5,opinion,globalization-work,train,282,,,cdieltsprep.com,617,https://www.cdieltsprep.com/writing-samples/employers-monitoring-staff-computer-use
B75-ADV-008,7.5,adv-disadv,social,blindtest,268,,,writing9.com,618,https://writing9.com/text/6a9132b08b43af001111cba5-around-the-world-people-are-now-living-longer-than-ever-before-in-the-past-some-say-an-ageing-popula
B75-DIS-006,7.5,discussion,culture,train,295,,,cdieltsprep.com,619,https://www.cdieltsprep.com/writing-samples/english-global-language-versus-smaller-languages
B75-OP-004,7.5,opinion,globalization-work,train,267,,,writing9.com,620,https://writing9.com/text/6abc651a3be1dd001236d96c-as-global-challenges-continue-to-increase-maintaining-strong-relationships-between-countries-has-bec
B75-REP-002,7.5,report,crime,train,312,,,cdieltsprep.com,621,https://www.cdieltsprep.com/writing-samples/rise-of-online-fraud
B75-ADV-009,7.5,adv-disadv,globalization-work,train,250,,,writing9.com,622,https://writing9.com/text/6ab948da3be1dd001236d6b8-as-global-trade-increases-many-goods-including-those-we-use-on-daily-basis-are-produced-in-another-c
B75-OP-005,7.5,opinion,government,train,288,,,cdieltsprep.com,623,https://www.cdieltsprep.com/writing-samples/prevention-before-treatment-health-spending
B75-OP-006,7.5,opinion,environment,blindtest,258,,,writing9.com,624,https://writing9.com/text/6abbbece3be1dd001236d8c2-as-we-are-facing-more-and-more-problems-which-affect-the-whole-planet-good-relationships-between-dif
B75-REP-003,7.5,report,social,train,287,,,cdieltsprep.com,625,https://www.cdieltsprep.com/writing-samples/why-volunteers-are-harder-to-find
B75-ADV-010,7.5,adv-disadv,social,train,278,,,writing9.com,626,https://writing9.com/text/6a60846bd4eb7b0011b062ca-at-the-present-time-the-population-of-some-countries-includes-a-relatively-large-number-of-young-aul
B75-ADV-011,7.5,adv-disadv,globalization-work,blindtest,281,,,cdieltsprep.com,627,https://www.cdieltsprep.com/writing-samples/automation-routine-office-work
B75-DIS-007,7.5,discussion,globalization-work,train,323,,,writing9.com,628,https://writing9.com/text/6ac1e6fb3be1dd001236dd7f-automation-and-artificial-intelligence-are-rapidly-transforming-the-job-market-some-fear-that-these-
B75-REP-004,7.5,report,crime,train,259,,,cdieltsprep.com,629,https://www.cdieltsprep.com/writing-samples/young-offenders-reoffending-solutions
B75-OP-007,7.5,opinion,government,blindtest,254,,,writing9.com,630,https://writing9.com/text/6a52a55dd4eb7b0011b0590b-both-government-investment-in-public-transport-systems-and-reductions-in-public-transport-ticket-pri
B75-ADV-012,7.5,adv-disadv,globalization-work,train,288,,,cdieltsprep.com,631,https://www.cdieltsprep.com/writing-samples/short-term-contracts-replacing-permanent-jobs
B75-OP-008,7.5,opinion,social,train,269,,,writing9.com,632,https://writing9.com/text/6a89beb18b43af001111c5e8-caring-for-children-is-an-important-thing-of-the-society-it-is-suggested-that-all-mothers-and-father
B75-REP-005,7.5,report,education,blindtest,296,,,cdieltsprep.com,633,https://www.cdieltsprep.com/writing-samples/fewer-students-choosing-science-and-maths
B75-ADV-013,7.5,adv-disadv,social,train,342,,,writing9.com,634,https://writing9.com/text/6a9c0afc8b43af001111d3aa-cars-come-in-all-different-shapes-and-sizes-some-prefer-a-large-one-while-others-a-compact-one-what-
B75-ADV-014,7.5,adv-disadv,social,train,287,,,cdieltsprep.com,635,https://www.cdieltsprep.com/writing-samples/having-children-later-in-life
B75-OP-009,7.5,opinion,government,train,260,,,writing9.com,636,https://writing9.com/text/6aab3b551826230011528933-creative-artists-should-always-be-given-freedom-to-express-their-own-ideas-in-words-pictures-music-o
B75-TQ-002,7.5,two-part,government,train,289,,,cdieltsprep.com,637,https://www.cdieltsprep.com/writing-samples/falling-public-trust-in-politicians
B75-OP-010,7.5,opinion,government,train,272,,,writing9.com,638,https://writing9.com/text/6a7cd2e95a8b010011bd8623-creative-artists-should-always-be-given-freedom-to-express-their-own-ideas-in-words-pictures-music-o
B75-ADV-015,7.5,adv-disadv,crime,train,299,,,cdieltsprep.com,639,https://www.cdieltsprep.com/writing-samples/private-companies-running-public-services
B75-OP-011,7.5,opinion,technology,train,289,,,writing9.com,640,https://writing9.com/text/6aa428c718262300115283f1-do-you-believe-that-the-widespread-use-of-the-internet-has-brought-more-positive-or-negative-ef-fect
B75-REP-006,7.5,report,health,blindtest,289,,,cdieltsprep.com,641,https://www.cdieltsprep.com/writing-samples/childhood-obesity-causes-and-solutions
B75-REP-007,7.5,report,social,train,301,,,writing9.com,642,https://writing9.com/text/6a55d138d4eb7b0011b05b38-economic-development-in-the-countryside-has-improved-the-quality-of-life-in-urban-areas-more-than-in
B75-ADV-016,7.5,adv-disadv,social,train,298,,,cdieltsprep.com,643,https://www.cdieltsprep.com/writing-samples/high-rise-flats-instead-of-houses
B75-OP-012,7.5,opinion,globalization-work,train,274,,,writing9.com,644,https://writing9.com/text/6a5693fbd4eb7b0011b05baf-employers-should-give-their-staff-at-least-a-4-week-holiday-a-year-to-make-employees-better-at-their
B75-REP-008,7.5,report,globalization-work,train,275,,,cdieltsprep.com,645,https://www.cdieltsprep.com/writing-samples/urban-housing-unaffordable-solutions
B75-DIS-008,7.5,discussion,environment,train,241,,,writing9.com,646,https://writing9.com/text/6a78a3f0bee1e0001159e8f4-environmental-damage-is-a-major-global-issue-some-people-think-that-individuals-should-take-steps-to
B75-REP-009,7.5,report,social,train,271,,,cdieltsprep.com,647,https://www.cdieltsprep.com/writing-samples/older-people-loneliness-isolation-solutions
B75-OP-013,7.5,opinion,social,train,276,,,writing9.com,648,https://writing9.com/text/6a85a2e58b43af001111c297-families-have-a-great-influence-on-childrens-development-but-the-outside-world-plays-a-bigger-part-i
B75-ADV-017,7.5,adv-disadv,technology,blindtest,292,,,cdieltsprep.com,649,https://www.cdieltsprep.com/writing-samples/online-retail-replacing-high-street
B75-DIS-009,7.5,discussion,technology,train,298,,,writing9.com,650,https://writing9.com/text/6a686bf912d2e10011349af5-films-and-computer-games-containing-violence-are-popular-some-people-believe-that-they-negatively-af
B75-REP-010,7.5,report,health,blindtest,300,,,cdieltsprep.com,651,https://www.cdieltsprep.com/writing-samples/food-waste-in-wealthy-countries
B75-ADV-018,7.5,adv-disadv,social,train,263,,,writing9.com,652,https://writing9.com/text/6a569fe9d4eb7b0011b05bcd-having-babies-later-can-have-more-negative-than-positive-effects-on-young-adult-what-is-pros-and-con
B75-DIS-010,7.5,discussion,social,train,318,,,cdieltsprep.com,653,https://www.cdieltsprep.com/writing-samples/volunteers-running-local-services
B75-DIS-011,7.5,discussion,environment,train,300,,,writing9.com,654,https://writing9.com/text/6a56a3b8d4eb7b0011b05bdb-human-activity-has-had-a-negative-impact-on-plants-and-animals-around-the-world-some-people-think-th
B75-ADV-019,7.5,adv-disadv,technology,train,284,,,cdieltsprep.com,655,https://www.cdieltsprep.com/writing-samples/cash-replaced-by-digital-payment
B75-DIS-012,7.5,discussion,technology,train,266,,,writing9.com,656,https://writing9.com/text/6a7dfc545a8b010011bd8720-if-a-robot-can-think-learn-and-express-emotions-in-ways-that-are-indistinguishable-from-a-human-shou
B75-DIS-013,7.5,discussion,social,train,287,,,cdieltsprep.com,657,https://www.cdieltsprep.com/writing-samples/grandparents-versus-nurseries-childcare
B75-OP-014,7.5,opinion,media,train,256,,,writing9.com,658,https://writing9.com/text/6a8c71978b43af001111c7ef-if-the-product-is-good-and-meets-consumer-needs-then-advertising-is-unnecessary-to-what-extent-do-yo
B75-ADV-020,7.5,adv-disadv,globalization-work,train,305,,,cdieltsprep.com,659,https://www.cdieltsprep.com/writing-samples/subscriptions-replacing-ownership
B75-DIS-014,7.5,discussion,globalization-work,train,358,,,writing9.com,660,https://writing9.com/text/6a7d37fe5a8b010011bd86b9-in-many-countries-a-small-countries-od-people-earn-extremely-high-salaries-some-people-believe-that-
B75-ADV-021,7.5,adv-disadv,globalization-work,blindtest,292,,,cdieltsprep.com,661,https://www.cdieltsprep.com/writing-samples/changing-careers-several-times
B75-ADV-022,7.5,adv-disadv,social,train,281,,,writing9.com,662,https://writing9.com/text/6ab583d33be1dd001236d409-in-many-countries-around-the-world-rural-people-are-moving-to-cities-so-the-population-in-the-countr
B75-TQ-003,7.5,two-part,environment,train,281,,,cdieltsprep.com,663,https://www.cdieltsprep.com/writing-samples/ocean-plastic-waste-causes-and-solutions
B75-TQ-004,7.5,two-part,environment,train,365,,,writing9.com,664,https://writing9.com/text/6a5ded83d4eb7b0011b060e2-in-many-countries-the-number-of-animals-and-plants-is-declining-why-do-you-think-this-is-happening-h
B75-DIS-015,7.5,discussion,globalization-work,blindtest,284,,,cdieltsprep.com,665,https://www.cdieltsprep.com/writing-samples/remote-working-employees-versus-teams
B75-REP-011,7.5,report,health,train,279,,,writing9.com,666,https://writing9.com/text/6a86e76b8b43af001111c3ad-in-many-professional-sports-there-is-an-increase-in-the-number-of-athletes-using-banned-substances-t
B75-REP-012,7.5,report,health,train,272,,,cdieltsprep.com,667,https://www.cdieltsprep.com/writing-samples/skilled-graduates-emigration-brain-drain
B75-ADV-023,7.5,adv-disadv,technology,train,308,,,writing9.com,668,https://writing9.com/text/6a5621bfd4eb7b0011b05b5a-in-recent-years-more-and-more-people-are-choosing-to-read-e-books-rather-than-paper-books-do-the-adv
B75-OP-015,7.5,opinion,government,blindtest,286,,,cdieltsprep.com,669,https://www.cdieltsprep.com/writing-samples/public-money-hosting-international-sporting-events
B75-TQ-005,7.5,two-part,social,blindtest,263,,,writing9.com,670,https://writing9.com/text/6ab414a63be1dd001236d311-in-some-cities-of-the-world-cars-are-replacing-bicycles-however-in-some-other-cities-bicycles-are-re
B75-ADV-024,7.5,adv-disadv,globalization-work,train,294,,,cdieltsprep.com,671,https://www.cdieltsprep.com/writing-samples/mass-tourism-developing-economies
B75-ADV-025,7.5,adv-disadv,social,train,339,,,writing9.com,672,https://writing9.com/text/6ab3d6e73be1dd001236d304-in-some-countries-most-people-prefer-to-rent-their-houses-rather-than-buy-their-housees-what-are-the
B75-DIS-016,7.5,discussion,culture,train,291,,,cdieltsprep.com,673,https://www.cdieltsprep.com/writing-samples/museum-artefacts-return-or-retain
B75-OP-016,7.5,opinion,social,blindtest,271,,,writing9.com,674,https://writing9.com/text/6a8f45408b43af001111ca0e-in-some-countries-there-are-many-social-problems-involving-teenagers-this-is-because-parents-spend-m
B75-REP-013,7.5,report,health,blindtest,298,,,cdieltsprep.com,675,https://www.cdieltsprep.com/writing-samples/patients-ignoring-medical-advice
B75-ADV-026,7.5,adv-disadv,media,train,281,,,writing9.com,676,https://writing9.com/text/6abb031b3be1dd001236d7ea-in-some-parts-of-the-world-many-famous-people-are-regarded-as-role-models-and-they-are-having-an-inc
B75-ADV-027,7.5,adv-disadv,media,blindtest,290,,,cdieltsprep.com,677,https://www.cdieltsprep.com/writing-samples/holidays-chosen-from-social-media
B75-OP-017,7.5,opinion,crime,train,327,,,writing9.com,678,https://writing9.com/text/6a81cabf8b43af001111bf5e-in-some-societies-the-number-of-crime-committed-by-teenagers-is-growing-some-people-think-that-regar
B75-REP-014,7.5,report,social,train,330,,,cdieltsprep.com,679,https://www.cdieltsprep.com/writing-samples/travel-for-people-with-disabilities
B75-ADV-028,7.5,adv-disadv,technology,train,290,,,writing9.com,680,https://writing9.com/text/6a61c6d3d4eb7b0011b063b1-information-technology-enables-many-people-to-do-their-work-outside-their-work-place-at-home-when-tr
B75-TQ-006,7.5,two-part,environment,train,293,,,cdieltsprep.com,681,https://www.cdieltsprep.com/writing-samples/flying-despite-environmental-cost
B75-OP-018,7.5,opinion,environment,train,392,,,writing9.com,682,https://writing9.com/text/6a8b07568b43af001111c6d5-it-is-a-natural-process-in-which-animal-species-such-as-dinosaurs-become-extinct-there-is-no-reason-
B75-DIS-017,7.5,discussion,media,train,287,,,cdieltsprep.com,683,https://www.cdieltsprep.com/writing-samples/social-media-as-a-news-source
B75-REP-015,7.5,report,health,train,297,,,writing9.com,684,https://writing9.com/text/6abdd27c3be1dd001236da94-it-is-generally-seen-that-most-working-people-do-not-do-enough-physical-exercise-what-are-the-reason
B75-OP-019,7.5,opinion,media,train,284,,,cdieltsprep.com,685,https://www.cdieltsprep.com/writing-samples/legal-duty-to-publish-prominent-corrections
B75-OP-020,7.5,opinion,social,train,280,,,writing9.com,686,https://writing9.com/text/6abc71253be1dd001236d97a-it-is-important-for-all-towns-and-cities-to-have-large-public-outdoor-places-like-squares-and-parks-
B75-REP-016,7.5,report,technology,train,293,,,cdieltsprep.com,687,https://www.cdieltsprep.com/writing-samples/smartphone-dependence-causes-and-effects
B75-OP-021,7.5,opinion,culture,train,282,,,writing9.com,688,https://writing9.com/text/6ac224103be1dd001236ddbb-it-is-important-for-foreigners-to-know-something-about-the-history-and-culture-of-the-country-they-l
B75-ADV-029,7.5,adv-disadv,government,train,298,,,cdieltsprep.com,689,https://www.cdieltsprep.com/writing-samples/fare-free-public-transport
B75-OP-022,7.5,opinion,social,train,313,,,writing9.com,690,https://writing9.com/text/6a8dc2738b43af001111c900-it-is-important-to-give-children-the-chance-to-act-independently-and-make-their-own-decisions-from-e
B75-ADV-030,7.5,adv-disadv,globalization-work,train,306,,,cdieltsprep.com,691,https://www.cdieltsprep.com/writing-samples/four-day-working-week
B75-TQ-007,7.5,two-part,social,train,297,,,writing9.com,692,https://writing9.com/text/6a757e17bee1e0001159e6e6-it-is-sometimes-possible-to-pay-somebody-to-do-things-you-dont-want-to-do-or-dont-have-time-to-do-fo
B75-ADV-031,7.5,adv-disadv,government,train,304,,,cdieltsprep.com,693,https://www.cdieltsprep.com/writing-samples/relocating-government-bodies-from-capital
B75-OP-023,7.5,opinion,social,train,286,,,writing9.com,694,https://writing9.com/text/6a8467a88b43af001111c16c-less-and-less-parents-these-days-are-smacking-their-children-some-people-think-that-this-is-leading-
B75-OP-024,7.5,opinion,education,train,262,,,cdieltsprep.com,695,https://www.cdieltsprep.com/writing-samples/university-funding-employment-outcomes
B75-TQ-008,7.5,two-part,social,train,264,,,writing9.com,696,https://writing9.com/text/6aa46f24182623001152840b-littering-in-cities-is-an-increasing-problem-which-needs-to-be-dealt-with-some-people-think-that-ste
B75-OP-025,7.5,opinion,crime,train,286,,,cdieltsprep.com,697,https://www.cdieltsprep.com/writing-samples/community-sentences-for-non-violent-crime
B75-OP-026,7.5,opinion,culture,train,282,,,writing9.com,698,https://writing9.com/text/6a4bbd7ce7bf470011d739da-living-in-a-country-where-you-have-to-speak-a-foreign-language-can-cause-serious-social-problems-as-
B75-OP-027,7.5,opinion,health,train,292,,,cdieltsprep.com,699,https://www.cdieltsprep.com/writing-samples/taxing-sugar-and-fat-for-public-health
B75-ADV-032,7.5,adv-disadv,social,train,282,,,writing9.com,700,https://writing9.com/text/6a93f8378b43af001111cd8d-lt-is-important-for-reorle-to-take-risks-both-in-their-professional-lives-and-their-personal-lives-d
B75-OP-028,7.5,opinion,environment,train,298,,,cdieltsprep.com,701,https://www.cdieltsprep.com/writing-samples/individual-action-versus-climate-regulation
B75-ADV-033,7.5,adv-disadv,globalization-work,blindtest,368,,,writing9.com,702,https://writing9.com/text/6a831a3a8b43af001111c074-many-aspects-of-the-way-people-dress-today-are-influenced-by-global-fashion-trends-how-has-global-fa
B75-DIS-018,7.5,discussion,media,blindtest,298,,,cdieltsprep.com,703,https://www.cdieltsprep.com/writing-samples/press-reporting-private-lives-of-the-famous
B75-ADV-034,7.5,adv-disadv,globalization-work,train,328,,,writing9.com,704,https://writing9.com/text/6aa4351c18262300115283fd-many-aspects-of-the-way-people-dress-today-are-influenced-by-global-fashion-trends-how-has-global-fa
B75-OP-029,7.5,opinion,social,train,280,,,cdieltsprep.com,705,https://www.cdieltsprep.com/writing-samples/banning-private-cars-from-city-centres
B75-OP-030,7.5,opinion,health,train,250,,,writing9.com,706,https://writing9.com/text/6a6bd99063791b00118b271d-many-childhood-diseases-can-now-be-prevented-through-the-use-of-vaccines-should-parents-be-made-by-l
B75-OP-031,7.5,opinion,government,train,305,,,cdieltsprep.com,707,https://www.cdieltsprep.com/writing-samples/compulsory-voting-in-national-elections
B75-REP-017,7.5,report,health,train,339,,,writing9.com,708,https://writing9.com/text/6a5490e1d4eb7b0011b05a4a-many-children-today-are-overweight-this-is-a-serious-health-issue-give-reasons-for-child-obesity-and
B75-OP-032,7.5,opinion,media,blindtest,298,,,cdieltsprep.com,709,https://www.cdieltsprep.com/writing-samples/banning-advertising-aimed-at-young-children
B75-OP-033,7.5,opinion,education,train,280,,,writing9.com,710,https://writing9.com/text/6a5483a5d4eb7b0011b05a46-many-countries-have-compulsory-military-service-for-young-men-after-they-leave-school-it-would-be-a-
B75-OP-034,7.5,opinion,technology,train,286,,,cdieltsprep.com,711,https://www.cdieltsprep.com/writing-samples/smartphones-before-secondary-school
B75-REP-018,7.5,report,environment,train,250,,,writing9.com,712,https://writing9.com/text/6a56a04cd4eb7b0011b05bd1-many-countries-raise-fuel-prices-to-deal-successfully-with-problems-of-traffic-and-polluon-what-effe
B75-DIS-019,7.5,discussion,education,train,295,,,cdieltsprep.com,713,https://www.cdieltsprep.com/writing-samples/mixed-ability-classes-versus-streaming
B75-TQ-009,7.5,two-part,health,train,290,,,writing9.com,714,https://writing9.com/text/6ac25d363be1dd001236ddd2-many-doctors-recommend-that-old-people-exercise-regularly-but-patients-do-not-follow-an-exercise-rou
B75-ADV-035,7.5,adv-disadv,media,blindtest,292,,,cdieltsprep.com,715,https://www.cdieltsprep.com/writing-samples/streaming-replacing-television-cinema
B75-REP-019,7.5,report,globalization-work,blindtest,255,,,writing9.com,716,https://writing9.com/text/6abf79d13be1dd001236dbad-many-people-find-it-hard-to-balance-work-and-personal-life-what-are-the-causes-of-this-problem-what-
B75-TQ-010,7.5,two-part,culture,train,286,,,cdieltsprep.com,717,https://www.cdieltsprep.com/writing-samples/traditional-crafts-dying-out
B75-ADV-036,7.5,adv-disadv,globalization-work,train,331,,,writing9.com,718,https://writing9.com/text/6ac49bdf1e72750011862549-many-people-work-for-long-hours-leaving-them-very-little-time-for-leisure-does-this-situation-have-m
B75-TQ-011,7.5,two-part,social,train,268,,,cdieltsprep.com,719,https://www.cdieltsprep.com/writing-samples/urban-traffic-congestion-solutions
B75-OP-035,7.5,opinion,globalization-work,train,346,,,writing9.com,720,https://writing9.com/text/6a879b4e8b43af001111c423-many-person-are-opting-for-several-career-options-as-compared-to-a-single-career-option-to-earn-more
B75-OP-036,7.5,opinion,education,blindtest,284,,,cdieltsprep.com,721,https://www.cdieltsprep.com/writing-samples/parents-or-schools-responsible-for-behaviour
B75-REP-020,7.5,report,education,train,304,,,writing9.com,722,https://writing9.com/text/6aa00ac13155de0012e27499-many-young-people-leave-school-with-negative-attitudes-towards-learning-what-are-the-causeshow-to-en
B75-REP-021,7.5,report,media,train,294,,,writing9.com,723,https://writing9.com/text/6a53bdadd4eb7b0011b059ad-more-and-more-people-are-reading-news-online-but-newspapers-remain-the-main-source-of-news-for-many-
B75-OP-037,7.5,opinion,media,train,326,,,writing9.com,724,https://writing9.com/text/6a480399f1df6100115dbc51-more-and-more-people-are-reading-news-online-but-newspapers-are-still-the-main-source-of-news-for-mo
B75-REP-022,7.5,report,culture,blindtest,333,,,writing9.com,725,https://writing9.com/text/6a480f41f1df6100115dbc58-n-some-parts-of-the-world-traditional-festivals-and-celebrations-have-disappeared-or-are-disappearin
B75-ADV-037,7.5,adv-disadv,health,train,289,,,writing9.com,726,https://writing9.com/text/6a887dd18b43af001111c4fe-nowadays-a-growing-number-of-people-with-health-problems-are-trying-alternative-medicines-and-treatm
B75-ADV-038,7.5,adv-disadv,education,train,293,,,writing9.com,727,https://writing9.com/text/6a9c4eff8b43af001111d3d0-nowadays-many-people-drive-to-work-or-school-instead-of-walking-cycling-or-using-public-transport-do
B75-ADV-039,7.5,adv-disadv,social,train,312,,,writing9.com,728,https://writing9.com/text/6a970d648b43af001111d008-nowadaysmore-and-more-people-are-choosing-to-live-in-apartments-in-the-city-centrerather-than-houses
B75-ADV-040,7.5,adv-disadv,environment,train,253,,,writing9.com,729,https://writing9.com/text/6a92349a8b43af001111cc6e-nowadays-more-individuals-are-choosing-healthier-lifestyles-given-the-fact-of-not-consuming-animal-p
B75-OP-038,7.5,opinion,globalization-work,train,286,,,writing9.com,730,https://writing9.com/text/6a56a296d4eb7b0011b05bd7-nowadays-most-large-companies-operate-multi-nationally-to-what-extent-those-companies-should-have-re
B75-REP-023,7.5,report,health,train,281,,,writing9.com,731,https://writing9.com/text/6ab032ac3be1dd001236d02a-nowadays-people-have-developed-poor-eating-and-do-not-eat-balanced-diet-what-are-the-reason-behind-t
B75-ADV-041,7.5,adv-disadv,globalization-work,train,281,,,writing9.com,732,https://writing9.com/text/6aa942b318262300115287d3-nowadays-some-employers-think-that-formal-academic-qualifications-are-more-important-than-life-exper
B75-ADV-042,7.5,adv-disadv,technology,train,268,,,writing9.com,733,https://writing9.com/text/6ab605713be1dd001236d487-nowadays-technology-is-increasingly-being-used-to-monitor-what-people-are-saying-and-doing-do-you-th
B75-ADV-043,7.5,adv-disadv,technology,train,277,,,writing9.com,734,https://writing9.com/text/6a56930bd4eb7b0011b05bab-nowadays-the-way-many-people-interact-with-each-other-has-changed-because-of-technology-in-what-ways
B75-ADV-044,7.5,adv-disadv,social,blindtest,319,,,writing9.com,735,https://writing9.com/text/6aa95e5018262300115287e2-nowadays-young-people-communicate-with-friends-and-family-through-mostly-social-network-sites-rather
B75-OP-039,7.5,opinion,culture,train,309,,,writing9.com,736,https://writing9.com/text/6abbbaa03be1dd001236d8bc-older-generations-often-hold-some-traditional-ideas-on-the-correct-way-of-life-thought-and-behaviour
B75-TQ-012,7.5,two-part,education,blindtest,308,,,writing9.com,737,https://writing9.com/text/6a851db18b43af001111c237-ome-people-with-a-good-education-and-experience-in-their-field-decide-to-move-abroad-to-work-why-do-
B75-ADV-045,7.5,adv-disadv,technology,train,333,,,writing9.com,738,https://writing9.com/text/6aa1812c18262300115281ea-online-education-and-training-in-business-world-what-are-the-advantages-and-disadvantages-of-this-de
B75-OP-040,7.5,opinion,social,train,271,,,writing9.com,739,https://writing9.com/text/6ab4c0293be1dd001236d3ab-parents-should-take-courses-in-parenting-in-order-to-improve-the-lives-of-their-children-to-what-ext
B75-OP-041,7.5,opinion,crime,train,253,,,writing9.com,740,https://writing9.com/text/6a9d90278b43af001111d4ae-people-have-the-right-to-know-about-crimes-committed-in-their-communities-but-publishing-too-much-in
B75-ADV-046,7.5,adv-disadv,education,train,491,,,writing9.com,741,https://writing9.com/text/6ac34ec43be1dd001236de9f-practice-question-for-ielts-submit-your-responses-and-i-will-evaluate-each-response-an-increasing-nu
B75-OP-042,7.5,opinion,technology,blindtest,265,,,writing9.com,742,https://writing9.com/text/6ac4cc3f1e72750011862568-scientists-and-technlogy-experts-seem-to-be-more-valued-by-modern-society-than-musicians-and-artists
B75-OP-043,7.5,opinion,social,train,296,,,writing9.com,743,https://writing9.com/text/6a568b6fd4eb7b0011b05b97-should-a-city-try-to-preserve-its-old-historic-buildings-or-destroy-them-and-replace-them-with-moder
B75-OP-044,7.5,opinion,social,blindtest,305,,,writing9.com,744,https://writing9.com/text/6abb1b053be1dd001236d864-should-a-city-try-to-preserve-its-old-historic-buildings-or-destroy-them-and-replace-them-with-moder
B75-DIS-020,7.5,discussion,culture,train,276,,,writing9.com,745,https://writing9.com/text/6a7eb7908b43af001111bd94-some-believe-buildings-should-be-built-in-a-way-that-serves-their-purpose-rather-than-just-look-beau
B75-DIS-021,7.5,discussion,social,train,255,,,writing9.com,746,https://writing9.com/text/6a7891f2bee1e0001159e8e6-some-believe-that-pets-should-stay-at-home-at-all-times-while-others-feel-they-should-be-allowed-out
B75-DIS-022,7.5,discussion,environment,blindtest,315,,,writing9.com,747,https://writing9.com/text/6a880d2e8b43af001111c4b7-some-believe-that-protecting-the-environment-is-the-responsibility-of-individuals-while-others-think
B75-ADV-047,7.5,adv-disadv,globalization-work,train,290,,,writing9.com,748,https://writing9.com/text/6aab0ee81826230011528924-some-countries-have-introduced-laws-to-limit-the-working-hours-that-an-employer-can-ask-from-an-empl
B75-DIS-023,7.5,discussion,technology,train,320,,,writing9.com,749,https://writing9.com/text/6a901d268b43af001111cac1-some-parents-think-it-is-good-to-give-their-children-mobile-phones-while-others-disagree-discuss-bot
B75-OP-045,7.5,opinion,technology,train,312,,,writing9.com,750,https://writing9.com/text/6a8ef8e88b43af001111c9e7-some-people-argue-that-thanks-to-the-widespread-accessibility-of-the-internet-libraries-are-no-longe
B75-OP-046,7.5,opinion,education,train,337,,,writing9.com,751,https://writing9.com/text/6a81db238b43af001111bf71-some-people-argue-that-universities-should-focus-primarily-on-specific-vocational-training-and-pract
B75-DIS-024,7.5,discussion,media,train,404,,,writing9.com,752,https://writing9.com/text/6a5f5f2bd4eb7b0011b061e7-some-people-believe-movie-reviews-are-useful-others-argue-the-reviews-may-spoil-the-audiences-mindse
B75-DIS-025,7.5,discussion,social,train,359,,,writing9.com,753,https://writing9.com/text/6aba7f8a3be1dd001236d7ab-some-people-believe-that-childhood-is-the-best-stage-of-happinesswhile-others-believe-that-a-person-
B75-OP-047,7.5,opinion,government,train,282,,,writing9.com,754,https://writing9.com/text/6a75d914bee1e0001159e70b-some-people-believe-that-governments-should-spend-more-money-on-improving-public-transportation-whil
B75-DIS-026,7.5,discussion,education,train,331,,,writing9.com,755,https://writing9.com/text/6ac269bf3be1dd001236ddd6-some-people-believe-that-it-is-good-to-share-as-much-information-as-possible-in-scientific-research-
B75-DIS-027,7.5,discussion,globalization-work,train,301,,,writing9.com,756,https://writing9.com/text/6ac14b053be1dd001236dce2-some-people-believe-that-managers-are-responsible-for-the-companys-success-while-others-think-variou
B75-OP-048,7.5,opinion,social,blindtest,257,,,writing9.com,757,https://writing9.com/text/6aa469881826230011528406-some-people-believe-that-money-is-one-of-the-most-important-factors-in-a-persons-happiness-to-what-e
B75-OP-049,7.5,opinion,education,train,250,,,writing9.com,758,https://writing9.com/text/6a6e445863791b00118b289b-some-people-believe-that-online-education-is-more-effective-than-traditional-classroom-education-to-
B75-DIS-028,7.5,discussion,government,train,267,,,writing9.com,759,https://writing9.com/text/6a804a218b43af001111be9f-some-people-believe-that-public-libraries-are-no-longer-necessary-because-people-can-access-informat
B75-DIS-029,7.5,discussion,social,train,343,,,writing9.com,760,https://writing9.com/text/6aacea841826230011528abf-some-people-believe-that-the-fittest-and-strongest-individuals-and-teams-always-success-in-sports-ot
B75-DIS-030,7.5,discussion,social,train,405,,,writing9.com,761,https://writing9.com/text/6abc63713be1dd001236d968-some-people-believe-that-the-government-should-spend-money-on-building-train-and-subway-lines-to-red
B75-DIS-031,7.5,discussion,education,blindtest,307,,,writing9.com,762,https://writing9.com/text/6a73068282c1c10011c063f9-some-people-believe-that-the-increasing-use-of-technology-in-education-is-having-a-negative-impact-o
B75-OP-050,7.5,opinion,education,train,301,,,writing9.com,763,https://writing9.com/text/6ab13b273be1dd001236d117-some-people-believe-that-university-students-should-be-required-to-study-subjects-that-are-related-t
B75-OP-051,7.5,opinion,social,train,280,,,writing9.com,764,https://writing9.com/text/6aa0fe2318262300115281a7-some-people-believe-that-unpaid-community-service-should-be-a-compulsory-part-of-high-school-program
B75-OP-052,7.5,opinion,media,train,282,,,writing9.com,765,https://writing9.com/text/6a56a416d4eb7b0011b05bdf-some-people-believe-that-violence-on-television-and-in-computer-games-has-a-damaging-effect-on-the-c
B75-DIS-032,7.5,discussion,globalization-work,train,320,,,writing9.com,766,https://writing9.com/text/6abaff283be1dd001236d7e8-some-people-feel-that-manufacturers-and-supermarkets-have-the-responsibility-to-reduce-the-amount-of
B75-DIS-033,7.5,discussion,social,train,305,,,writing9.com,767,https://writing9.com/text/6ab840b93be1dd001236d5f7-some-people-prefer-to-spend-their-lives-doing-the-same-things-and-avoiding-change-others-however-thi
B75-DIS-034,7.5,discussion,government,train,287,,,writing9.com,768,https://writing9.com/text/6a964cc58b43af001111cf8d-some-people-say-government-should-give-health-care-the-first-priorities-some-others-believe-educatio
B75-DIS-035,7.5,discussion,technology,blindtest,251,,,writing9.com,769,https://writing9.com/text/6a56a01bd4eb7b0011b05bcf-some-people-say-that-technological-gadgets-like-smart-phones-have-made-life-easier-and-more-convenie
B75-OP-053,7.5,opinion,environment,train,261,,,writing9.com,770,https://writing9.com/text/6a8d53898b43af001111c8b1-some-people-say-that-the-fashion-industry-is-bad-for-the-environment-as-it-encourages-consumers-to-b
B75-DIS-036,7.5,discussion,media,train,288,,,writing9.com,771,https://writing9.com/text/6a5d8cb9d4eb7b0011b060bf-some-people-think-it-is-harmful-for-people-to-watch-advertisements-others-think-it-improves-our-live
B75-DIS-037,7.5,discussion,media,blindtest,317,,,writing9.com,772,https://writing9.com/text/6a903d858b43af001111cae0-some-people-think-that-advertising-is-a-major-factor-in-driving-consumer-demand-others-believe-that-
B75-DIS-038,7.5,discussion,education,train,352,,,writing9.com,773,https://writing9.com/text/6a5bc12cd4eb7b0011b05f9c-some-people-think-that-all-university-students-should-study-whatever-they-like-others-believe-that-t
B75-TQ-013,7.5,two-part,education,train,282,,,writing9.com,774,https://writing9.com/text/6abcc5283be1dd001236d9bb-some-people-think-that-educated-people-are-more-valuable-than-people-who-have-learned-skills-through
B75-ADV-048,7.5,adv-disadv,health,blindtest,279,,,writing9.com,775,https://writing9.com/text/6a83349a8b43af001111c099-some-people-think-that-good-health-is-a-basic-human-need-and-the-medical-service-should-not-be-run-b
B75-ADV-049,7.5,adv-disadv,globalization-work,blindtest,295,,,writing9.com,776,https://writing9.com/text/6a7f99d98b43af001111be00-some-people-think-that-hosting-an-international-sporting-event-is-beneficial-for-a-country-while-oth
B75-OP-054,7.5,opinion,health,train,259,,,writing9.com,777,https://writing9.com/text/6a6e03dc63791b00118b2880-some-people-think-that-in-order-to-prevent-illness-and-disease-governments-should-focus-on-reducing-
B75-OP-055,7.5,opinion,technology,train,346,,,writing9.com,778,https://writing9.com/text/6a4e13d54aab7d0011b5a78e-some-people-think-that-money-spend-on-technology-development-for-space-exploration-is-unjustified-th
B75-OP-056,7.5,opinion,social,blindtest,267,,,writing9.com,779,https://writing9.com/text/6aa04ef3182623001152810a-some-people-think-that-planting-trees-in-open-spaces-in-cities-and-towns-is-more-important-than-buil
B75-DIS-039,7.5,discussion,government,train,306,,,writing9.com,780,https://writing9.com/text/6aaebf131826230011528bcb-some-people-think-that-the-government-should-be-responsible-for-crime-prevention-while-others-believ
B75-OP-057,7.5,opinion,culture,train,265,,,writing9.com,781,https://writing9.com/text/6abc5f8e3be1dd001236d965-some-people-think-traditional-games-are-better-than-modern-games-in-helping-children-develop-their-a
B75-DIS-040,7.5,discussion,social,blindtest,270,,,writing9.com,782,https://writing9.com/text/6a6b4eba63791b00118b26df-some-people-think-young-people-should-be-free-to-choose-their-jobs-but-other-people-think-they-shoul
B75-REP-024,7.5,report,environment,train,319,,,writing9.com,783,https://writing9.com/text/6a50953ad4eb7b0011b057d0-some-species-of-animals-are-almost-extinct-and-many-others-seem-to-be-fast-approaching-a-similar-ris
B75-DIS-041,7.5,discussion,globalization-work,train,284,,,writing9.com,784,https://writing9.com/text/6a72f248cbfa29001139c88d-some-think-that-developing-a-successful-career-is-more-important-than-spending-time-with-family-and-
B75-REP-025,7.5,report,globalization-work,train,261,,,writing9.com,785,https://writing9.com/text/6a74ab09bee1e0001159e634-surveillance-cameras-in-banks-offices-shops-and-streets-have-been-very-successful-in-reducing-crime-
B75-REP-026,7.5,report,environment,train,264,,,writing9.com,786,https://writing9.com/text/6ac21cd93be1dd001236dda4-the-animal-species-are-becoming-extinct-due-to-human-activities-on-land-and-in-the-sea-what-are-the-
B75-OP-058,7.5,opinion,technology,train,253,,,writing9.com,787,https://writing9.com/text/6ac13bbf3be1dd001236dcde-the-availability-of-entertainment-such-as-video-games-on-handheld-devices-is-harmful-to-individuals-
B75-OP-059,7.5,opinion,social,train,250,,,writing9.com,788,https://writing9.com/text/6ab64bcb3be1dd001236d4ab-the-best-way-for-a-country-to-prepare-for-the-future-is-to-invest-in-youngsters-how-true-do-you-thin
B75-OP-060,7.5,opinion,social,train,336,,,writing9.com,789,https://writing9.com/text/6a8857618b43af001111c4f2-the-best-way-to-provide-enough-homes-in-large-cities-is-to-build-tall-apartment-blocks-to-what-exten
B75-OP-061,7.5,opinion,social,train,254,,,writing9.com,790,https://writing9.com/text/6a78777abee1e0001159e8d1-the-best-way-to-provide-enough-homes-in-large-cities-is-to-build-tall-apartment-blocks-to-what-exten
B75-ADV-050,7.5,adv-disadv,globalization-work,train,310,,,writing9.com,791,https://writing9.com/text/6a930a298b43af001111cce4-the-development-of-tourism-contributed-to-english-becoming-the-most-prominent-lexical-in-the-world-s
B75-REP-027,7.5,report,globalization-work,train,256,,,writing9.com,792,https://writing9.com/text/6ab28f4d3be1dd001236d20d-the-increase-in-the-production-of-consumer-goods-results-in-damage-to-the-natural-environment-what-a
B75-ADV-051,7.5,adv-disadv,technology,train,251,,,writing9.com,793,https://writing9.com/text/6a74a8cfbee1e0001159e630-the-internet-is-an-amazing-invention-which-has-changed-the-world-it-has-affected-how-people-live-giv
B75-OP-062,7.5,opinion,social,train,334,,,writing9.com,794,https://writing9.com/text/6a58a67ed4eb7b0011b05db8-the-leaders-or-directors-of-organisations-are-often-older-people-however-some-people-believe-that-yo
B75-OP-063,7.5,opinion,technology,train,301,,,writing9.com,795,https://writing9.com/text/6a58214fd4eb7b0011b05d39-the-most-important-aim-of-science-should-be-to-improve-peoples-lives-to-what-extent-do-you-agree-or-
B75-OP-064,7.5,opinion,technology,train,355,,,writing9.com,796,https://writing9.com/text/6a85bebd8b43af001111c2ae-the-most-important-aim-of-science-should-be-to-improve-peoples-lives-to-what-extent-do-you-agree-or-
B75-DIS-042,7.5,discussion,social,train,321,,,writing9.com,797,https://writing9.com/text/6a8d0ac28b43af001111c885-the-number-of-older-people-is-increasing-some-people-think-this-is-causing-problems-in-their-countri
B75-ADV-052,7.5,adv-disadv,health,train,321,,,writing9.com,798,https://writing9.com/text/6ab5f87e3be1dd001236d485-the-popularity-of-fast-food-is-increasing-especially-among-younger-people-what-are-the-cause-for-thi
B75-ADV-053,7.5,adv-disadv,media,train,387,,,writing9.com,799,https://writing9.com/text/6a5e5ac6d4eb7b0011b06119-the-tendency-of-news-reports-in-the-media-to-focus-more-on-problems-and-emergencies-than-on-positive
B75-ADV-054,7.5,adv-disadv,environment,blindtest,303,,,writing9.com,800,https://writing9.com/text/6aabb15d18262300115289d7-the-topic-of-renewable-energy-is-widely-discussed-these-days-what-are-the-main-reasons-behind-the-in
B8-OP-001,8.0,opinion,media,blindtest,283,,,ielts-blog.com,801,https://www.ielts-blog.com/ielts-writing-samples/ielts-essays-band-8/ielts-essay-topic-all-ads-should-be-banned-as-damaging-agree-disagree/
B8-REP-001,8.0,report,environment,train,287,TR8/CC8/LR8.5/GRA8,,ielts.international,802,https://www.ielts.international/ielts-sample-essays
B8-DIS-001,8.0,discussion,education,train,354,,,allthingsielts.com,803,https://allthingsielts.com/ielts-writing/task-2-samples
B8-REP-002,8.0,report,environment,train,255,,,ieltsprepstudio.com,804,https://www.ieltsprepstudio.com/blog/ielts-writing-task-2-sample-essays-band-8
B8-OP-002,8.0,opinion,technology,train,364,,,writing9.com,805,https://writing9.com/text/6a788e7dbee1e0001159e8e0-1technology-is-becoming-progressively-universal-in-the-fullness-of-time-classroom-teacher-will-be-to
B8-OP-003,8.0,opinion,education,blindtest,305,,,ielts-blog.com,806,https://www.ielts-blog.com/ielts-writing-samples/ielts-essays-band-8/ielts-essay-topic-computers-replacing-teachers/
B8-OP-004,8.0,opinion,government,train,274,TR8/CC8/LR8/GRA8,,ielts.international,807,https://www.ielts.international/ielts-sample-essays
B8-OP-005,8.0,opinion,government,train,257,,,ieltsprepstudio.com,808,https://www.ieltsprepstudio.com/blog/ielts-writing-task-2-sample-essays-band-8
B8-TQ-001,8.0,two-part,globalization-work,train,303,,,writing9.com,809,https://writing9.com/text/6aa66cd318262300115285a7-1unemployment-is-a-growing-problem-all-over-the-world-what-are-the-causes-of-this-what-could-be-done
B8-OP-006,8.0,opinion,education,blindtest,638,,,ielts-blog.com,810,https://www.ielts-blog.com/ielts-writing-samples/ielts-essays-band-8/ielts-essay-topic-computers-instead-of-teachers/
B8-DIS-002,8.0,discussion,education,train,275,TR8/CC8.5/LR8/GRA8,,ielts.international,811,https://www.ielts.international/ielts-sample-essays
B8-ADV-001,8.0,adv-disadv,social,train,257,,,ieltsprepstudio.com,812,https://www.ieltsprepstudio.com/blog/ielts-writing-task-2-sample-essays-band-8
B8-OP-007,8.0,opinion,social,train,291,,,writing9.com,813,https://writing9.com/text/6a1ff22c20afae00111f2883-access-to-clean-water-is-a-basic-human-right-therefore-every-home-should-have-a-water-supply-that-is
B8-OP-008,8.0,opinion,social,train,301,,,ielts-blog.com,814,https://www.ielts-blog.com/ielts-writing-samples/ielts-essays-band-8/ielts-essay-topic-childcare-training-courses-should-be-mandatory-for-all-parents-agree-disagree/
B8-ADV-002,8.0,adv-disadv,globalization-work,train,239,,,ieltsprepstudio.com,815,https://www.ieltsprepstudio.com/blog/ielts-writing-task-2-sample-essays-band-8
B8-OP-009,8.0,opinion,culture,train,319,,,writing9.com,816,https://writing9.com/text/6a3bd839b65fa3001144c36f-art-is-considered-an-essential-part-of-all-cultures-throughout-the-world-however-these-days-fewer-an
B8-OP-010,8.0,opinion,crime,train,344,,,ielts-blog.com,817,https://www.ielts-blog.com/ielts-writing-samples/ielts-essays-band-8/ielts-essay-topic-crime-rates-decline-due-to-advancements-technology-agree-disagree/
B8-DIS-003,8.0,discussion,technology,train,247,,,ieltsprepstudio.com,818,https://www.ieltsprepstudio.com/blog/ielts-writing-task-2-sample-essays-band-8
B8-ADV-003,8.0,adv-disadv,environment,train,265,,,writing9.com,819,https://writing9.com/text/6a609f74d4eb7b0011b062d3-as-countries-develop-more-and-more-people-buy-and-use-their-own-cars-does-the-advantage-of-this-for-
B8-OP-011,8.0,opinion,health,blindtest,284,,,ielts-blog.com,820,https://www.ielts-blog.com/ielts-writing-samples/ielts-essays-band-8/ielts-essay-topic-dieting-can-change-a-persons-life-for-better-or-worse-from-target-band-7-book/
B8-ADV-004,8.0,adv-disadv,technology,train,280,,,writing9.com,821,https://writing9.com/text/6a62017dd4eb7b0011b063cc-buying-things-online-on-the-internet-such-as-boo-air-tickets-and-groceries-is-s-becoming-more-and-mo
B8-DIS-004,8.0,discussion,education,train,329,,,ielts-blog.com,822,https://www.ielts-blog.com/ielts-writing-samples/ielts-essays-band-8/ielts-essay-topic-who-should-discipline-children-parents-government-opinion/
B8-ADV-005,8.0,adv-disadv,globalization-work,train,357,,,writing9.com,823,https://writing9.com/text/6a26e716cca8310012b54ad3-computers-have-made-it-possible-for-office-workers-to-work-remotely-instead-of-working-in-offices-ev
B8-OP-012,8.0,opinion,education,train,286,,,ielts-blog.com,824,https://www.ielts-blog.com/ielts-writing-samples/ielts-essays-band-8/ielts-essay-topic-education-in-financial-management-should-be-a-mandatory-component-of-the-school-program-agree-disagree-from-target-band-7-book/
B8-REP-003,8.0,report,crime,train,273,,,writing9.com,825,https://writing9.com/text/6a0bde39312e6c0011a3ef0e-each-year-the-crime-rate-increases-what-are-the-causes-of-crimes-and-what-could-be-done-to-prevent-t
B8-REP-004,8.0,report,health,train,291,,,ielts-blog.com,826,https://www.ielts-blog.com/ielts-writing-samples/ielts-essays-band-8/ielts-essay-topic-very-few-people-walk-nowadays-reasons-solutions/
B8-DIS-005,8.0,discussion,health,train,298,,,writing9.com,827,https://writing9.com/text/6ab3e2093be1dd001236d307-eating-too-much-sugar-is-harmful-for-health-some-people-think-that-it-is-government-responsibility-t
B8-OP-013,8.0,opinion,globalization-work,blindtest,340,,,ielts-blog.com,828,https://www.ielts-blog.com/ielts-writing-samples/ielts-essays-band-8/ielts-essay-topic-the-positive-and-the-negative-sides-of-globalization/
B8-OP-014,8.0,opinion,globalization-work,train,278,,,writing9.com,829,https://writing9.com/text/6a56a442d4eb7b0011b05be1-employers-should-give-their-staff-at-least-four-weeks-holiday-a-year-to-help-employees-get-better-at
B8-OP-015,8.0,opinion,globalization-work,train,321,,,ielts-blog.com,830,https://www.ielts-blog.com/ielts-writing-samples/ielts-essays-band-8/ielts-essay-topic-the-advantages-and-disadvantages-of-globalization/
B8-REP-005,8.0,report,environment,train,304,,,writing9.com,831,https://writing9.com/text/6abac0953be1dd001236d7c8-environmental-pollution-has-become-one-of-the-most-serious-issues-in-todays-world-what-are-the-cause
B8-OP-016,8.0,opinion,education,train,286,,,ielts-blog.com,832,https://www.ielts-blog.com/ielts-writing-samples/ielts-essays-band-8/ielts-essay-topic-financial-education-2/
B8-REP-006,8.0,report,social,blindtest,289,,,writing9.com,833,https://writing9.com/text/6a3f9a01b65fa3001144c642-experts-say-that-if-older-people-spend-time-with-others-and-exercise-every-day-they-will-be-healthie
B8-REP-007,8.0,report,health,blindtest,398,,,ielts-blog.com,834,https://www.ielts-blog.com/ielts-writing-samples/ielts-essays-band-8/ielts-essay-topic-in-many-countries-food-is-wasted-reasons-solutions/
B8-ADV-006,8.0,adv-disadv,social,train,329,,,writing9.com,835,https://writing9.com/text/6abdb6343be1dd001236da89-fewer-and-fewer-people-nowadays-use-hand-like-pen-pencil-and-brush-what-are-the-reasonsit-is-positiv
B8-ADV-007,8.0,adv-disadv,social,train,324,,,ielts-blog.com,836,https://www.ielts-blog.com/ielts-writing-samples/ielts-essays-band-8/ielts-essay-topic-in-many-countries-young-people-start-living-on-their-own-after-high-school-is-this-a-positive-or-negative-development/
B8-REP-008,8.0,report,culture,train,288,,,writing9.com,837,https://writing9.com/text/6a5694f9d4eb7b0011b05bb3-historical-monuments-and-museums-are-visited-only-by-the-tourists-locals-do-not-visit-them-why-is-th
B8-OP-017,8.0,opinion,globalization-work,train,261,,,ielts-blog.com,838,https://www.ielts-blog.com/ielts-writing-samples/ielts-essays-band-8/ielts-essay-topic-children-should-be-engaged-in-paid-work-agree-or-disagree/
B8-OP-018,8.0,opinion,media,train,292,,,writing9.com,839,https://writing9.com/text/6a41f4eab65fa3001144c807-if-a-product-is-good-and-it-meets-peoples-needs-people-will-buy-it-therefore-advertising-is-unnecess
B8-OP-019,8.0,opinion,globalization-work,blindtest,271,,,ielts-blog.com,840,https://www.ielts-blog.com/ielts-writing-samples/ielts-essays-band-8/ielts-essay-topic-senior-managers-should-have-higher-salaries-than-other-employees-agree-disagree/
B8-OP-020,8.0,opinion,social,train,395,,,writing9.com,841,https://writing9.com/text/6a6ccef663791b00118b27b7-in-many-countries-coffee-chains-are-expanding-rapidly-which-some-claim-threatens-the-survival-of-sma
B8-TQ-002,8.0,two-part,environment,train,279,,,ielts-blog.com,842,https://www.ielts-blog.com/ielts-writing-samples/ielts-essays-band-8/ielts-essay-topic-number-of-animals-plants-declining-reasons-solutions/
B8-ADV-008,8.0,adv-disadv,health,train,292,,,writing9.com,843,https://writing9.com/text/6a8719ef8b43af001111c3d1-in-some-countries-the-government-pays-for-health-care-in-others-the-individual-must-pay-for-their-ow
B8-REP-009,8.0,report,social,train,266,,,ielts-blog.com,844,https://www.ielts-blog.com/ielts-writing-samples/ielts-essays-band-8/ielts-essay-topic-the-proportion-of-older-people-is-increasing-what-problems-will-this-cause-and-what-solutions-can-be-suggested/
B8-ADV-009,8.0,adv-disadv,education,train,262,,,writing9.com,845,https://writing9.com/text/6a20179720afae00111f289f-in-some-countries-there-are-more-young-people-choosing-to-enrol-in-work-based-training-instead-of-at
B8-REP-010,8.0,report,social,train,320,,,ielts-blog.com,846,https://www.ielts-blog.com/ielts-writing-samples/ielts-essays-band-8/ielts-essay-topic-young-people-find-it-harder-to-find-permanent-jobs/
B8-REP-011,8.0,report,environment,train,291,,,writing9.com,847,https://writing9.com/text/6a3f67f9b65fa3001144c638-in-some-countries-there-is-not-enough-recycling-of-waste-materials-eg-paper-glass-and-cans-what-are-
B8-ADV-010,8.0,adv-disadv,social,blindtest,277,,,ielts-blog.com,848,https://www.ielts-blog.com/ielts-writing-samples/ielts-essays-band-8/ielts-essay-topic-young-people-spend-more-time-shopping-centres-positive-negative/
B8-ADV-011,8.0,adv-disadv,technology,train,333,,,writing9.com,849,https://writing9.com/text/6a316000cca8310012b5528a-in-some-parts-of-the-world-it-is-becoming-popular-to-research-the-history-of-ones-own-family-why-mig
B8-ADV-012,8.0,adv-disadv,globalization-work,blindtest,260,,,ielts-blog.com,850,https://www.ielts-blog.com/ielts-writing-samples/ielts-essays-band-8/ielts-essay-topic-many-workplaces-use-online-communication-more-than-in-person-meetings/
B8-ADV-013,8.0,adv-disadv,media,train,323,,,writing9.com,851,https://writing9.com/text/6a30f402cca8310012b5524c-in-their-advertising-businesses-nowadays-usually-emphasise-that-their-products-are-new-in-some-way-w
B8-OP-021,8.0,opinion,social,train,300,,,ielts-blog.com,852,https://www.ielts-blog.com/ielts-writing-samples/ielts-essays-band-8/ielts-essay-topic-children-and-rules-2/
B8-ADV-014,8.0,adv-disadv,media,train,304,,,writing9.com,853,https://writing9.com/text/6a41719ab65fa3001144c784-in-their-advertising-businesses-nowadays-usually-emphasize-that-their-products-are-new-in-some-ways-
B8-ADV-015,8.0,adv-disadv,technology,train,354,,,ielts-blog.com,854,https://www.ielts-blog.com/ielts-writing-samples/ielts-essays-band-8/ielts-essay-topic-in-the-modern-world-it-is-possible-to-shop-work-and-communicate-online-without-face-to-face-contact-is-it-a-positive-or-a-negative-development/
B8-OP-022,8.0,opinion,media,train,289,,,writing9.com,855,https://writing9.com/text/6a3e8bb3b65fa3001144c586-in-todays-world-it-is-no-longer-necessary-to-attend-live-performances-such-as-shows-or-concerts-as-w
B8-ADV-016,8.0,adv-disadv,culture,train,287,,,ielts-blog.com,856,https://www.ielts-blog.com/ielts-writing-samples/ielts-essays-band-8/ielts-essay-topic-in-the-past-people-wore-their-traditional-clothes-but-these-days-most-people-wear-similar-clothes-is-this-a-positive-or-negative-development/
B8-OP-023,8.0,opinion,government,blindtest,268,,,writing9.com,857,https://writing9.com/text/6abb09cd3be1dd001236d7f3-it-is-argued-that-government-funding-should-be-used-to-provide-computer-training-for-people-aged-65-
B8-OP-024,8.0,opinion,culture,train,341,,,ielts-blog.com,858,https://www.ielts-blog.com/ielts-writing-samples/ielts-essays-band-8/ielts-essay-topic-people-who-read-for-pleasure-develop-their-imagination-more-and-acquire-better-language-skills-compared-to-people-who-prefer-watching-television-agree-disagree/
B8-ADV-017,8.0,adv-disadv,education,train,290,,,writing9.com,859,https://writing9.com/text/6aaa7df818262300115288d4-it-is-important-for-people-to-take-risks-both-in-their-professional-lives-and-their-personal-lives-d
B8-OP-025,8.0,opinion,education,train,297,,,ielts-blog.com,860,https://www.ielts-blog.com/ielts-writing-samples/ielts-essays-band-8/ielts-essay-topic-schools-responsibility-teach-good-behaviour-agree-disagree/
B8-OP-026,8.0,opinion,social,train,312,,,writing9.com,861,https://writing9.com/text/6a5677aad4eb7b0011b05b80-it-is-the-responsibility-of-individuals-to-save-and-provide-for-their-own-retirement-governments-hav
B8-ADV-018,8.0,adv-disadv,social,blindtest,309,,,ielts-blog.com,862,https://www.ielts-blog.com/ielts-writing-samples/ielts-essays-band-8/ielts-essay-topic-some-say-that-new-homes-should-be-constructed-in-existing-cities-while-others-argue-that-new-towns-should-be-built-advantages-disadvantages/
B8-DIS-006,8.0,discussion,technology,train,296,,,writing9.com,863,https://writing9.com/text/6a2064ee71bc7b00110fd7b4-many-believe-that-modern-technology-has-brought-people-together-but-others-say-that-it-has-driven-us
B8-TQ-003,8.0,two-part,crime,blindtest,299,,,ielts-blog.com,864,https://www.ielts-blog.com/ielts-writing-samples/ielts-essays-band-8/ielts-essay-topic-criminals-commit-crimes-after-release-from-prison-reasons-solutions/
B8-REP-012,8.0,report,health,train,255,,,writing9.com,865,https://writing9.com/text/6a569bb9d4eb7b0011b05bbf-many-children-today-are-overweight-this-is-a-serious-health-issue-give-reasons-for-child-obesity-and
B8-ADV-019,8.0,adv-disadv,culture,train,276,,,ielts-blog.com,866,https://www.ielts-blog.com/ielts-writing-samples/ielts-essays-band-8/ielts-essay-topic-many-museums-charge-for-admission-while-others-are-free-do-advantages-of-this-outweigh-the-disadvantages/
B8-REP-013,8.0,report,crime,train,337,,,writing9.com,867,https://writing9.com/text/6a7f7c1e8b43af001111bdf4-many-criminals-re-offend-after-they-have-been-punished-why-do-some-people-continue-to-commit-crimes-
B8-REP-014,8.0,report,crime,train,270,,,ielts-blog.com,868,https://www.ielts-blog.com/ielts-writing-samples/ielts-essays-band-8/ielts-essay-topic-why-do-criminals-commit-another-offence-after-being-punished/
B8-REP-015,8.0,report,crime,train,293,,,writing9.com,869,https://writing9.com/text/6a7dccab5a8b010011bd86fd-many-criminals-re-offended-after-they-have-been-punished-why-do-some-people-continue-to-commit-crime
B8-DIS-007,8.0,discussion,social,train,287,,,ielts-blog.com,870,https://www.ielts-blog.com/ielts-writing-samples/ielts-essays-band-8/ielts-essay-topic-some-parents-encourage-young-people-to-leave-home-while-others-think-they-should-stay-with-the-family-discuss-and-give-your-opinion/
B8-OP-027,8.0,opinion,environment,train,291,,,writing9.com,871,https://writing9.com/text/6a549f8dd4eb7b0011b05a5d-many-people-feel-it-a-waste-of-money-to-try-to-save-the-endangered-animal-species-for-example-the-ti
B8-OP-028,8.0,opinion,culture,train,360,,,ielts-blog.com,872,https://www.ielts-blog.com/ielts-writing-samples/ielts-essays-band-8/ielts-essay-topic-museums-art-galleries-should-present-only-national-art-agree-disagree/
B8-TQ-004,8.0,two-part,globalization-work,train,260,,,writing9.com,873,https://writing9.com/text/6a4ec276d4eb7b0011b05659-many-people-finde-it-hard-to-balance-their-work-with-other-parts-of-their-lives-why-do-you-think-tha
B8-REP-016,8.0,report,globalization-work,train,295,,,ielts-blog.com,874,https://www.ielts-blog.com/ielts-writing-samples/ielts-essays-band-8/ielts-essay-topic-many-believe-that-international-tourism-is-bad-for-their-country-reasons-and-solutions/
B8-DIS-008,8.0,discussion,social,train,344,,,writing9.com,875,https://writing9.com/text/6a2d8e57cca8310012b54f93-many-people-think-it-is-important-to-spend-a-lot-of-money-on-a-large-wedding-celebration-others-disa
B8-TQ-005,8.0,two-part,culture,train,287,,,ielts-blog.com,876,https://www.ielts-blog.com/ielts-writing-samples/ielts-essays-band-8/ielts-essay-topic-what-are-the-difficulties-of-learning-a-foreign-language-and-how-to-overcome-them/
B8-REP-017,8.0,report,globalization-work,train,307,,,writing9.com,877,https://writing9.com/text/6a410ec3b65fa3001144c749-many-people-try-to-balance-work-and-other-parts-of-their-life-however-this-is-very-difficult-to-do-w
B8-ADV-020,8.0,adv-disadv,social,train,335,,,ielts-blog.com,878,https://www.ielts-blog.com/ielts-writing-samples/ielts-essays-band-8/ielts-essay-topic-many-people-believe-that-reducing-speed-limits-is-the-best-option-for-road-safety-improvement-agree-disagree/
B8-REP-018,8.0,report,health,train,319,,,writing9.com,879,https://writing9.com/text/6a36a3dab65fa3001144bf27-many-working-people-get-little-or-no-exercise-either-during-the-working-day-or-in-their-free-time-an
B8-DIS-009,8.0,discussion,health,train,311,,,ielts-blog.com,880,https://www.ielts-blog.com/ielts-writing-samples/ielts-essays-band-8/ielts-essay-topic-many-people-support-animal-testing-while-others-believe-it-isnt-appropriate-discuss/
B8-TQ-006,8.0,two-part,globalization-work,train,307,,,writing9.com,881,https://writing9.com/text/6a747af7bee1e0001159e61a-more-and-more-people-in-developing-countries-are-purchasing-cars-for-the-first-time-what-problems-do
B8-REP-019,8.0,report,globalization-work,train,297,,,ielts-blog.com,882,https://www.ielts-blog.com/ielts-writing-samples/ielts-essays-band-8/ielts-essay-topic-many-people-try-achieve-work-life-balance-but-fail-reasons-solutions/
B8-ADV-021,8.0,adv-disadv,education,train,367,,,writing9.com,883,https://writing9.com/text/6a24d17be3b62b0012e33122-more-and-more-students-are-choosing-to-study-abroad-for-their-tertiary-education-do-you-think-the-ad
B8-ADV-022,8.0,adv-disadv,education,train,323,,,ielts-blog.com,884,https://www.ielts-blog.com/ielts-writing-samples/ielts-essays-band-8/ielts-essay-topic-many-students-live-away-from-home-and-parents/
B8-OP-029,8.0,opinion,environment,train,320,,,writing9.com,885,https://writing9.com/text/6a517457d4eb7b0011b05826-nowadays-the-most-important-task-is-the-environmental-protection-of-our-planet-for-future-generation
B8-REP-020,8.0,report,health,train,293,,,ielts-blog.com,886,https://www.ielts-blog.com/ielts-writing-samples/ielts-essays-band-8/ielts-essay-topic-children-these-days-are-suffering-from-obesity-why-and-how-can-it-be-solved/
B8-OP-030,8.0,opinion,social,train,298,,,writing9.com,887,https://writing9.com/text/6a56ac2dd4eb7b0011b05be3-people-living-in-the-21st-century-have-a-better-quality-of-life-than-the-previous-centuries-to-what-
B8-REP-021,8.0,report,health,train,290,,,ielts-blog.com,888,https://www.ielts-blog.com/ielts-writing-samples/ielts-essays-band-8/ielts-essay-topic-more-people-participate-in-extreme-sports/
B8-OP-031,8.0,opinion,globalization-work,train,291,,,writing9.com,889,https://writing9.com/text/6a569a80d4eb7b0011b05bb9-people-who-decide-on-a-career-path-early-in-their-lives-and-keep-to-it-are-more-likely-to-have-a-sat
B8-REP-022,8.0,report,health,blindtest,346,,,ielts-blog.com,890,https://www.ielts-blog.com/ielts-writing-samples/ielts-essays-band-8/ielts-essay-topic-many-people-drink-sugar-based-drinks-reasons-solutions/
B8-DIS-010,8.0,discussion,technology,blindtest,394,,,writing9.com,891,https://writing9.com/text/6a21358c71bc7b00110fd866-some-believe-that-modern-technology-has-made-people-less-socially-active-while-others-disagree-discu
B8-OP-032,8.0,opinion,crime,train,282,,,ielts-blog.com,892,https://www.ielts-blog.com/ielts-writing-samples/ielts-essays-band-8/ielts-essay-topic-education-is-a-better-solution-to-crime-than-prison-agree-disagree/
B8-OP-033,8.0,opinion,social,train,290,,,writing9.com,893,https://writing9.com/text/6aa7d06418262300115286b9-some-believe-that-people-should-not-continue-to-work-once-they-reach-the-age-of-retirement-do-you-ag
B8-OP-034,8.0,opinion,social,train,314,,,ielts-blog.com,894,https://www.ielts-blog.com/ielts-writing-samples/ielts-essays-band-8/ielts-essay-topic-new-parents-should-attend-parenting-classes-agree-disagree/
B8-TQ-007,8.0,two-part,social,blindtest,310,,,writing9.com,895,https://writing9.com/text/6a0d4407312e6c0011a3f03c-some-parents-give-their-children-everything-that-their-children-ask-for-or-allow-them-to-do-whatever
B8-REP-023,8.0,report,media,train,270,,,ielts-blog.com,896,https://www.ielts-blog.com/ielts-writing-samples/ielts-essays-band-8/ielts-essay-topic-newspapers-influence-peoples-opinion-reasons-solutions/
B8-OP-035,8.0,opinion,education,train,256,,,writing9.com,897,https://writing9.com/text/6a43a843b65fa3001144c8ef-some-people-argue-that-primary-schools-focus-too-much-on-formal-learning-to-what-extent-do-you-agree
B8-ADV-023,8.0,adv-disadv,media,train,301,,,ielts-blog.com,898,https://www.ielts-blog.com/ielts-writing-samples/ielts-essays-band-8/ielts-essay-topic-nowadays-celebrities-earn-more-money-than-politicians-what-are-the-reasons-for-this/
B8-DIS-011,8.0,discussion,technology,train,294,,,writing9.com,899,https://writing9.com/text/6a56ac61d4eb7b0011b05be5-some-people-argue-that-we-should-do-research-into-our-family-history-others-agree-with-the-view-that
B8-DIS-012,8.0,discussion,social,train,292,,,ielts-blog.com,900,https://www.ielts-blog.com/ielts-writing-samples/ielts-essays-band-8/ielts-essay-topic-nowadays-families-move-to-different-countries-for-work-and-some-think-it-has-a-negative-effect-on-children-agree-disagree/
B8-DIS-013,8.0,discussion,social,train,336,,,writing9.com,901,https://writing9.com/text/6a3ffb3ab65fa3001144c671-some-people-believe-that-allowing-children-to-make-their-own-choices-on-everyday-matters-such-as-foo
B8-OP-036,8.0,opinion,globalization-work,train,304,,,ielts-blog.com,902,https://www.ielts-blog.com/ielts-writing-samples/ielts-essays-band-8/ielts-essay-topic-nowadays-that-many-women-have-full-time-jobs-it-is-logical-to-share-the-housework-evenly-between-men-and-women-agree-disagree/
B8-DIS-014,8.0,discussion,globalization-work,train,254,,,writing9.com,903,https://writing9.com/text/6a7873e5bee1e0001159e8c8-some-people-believe-that-employees-should-work-from-home-while-others-think-that-working-in-an-offic
B8-REP-024,8.0,report,social,blindtest,348,,,ielts-blog.com,904,https://www.ielts-blog.com/ielts-writing-samples/ielts-essays-band-8/ielts-essay-topic-young-people-not-communicating-with-older-people-reasons-solutions/
B8-OP-037,8.0,opinion,education,train,279,,,writing9.com,905,https://writing9.com/text/6a509140d4eb7b0011b057c7-some-people-believe-that-people-have-the-right-to-university-education-and-government-should-make-it
B8-ADV-024,8.0,adv-disadv,health,train,308,,,ielts-blog.com,906,https://www.ielts-blog.com/ielts-writing-samples/ielts-essays-band-8/ielts-essay-topic-nowadays-many-people-choose-ready-made-food-and-refuse-to-cook-at-home-advantages-disadvantages/
B8-OP-038,8.0,opinion,education,train,264,,,writing9.com,907,https://writing9.com/text/6a4d301a4aab7d0011b5a6c9-some-people-believe-that-studying-at-university-or-college-is-the-best-route-to-a-successful-career-
B8-REP-025,8.0,report,health,blindtest,299,,,ielts-blog.com,908,https://www.ielts-blog.com/ielts-writing-samples/ielts-essays-band-8/ielts-essay-topic-many-people-do-not-exercise-and-eat-unhealthy-reasons-solutions/
B8-DIS-015,8.0,discussion,education,train,260,,,writing9.com,909,https://writing9.com/text/6aba27e23be1dd001236d783-some-people-believe-that-teenagers-should-focus-on-all-school-subjects-while-others-think-that-they-
B8-OP-039,8.0,opinion,media,train,257,,,ielts-blog.com,910,https://www.ielts-blog.com/ielts-writing-samples/ielts-essays-band-8/ielts-essay-topic-celebrities-can-be-poor-role-models-for-teenagers-agree-disagree/
B8-DIS-016,8.0,discussion,education,train,331,,,writing9.com,911,https://writing9.com/text/6a4f294ed4eb7b0011b056e4-some-people-believe-that-the-experiences-children-have-before-they-go-to-school-will-have-the-greate
B8-ADV-025,8.0,adv-disadv,social,train,277,,,ielts-blog.com,912,https://www.ielts-blog.com/ielts-writing-samples/ielts-essays-band-8/ielts-essay-topic-nowadays-more-and-more-people-want-to-live-by-themselves-why-is-this-happening/
B8-DIS-017,8.0,discussion,media,blindtest,280,,,writing9.com,913,https://writing9.com/text/6a79fa4d5a8b010011bd845b-some-people-believe-that-violence-on-television-and-in-computer-games-has-a-damaging-effect-on-child
B8-ADV-026,8.0,adv-disadv,social,train,313,,,ielts-blog.com,914,https://www.ielts-blog.com/ielts-writing-samples/ielts-essays-band-8/ielts-essay-topic-people-move-away-from-family-for-work-advantages-disadvantages/
B8-DIS-018,8.0,discussion,environment,train,284,,,writing9.com,915,https://writing9.com/text/6a567ce5d4eb7b0011b05b8b-some-people-say-it-is-important-to-protect-all-wild-animals-others-however-say-it-is-only-important-
B8-REP-026,8.0,report,health,blindtest,315,,,ielts-blog.com,916,https://www.ielts-blog.com/ielts-writing-samples/ielts-essays-band-8/ielts-essay-topic-nowadays-people-waste-a-lot-of-food-why-is-this-happening-and-how-to-reduce-waste/
B8-DIS-019,8.0,discussion,technology,train,267,,,writing9.com,917,https://writing9.com/text/6ac11ce53be1dd001236dcd7-some-people-say-that-computers-have-made-life-easier-and-more-convenient-other-people-say-that-compu
B8-TQ-008,8.0,two-part,health,train,324,,,ielts-blog.com,918,https://www.ielts-blog.com/ielts-writing-samples/ielts-essays-band-8/ielts-essay-topic-obesity-is-becoming-common-among-children-give-reasons-and-solutions-from-target-band-7-book/
B8-OP-040,8.0,opinion,culture,train,255,,,writing9.com,919,https://writing9.com/text/6a4e6bdad4eb7b0011b05622-some-people-say-that-music-is-a-good-way-of-bringing-people-of-different-cultures-and-ages-together-
B8-ADV-027,8.0,adv-disadv,education,train,322,,,ielts-blog.com,920,https://www.ielts-blog.com/ielts-writing-samples/ielts-essays-band-8/ielts-essay-topic-part-time-courses-are-on-the-rise-advantages-disadvantages/
B8-DIS-020,8.0,discussion,health,blindtest,289,,,writing9.com,921,https://writing9.com/text/6ac3af481e72750011862479-some-people-say-that-the-best-way-to-improve-public-health-is-by-increasing-the-number-of-sports-fac
B8-REP-027,8.0,report,social,train,308,,,ielts-blog.com,922,https://www.ielts-blog.com/ielts-writing-samples/ielts-essays-band-8/ielts-essay-topic-people-spending-time-away-from-families-reasons-effects/
B8-ADV-028,8.0,adv-disadv,globalization-work,train,335,,,writing9.com,923,https://writing9.com/text/6a947d548b43af001111cdfc-some-people-tend-to-take-temporary-jobs-they-only-work-for-few-months-of-years-for-they-have-time-to
B8-OP-041,8.0,opinion,globalization-work,train,359,,,ielts-blog.com,924,https://www.ielts-blog.com/ielts-writing-samples/ielts-essays-band-8/ielts-essay-topic-people-in-senior-positions-should-earn-higher-salaries-agree-disagree/
B8-OP-042,8.0,opinion,globalization-work,train,299,,,writing9.com,925,https://writing9.com/text/6a413d6eb65fa3001144c764-some-people-think-it-is-a-good-thing-for-senior-managers-to-receive-much-higher-salaries-than-other-
B8-OP-043,8.0,opinion,culture,blindtest,325,,,ielts-blog.com,926,https://www.ielts-blog.com/ielts-writing-samples/ielts-essays-band-8/ielts-essay-topic-people-should-follow-traditions-of-new-country-agree-disagree/
B8-DIS-021,8.0,discussion,social,train,342,,,writing9.com,927,https://writing9.com/text/6abf24e33be1dd001236db78-some-people-think-its-better-to-choose-friends-who-always-hav-the-same-opinions-as-them-other-people
B8-OP-044,8.0,opinion,globalization-work,train,304,,,ielts-blog.com,928,https://www.ielts-blog.com/ielts-writing-samples/ielts-essays-band-8/ielts-essay-topic-events-bringing-people-together/
B8-OP-045,8.0,opinion,environment,train,267,,,writing9.com,929,https://writing9.com/text/6a81b1248b43af001111bf4d-some-people-think-litter-in-public-places-is-a-serious-problem-others-do-not-think-so-what-is-your-o
B8-DIS-022,8.0,discussion,health,train,361,,,ielts-blog.com,930,https://www.ielts-blog.com/ielts-writing-samples/ielts-essays-band-8/ielts-essay-topic-should-government-create-food-choice-laws-to-improve-public-health-opinion/
B8-DIS-023,8.0,discussion,media,train,317,,,writing9.com,931,https://writing9.com/text/6aaad67d1826230011528912-some-people-think-that-children-should-not-watch-telvision-as-it-has-negative-effects-while-some-peo
B8-OP-046,8.0,opinion,media,train,266,,,ielts-blog.com,932,https://www.ielts-blog.com/ielts-writing-samples/ielts-essays-band-8/ielts-essay-topic-public-libraries-should-only-provide-books-not-videos-or-dvd-agree-or-disagree/
B8-DIS-024,8.0,discussion,globalization-work,train,318,,,writing9.com,933,https://writing9.com/text/6a18321314e63b0011f7014f-some-people-think-that-employers-should-ensure-a-pleasant-working-environment-so-that-workers-feel-v
B8-DIS-025,8.0,discussion,environment,train,266,,,ielts-blog.com,934,https://www.ielts-blog.com/ielts-writing-samples/ielts-essays-band-8/ielts-essay-topic-transportation-products-people-main-source-pollution-discuss-opinion/
B8-OP-047,8.0,opinion,social,train,278,,,writing9.com,935,https://writing9.com/text/6a15765914e63b0011f6ff7f-some-people-think-that-government-should-be-held-responsible-when-problem-of-homelessness-and-unempl
B8-OP-048,8.0,opinion,education,train,281,,,ielts-blog.com,936,https://www.ielts-blog.com/ielts-writing-samples/ielts-essays-band-8/ielts-essay-topic-teachers-are-more-responsible-for-social-and-intellectual-development-of-students-than-parents-agree-disagree/
B8-OP-049,8.0,opinion,globalization-work,blindtest,293,,,writing9.com,937,https://writing9.com/text/6a2e9b2bcca8310012b55061-some-people-think-that-it-is-a-good-idea-of-all-employees-to-wear-a-uniform-at-work-to-what-extent-d
B8-DIS-026,8.0,discussion,environment,blindtest,297,,,ielts-blog.com,938,https://www.ielts-blog.com/ielts-writing-samples/ielts-essays-band-8/ielts-essay-topic-who-should-be-responsible-for-protecting-the-environment-individuals-or-the-government/
B8-OP-050,8.0,opinion,globalization-work,train,273,,,writing9.com,939,https://writing9.com/text/6a637bb9d4eb7b0011b064d5-some-people-think-that-it-is-always-an-advantage-to-buy-local-products-rather-than-those-made-in-oth
B8-ADV-029,8.0,adv-disadv,media,blindtest,330,,,ielts-blog.com,940,https://www.ielts-blog.com/ielts-writing-samples/ielts-essays-band-8/ielts-essay-topic-social-media-helps-people-stay-in-touch-advantages-disadvantages/
B8-OP-051,8.0,opinion,education,train,285,,,writing9.com,941,https://writing9.com/text/6a74a672bee1e0001159e62e-some-people-think-that-machine-translation-is-highly-developed-in-todays-society-therefore-it-is-not
B8-DIS-027,8.0,discussion,technology,train,256,,,ielts-blog.com,942,https://www.ielts-blog.com/ielts-writing-samples/ielts-essays-band-8/ielts-essay-topic-some-believe-that-modern-technology-is-increasing-the-gap-between-the-rich-and-poor-while-others-disagree-discuss/
B8-DIS-028,8.0,discussion,culture,train,270,,,writing9.com,943,https://writing9.com/text/6ab7c0583be1dd001236d5b7-some-people-think-that-museums-main-function-is-to-educate-people-the-others-suggest-that-they-can-a
B8-OP-052,8.0,opinion,social,blindtest,308,,,ielts-blog.com,944,https://www.ielts-blog.com/ielts-writing-samples/ielts-essays-band-8/ielts-essay-topic-people-should-not-work-beyond-the-retirement-age-agree-disagree/
B8-DIS-029,8.0,discussion,education,train,312,,,writing9.com,945,https://writing9.com/text/6a1e6b9420afae00111f2773-some-people-think-that-schools-should-teach-students-according-to-their-academic-abilities-while-oth
B8-OP-053,8.0,opinion,social,train,376,,,ielts-blog.com,946,https://www.ielts-blog.com/ielts-writing-samples/ielts-essays-band-8/ielts-essay-topic-high-rise-vs-low-rise-buildings-which-solution-is-better-for-a-growing-population/
B8-DIS-030,8.0,discussion,health,train,257,,,writing9.com,947,https://writing9.com/text/6a5b8a6ed4eb7b0011b05f79-some-people-think-that-team-sports-prepare-children-for-work-life-but-others-think-individual-sports
B8-OP-054,8.0,opinion,social,train,264,,,ielts-blog.com,948,https://www.ielts-blog.com/ielts-writing-samples/ielts-essays-band-8/ielts-essay-topic-some-countries-invest-in-bicycles-reasons-effects/
B8-OP-055,8.0,opinion,technology,train,314,,,writing9.com,949,https://writing9.com/text/6ac3178a3be1dd001236de7b-some-people-think-that-the-increasing-use-of-computers-and-mobile-phones-nowadays-has-unwanted-effec
B8-DIS-031,8.0,discussion,health,train,353,,,ielts-blog.com,950,https://www.ielts-blog.com/ielts-writing-samples/ielts-essays-band-8/ielts-essay-topic-some-people-think-sports-are-essential-opinion/
B8-DIS-032,8.0,discussion,environment,blindtest,269,,,writing9.com,951,https://writing9.com/text/6ab42ec83be1dd001236d323-some-people-think-the-main-benefit-of-international-cooperation-is-in-protection-of-the-environment-
B8-OP-056,8.0,opinion,globalization-work,train,277,,,ielts-blog.com,952,https://www.ielts-blog.com/ielts-writing-samples/ielts-essays-band-8/ielts-essay-topic-countries-should-produce-all-food-they-need-agree-disagree/
B8-DIS-033,8.0,discussion,education,train,279,,,writing9.com,953,https://writing9.com/text/6a56a320d4eb7b0011b05bd9-some-young-people-go-to-college-or-university-to-have-a-successful-career-path-others-however-chose-
B8-OP-057,8.0,opinion,technology,train,376,,,ielts-blog.com,954,https://www.ielts-blog.com/ielts-writing-samples/ielts-essays-band-8/ielts-essay-topic-excessive-use-of-modern-technologies-is-negatively-affecting-the-reading-and-writing-skills-of-children-agree-disagree/
B8-OP-058,8.0,opinion,education,blindtest,253,,,writing9.com,955,https://writing9.com/text/6aa7bda718262300115286a9-students-should-pay-their-full-university-fees-themselves-as-they-benefit-from-having-university-stu
B8-DIS-034,8.0,discussion,crime,train,275,,,ielts-blog.com,956,https://www.ielts-blog.com/ielts-writing-samples/ielts-essays-band-8/ielts-essay-topic-if-child-commits-crime-who-should-be-punished-opinion/
B8-OP-059,8.0,opinion,crime,blindtest,334,,,writing9.com,957,https://writing9.com/text/6a2efdc3cca8310012b55096-t-is-important-for-children-to-learn-the-difference-between-right-and-wrong-at-an-early-age-punishme
B8-OP-060,8.0,opinion,environment,train,283,,,ielts-blog.com,958,https://www.ielts-blog.com/ielts-writing-samples/ielts-essays-band-8/ielts-essay-topic-some-people-believe-that-preserving-natural-environment-is-crucial-but-make-no-effort-to-do-so-reasons-and-solutions/
B8-OP-061,8.0,opinion,social,train,293,,,writing9.com,959,https://writing9.com/text/6a5693a7d4eb7b0011b05bad-the-best-way-to-provide-enough-homes-for-people-living-in-cities-is-to-build-tall-apartment-blocks-t
B8-TQ-009,8.0,two-part,environment,train,315,,,ielts-blog.com,960,https://www.ielts-blog.com/ielts-writing-samples/ielts-essays-band-8/ielts-essay-topic-best-way-to-solve-environmental-problems-increase-price-fuel-agree-disagree/
B8-ADV-030,8.0,adv-disadv,education,train,353,,,writing9.com,961,https://writing9.com/text/6a57d921d4eb7b0011b05d30-the-great-benefit-of-studying-abroad-is-that-students-will-have-life-experience-that-will-improve-th
B8-OP-062,8.0,opinion,social,train,383,,,ielts-blog.com,962,https://www.ielts-blog.com/ielts-writing-samples/ielts-essays-band-8/ielts-essay-topic-some-believe-the-government-should-take-care-of-retirees-while-others-think-everyone-should-save-for-their-own-retirement-opinion/
B8-OP-063,8.0,opinion,technology,train,328,,,writing9.com,963,https://writing9.com/text/6a7c8c665a8b010011bd8601-the-internet-allows-us-to-stay-connected-with-each-other-no-matter-where-we-are-on-the-other-hand-it
B8-DIS-035,8.0,discussion,education,blindtest,254,,,ielts-blog.com,964,https://www.ielts-blog.com/ielts-writing-samples/ielts-essays-band-8/ielts-essay-topic-purpose-of-education-for-society-or-personal-ambitions-discuss-opinion/
B8-REP-028,8.0,report,health,train,290,,,writing9.com,965,https://writing9.com/text/6a9de1368b43af001111d4ca-the-percentage-of-overweight-children-in-western-society-has-increased-significantly-over-the-last-d
B8-OP-064,8.0,opinion,social,train,305,,,ielts-blog.com,966,https://www.ielts-blog.com/ielts-writing-samples/ielts-essays-band-8/ielts-essay-topic-should-unpaid-community-work-be-mandatory-in-high-school-agree-disagree/
B8-OP-065,8.0,opinion,culture,train,280,,suspected-offtask,writing9.com,967,https://writing9.com/text/6a95632c8b43af001111cea3-the-picture-below-shows-the-museums-plant-in-1998-and-after-some-changes-were-made-in-2008
B8-DIS-036,8.0,discussion,crime,train,365,,,ielts-blog.com,968,https://www.ielts-blog.com/ielts-writing-samples/ielts-essays-band-8/ielts-essay-topic-some-people-believe-that-women-should-be-treated-as-equal-to-men-when-applying-for-a-job-with-the-police-or-the-military-while-others-disagree-opinion/
B8-REP-029,8.0,report,education,train,532,,,writing9.com,969,https://writing9.com/text/6a32c47fcca8310012b553ba-the-rise-of-platforms-like-youtube-and-instagram-has-led-many-young-people-to-spend-significant-amou
B8-DIS-037,8.0,discussion,health,train,295,,,ielts-blog.com,970,https://www.ielts-blog.com/ielts-writing-samples/ielts-essays-band-8/ielts-essay-topic-some-people-claim-that-it-is-acceptable-to-use-animals-in-medical-research-discuss/
B8-OP-066,8.0,opinion,globalization-work,train,419,,,writing9.com,971,https://writing9.com/text/6a25cb36cca8310012b549ff-the-world-of-work-is-changing-rapidly-working-conditions-today-are-not-the-same-as-before-and-people
B8-OP-067,8.0,opinion,globalization-work,train,258,,,ielts-blog.com,972,https://www.ielts-blog.com/ielts-writing-samples/ielts-essays-band-8/ielts-essay-topic-better-be-unemployed-than-job-you-dislike-agree-disagree/
B8-OP-068,8.0,opinion,environment,blindtest,252,,,writing9.com,973,https://writing9.com/text/6a7dbac25a8b010011bd86f5-there-are-many-animal-species-that-are-close-to-extinction-some-say-that-only-animals-that-are-benef
B8-OP-069,8.0,opinion,media,train,324,,,ielts-blog.com,974,https://www.ielts-blog.com/ielts-writing-samples/ielts-essays-band-8/ielts-essay-topic-some-say-popular-tv-programs-should-aim-to-educate-viewers-agree-disagree/
B8-OP-070,8.0,opinion,education,blindtest,323,,,writing9.com,975,https://writing9.com/text/6a549c22d4eb7b0011b05a59-there-is-a-lot-of-pressure-on-young-people-today-to-succeed-academically-as-a-result-some-people-bel
B8-OP-071,8.0,opinion,education,train,261,,,ielts-blog.com,976,https://www.ielts-blog.com/ielts-writing-samples/ielts-essays-band-8/ielts-essay-topic-some-people-say-that-arts-subjects-are-as-essential-as-academic-ones-and-should-be-part-of-school-syllabus-agree-disagree/
B8-OP-072,8.0,opinion,technology,blindtest,276,,,writing9.com,977,https://writing9.com/text/6abc82bd3be1dd001236d983-there-is-a-view-that-the-widespread-use-of-computers-and-mobile-phones-has-contributed-to-a-decline-
B8-OP-073,8.0,opinion,education,train,344,,,ielts-blog.com,978,https://www.ielts-blog.com/ielts-writing-samples/ielts-essays-band-8/ielts-essay-topic-the-education-system-is-the-only-critical-factor-in-the-development-of-a-country-agree-disagree-from-target-band-7-book/
B8-DIS-038,8.0,discussion,crime,train,334,,,writing9.com,979,https://writing9.com/text/6a44749bb65fa3001144c9a5-there-seems-to-be-an-increasing-number-of-serious-crimes-committed-each-yearwhile-some-think-the-bes
B8-OP-074,8.0,opinion,media,train,250,,,ielts-blog.com,980,https://www.ielts-blog.com/ielts-writing-samples/ielts-essays-band-8/ielts-essay-topic-main-aim-advertising-sell-products-people-dont-need-agree-disagree/
B8-ADV-031,8.0,adv-disadv,health,train,311,,,writing9.com,981,https://writing9.com/text/6aaf48f41826230011528c57-these-days-if-people-have-health-problems-many-do-not-visit-doctors-they-try-to-get-better-at-home-b
B8-OP-075,8.0,opinion,environment,train,311,,,ielts-blog.com,982,https://www.ielts-blog.com/ielts-writing-samples/ielts-essays-band-8/ielts-essay-topic-too-much-attention-given-to-wildlife-protection-agree-disagree/
B8-OP-076,8.0,opinion,crime,blindtest,294,,,writing9.com,983,https://writing9.com/text/6a569562d4eb7b0011b05bb5-under-british-and-australian-laws-a-jury-in-a-criminal-case-has-no-access-to-information-about-the-d
B8-ADV-032,8.0,adv-disadv,globalization-work,train,284,,,ielts-blog.com,984,https://www.ielts-blog.com/ielts-writing-samples/ielts-essays-band-8/ielts-essay-topic-some-people-buy-products-or-get-services-instantly/
B8-OP-077,8.0,opinion,globalization-work,train,300,,,writing9.com,985,https://writing9.com/text/6a420820b65fa3001144c80c-when-asked-to-choose-between-a-life-without-work-and-working-most-of-the-time-people-would-always-ch
B8-ADV-033,8.0,adv-disadv,social,blindtest,277,,,ielts-blog.com,986,https://www.ielts-blog.com/ielts-writing-samples/ielts-essays-band-8/ielts-essay-topic-should-children-grow-up-in-the-city-or-countryside-advantages-disadvantages/
B8-ADV-034,8.0,adv-disadv,technology,blindtest,294,,,writing9.com,987,https://writing9.com/text/6a23e2e4e3b62b0012e33059-with-the-wide-use-of-computers-and-the-internet-people-can-study-and-work-from-home-without-going-to
B8-DIS-039,8.0,discussion,social,train,308,,,ielts-blog.com,988,https://www.ielts-blog.com/ielts-writing-samples/ielts-essays-band-8/ielts-essay-topic-some-people-think-making-money-better-than-free-time-opinion/
B8-OP-078,8.0,opinion,education,train,385,,,ielts-blog.com,989,https://www.ielts-blog.com/ielts-writing-samples/ielts-essays-band-8/ielts-essay-topic-schools-should-teach-parenting-classes-agree-disagree/
B8-DIS-040,8.0,discussion,health,train,294,,,ielts-blog.com,990,https://www.ielts-blog.com/ielts-writing-samples/ielts-essays-band-8/ielts-essay-topic-people-think-dangerous-sports-should-be-banned-discuss-opinion/
B8-ADV-035,8.0,adv-disadv,globalization-work,blindtest,316,,,ielts-blog.com,991,https://www.ielts-blog.com/ielts-writing-samples/ielts-essays-band-8/ielts-essay-topic-hosting-international-sporting-event-advantages-disadvantages/
B8-DIS-041,8.0,discussion,social,blindtest,281,,,ielts-blog.com,992,https://www.ielts-blog.com/ielts-writing-samples/ielts-essays-band-8/ielts-essay-topic-some-think-that-children-should-leave-their-family-home-as-soon-as-possible-while-others-believe-they-should-stay-for-as-long-as-they-like-discuss/
B8-OP-079,8.0,opinion,social,train,380,,,ielts-blog.com,993,https://www.ielts-blog.com/ielts-writing-samples/ielts-essays-band-8/ielts-essay-topic-some-people-think-that-it-is-fine-for-professional-athletes-to-misbehave-on-or-off-the-field-as-long-as-they-are-playing-well-opinion/
B8-DIS-042,8.0,discussion,health,train,334,,,ielts-blog.com,994,https://www.ielts-blog.com/ielts-writing-samples/ielts-essays-band-8/ielts-essay-topic-some-people-think-that-public-health-in-a-country-can-be-improved-by-government-making-laws-regarding-nutritious-food-agree-disagree/
B8-DIS-043,8.0,discussion,education,blindtest,323,,,ielts-blog.com,995,https://www.ielts-blog.com/ielts-writing-samples/ielts-essays-band-8/ielts-essay-topic-schools-should-select-students-by-their-academic-abilities-agree-or-disagree/
B8-DIS-044,8.0,discussion,social,train,282,,,ielts-blog.com,996,https://www.ielts-blog.com/ielts-writing-samples/ielts-essays-band-8/ielts-essay-topic-should-people-spend-a-lot-on-weddings-and-birthday-parties/
B8-ADV-036,8.0,adv-disadv,technology,train,320,,,ielts-blog.com,997,https://www.ielts-blog.com/ielts-writing-samples/ielts-essays-band-8/ielts-essay-topic-some-people-use-the-internet-to-search-for-solutions-to-their-medical-problems-is-this-a-positive-or-negative-development/
B8-OP-080,8.0,opinion,media,blindtest,307,,,ielts-blog.com,998,https://www.ielts-blog.com/ielts-writing-samples/ielts-essays-band-8/ielts-essay-topic-reading-newspapers-watching-tv-is-a-waste-of-time-agree-disagree/
B8-OP-081,8.0,opinion,health,train,408,,,ielts-blog.com,999,https://www.ielts-blog.com/ielts-writing-samples/ielts-essays-band-8/ielts-essay-topic-rich-countries-should-help-the-poor/
B8-DIS-045,8.0,discussion,globalization-work,train,324,,,ielts-blog.com,1000,https://www.ielts-blog.com/ielts-writing-samples/ielts-essays-band-8/ielts-essay-topic-some-think-that-young-people-should-be-free-to-choose-any-career-they-like-while-others-say-that-they-should-think-more-realistically-about-their-future-opinion/
B85-OP-001,8.5,opinion,technology,train,331,,,allthingsielts.com,1001,https://allthingsielts.com/ielts-writing/task-2-samples
B85-OP-002,8.5,opinion,education,train,283,,,writing9.com,1002,https://writing9.com/text/6511751013eafb0019f6635d-12students-can-easily-access-information-online-so-libraries-are-no-longer-necessary-to-what-extent-
B85-OP-003,8.5,opinion,social,train,399,,,writing9.com,1003,https://writing9.com/text/65078362c7edc500186c6359-17rich-countries-often-give-money-to-poorer-countries-but-it-does-not-solve-poverty-therefore-develo
B85-ADV-001,8.5,adv-disadv,media,blindtest,253,,,writing9.com,1004,https://writing9.com/text/6512393413eafb0019f66586-19many-people-use-social-media-every-day-to-get-in-touch-with-others-and-news-events-do-you-think-th
B85-DIS-001,8.5,discussion,government,blindtest,355,,,writing9.com,1005,https://writing9.com/text/650de3cfd111ee0018b4a738-22governments-should-ban-dangerous-sports-others-think-that-people-should-have-the-freedom-to-do-any
B85-OP-004,8.5,opinion,environment,train,333,,,writing9.com,1006,https://writing9.com/text/651323bbbc1bf2001855b395-31some-people-say-that-too-much-time-and-resource-are-spent-on-the-protection-of-wild-animals-and-bi
B85-OP-005,8.5,opinion,crime,train,356,,,writing9.com,1007,https://writing9.com/text/651619ac781646001220954a-37some-people-argue-that-parents-of-children-who-break-the-law-should-be-punished-in-some-way-becaus
B85-DIS-002,8.5,discussion,social,train,395,,,writing9.com,1008,https://writing9.com/text/668166598077b700112b58af-4-it-is-said-that-experiencing-new-context-in-another-country-is-a-plus-side-for-any-expert-while-ot
B85-REP-001,8.5,report,education,blindtest,252,,,writing9.com,1009,https://writing9.com/text/6781e0672bd9350011ea0a08-an-increasing-number-of-professionals-such-as-teachers-and-doctors-are-leaving-their-own-countries-t
B85-REP-002,8.5,report,environment,train,316,,,writing9.com,1010,https://writing9.com/text/677f81442bd9350011ea0471-child-labour-is-considered-to-be-one-of-the-most-serious-problems-on-the-planet-what-are-the-reasons
B85-ADV-002,8.5,adv-disadv,technology,blindtest,324,,,writing9.com,1011,https://writing9.com/text/64fe8f1ac2621d0018d11ee6-children-these-days-are-using-gadgets-like-smartphones-and-tablets-from-an-early-age-for-both-entert
B85-OP-006,8.5,opinion,environment,train,297,,,writing9.com,1012,https://writing9.com/text/6540e2a7d3fabe0013640c75-climate-change-is-one-of-the-biggest-environmental-problems-of-the-21st-century-some-people-think-th
B85-ADV-003,8.5,adv-disadv,globalization-work,train,259,,,writing9.com,1013,https://writing9.com/text/678fb9a3c604e100118972af-companies-invest-millions-of-dollars-in-advertising-to-persuade-consumers-to-buy-their-products-do-t
B85-DIS-003,8.5,discussion,education,train,273,,,writing9.com,1014,https://writing9.com/text/66055a1efbd01600110bf856-completing-university-education-is-thought-by-some-to-be-the-best-way-to-get-a-good-job-on-the-other
B85-DIS-004,8.5,discussion,technology,blindtest,255,,,writing9.com,1015,https://writing9.com/text/673f1b380b20930011f815aa-computers-are-used-more-and-more-in-education-some-people-say-that-this-is-a-positive-trend-while-ot
B85-OP-007,8.5,opinion,social,blindtest,257,,,writing9.com,1016,https://writing9.com/text/670be517771d910011209c37-countries-should-spend-money-on-trains-rather-than-new-roads-do-you-agree-or-disagree
B85-REP-003,8.5,report,environment,train,314,,,writing9.com,1017,https://writing9.com/text/650da8c54d5cd90019d07b79-cycling-is-more-environmentally-friendly-than-other-forms-of-transport-why-is-it-not-popular-in-many
B85-REP-004,8.5,report,environment,train,348,,,writing9.com,1018,https://writing9.com/text/651a8e01e7eb29001349e1a4-developed-countries-have-created-many-environmental-problems-particularly-in-contributing-to-global-
B85-REP-005,8.5,report,health,train,286,,,writing9.com,1019,https://writing9.com/text/66068eb6fbd01600110bfb66-due-to-availability-of-fast-food-nowadays-many-people-have-low-quality-diets-what-problem-can-this-c
B85-REP-006,8.5,report,globalization-work,train,345,,,writing9.com,1020,https://writing9.com/text/6661f7f1a8fb9b0011ffe0df-due-to-poorer-countries-experiecing-a-brain-drain-they-are-seeing-many-professionals-such-as-doctors
B85-OP-008,8.5,opinion,globalization-work,blindtest,346,,,writing9.com,1021,https://writing9.com/text/65065166c7edc500186c6119-due-to-the-development-and-rapid-expansion-of-supermarkets-many-small-local-businesses-are-unable-to
B85-ADV-004,8.5,adv-disadv,media,train,320,,,writing9.com,1022,https://writing9.com/text/64f03861364e440019a8a2db-each-country-censors-the-media-in-one-way-or-the
B85-OP-009,8.5,opinion,technology,blindtest,282,,,writing9.com,1023,https://writing9.com/text/64fc47e4c2621d0018d11b11-earlier-technological-developments-brought-more-benefits-and-changed-the-lives-of-ordinary-people-mo
B85-OP-010,8.5,opinion,culture,train,333,,,writing9.com,1024,https://writing9.com/text/66b8400910d1570011238fc9-foreign-visitors-should-pay-more-than-local-visitors-for-cultural-and-historical-attractions-to-what
B85-OP-011,8.5,opinion,government,train,378,,,writing9.com,1025,https://writing9.com/text/66fbbd1e518ab60011f68c15-government-should-spend-money-on-railways-rather-than-roads-to-what-extend-to-you-agree-or-disagree
B85-OP-012,8.5,opinion,social,blindtest,265,,,writing9.com,1026,https://writing9.com/text/65030584c7edc500186c5a75-government-spending-on-restroration-of-old-buildings-in-cities-should-be-stopped-instead-they-should
B85-OP-013,8.5,opinion,government,train,254,,,writing9.com,1027,https://writing9.com/text/6511af6713eafb0019f66448-governments-should-spend-on-railways-rather-than-roads-to-what-extent-do-you-agree-or-disagree-with-
B85-DIS-005,8.5,discussion,environment,train,323,,,writing9.com,1028,https://writing9.com/text/66bdd22aecdb6e00120e9a09-human-activity-has-had-a-negative-impact-on-plants-and-animals-around-the-world-some-people-think-th
B85-OP-014,8.5,opinion,education,train,412,,,writing9.com,1029,https://writing9.com/text/66c02823ecdb6e00120ea092-importance-should-be-given-to-the-academic-subjects-by-the-schools-music-and-sports-should-not-be-as
B85-ADV-005,8.5,adv-disadv,crime,train,302,,,writing9.com,1030,https://writing9.com/text/66b0d74ad091c90011b45b9d-in-many-cities-the-use-of-video-cameras-in-public-places-is-being-increased-in-order-to-reduce-crime
B85-ADV-006,8.5,adv-disadv,social,train,366,,,writing9.com,1031,https://writing9.com/text/6a66948312d2e100113499aa-in-many-countries-around-the-world-rural-people-are-moving-to-cities-so-the-population-in-the-countr
B85-ADV-007,8.5,adv-disadv,social,train,270,,,writing9.com,1032,https://writing9.com/text/652ff9056a6da800128869fd-in-many-countries-around-the-worldrural-people-are-moving-to-cities-so-the-population-in-the-country
B85-ADV-008,8.5,adv-disadv,social,blindtest,279,,,writing9.com,1033,https://writing9.com/text/6605fefdfbd01600110bf9ef-in-many-countries-around-the-world-rural-people-are-moving-to-cities-so-the-population-in-the-countr
B85-OP-015,8.5,opinion,globalization-work,train,314,,,writing9.com,1034,https://writing9.com/text/6506a4b4c7edc500186c617c-in-many-countries-men-and-women-are-working-full-time-it-is-therefore-logical-for-both-men-and-women
B85-ADV-009,8.5,adv-disadv,technology,train,260,,,writing9.com,1035,https://writing9.com/text/64f2db2e3ad42d001853c828-in-many-countries-paying-for-things-using-mobile-app-is
B85-ADV-010,8.5,adv-disadv,social,train,287,,,writing9.com,1036,https://writing9.com/text/6606c705fbd01600110bfc11-in-many-countries-people-are-now-living-longer-than-ever-before-some-people-say-an-ageing-population
B85-OP-016,8.5,opinion,health,blindtest,335,,,writing9.com,1037,https://writing9.com/text/65083373a662530018de101a-in-many-countries-people-have-to-pay-for-medical-care-but-some-think-that-it-should-be-a-free-servic
B85-ADV-011,8.5,adv-disadv,social,train,301,,,writing9.com,1038,https://writing9.com/text/664e0a0d409a80001187b27b-in-some-countries-children-are-often-told-that-they-can-achieve-anything-if-they-try-hard-enough-wha
B85-OP-017,8.5,opinion,health,blindtest,296,,,writing9.com,1039,https://writing9.com/text/64f5ddd30859610018afc711-in-some-countries-many-children-are-becoming-overweight-and-unhealthy-some-people-say-it-is-the-resp
B85-OP-018,8.5,opinion,culture,train,300,,,writing9.com,1040,https://writing9.com/text/66067416fbd01600110bfb10-in-some-countries-more-and-more-people-are-becoming-interested-in-finding-out-about-the-history-of-t
B85-OP-019,8.5,opinion,social,train,266,,,writing9.com,1041,https://writing9.com/text/670da2e3771d91001120a05a-in-some-countries-owning-a-home-rather-than-renting-one-is-very-important-for-people-why-might-this-
B85-TQ-001,8.5,two-part,social,blindtest,301,,,writing9.com,1042,https://writing9.com/text/64ef8b3a364e440019a8a20c-in-some-countries-owning-a-home-rather-than-renting-one
B85-REP-007,8.5,report,globalization-work,blindtest,282,,,writing9.com,1043,https://writing9.com/text/650e7d51d111ee0018b4a82f-in-some-countries-people-believe-that-international-tourism-is-a-bad-thing-for-their-country-what-ar
B85-OP-020,8.5,opinion,education,train,254,,,writing9.com,1044,https://writing9.com/text/6502c4ef9e63dc0018a99e7e-in-some-countries-there-have-been-schemes-to-encourage-older-professional-people-to-retrain-as-schoo
B85-REP-008,8.5,report,culture,train,310,,,writing9.com,1045,https://writing9.com/text/66b5de68181fca0012465087-in-some-culture-children-are-often-told-that-they-can-achieve-anything-if-they-try-hard-enough-what-
B85-ADV-012,8.5,adv-disadv,culture,train,258,,,writing9.com,1046,https://writing9.com/text/66733e2097bdf800129b4b51-in-some-cultures-children-are-often-told-they-can-achieve-anything-if-they-try-hard-enough-what-are-
B85-DIS-006,8.5,discussion,culture,blindtest,254,,,writing9.com,1047,https://writing9.com/text/64f2c2523ad42d001853c7e0-in-some-cultures-older-people-are-valued-most-highly-in
B85-REP-009,8.5,report,social,train,317,,,writing9.com,1048,https://writing9.com/text/669b6e5c17f00b0011c86574-in-spite-of-the-advances-made-in-agriculture-many-people-around-the-world-go-hungry-why-is-this-the-
B85-REP-010,8.5,report,social,blindtest,255,,,writing9.com,1049,https://writing9.com/text/64fad5c7be90df00197504dd-in-spite-of-the-advances-made-in-agriculture-many-people-around-the-world-still-go-hungry-why-is-thi
B85-ADV-013,8.5,adv-disadv,social,train,319,,,writing9.com,1050,https://writing9.com/text/64f388db2964e6001987d732-in-the-20th-century-contact-between-many-different-parts-of
B85-ADV-014,8.5,adv-disadv,technology,train,323,,,writing9.com,1051,https://writing9.com/text/6512970e13eafb0019f6666a-in-the-future-all-cars-buses-and-trucks-will-be-driverless-the-only-people-traveling-inside-these-ve
B85-ADV-015,8.5,adv-disadv,technology,train,349,,,writing9.com,1052,https://writing9.com/text/66547607e3785200114adffa-in-the-future-all-cars-buses-and-trucks-will-be-driverless-the-only-people-travelling-inside-these-v
B85-OP-021,8.5,opinion,media,train,374,,,writing9.com,1053,https://writing9.com/text/64efc5e5364e440019a8a23f-in-the-future-nobody-wil-buy-printed-newspapers-of-books
B85-OP-022,8.5,opinion,media,train,301,,,writing9.com,1054,https://writing9.com/text/64f9761abe90df00197501ed-in-the-future-nobody-will-buy-printed-newspapers-or-books-because-they-will-be-able-to-read-everythi
B85-ADV-016,8.5,adv-disadv,technology,train,299,,,writing9.com,1055,https://writing9.com/text/66a6fa5dd091c90011b43fcc-in-the-past-people-stored-knowledge-in-the-book-nowadays-people-store-knowledge-on-the-internet-do-y
B85-ADV-017,8.5,adv-disadv,media,train,251,,,writing9.com,1056,https://writing9.com/text/64f0c41a96269c00181dcc23-in-their-advertising-businesses-nowadays-usually-emphasize-that-their-products
B85-ADV-018,8.5,adv-disadv,environment,train,310,,,writing9.com,1057,https://writing9.com/text/650c00c394b4d50018bd515b-international-travel-brings-benefits-to-travellers-and-the-countries-visited-but-it-also-harms-for-t
B85-OP-023,8.5,opinion,environment,train,280,,,writing9.com,1058,https://writing9.com/text/652fd9c86a6da80012886989-it-is-a-natural-process-that-some-animal-species-are-extinct-eg-dinosaur-and-dodos-no-longer-exist-t
B85-OP-024,8.5,opinion,social,train,300,,,writing9.com,1059,https://writing9.com/text/6622d159d277db001139ae7e-it-is-better-to-buy-just-a-few-expensive-clothes-rather-than-lots-of-cheaper-clothes-do-you-agree-or
B85-OP-025,8.5,opinion,crime,train,305,,,writing9.com,1060,https://writing9.com/text/650bee5994b4d50018bd512b-it-is-important-for-children-to-learn-the-differences-between-right-and-wrong-at-an-early-age-punish
B85-OP-026,8.5,opinion,social,train,280,,,writing9.com,1061,https://writing9.com/text/67133dcf771d91001120ac74-it-is-important-for-everyone-including-young-people-to-save-money-for-their-future-to-what-extent-do
B85-ADV-019,8.5,adv-disadv,social,blindtest,321,,,writing9.com,1062,https://writing9.com/text/64f6e5a30859610018afc8f6-it-is-important-for-people-to-take-risk-both-in-professional-lives-and-personal-lives-do-you-think-a
B85-ADV-020,8.5,adv-disadv,social,train,274,,,writing9.com,1063,https://writing9.com/text/64f0fd68a471340018b136ba-it-is-important-for-people-to-take-risks-both-in
B85-ADV-021,8.5,adv-disadv,social,blindtest,369,,,writing9.com,1064,https://writing9.com/text/64f7908f0859610018afcb24-it-is-important-for-people-to-take-risks-bothh-in-teir-professional-lives-and-their-personal-lives-d
B85-OP-027,8.5,opinion,government,train,288,,,writing9.com,1065,https://writing9.com/text/66dedefb7fb1d400113f847e-it-is-impossible-to-help-all-the-people-in-the-world-who-are-in-need-so-governments-should-focus-on-
B85-REP-011,8.5,report,education,train,267,,,writing9.com,1066,https://writing9.com/text/6510f917d111ee0018b4ad24-it-is-observed-that-in-many-countries-not-enough-students-are-choosing-to-study-science-as-a-subject
B85-TQ-002,8.5,two-part,social,train,265,,,writing9.com,1067,https://writing9.com/text/678fffd3c604e10011897322-it-is-sometimes-possible-to-pay-somebody-to-do-things-you-dont-want-to-do-or-dont-have-time-to-do-fo
B85-OP-028,8.5,opinion,government,train,430,,,writing9.com,1068,https://writing9.com/text/64ef44c1efce1f0018b4aede-it-is-the-job-of-governments-and-companies-is-to
B85-OP-029,8.5,opinion,education,train,288,,,writing9.com,1069,https://writing9.com/text/69ed943c75fa8600118d9eb5-it-is-the-responsibility-of-schools-to-teach-children-good-behavior-in-addition-to-providing-formal-
B85-OP-030,8.5,opinion,education,train,298,,,writing9.com,1070,https://writing9.com/text/6732ac951357400011729909-learning-to-play-team-sports-is-an-important-part-of-a-childs-education-do-you-agree-or-disagree-giv
B85-OP-031,8.5,opinion,education,train,300,,,writing9.com,1071,https://writing9.com/text/64f344b83ad42d001853c93d-lectures-were-used-in-the-past-with-many-students-with
B85-OP-032,8.5,opinion,technology,train,284,,,writing9.com,1072,https://writing9.com/text/67256c1e4f386200113988e3-life-was-better-when-technology-was-simpler-to-what-extent-do-you-agree-or-disagree
B85-DIS-007,8.5,discussion,technology,train,280,,,writing9.com,1073,https://writing9.com/text/672096d24f38620011397eae-many-believe-that-modern-technology-has-brought-people-together-but-others-say-that-it-has-driven-us
B85-DIS-008,8.5,discussion,technology,train,470,,,writing9.com,1074,https://writing9.com/text/66dd29c854b6d70012ec419c-many-children-no-longer-read-books-and-instead-spend-their-time-using-modern-technology-while-some-p
B85-REP-012,8.5,report,social,train,302,,,writing9.com,1075,https://writing9.com/text/69eda57f75fa8600118d9ec1-many-cities-suffer-from-traffic-congestion-what-are-the-causes-and-solutions
B85-OP-033,8.5,opinion,government,blindtest,285,,,writing9.com,1076,https://writing9.com/text/64f3376d3ad42d001853c90e-many-countries-have-compulsory-military-service-for-young-men-after
B85-OP-034,8.5,opinion,education,train,317,,,writing9.com,1077,https://writing9.com/text/651d80159df1b2001275ddce-many-graduates-want-to-start-their-first-job-in-a-big-corporation-many-others-prefer-to-work-for-a-s
B85-REP-013,8.5,report,social,train,293,,,writing9.com,1078,https://writing9.com/text/6648441ef23a8f001141f10e-many-of-the-worlds-cities-are-currently-facing-a-serious-housing-shortage-what-are-some-of-the-reaso
B85-ADV-022,8.5,adv-disadv,technology,train,251,,,writing9.com,1079,https://writing9.com/text/64f32c753ad42d001853c8ff-many-people-are-now-opting-to-provide-technology-companies-with
B85-ADV-023,8.5,adv-disadv,health,train,336,,,writing9.com,1080,https://writing9.com/text/6a9b9ed98b43af001111d37e-many-people-argue-that-restaurants-should-be-required-to-disclose-the-nutritional-information-of-the
B85-OP-035,8.5,opinion,social,train,278,,,writing9.com,1081,https://writing9.com/text/65037fe7c7edc500186c5baa-many-people-believe-that-social-networking-sites-such-as-facebook-have-had-a-huge-negative-impact-on
B85-OP-036,8.5,opinion,globalization-work,train,330,,,writing9.com,1082,https://writing9.com/text/6a51da04d4eb7b0011b058be-many-people-say-that-globalisation-and-the-growing-number-of-multinational-companies-have-a-negative
B85-DIS-009,8.5,discussion,social,train,359,,,writing9.com,1083,https://writing9.com/text/6506549bc7edc500186c611c-many-people-think-living-in-high-rise-apartment-blocks-makes-people-feel-longely-and-unhappy-while-o
B85-OP-037,8.5,opinion,technology,train,432,,,writing9.com,1084,https://writing9.com/text/65074572c7edc500186c6307-many-people-think-that-technology-creates-significant-impact-in-the-modern-word-do-you-agree-with-th
B85-OP-038,8.5,opinion,media,train,416,,,writing9.com,1085,https://writing9.com/text/650186bcc2621d0018d12557-many-people-think-the-fast-food-companies-should-not-be-allowed-to-advertise-while-others-believe-th
B85-OP-039,8.5,opinion,social,blindtest,259,,,writing9.com,1086,https://writing9.com/text/66504156409a80001187b8a1-many-people-try-to-achieve-success-through-their-career-or-education-what-can-success-mean-to-differ
B85-OP-040,8.5,opinion,education,train,271,,,writing9.com,1087,https://writing9.com/text/64f043d1364e440019a8a2f4-many-people-used-distance-learning-programs-to-study-at-home
B85-REP-014,8.5,report,health,blindtest,290,,,writing9.com,1088,https://writing9.com/text/6604b42044fe0e0011c0bf57-many-working-people-get-little-or-no-exercise-either-during-the-working-day-or-in-their-free-time-an
B85-OP-041,8.5,opinion,education,blindtest,275,,,writing9.com,1089,https://writing9.com/text/66bebd6eecdb6e00120e9c91-write-about-the-following-topic-memorising-facts-is-the-most-important-way-to-succeed-in-education-t
B85-REP-015,8.5,report,health,train,265,,,writing9.com,1090,https://writing9.com/text/6607ff0feea418001104f278-modern-medical-science-has-made-it-possible-to-combat-many-diseases-this-is-one-reason-that-people-a
B85-ADV-024,8.5,adv-disadv,technology,train,332,,,writing9.com,1091,https://writing9.com/text/64f0dcaba471340018b13680-modern-technology-has-made-it-easier-for-individuals-to-download
B85-TQ-003,8.5,two-part,technology,train,379,,,writing9.com,1092,https://writing9.com/text/64ff2a27c2621d0018d12070-modern-technology-is-now-very-common-in-most-workplaces-how-do-you-think-has-changed-the-way-we-work
B85-ADV-025,8.5,adv-disadv,technology,train,262,,,writing9.com,1093,https://writing9.com/text/66c565b2ecdb6e00120eade4-more-and-more-people-and-organizations-are-using-digital-technology-for-contact-with-other-people-wh
B85-ADV-026,8.5,adv-disadv,social,blindtest,311,,,writing9.com,1094,https://writing9.com/text/660632c1fbd01600110bfaa3-more-and-more-people-want-to-buy-famous-brands-in-clothes-cars-and-other-items-what-are-the-reasons-
B85-ADV-027,8.5,adv-disadv,education,train,301,,,writing9.com,1095,https://writing9.com/text/6666426a2715ef0011109117-more-and-more-students-are-choosing-to-study-at-colleges-and-universities-in-a-foreign-country-do-th
B85-TQ-004,8.5,two-part,social,train,326,,,writing9.com,1096,https://writing9.com/text/6507e275c7edc500186c6405-more-and-more-young-people-from-wealthy-countries-are-spending-a-short-time-doing-unpaid-work-such-a
B85-ADV-028,8.5,adv-disadv,social,train,287,,,writing9.com,1097,https://writing9.com/text/665e823b0442ea001278f8ea-most-countries-aim-to-improve-their-standard-of-living-through-economic-development-but-many-importa
B85-OP-042,8.5,opinion,culture,train,326,,,writing9.com,1098,https://writing9.com/text/6502779d9e63dc0018a99db7-music-has-always-been-and-continues-to-be-the-universal-language-of-mankind-to-what-extent-do-you-ag
B85-OP-043,8.5,opinion,technology,train,310,,,writing9.com,1099,https://writing9.com/text/651bc79c3d20c400125e1d2a-new-technologies-and-ways-of-buying-and-selling-are-transforming-the-lives-of-consumers-to-what-exte
B85-TQ-005,8.5,two-part,media,train,345,,,writing9.com,1100,https://writing9.com/text/679c6ce0468bc30011b6d5e5-news-editors-decide-what-to-broadcast-on-television-and-what-to-print-in-newspapers-what-factors-do-
B85-ADV-029,8.5,adv-disadv,health,train,259,,,writing9.com,1101,https://writing9.com/text/64f20a663ad42d001853c67e-nowadays-a-growing-number-of-people-with-health-problems-are
B85-ADV-030,8.5,adv-disadv,education,train,252,,,writing9.com,1102,https://writing9.com/text/64f52c522964e6001987d9fe-nowadays-many-colleges-and-universities-are-offering-online-courses-for-students-what-are-the-advant
B85-ADV-031,8.5,adv-disadv,globalization-work,train,290,,,writing9.com,1103,https://writing9.com/text/653763dd0e9e480012bee2c6-nowadays-many-people-choose-to-be-self-employed-rather-than-to-work-for-a-company-or-organization-wh
B85-ADV-032,8.5,adv-disadv,globalization-work,train,353,,,writing9.com,1104,https://writing9.com/text/6531e4fcfa1e8100126ad710-nowadays-some-international-companies-become-more-and-more-powerful-some-people-think-it-is-a-negati
B85-OP-044,8.5,opinion,environment,blindtest,271,,,writing9.com,1105,https://writing9.com/text/650e27fed111ee0018b4a78e-nowadays-the-most-important-task-is-the-environmental-protection-of-our-planet-for-future-generation
B85-TQ-006,8.5,two-part,education,train,285,,,writing9.com,1106,https://writing9.com/text/64f374992964e6001987d706-ome-people-with-a-good-education-and-experience-in-their
B85-REP-016,8.5,report,education,train,259,,,writing9.com,1107,https://writing9.com/text/670fc75d771d91001120a5c6-overcrowded-classrooms-can-hinder-the-teaching-and-learning-process-affecting-both-teachers-and-stud
B85-OP-045,8.5,opinion,social,train,258,,,writing9.com,1108,https://writing9.com/text/6540492fd3fabe0013640ad6-parents-should-encourage-children-to-spend-less-time-studying-and-more-time-doing-physical-activitie
B85-OP-046,8.5,opinion,social,train,263,,,writing9.com,1109,https://writing9.com/text/653f319bc4e5120012d95210-parents-should-encourage-their-children-to-spend-less-time-on-studying-and-more-time-on-physical-act
B85-OP-047,8.5,opinion,social,train,272,,,writing9.com,1110,https://writing9.com/text/666960cb97bdf800129b3069-people-believe-that-they-should-be-able-to-keep-all-the-money-they-earn-and-should-not-pay-tax-to-th
B85-OP-048,8.5,opinion,technology,train,303,,,writing9.com,1111,https://writing9.com/text/667975971031f400117e12c2-people-today-often-use-the-internet-to-learn-about-the-culture-of-other-countries-this-means-that-it
B85-REP-017,8.5,report,environment,train,333,,,writing9.com,1112,https://writing9.com/text/650275d99e63dc0018a99dae-people-try-to-change-their-look-by-changing-the-colour-of-their-hair-using-cosmetics-wearing-jewelle
B85-OP-049,8.5,opinion,globalization-work,train,263,,,writing9.com,1113,https://writing9.com/text/67724291708dba00126941d2-people-who-decide-on-a-career-path-early-in-their-lives-and-keep-to-it-are-more-likely-to-have-a-sat
B85-OP-050,8.5,opinion,globalization-work,train,274,,,writing9.com,1114,https://writing9.com/text/64f1b812a471340018b13822-popular-events-like-the-football-world-club-and-other-international
B85-OP-051,8.5,opinion,health,blindtest,251,,,writing9.com,1115,https://writing9.com/text/67275fe00ff0870011f97c8e-prevention-is-better-than-cure-researching-and-treating-diseases-is-too-costly-so-it-would-be-better
B85-DIS-010,8.5,discussion,social,train,316,,,writing9.com,1116,https://writing9.com/text/66240cdad277db001139b146-q-some-people-prefer-to-spend-their-lives-doing-the-same-things-and-avoid-any-change-others-however-
B85-OP-052,8.5,opinion,media,train,254,,,writing9.com,1117,https://writing9.com/text/64f88f39be90df001975003b-reading-for-pleasure-can-develop-imagination-and-language-skills-better-than-watching-tv-to-what-ext
B85-REP-018,8.5,report,health,train,294,,,writing9.com,1118,https://writing9.com/text/677a6b122bd9350011e9f963-scientists-tell-us-some-activities-are-good-for-health-and-others-are-bad-despite-knowing-that-milli
B85-ADV-033,8.5,adv-disadv,technology,train,284,,,writing9.com,1119,https://writing9.com/text/6605a303fbd01600110bf93e-some-children-spend-hours-every-day-on-their-smartphones-why-is-this-the-case-do-you-think-this-is-a
B85-DIS-011,8.5,discussion,environment,train,266,,,writing9.com,1120,https://writing9.com/text/67847754a23bad0012022fd6-some-feel-that-it-is-impossible-for-a-country-to-be-economically-progressive-and-environmentally-fri
B85-REP-019,8.5,report,technology,train,330,,,writing9.com,1121,https://writing9.com/text/66096ef2eea418001104f52b-some-old-people-today-struggle-with-the-use-of-modern-technologies-such-as-smartphones-and-computers
B85-DIS-012,8.5,discussion,education,train,280,,,writing9.com,1122,https://writing9.com/text/651931f79c6b29001263cf5d-some-people-are-of-the-view-that-only-university-education-can-ensure-success-whereas-many-others-op
B85-TQ-007,8.5,two-part,environment,train,291,,,writing9.com,1123,https://writing9.com/text/661e102a755a57001146a4d2-write-about-the-following-topic-some-people-argue-that-all-experimentation-on-animals-is-bad-and-sho
B85-DIS-013,8.5,discussion,globalization-work,train,290,,,writing9.com,1124,https://writing9.com/text/64f06c76364e440019a8a344-some-people-believe-it-is-best-to-accept-a-bad
B85-DIS-014,8.5,discussion,social,train,321,,,writing9.com,1125,https://writing9.com/text/6646341e35cdc60012734333-some-people-believe-that-allowing-children-to-make-their-own-choices-on-everyday-matters-such-as-foo
B85-DIS-015,8.5,discussion,social,train,342,,,writing9.com,1126,https://writing9.com/text/66c960364dcc5a00110dcd30-some-people-believe-that-charity-organisations-should-help-people-wherever-they-live-others-think-th
B85-OP-053,8.5,opinion,technology,blindtest,273,,,writing9.com,1127,https://writing9.com/text/66be8953ecdb6e00120e9bd9-some-people-believe-that-developments-in-the-field-of-artificial-intelligence-will-have-a-positive-i
B85-OP-054,8.5,opinion,health,train,323,,,writing9.com,1128,https://writing9.com/text/676289a7943ad5001170ceb9-some-people-believe-that-in-order-to-reduce-the-rising-obesity-among-children-the-school-administrat
B85-DIS-016,8.5,discussion,globalization-work,train,273,,,writing9.com,1129,https://writing9.com/text/64f369002964e6001987d6f4-some-people-believe-that-it-is-best-to-accept-a
B85-DIS-017,8.5,discussion,globalization-work,train,298,,,writing9.com,1130,https://writing9.com/text/664f05ff409a80001187b4d6-some-people-believe-that-it-is-best-to-accept-a-bad-situation-such-as-an-unsatisfactory-job-or-short
B85-DIS-018,8.5,discussion,social,train,332,,,writing9.com,1131,https://writing9.com/text/672774018df5b30012593165-some-people-believe-that-living-and-working-in-the-city-offers-more-opportunities-for-a-better-quali
B85-DIS-019,8.5,discussion,health,train,293,,,writing9.com,1132,https://writing9.com/text/6618c4162d32af00124821af-some-people-believe-that-professionals-such-as-doctors-and-engineers-should-be-required-to-work-in-t
B85-ADV-034,8.5,adv-disadv,technology,blindtest,347,,,writing9.com,1133,https://writing9.com/text/652bdf20f02b800012da5212-some-people-believe-that-technology-has-led-to-many-positive-developments-in-their-lives-while-other
B85-OP-055,8.5,opinion,environment,train,267,,,writing9.com,1134,https://writing9.com/text/64f376982964e6001987d710-some-people-believe-that-the-responsibility-for-the-protection-of
B85-OP-056,8.5,opinion,social,train,267,,,writing9.com,1135,https://writing9.com/text/673d8aa80b20930011f8113d-some-people-believe-that-unpaid-community-service-should-be-a-compulsory-part-of-high-school-program
B85-OP-057,8.5,opinion,media,train,253,,,writing9.com,1136,https://writing9.com/text/69ed0c4275fa8600118d9dff-some-people-believe-that-watching-tv-is-good-and-makes-life-more-enjoyable-others-however-feel-that-
B85-ADV-035,8.5,adv-disadv,social,train,328,,,writing9.com,1137,https://writing9.com/text/6740e21236ca92001192ae28-some-people-choose-to-have-their-first-child-at-an-older-age-what-are-the-reasons-do-the-advantages-
B85-OP-058,8.5,opinion,social,train,266,,,writing9.com,1138,https://writing9.com/text/650c517894b4d50018bd5255-some-people-feel-that-they-should-not-have-to-pay-any-tax-and-should-be-able-to-keep-all-of-the-mone
B85-DIS-020,8.5,discussion,globalization-work,train,271,,,writing9.com,1139,https://writing9.com/text/67124466771d91001120aaa1-some-people-have-the-opinion-that-big-shopping-malls-are-expensive-places-as-they-offer-high-costs-f
B85-REP-020,8.5,report,health,blindtest,346,,,writing9.com,1140,https://writing9.com/text/652c3488f02b800012da5326-some-people-rely-too-much-on-doctors-instead-of-taking-care-of-their-own-health-they-think-all-healt
B85-OP-059,8.5,opinion,health,train,259,,,writing9.com,1141,https://writing9.com/text/662647ced277db001139b6e1-some-people-say-in-order-to-prevent-illness-and-disease-governments-should-focus-on-reducing-environ
B85-OP-060,8.5,opinion,health,blindtest,369,,,writing9.com,1142,https://writing9.com/text/66264510d277db001139b6c2-some-people-say-in-order-to-prevent-illness-and-disease-governments-should-focus-on-reducing-environ
B85-OP-061,8.5,opinion,globalization-work,blindtest,257,,,writing9.com,1143,https://writing9.com/text/69efe15e75fa8600118da047-some-people-say-it-is-important-to-keep-your-home-and-your-workplace-tidy-with-everything-organised-
B85-OP-062,8.5,opinion,globalization-work,blindtest,377,,,writing9.com,1144,https://writing9.com/text/664fa141409a80001187b71a-some-people-say-that-it-is-better-to-work-for-a-large-company-than-a-small-one-do-you-agree-or-disag
B85-DIS-021,8.5,discussion,media,train,313,,,writing9.com,1145,https://writing9.com/text/6605f8d5fbd01600110bf9e7-some-people-say-that-now-we-can-see-films-on-our-phones-or-tablets-there-is-no-need-to-go-to-the-cin
B85-OP-063,8.5,opinion,education,train,347,,,writing9.com,1146,https://writing9.com/text/6739c3f61c9dc400112f2bc3-some-people-say-that-schools-should-teach-good-behavior-to-children-and-introduce-them-to-right-and-
B85-DIS-022,8.5,discussion,social,train,383,,,writing9.com,1147,https://writing9.com/text/667b2ea61031f400117e1787-some-people-support-modern-developments-in-agriculture-such-as-factory-farming-and-creation-of-new-t
B85-OP-064,8.5,opinion,government,blindtest,310,,,writing9.com,1148,https://writing9.com/text/6a8fff8f8b43af001111caac-some-people-think-governments-should-focus-the-spending-only-on-public-services-rather-than-wasting-
B85-DIS-023,8.5,discussion,education,blindtest,268,,,writing9.com,1149,https://writing9.com/text/6776de7a2bd9350011e9f21f-some-people-think-that-competition-at-work-at-school-and-in-daily-life-is-a-good-thing-others-believ
B85-DIS-024,8.5,discussion,education,train,258,,,writing9.com,1150,https://writing9.com/text/679a5a80468bc30011b6d25d-some-people-think-that-getting-a-degree-from-univerity-is-the-best-way-to-secure-a-good-job-others-b
B85-OP-065,8.5,opinion,social,train,337,,,writing9.com,1151,https://writing9.com/text/64ef3fb6efce1f0018b4aecf-some-people-think-that-having-a-set-retirement-age-eg
B85-DIS-025,8.5,discussion,social,blindtest,370,,,writing9.com,1152,https://writing9.com/text/6510e16cd111ee0018b4ad0d-some-people-think-that-homeschooling-should-be-banned-because-it-has-several-drawbacks-others-think-
B85-OP-066,8.5,opinion,social,train,273,,,writing9.com,1153,https://writing9.com/text/6770e5ad708dba0012693f30-some-people-think-that-in-order-to-solve-traffic-and-transportation-problems-people-should-be-encour
B85-DIS-026,8.5,discussion,globalization-work,train,302,,,writing9.com,1154,https://writing9.com/text/6664efd72715ef0011108dd2-some-people-think-that-individuals-are-born-to-be-leaders-others-believe-leadership-can-be-learnt-di
B85-DIS-027,8.5,discussion,environment,train,389,,,writing9.com,1155,https://writing9.com/text/666a111997bdf800129b3304-some-people-think-that-it-is-best-to-increase-the-fuel-cost-to-reduce-the-pollution-problems-other-t
B85-DIS-028,8.5,discussion,social,blindtest,315,,,writing9.com,1156,https://writing9.com/text/65106a9cd111ee0018b4ac59-some-people-think-that-it-is-the-best-to-save-money-for-exemple-in-a-bank-or-savings-scheme-other-pe
B85-OP-067,8.5,opinion,globalization-work,train,272,,,writing9.com,1157,https://writing9.com/text/66bc2ee4ecdb6e00120e949c-some-people-think-that-men-and-women-have-different-qualities-therefore-some-certain-jobs-are-suitab
B85-OP-068,8.5,opinion,globalization-work,train,323,,,writing9.com,1158,https://writing9.com/text/65046ba1c7edc500186c5dd6-some-people-think-that-only-those-people-who-have-worked-for-a-company-for-many-years-should-be-prom
B85-OP-069,8.5,opinion,technology,train,319,,,writing9.com,1159,https://writing9.com/text/6506fb6cc7edc500186c6229-some-people-think-that-technological-development-has-made-life-complex-the-only-possible-solution-it
B85-TQ-008,8.5,two-part,social,train,291,,,writing9.com,1160,https://writing9.com/text/65052e77c7edc500186c5f14-some-people-think-that-the-best-way-to-improve-road-safety-is-to-have-drivers-tested-every-year-to-w
B85-DIS-029,8.5,discussion,health,blindtest,279,,,writing9.com,1161,https://writing9.com/text/677ef29e2bd9350011ea02dd-some-people-think-that-the-increase-in-the-number-of-obese-people-should-be-the-responsibility-of-th
B85-REP-021,8.5,report,globalization-work,train,287,,,writing9.com,1162,https://writing9.com/text/676b00139e9ed40011e83532-some-people-think-that-the-only-way-to-have-success-in-business-is-to-have-a-unique-product-what-fac
B85-OP-070,8.5,opinion,social,train,320,,,writing9.com,1163,https://writing9.com/text/64f6d0910859610018afc8c6-some-people-think-that-there-could-be-more-benefits-to-society-if-more-people-study-business-than-hi
B85-DIS-030,8.5,discussion,health,train,296,,,writing9.com,1164,https://writing9.com/text/66fcf5f01adb790012981583-some-people-think-that-to-be-successful-in-sports-natural-ability-is-the-main-important-reason-other
B85-OP-071,8.5,opinion,social,blindtest,282,,,writing9.com,1165,https://writing9.com/text/65215bb3f6b266001245e515-some-people-think-that-too-much-money-has-been-spent-looking-after-and-repairing-old-buildings-so-we
B85-DIS-031,8.5,discussion,environment,train,268,,,writing9.com,1166,https://writing9.com/text/650db3dcd111ee0018b4a6a2-some-people-think-that-water-is-the-most-important-natural-resource-others-believe-that-other-resour
B85-DIS-032,8.5,discussion,social,train,273,,,writing9.com,1167,https://writing9.com/text/64fd8057c2621d0018d11d1c-some-people-think-that-young-people-should-spend-free-time-with-families-instead-of-outside-entertai
B85-OP-072,8.5,opinion,globalization-work,blindtest,250,,,writing9.com,1168,https://writing9.com/text/66901d36d784b30012d4d2d8-some-products-can-be-made-quickly-by-a-machine-other-items-take-a-long-time-to-be-made-by-hand-as-a-
B85-DIS-033,8.5,discussion,education,train,282,,,writing9.com,1169,https://writing9.com/text/65043807c7edc500186c5d19-some-university-students-want-to-learn-about-other-subjects-in-addition-to-their-main-subjects-other
B85-OP-073,8.5,opinion,globalization-work,train,284,,,writing9.com,1170,https://writing9.com/text/65157ceb78164600122093f6-sometimes-companies-choose-people-based-on-their-personality-rather-than-skill-set-why-do-you-think-
B85-OP-074,8.5,opinion,government,train,329,,,writing9.com,1171,https://writing9.com/text/6657ce60e3785200114aec0f-spend-money-on-roads-and-motorways-than-on-public-transport-systems
B85-OP-075,8.5,opinion,education,train,343,,,writing9.com,1172,https://writing9.com/text/64fff974c2621d0018d121c9-students-can-easily-access-information-online-so-libraries-are-no-longer-necessary-to-what-extent-do
B85-OP-076,8.5,opinion,media,train,365,,,writing9.com,1173,https://writing9.com/text/650fe0c4d111ee0018b4ab10-successful-companies-use-advertisement-to-make-more-sales-what-can-make-an-advertisement-very-effect
B85-OP-077,8.5,opinion,technology,train,291,,,writing9.com,1174,https://writing9.com/text/64f17af0a471340018b13759-the-availability-of-entertainment-such-as-playing-electronic-games-on
B85-REP-022,8.5,report,health,train,269,,,writing9.com,1175,https://writing9.com/text/660be9b9143b1d0011539613-the-dangers-of-smoking-are-well-known-yet-many-people-continue-with-this-habit-what-are-the-causes-o
B85-OP-078,8.5,opinion,environment,train,279,,,writing9.com,1176,https://writing9.com/text/64fb1867be90df00197505aa-the-exploration-and-development-of-safe-alternatives-to-fossil-fuel-should-be-the-most-important-glo
B85-OP-079,8.5,opinion,social,train,285,,,writing9.com,1177,https://writing9.com/text/64f06a4e364e440019a8a342-the-family-has-a-great-influence-on-children-development-but
B85-OP-080,8.5,opinion,technology,train,270,,,writing9.com,1178,https://writing9.com/text/64f41cd62964e6001987d7e0-the-growth-of-online-shopping-will-one-day-lead-to-stops-in-towns-and-cities-closing-do-you-agree-or
B85-REP-023,8.5,report,globalization-work,train,268,,,writing9.com,1179,https://writing9.com/text/665dedce0442ea001278f774-the-increase-in-the-production-of-consumer-goods-results-in-damage-to-the-natural-environment-what-a
B85-OP-081,8.5,opinion,technology,train,257,,,writing9.com,1180,https://writing9.com/text/64f1b813a471340018b13823-the-internet-has-made-a-positive-impact-on-our-life
B85-OP-082,8.5,opinion,government,train,359,,,writing9.com,1181,https://writing9.com/text/686641c662fa4d0011f9b991-the-money-spent-by-the-governments-on-space-programmes-would-be-better-spent-on-vital-public-service
B85-OP-083,8.5,opinion,technology,train,391,,,writing9.com,1182,https://writing9.com/text/64f639a20859610018afc7df-the-most-important-aim-of-science-be-to-improve-peoples-lives-to-what-extent-do-you-agree-or-disagre
B85-OP-084,8.5,opinion,technology,train,296,,,writing9.com,1183,https://writing9.com/text/65127ce013eafb0019f66611-the-most-important-aim-of-science-should-be-to-improve-peoples-lives-to-what-extent-do-you-agree-or-
B85-OP-085,8.5,opinion,technology,train,270,,,writing9.com,1184,https://writing9.com/text/677b38712bd9350011e9fae7-the-most-important-aim-of-science-should-be-to-improve-peoples-lives-to-what-extent-do-you-agree-or-
B85-REP-024,8.5,report,social,train,250,,,writing9.com,1185,https://writing9.com/text/6614dada6e4c2e00119f73c0-the-movements-of-people-from-the-villages-to-the-cities-for-work-has-caused-a-lots-of-problems-in-bo
B85-OP-086,8.5,opinion,culture,blindtest,264,,,writing9.com,1186,https://writing9.com/text/65368dca196b520012cf7e5c-the-older-generations-tend-to-have-very-traditional-ideas-about-how-people-should-live-think-and-beh
B85-OP-087,8.5,opinion,globalization-work,train,310,,,writing9.com,1187,https://writing9.com/text/65278709442ffe0012a66705-the-only-reason-for-people-working-hard-is-to-earn-money-to-what-extent-do-you-agree-or-disagree
B85-OP-088,8.5,opinion,education,train,257,,,writing9.com,1188,https://writing9.com/text/67892c35c604e100118966d1-the-qualities-and-skills-that-people-require-to-be-successful-in-todays-world-cannot-be-learned-at-u
B85-ADV-036,8.5,adv-disadv,social,train,298,,,writing9.com,1189,https://writing9.com/text/64f301ac3ad42d001853c89b-the-rise-of-convenience-foods-has-helped-people-keep-up
B85-ADV-037,8.5,adv-disadv,media,train,312,,,writing9.com,1190,https://writing9.com/text/6506f542c7edc500186c6224-you-should-spend-about-40-minutes-on-this-task-write-about-the-following-topic-the-use-of-social-med
B85-ADV-038,8.5,adv-disadv,media,train,315,,,writing9.com,1191,https://writing9.com/text/650c072894b4d50018bd5175-the-use-of-social-media-such-as-facebook-or-twitter-is-replacing-face-to-face-contact-this-century-d
B85-OP-089,8.5,opinion,globalization-work,train,335,,,writing9.com,1192,https://writing9.com/text/66063d0efbd01600110bfabc-the-workplace-nowadays-is-trying-to-employ-the-equal-number-of-females-and-males-to-what-extent-do-y
B85-ADV-039,8.5,adv-disadv,globalization-work,blindtest,254,,,writing9.com,1193,https://writing9.com/text/65f26956ecea9d0011e70015-the-world-cup-is-a-very-important-event-for-soccer-fans-all-over-the-world-many-countries-compete-fo
B85-OP-090,8.5,opinion,technology,train,251,,,writing9.com,1194,https://writing9.com/text/675e84a3071e920011b9dae2-the-younger-generation-is-mainly-responsible-for-the-latest-technological-developments-how-far-do-yo
B85-OP-091,8.5,opinion,social,train,344,,,writing9.com,1195,https://writing9.com/text/6660747da8fb9b0011ffdae8-there-are-several-factors-that-motivate-people-to-stay-in-the-workforce-and-money-is-the-most-import
B85-ADV-040,8.5,adv-disadv,technology,blindtest,296,,,writing9.com,1196,https://writing9.com/text/64eed23cefce1f0018b4adfa-today-many-people-put-their-personal-and-private-information-online
B85-TQ-009,8.5,two-part,health,train,266,,,writing9.com,1197,https://writing9.com/text/6605b7edfbd01600110bf968-today-more-people-are-overweight-than-ever-before-what-in-your-opinion-are-the-primary-causes-of-thi
B85-OP-092,8.5,opinion,technology,blindtest,258,,,writing9.com,1198,https://writing9.com/text/663dfe2f9f4b030011e5c9c4-today-our-communications-medicine-and-transport-systems-all-depend-on-computer-technology-our-relian
B85-OP-093,8.5,opinion,social,blindtest,295,,,writing9.com,1199,https://writing9.com/text/650222069e63dc0018a99d5c-traffic-jam-is-a-problem-in-many-cities-and-towns-to-solve-this-problem-some-suggest-building-underg
B85-OP-094,8.5,opinion,technology,train,290,,,writing9.com,1200,https://writing9.com/text/6abbb9ac3be1dd001236d8ba-training-65-year-olds-to-use-computers-would-be-a-good-use-of-government-money-to-what-extent-do-you
B9-OP-001,9.0,opinion,technology,blindtest,398,,,ielts-blog.com,1201,https://www.ielts-blog.com/ielts-writing-samples/ielts-essays-band-9/ielts-essay-topic-artificial-intelligence-will-take-over-role-of-teachers-agree-disagree/
B9-ADV-001,9.0,adv-disadv,media,train,306,,,cdieltsprep.com,1202,https://www.cdieltsprep.com/writing-samples/global-streaming-platforms-deciding-what-gets-made
B9-DIS-001,9.0,discussion,social,blindtest,272,TR9/CC9/LR9/GRA9,,ieltswritingcorrectionservice.com,1203,https://ieltswritingcorrectionservice.com/ielts-task-2-sample-society
B9-OP-002,9.0,opinion,social,train,377,,,writing9.com,1204,https://writing9.com/text/651ca8443d20c400125e204c-49some-educators-believe-that-every-child-should-be-taught-how-to-play-a-musical-instrument-to-what-
B9-OP-003,9.0,opinion,globalization-work,train,318,,,ielts-blog.com,1205,https://www.ielts-blog.com/ielts-writing-samples/ielts-essays-band-9/ielts-essay-topic-athletes-and-entertainers-enormous-salaries-reflect-our-dependence-on-entertainment-agree-disagree/
B9-ADV-002,9.0,adv-disadv,education,blindtest,322,,,cdieltsprep.com,1206,https://www.cdieltsprep.com/writing-samples/studying-degree-abroad
B9-DIS-002,9.0,discussion,environment,train,281,TR9/CC9/LR9/GRA9,,ieltswritingcorrectionservice.com,1207,https://ieltswritingcorrectionservice.com/ielts-task-2-sample-environment
B9-ADV-003,9.0,adv-disadv,globalization-work,blindtest,277,,,writing9.com,1208,https://writing9.com/text/6723a9484f38620011398570-a-lot-of-places-in-the-world-rely-on-tourism-as-a-main-source-of-income-unfortunately-tourism-can-al
B9-OP-004,9.0,opinion,social,train,274,,,ielts-blog.com,1209,https://www.ielts-blog.com/ielts-writing-samples/ielts-essays-band-9/ielts-essay-topic-can-the-society-cope-with-the-larger-number-of-elderly-people-and-how/
B9-DIS-003,9.0,discussion,environment,blindtest,322,,,cdieltsprep.com,1210,https://www.cdieltsprep.com/writing-samples/nuclear-power-versus-renewables-only
B9-OP-005,9.0,opinion,health,train,286,TR9/CC9/LR9/GRA9,,ieltswritingcorrectionservice.com,1211,https://ieltswritingcorrectionservice.com/ielts-task-2-sample-health
B9-OP-006,9.0,opinion,social,train,349,,,writing9.com,1212,https://writing9.com/text/665ae03c0442ea001278ed08-a-person-should-never-make-an-important-decision-alone-do-you-agree-or-disagree-with-this-following-
B9-OP-007,9.0,opinion,education,train,319,,,ielts-blog.com,1213,https://www.ielts-blog.com/ielts-writing-samples/ielts-essays-band-9/ielts-essay-topic-do-schools-still-need-to-teach-handwriting-and-mental-mathematics-skills/
B9-ADV-004,9.0,adv-disadv,education,train,304,,,cdieltsprep.com,1214,https://www.cdieltsprep.com/writing-samples/recorded-lectures-replacing-live-teaching
B9-DIS-004,9.0,discussion,technology,train,282,TR9/CC9/LR9/GRA9,,ieltswritingcorrectionservice.com,1215,https://ieltswritingcorrectionservice.com/ielts-task-2-sample-work
B9-REP-001,9.0,report,technology,train,250,,,writing9.com,1216,https://writing9.com/text/67238cb64f3862001139852b-across-the-world-local-shops-are-closing-due-to-losing-customers-to-online-competitors-what-problems
B9-ADV-005,9.0,adv-disadv,environment,train,339,,,ielts-blog.com,1217,https://www.ielts-blog.com/ielts-writing-samples/ielts-essays-band-9/ielts-essay-topic-ending-reliance-fossil-fuels-positive-change-agree-disagree/
B9-OP-008,9.0,opinion,globalization-work,train,309,,,cdieltsprep.com,1218,https://www.cdieltsprep.com/writing-samples/employers-monitoring-staff-computer-use
B9-DIS-005,9.0,discussion,social,train,372,,,writing9.com,1219,https://writing9.com/text/66b5cabe181fca001246503c-aircraft-have-been-increasingly-used-to-transport-fruit-and-vegetables-to-some-countries-where-such-
B9-OP-009,9.0,opinion,social,train,303,,,ielts-blog.com,1220,https://www.ielts-blog.com/ielts-writing-samples/ielts-essays-band-9/ielts-essay-topic-everybody-should-pay-a-small-amount-from-their-income-to-help-people-in-poverty-agree-disagree/
B9-DIS-006,9.0,discussion,culture,blindtest,339,,,cdieltsprep.com,1221,https://www.cdieltsprep.com/writing-samples/english-global-language-versus-smaller-languages
B9-OP-010,9.0,opinion,globalization-work,train,277,,,writing9.com,1222,https://writing9.com/text/673880f9448d3a0012f60b32-as-mass-communication-and-transport-continue-to-grow-societies-are-becoming-more-and-more-alike-lead
B9-OP-011,9.0,opinion,globalization-work,train,346,,,ielts-blog.com,1223,https://www.ielts-blog.com/ielts-writing-samples/ielts-essays-band-9/ielts-essay-topic-having-a-salaried-job-is-better-than-being-self-employed-agree-disagree/
B9-REP-002,9.0,report,crime,train,335,,,cdieltsprep.com,1224,https://www.cdieltsprep.com/writing-samples/rise-of-online-fraud
B9-OP-012,9.0,opinion,social,train,265,,,writing9.com,1225,https://writing9.com/text/66b8c8f210d157001123916d-as-well-as-making-money-businesses-also-have-social-responsibilities-to-what-extent-do-you-agree-or-
B9-OP-013,9.0,opinion,government,train,291,,,ielts-blog.com,1226,https://www.ielts-blog.com/ielts-writing-samples/ielts-essays-band-9/ielts-essay-topic-households-should-have-a-government-imposed-limit-on-the-amount-of-rubbish-they-produce-agree-disagree/
B9-OP-014,9.0,opinion,government,train,313,,,cdieltsprep.com,1227,https://www.cdieltsprep.com/writing-samples/prevention-before-treatment-health-spending
B9-ADV-006,9.0,adv-disadv,social,train,327,,,writing9.com,1228,https://writing9.com/text/6641e2b9774afd0011a05192-at-the-present-time-the-population-of-some-countries-includes-a-relatively-large-number-of-young-adu
B9-OP-015,9.0,opinion,health,train,276,,,ielts-blog.com,1229,https://www.ielts-blog.com/ielts-writing-samples/ielts-essays-band-9/ielts-band-9-essay-topic-breakthroughs-in-medical-science-are-the-most-significant-advances-over-the-last-two-centuries-opinion/
B9-REP-003,9.0,report,social,train,365,,,cdieltsprep.com,1230,https://www.cdieltsprep.com/writing-samples/why-volunteers-are-harder-to-find
B9-OP-016,9.0,opinion,globalization-work,train,278,,,writing9.com,1231,https://writing9.com/text/66299fa565ad4b001190f733-big-salary-is-much-more-important-than-job-satisfaction-do-you-agree-or-disagree
B9-OP-017,9.0,opinion,social,train,284,,,ielts-blog.com,1232,https://www.ielts-blog.com/ielts-writing-samples/ielts-essays-band-9/ielts-band-9-essay-topic-increases-in-fuel-prices-are-the-only-way-to-reduce-world-consumption-of-fuel-agree-disagree/
B9-ADV-007,9.0,adv-disadv,globalization-work,blindtest,323,,,cdieltsprep.com,1233,https://www.cdieltsprep.com/writing-samples/automation-routine-office-work
B9-OP-018,9.0,opinion,government,blindtest,325,,,writing9.com,1234,https://writing9.com/text/66bd97e0ecdb6e00120e9935-both-government-investment-in-public-transport-systems-and-reductions-in-public-transport-ticket-pri
B9-OP-019,9.0,opinion,education,train,320,,,ielts-blog.com,1235,https://www.ielts-blog.com/ielts-writing-samples/ielts-essays-band-9/ielts-band-9-essay-topic-many-people-nowadays-travel-abroad-for-their-university-education-discuss/
B9-REP-004,9.0,report,crime,train,304,,,cdieltsprep.com,1236,https://www.cdieltsprep.com/writing-samples/young-offenders-reoffending-solutions
B9-OP-020,9.0,opinion,health,train,279,,,writing9.com,1237,https://writing9.com/text/670be7cd771d910011209c40-task-2-childhood-obesity-is-an-increasing-problem-in-australia-as-many-as-two-thirds-of-children-are
B9-OP-021,9.0,opinion,education,blindtest,303,,,ielts-blog.com,1238,https://www.ielts-blog.com/ielts-writing-samples/ielts-essays-band-9/ielts-band-9-essay-topic-schools-should-teach-their-students-how-to-survive-financially-in-the-world-today-agree-disagree/
B9-ADV-008,9.0,adv-disadv,globalization-work,train,312,,,cdieltsprep.com,1239,https://www.cdieltsprep.com/writing-samples/short-term-contracts-replacing-permanent-jobs
B9-REP-005,9.0,report,health,train,278,,,writing9.com,1240,https://writing9.com/text/66e8670fac434e0014cbdee5-doctors-in-many-countries-are-saying-that-people-are-not-getting-enough-physical-exercise-what-are-t
B9-OP-022,9.0,opinion,education,train,315,,,ielts-blog.com,1241,https://www.ielts-blog.com/ielts-writing-samples/ielts-essays-band-9/ielts-band-9-essay-topic-should-teachers-be-required-to-conform-to-a-dress-code/
B9-REP-006,9.0,report,education,train,320,,,cdieltsprep.com,1242,https://www.cdieltsprep.com/writing-samples/fewer-students-choosing-science-and-maths
B9-OP-023,9.0,opinion,globalization-work,train,264,,,writing9.com,1243,https://writing9.com/text/673db5860b20930011f811cd-employers-should-give-their-staff-at-least-a-4-week-holiday-a-year-to-make-employees-better-at-their
B9-OP-024,9.0,opinion,technology,train,301,,,ielts-blog.com,1244,https://www.ielts-blog.com/ielts-writing-samples/ielts-essays-band-9/ielts-band-9-essay-topic-some-people-believe-that-everyone-has-a-right-to-access-to-the-internet-and-governments-should-provide-it-free-agree-disagree/
B9-ADV-009,9.0,adv-disadv,social,train,335,,,cdieltsprep.com,1245,https://www.cdieltsprep.com/writing-samples/having-children-later-in-life
B9-OP-025,9.0,opinion,globalization-work,train,311,,,writing9.com,1246,https://writing9.com/text/668c3d25d784b30012d4c77c-first-impressions-are-important-some-people-think-that-doing-well-in-interviews-is-the-key-to-securi
B9-OP-026,9.0,opinion,education,train,301,,,ielts-blog.com,1247,https://www.ielts-blog.com/ielts-writing-samples/ielts-essays-band-9/ielts-band-9-essay-topic-some-people-believe-that-teaching-music-in-schools-is-vital-while-others-think-it-is-unnecessary-opinion/
B9-TQ-001,9.0,two-part,government,blindtest,306,,,cdieltsprep.com,1248,https://www.cdieltsprep.com/writing-samples/falling-public-trust-in-politicians
B9-ADV-010,9.0,adv-disadv,social,train,394,,,writing9.com,1249,https://writing9.com/text/661a3e702d32af00124824e5-handwriting-today-is-less-formal-than-it-was-in-the-past-what-are-the-causes-of-this-change-is-it-a-
B9-OP-027,9.0,opinion,social,blindtest,263,,,ielts-blog.com,1250,https://www.ielts-blog.com/ielts-writing-samples/ielts-essays-band-9/ielts-band-9-essay-topic-some-people-believe-that-the-worlds-increase-in-population-is-unsustainable-while-others-think-it-is-necessary-and-beneficial-opinion/
B9-ADV-011,9.0,adv-disadv,crime,train,354,,,cdieltsprep.com,1251,https://www.cdieltsprep.com/writing-samples/private-companies-running-public-services
B9-DIS-007,9.0,discussion,social,train,298,,,writing9.com,1252,https://writing9.com/text/6606abdafbd01600110bfbba-having-more-money-and-less-free-time-is-better-than-earning-less-money-and-having-more-free-time-dis
B9-OP-028,9.0,opinion,health,train,331,,,ielts-blog.com,1253,https://www.ielts-blog.com/ielts-writing-samples/ielts-essays-band-9/ielts-band-9-essay-topic-some-say-that-people-should-diet-and-exercise-to-lose-weight-while-others-think-they-should-eat-better-and-change-their-lifestyle-opinion/
B9-REP-007,9.0,report,health,blindtest,301,,,cdieltsprep.com,1254,https://www.cdieltsprep.com/writing-samples/childhood-obesity-causes-and-solutions
B9-OP-029,9.0,opinion,globalization-work,train,291,,,writing9.com,1255,https://writing9.com/text/677f36fc2bd9350011ea03a8-if-all-workers-in-a-company-were-paid-exact-same-wage-regardless-of-job-role-there-would-be-much-mor
B9-OP-030,9.0,opinion,education,train,346,,,ielts-blog.com,1256,https://www.ielts-blog.com/ielts-writing-samples/ielts-essays-band-9/ielts-band-9-essay-topic-some-schools-insist-that-students-have-laptops-in-class-advantages-disadvantages/
B9-ADV-012,9.0,adv-disadv,social,blindtest,366,,,cdieltsprep.com,1257,https://www.cdieltsprep.com/writing-samples/high-rise-flats-instead-of-houses
B9-ADV-013,9.0,adv-disadv,crime,blindtest,257,,,writing9.com,1258,https://writing9.com/text/66151e596e4c2e00119f7458-in-many-cities-the-use-of-video-cameras-in-public-places-is-being-increased-in-order-to-reduce-crime
B9-OP-031,9.0,opinion,government,blindtest,280,,,ielts-blog.com,1259,https://www.ielts-blog.com/ielts-writing-samples/ielts-essays-band-9/ielts-band-9-essay-topic-the-world-today-is-a-safer-place-and-governments-should-stop-spending-large-amounts-of-money-on-their-armed-forces-agree-disagree/
B9-REP-008,9.0,report,globalization-work,train,311,,,cdieltsprep.com,1260,https://www.cdieltsprep.com/writing-samples/urban-housing-unaffordable-solutions
B9-ADV-014,9.0,adv-disadv,social,train,338,,,writing9.com,1261,https://writing9.com/text/6687be25d784b30012d4bc85-in-many-countries-around-the-world-rural-people-are-moving-to-cities-so-the-population-in-the-countr
B9-OP-032,9.0,opinion,government,train,253,,,ielts-blog.com,1262,https://www.ielts-blog.com/ielts-writing-samples/ielts-essays-band-9/ielts-band-9-essay-topic-todays-governments-struggle-to-create-enough-housing-for-increasing-populations-while-protecting-the-environment-opinion/
B9-REP-009,9.0,report,social,train,302,,,cdieltsprep.com,1263,https://www.cdieltsprep.com/writing-samples/older-people-loneliness-isolation-solutions
B9-OP-033,9.0,opinion,social,train,308,,,writing9.com,1264,https://writing9.com/text/65b4a68b2d0c430011eb3b6a-in-many-countries-people-are-now-living-longer-than-ever-before-some-people-say-an-ageing-population
B9-REP-010,9.0,report,environment,train,343,,,ielts-blog.com,1265,https://www.ielts-blog.com/ielts-writing-samples/ielts-essays-band-9/ielts-band-9-essay-topic-wildlife-population-around-the-world-has-decreased-by-around-50-per-cent-what-can-we-do-to-protect-wildlife/
B9-ADV-015,9.0,adv-disadv,technology,train,312,,,cdieltsprep.com,1266,https://www.cdieltsprep.com/writing-samples/online-retail-replacing-high-street
B9-DIS-008,9.0,discussion,globalization-work,blindtest,252,,,writing9.com,1267,https://writing9.com/text/6723beec4f386200113985b1-in-many-countries-sports-stars-earn-extremely-high-salaries-some-people-believe-that-sports-stars-ea
B9-REP-011,9.0,report,globalization-work,blindtest,362,,,ielts-blog.com,1268,https://www.ielts-blog.com/ielts-writing-samples/ielts-essays-band-9/ielts-essay-topic-in-some-cities-numbers-of-tourists-seem-overwhelming-why/
B9-REP-012,9.0,report,health,train,344,,,cdieltsprep.com,1269,https://www.cdieltsprep.com/writing-samples/food-waste-in-wealthy-countries
B9-OP-034,9.0,opinion,globalization-work,blindtest,365,,,writing9.com,1270,https://writing9.com/text/65f506b1ecea9d0011e70633-in-many-countries-today-women-have-full-time-jobs-therefore-it-is-reasonable-to-share-housework-equa
B9-OP-035,9.0,opinion,social,blindtest,331,,,ielts-blog.com,1271,https://www.ielts-blog.com/ielts-writing-samples/ielts-essays-band-9/ielts-essay-topic-in-some-countries-private-cars-are-now-banned-from-city-centres-advantages-disadvantages/
B9-DIS-009,9.0,discussion,social,train,348,,,cdieltsprep.com,1272,https://www.cdieltsprep.com/writing-samples/volunteers-running-local-services
B9-REP-013,9.0,report,culture,train,312,,,writing9.com,1273,https://writing9.com/text/6652e4199000ba001112cb82-in-some-countries-more-people-are-becoming-interested-in-finding-out-about-the-history-of-the-house-
B9-OP-036,9.0,opinion,social,train,309,,,ielts-blog.com,1274,https://www.ielts-blog.com/ielts-writing-samples/ielts-essays-band-9/ielts-essay-topic-individuals-should-be-responsible-for-funding-their-own-retirement-agree-disagree/
B9-ADV-016,9.0,adv-disadv,technology,train,313,,,cdieltsprep.com,1275,https://www.cdieltsprep.com/writing-samples/cash-replaced-by-digital-payment
B9-REP-014,9.0,report,social,blindtest,296,,,writing9.com,1276,https://writing9.com/text/664b61ab409a80001187aa95-in-spite-of-the-advances-made-in-agriculture-many-people-around-the-world-still-go-hungry-why-is-thi
B9-ADV-017,9.0,adv-disadv,social,train,280,,,ielts-blog.com,1277,https://www.ielts-blog.com/ielts-writing-samples/ielts-essays-band-9/ielts-essay-topic-is-banning-cars-from-city-centres-a-positive-or-negative-development/
B9-DIS-010,9.0,discussion,social,train,329,,,cdieltsprep.com,1278,https://www.cdieltsprep.com/writing-samples/grandparents-versus-nurseries-childcare
B9-ADV-018,9.0,adv-disadv,education,train,298,,,writing9.com,1279,https://writing9.com/text/677c1eaa2bd9350011e9fc97-in-the-past-when-students-did-a-university-degree-they-tended-to-study-in-their-own-country-nowadays
B9-OP-037,9.0,opinion,social,train,338,,,ielts-blog.com,1280,https://www.ielts-blog.com/ielts-writing-samples/ielts-essays-band-9/ielts-essay-topic-fashion-significant-part-of-society-or-waste-of-time-opinion/
B9-ADV-019,9.0,adv-disadv,globalization-work,train,366,,,cdieltsprep.com,1281,https://www.cdieltsprep.com/writing-samples/subscriptions-replacing-ownership
B9-ADV-020,9.0,adv-disadv,media,train,338,,,writing9.com,1282,https://writing9.com/text/66532bcf9000ba001112cc96-in-their-advertising-businesses-nowadays-usually-emphasize-that-their-products-are-new-in-some-ways-
B9-OP-038,9.0,opinion,culture,train,274,,,ielts-blog.com,1283,https://www.ielts-blog.com/ielts-writing-samples/ielts-essays-band-9/ielts-essay-topic-is-it-acceptable-that-enormous-sums-are-paid-for-pieces-of-art-when-many-people-around-the-world-live-in-poverty/
B9-ADV-021,9.0,adv-disadv,globalization-work,train,309,,,cdieltsprep.com,1284,https://www.cdieltsprep.com/writing-samples/changing-careers-several-times
B9-OP-039,9.0,opinion,social,blindtest,290,,,writing9.com,1285,https://writing9.com/text/66210db786c1fc00112d3064-it-is-better-to-save-money-than-to-spend-it-how-far-do-you-agree-with-this-statement-is-saving-more-
B9-OP-040,9.0,opinion,culture,train,339,,,ielts-blog.com,1286,https://www.ielts-blog.com/ielts-writing-samples/ielts-essays-band-9/ielts-essay-topic-is-learning-a-foreign-language-essential-or-a-waste-of-time-opinion/
B9-TQ-002,9.0,two-part,environment,train,302,,,cdieltsprep.com,1287,https://www.cdieltsprep.com/writing-samples/ocean-plastic-waste-causes-and-solutions
B9-ADV-022,9.0,adv-disadv,globalization-work,train,314,,,writing9.com,1288,https://writing9.com/text/66616906a8fb9b0011ffde66-it-is-common-aspiration-among-many-young-people-to-run-their-own-business-rather-than-work-for-an-em
B9-OP-041,9.0,opinion,education,blindtest,330,,,ielts-blog.com,1289,https://www.ielts-blog.com/ielts-writing-samples/ielts-essays-band-9/ielts-essay-topic-studying-at-university-better-than-getting-job-after-school-opinion/
B9-DIS-011,9.0,discussion,globalization-work,train,312,,,cdieltsprep.com,1290,https://www.cdieltsprep.com/writing-samples/remote-working-employees-versus-teams
B9-OP-042,9.0,opinion,social,train,364,,,ielts-blog.com,1291,https://www.ielts-blog.com/ielts-writing-samples/ielts-essays-band-9/ielts-essay-topic-is-using-physical-force-to-discipline-children-acceptable-opinion/
B9-REP-015,9.0,report,health,train,312,,,cdieltsprep.com,1292,https://www.cdieltsprep.com/writing-samples/skilled-graduates-emigration-brain-drain
B9-OP-043,9.0,opinion,social,blindtest,276,,,writing9.com,1293,https://writing9.com/text/678028af2bd9350011ea060f-it-is-important-for-everyone-including-young-people-to-save-money-for-their-future-to-what-extent-do
B9-OP-044,9.0,opinion,technology,blindtest,397,,,ielts-blog.com,1294,https://www.ielts-blog.com/ielts-writing-samples/ielts-essays-band-9/ielts-essay-topic-libraries-are-not-a-necessity-anymore-because-of-the-digital-resources-available-today-agree-disagree/
B9-OP-045,9.0,opinion,government,train,303,,,cdieltsprep.com,1295,https://www.cdieltsprep.com/writing-samples/public-money-hosting-international-sporting-events
B9-OP-046,9.0,opinion,social,train,337,,,writing9.com,1296,https://writing9.com/text/6a0c4d9c312e6c0011a3ef46-it-is-the-responsibility-of-individuals-to-save-and-provide-for-their-own-retirement-governments-hav
B9-OP-047,9.0,opinion,media,train,257,,,ielts-blog.com,1297,https://www.ielts-blog.com/ielts-writing-samples/ielts-essays-band-9/ielts-essay-topic-only-people-over-18-years-old-should-be-allowed-to-use-social-media-agree-disagree/
B9-ADV-023,9.0,adv-disadv,globalization-work,train,301,,,cdieltsprep.com,1298,https://www.cdieltsprep.com/writing-samples/mass-tourism-developing-economies
B9-OP-048,9.0,opinion,social,train,345,,,writing9.com,1299,https://writing9.com/text/6669772897bdf800129b30ec-it-is-widely-believed-that-children-of-different-levels-of-intelligence-should-be-taught-together-wh
B9-OP-049,9.0,opinion,globalization-work,train,302,,,ielts-blog.com,1300,https://www.ielts-blog.com/ielts-writing-samples/ielts-essays-band-9/ielts-essay-topic-people-today-find-their-lives-dominated-by-jobs-agree-disagree/
B9-DIS-012,9.0,discussion,culture,train,338,,,cdieltsprep.com,1301,https://www.cdieltsprep.com/writing-samples/museum-artefacts-return-or-retain
B9-OP-050,9.0,opinion,health,train,351,,,writing9.com,1302,https://writing9.com/text/66533f539000ba001112ccf6-many-manufactured-food-and-drink-products-contain-high-levels-of-sugar-which-causes-many-health-prob
B9-OP-051,9.0,opinion,education,train,372,,,ielts-blog.com,1303,https://www.ielts-blog.com/ielts-writing-samples/ielts-essays-band-9/ielts-essay-topic-schoolchildren-today-take-part-in-short-work-experience-sessions-instead-of-school-positive-negative/
B9-REP-016,9.0,report,health,train,333,,,cdieltsprep.com,1304,https://www.cdieltsprep.com/writing-samples/patients-ignoring-medical-advice
B9-OP-052,9.0,opinion,education,train,266,,,writing9.com,1305,https://writing9.com/text/664b76f2409a80001187aad1-many-people-believe-that-the-current-system-of-both-teachers-and-students-in-the-classroom-will-no-l
B9-OP-053,9.0,opinion,education,train,322,,,ielts-blog.com,1306,https://www.ielts-blog.com/ielts-writing-samples/ielts-essays-band-9/ielts-essay-topic-should-boys-and-girls-be-educated-separately-opinion/
B9-ADV-024,9.0,adv-disadv,media,blindtest,360,,,cdieltsprep.com,1307,https://www.cdieltsprep.com/writing-samples/holidays-chosen-from-social-media
B9-TQ-003,9.0,two-part,crime,train,368,,,writing9.com,1308,https://writing9.com/text/6537d8ae7f00d10013d5e979-many-scientists-believe-that-now-we-can-study-the-behavior-of-a-three-years-old-child-to-see-whether
B9-OP-054,9.0,opinion,technology,train,349,,,ielts-blog.com,1309,https://www.ielts-blog.com/ielts-writing-samples/ielts-essays-band-9/ielts-essay-topic-should-copyright-materials-such-as-music-films-and-books-be-freely-available-on-the-internet-opinion/
B9-REP-017,9.0,report,social,blindtest,366,,,cdieltsprep.com,1310,https://www.cdieltsprep.com/writing-samples/travel-for-people-with-disabilities
B9-OP-055,9.0,opinion,education,train,308,,,writing9.com,1311,https://writing9.com/text/66062598fbd01600110bfa8d-many-university-students-want-to-learn-about-different-subjects-in-addition-to-their-main-subjects-o
B9-OP-056,9.0,opinion,government,blindtest,306,,,ielts-blog.com,1312,https://www.ielts-blog.com/ielts-writing-samples/ielts-essays-band-9/ielts-essay-topic-should-governments-impose-extra-taxes-to-restrict-tourism-in-order-to-reduce-pollution/
B9-TQ-004,9.0,two-part,environment,train,308,,,cdieltsprep.com,1313,https://www.cdieltsprep.com/writing-samples/flying-despite-environmental-cost
B9-REP-018,9.0,report,education,train,309,,,writing9.com,1314,https://writing9.com/text/672b6fe795547e001294190c-many-young-people-leave-school-with-negative-attitudes-towards-learning-what-are-the-causeshow-to-en
B9-OP-057,9.0,opinion,education,train,340,,,ielts-blog.com,1315,https://www.ielts-blog.com/ielts-writing-samples/ielts-essays-band-9/ielts-essay-topic-should-governments-or-teachers-be-responsible-for-what-is-to-be-taught-in-schools-opinion/
B9-DIS-013,9.0,discussion,media,blindtest,312,,,cdieltsprep.com,1316,https://www.cdieltsprep.com/writing-samples/social-media-as-a-news-source
B9-OP-058,9.0,opinion,environment,train,267,,,writing9.com,1317,https://writing9.com/text/66e45e99ac434e0014cbd50a-nowadays-environmental-problems-are-too-big-to-be-managed-by-individual-persons-or-individual-countr
B9-OP-059,9.0,opinion,health,train,360,,,ielts-blog.com,1318,https://www.ielts-blog.com/ielts-writing-samples/ielts-essays-band-9/ielts-essay-topic-since-obesity-may-be-caused-by-fast-food-should-the-government-put-a-tax-on-fast-food/
B9-OP-060,9.0,opinion,media,train,324,,,cdieltsprep.com,1319,https://www.cdieltsprep.com/writing-samples/legal-duty-to-publish-prominent-corrections
B9-ADV-025,9.0,adv-disadv,globalization-work,train,329,,,writing9.com,1320,https://writing9.com/text/6651b8ac58d61c001273a982-nowadays-many-people-choose-to-be-self-employed-rather-than-to-work-for-a-company-or-oganisation-why
B9-OP-061,9.0,opinion,social,blindtest,313,,,ielts-blog.com,1321,https://www.ielts-blog.com/ielts-writing-samples/ielts-essays-band-9/ielts-essay-topic-some-parents-think-that-children-must-do-house-chores-opinion/
B9-REP-019,9.0,report,technology,train,303,,,cdieltsprep.com,1322,https://www.cdieltsprep.com/writing-samples/smartphone-dependence-causes-and-effects
B9-ADV-026,9.0,adv-disadv,technology,blindtest,311,,,writing9.com,1323,https://writing9.com/text/67702dbe708dba0012693ddb-nowadays-the-way-many-people-interact-with-each-other-has-changed-because-of-technology-in-what-ways
B9-OP-062,9.0,opinion,crime,train,332,,,ielts-blog.com,1324,https://www.ielts-blog.com/ielts-writing-samples/ielts-essays-band-9/ielts-essay-topic-some-people-believe-that-the-problem-of-illegal-drugs-can-be-solved-by-legalising-all-drugs-agree-disagree/
B9-ADV-027,9.0,adv-disadv,government,train,354,,,cdieltsprep.com,1325,https://www.cdieltsprep.com/writing-samples/fare-free-public-transport
B9-OP-063,9.0,opinion,globalization-work,train,264,,,writing9.com,1326,https://writing9.com/text/676c29e29e9ed40011e83755-people-who-decide-on-a-career-path-early-in-their-lives-and-keep-to-it-are-more-likely-to-have-a-sat
B9-OP-064,9.0,opinion,social,train,345,,,ielts-blog.com,1327,https://www.ielts-blog.com/ielts-writing-samples/ielts-essays-band-9/ielts-essay-topic-some-people-like-to-own-home-others-prefer-renting/
B9-ADV-028,9.0,adv-disadv,globalization-work,train,325,,,cdieltsprep.com,1328,https://www.cdieltsprep.com/writing-samples/four-day-working-week
B9-OP-065,9.0,opinion,social,train,285,,,writing9.com,1329,https://writing9.com/text/65c319e439d16a00126ceddc-public-transportation-is-a-great-way-to-travel-particularly-within-a-metropolis-the-metro-is-the-mos
B9-OP-066,9.0,opinion,education,train,294,,,ielts-blog.com,1330,https://www.ielts-blog.com/ielts-writing-samples/ielts-essays-band-9/ielts-essay-topic-some-people-think-that-sport-in-schools-is-a-waste-of-time-and-resources-while-others-believe-it-is-a-vital-part-of-education-opinion/
B9-ADV-029,9.0,adv-disadv,government,train,339,,,cdieltsprep.com,1331,https://www.cdieltsprep.com/writing-samples/relocating-government-bodies-from-capital
B9-OP-067,9.0,opinion,technology,train,288,,,writing9.com,1332,https://writing9.com/text/66c43befecdb6e00120eaab7-research-indicates-that-the-characteristics-we-are-born-with-have-much-more-influence-on-our-persona
B9-ADV-030,9.0,adv-disadv,social,train,319,,,ielts-blog.com,1333,https://www.ielts-blog.com/ielts-writing-samples/ielts-essays-band-9/ielts-essay-topic-high-rise-apartment-living-advantages-disadvantages/
B9-OP-068,9.0,opinion,education,train,321,,,cdieltsprep.com,1334,https://www.cdieltsprep.com/writing-samples/university-funding-employment-outcomes
B9-OP-069,9.0,opinion,education,train,262,,,writing9.com,1335,https://writing9.com/text/678f0e56c604e10011897199-schools-are-no-longer-necessary-because-children-can-get-so-much-information-available-through-inter
B9-REP-020,9.0,report,crime,blindtest,302,,,ielts-blog.com,1336,https://www.ielts-blog.com/ielts-writing-samples/ielts-essays-band-9/ielts-essay-topic-the-majority-of-former-prisoners-commit-further-crime-after-their-release-reasons-and-solutions/
B9-OP-070,9.0,opinion,crime,train,330,,,cdieltsprep.com,1337,https://www.cdieltsprep.com/writing-samples/community-sentences-for-non-violent-crime
B9-OP-071,9.0,opinion,social,train,273,,,writing9.com,1338,https://writing9.com/text/6933d8d9cf3248001196399e-should-a-city-try-to-preserve-its-old-historic-buildings-or-destroy-them-and-replace-them-with-moder
B9-OP-072,9.0,opinion,media,train,315,,,ielts-blog.com,1339,https://www.ielts-blog.com/ielts-writing-samples/ielts-essays-band-9/ielts-essay-topic-the-number-of-advertisements-for-charities-is-increasing-what-is-causing-this/
B9-OP-073,9.0,opinion,health,blindtest,337,,,cdieltsprep.com,1340,https://www.cdieltsprep.com/writing-samples/taxing-sugar-and-fat-for-public-health
B9-ADV-031,9.0,adv-disadv,technology,train,261,,,writing9.com,1341,https://writing9.com/text/66560ddfe3785200114ae63b-some-children-spend-hours-every-day-on-their-smartphones-why-is-this-the-case-do-you-think-this-is-a
B9-OP-074,9.0,opinion,social,train,288,,,ielts-blog.com,1342,https://www.ielts-blog.com/ielts-writing-samples/ielts-essays-band-9/ielts-essay-topic-there-is-moral-necessity-rich-countries-help-poor-agree-disagree/
B9-OP-075,9.0,opinion,environment,train,315,,,cdieltsprep.com,1343,https://www.cdieltsprep.com/writing-samples/individual-action-versus-climate-regulation
B9-ADV-032,9.0,adv-disadv,technology,train,272,,,writing9.com,1344,https://writing9.com/text/672a117a9a9b4200113e40b2-some-children-spend-hours-every-day-on-their-smartphones-why-is-this-the-case-do-you-think-this-is-a
B9-OP-076,9.0,opinion,social,blindtest,276,,,ielts-blog.com,1345,https://www.ielts-blog.com/ielts-writing-samples/ielts-essays-band-9/ielts-essay-topic-traffic-on-roads-has-become-problem-solutions/
B9-DIS-014,9.0,discussion,media,train,353,,,cdieltsprep.com,1346,https://www.cdieltsprep.com/writing-samples/press-reporting-private-lives-of-the-famous
B9-DIS-015,9.0,discussion,media,train,356,,,writing9.com,1347,https://writing9.com/text/65ec7302b9261900117bab69-some-people-believe-famous-peoples-support-toward-international-aid-organizations-draws-attention-to
B9-OP-077,9.0,opinion,globalization-work,train,376,,,ielts-blog.com,1348,https://www.ielts-blog.com/ielts-writing-samples/ielts-essays-band-9/ielts-essay-topic-unemployment-payments-encourage-people-not-to-seek-work-opinion/
B9-OP-078,9.0,opinion,social,train,338,,,cdieltsprep.com,1349,https://www.cdieltsprep.com/writing-samples/banning-private-cars-from-city-centres
B9-OP-079,9.0,opinion,environment,train,372,,,writing9.com,1350,https://writing9.com/text/677977d52bd9350011e9f78d-some-people-believe-that-in-the-future-environmental-problems-will-mean-that-we-are-unable-to-live-o
B9-REP-021,9.0,report,globalization-work,train,261,,,ielts-blog.com,1351,https://www.ielts-blog.com/ielts-writing-samples/ielts-essays-band-9/ielts-essay-topic-what-is-the-best-motivation-for-workers-salary-job-satisfaction-or-helping-others/
B9-OP-080,9.0,opinion,government,blindtest,326,,,cdieltsprep.com,1352,https://www.cdieltsprep.com/writing-samples/compulsory-voting-in-national-elections
B9-DIS-016,9.0,discussion,environment,train,291,,,writing9.com,1353,https://writing9.com/text/653642423e8baa0012b51514-some-people-believe-that-increasing-tax-on-various-industries-will-reduce-pollution-whereas-others-b
B9-OP-081,9.0,opinion,globalization-work,train,301,,,ielts-blog.com,1354,https://www.ielts-blog.com/ielts-writing-samples/ielts-essays-band-9/ielts-essay-topic-with-the-scale-of-globalisation-today-it-would-be-best-to-have-a-single-world-currency-agree-disagree/
B9-OP-082,9.0,opinion,media,train,324,,,cdieltsprep.com,1355,https://www.cdieltsprep.com/writing-samples/banning-advertising-aimed-at-young-children
B9-DIS-017,9.0,discussion,technology,train,327,,,writing9.com,1356,https://writing9.com/text/668258bc8077b700112b5ab2-some-people-believe-that-modern-technology-is-increasing-the-gap-between-rich-and-poor-while-others-
B9-OP-083,9.0,opinion,social,train,334,,,ielts-blog.com,1357,https://www.ielts-blog.com/ielts-writing-samples/ielts-essays-band-9/ielts-essay-topic-women-not-men-should-stay-at-home-care-for-children/
B9-OP-084,9.0,opinion,technology,train,330,,,cdieltsprep.com,1358,https://www.cdieltsprep.com/writing-samples/smartphones-before-secondary-school
B9-OP-085,9.0,opinion,globalization-work,train,276,,,writing9.com,1359,https://writing9.com/text/6648de67f23a8f001141f307-some-people-believe-that-nowadays-we-have-too-many-choices-topic-information-business-choices-to-wha
B9-DIS-018,9.0,discussion,education,train,336,,,cdieltsprep.com,1360,https://www.cdieltsprep.com/writing-samples/mixed-ability-classes-versus-streaming
B9-OP-086,9.0,opinion,environment,train,260,,,writing9.com,1361,https://writing9.com/text/6798f450c604e1001189833b-some-people-believe-that-planing-for-the-future-is-a-waste-of-time-because-they-think-that-focusing-
B9-ADV-033,9.0,adv-disadv,media,train,340,,,cdieltsprep.com,1362,https://www.cdieltsprep.com/writing-samples/streaming-replacing-television-cinema
B9-OP-087,9.0,opinion,technology,train,332,,,writing9.com,1363,https://writing9.com/text/66829519380917001289a21d-some-people-believe-that-technology-has-made-man-more-social-to-what-extent-do-you-agree-or-disagree
B9-TQ-005,9.0,two-part,culture,train,368,,,cdieltsprep.com,1364,https://www.cdieltsprep.com/writing-samples/traditional-crafts-dying-out
B9-OP-088,9.0,opinion,social,train,267,,,writing9.com,1365,https://writing9.com/text/65213e7af6b266001245e4bf-some-people-believe-that-unpaid-community-service-should-be-compulsory-in-high-school-programmes-for
B9-TQ-006,9.0,two-part,social,blindtest,305,,,cdieltsprep.com,1366,https://www.cdieltsprep.com/writing-samples/urban-traffic-congestion-solutions
B9-OP-089,9.0,opinion,culture,train,324,,,writing9.com,1367,https://writing9.com/text/65c166922d0c430011eb5aee-some-people-claim-that-museums-and-art-galleries-are-not-needed-today-because-everyone-can-see-histo
B9-OP-090,9.0,opinion,education,blindtest,300,,,cdieltsprep.com,1368,https://www.cdieltsprep.com/writing-samples/parents-or-schools-responsible-for-behaviour
B9-OP-091,9.0,opinion,crime,train,302,,,writing9.com,1369,https://writing9.com/text/6607162e290bcd0011bf6729-some-people-feel-that-the-legal-age-at-which-people-can-marry-should-be-at-least-21-to-what-extent-d
B9-OP-092,9.0,opinion,health,train,276,,,writing9.com,1370,https://writing9.com/text/66925078c106010011b87e58-some-people-prefer-to-eat-at-food-stands-or-restaurants-other-people-prefer-to-prepare-and-eat-food-
B9-OP-093,9.0,opinion,health,train,331,,,writing9.com,1371,https://writing9.com/text/665b18ea0442ea001278edce-some-people-prefer-to-eat-at-food-stands-or-restaurants-other-people-prefer-to-prepare-and-eat-food-
B9-OP-094,9.0,opinion,health,blindtest,253,,,writing9.com,1372,https://writing9.com/text/66278973d277db001139ba30-some-people-said-professionals-such-as-doctors-or-engineers-should-be-required-to-work-in-the-countr
B9-DIS-019,9.0,discussion,globalization-work,train,301,,,writing9.com,1373,https://writing9.com/text/6527ffb3442ffe0012a6682c-some-people-sat-that-it-is-a-good-idea-to-socialise-with-work-colleagues-during-evenings-andor-weeke
B9-OP-095,9.0,opinion,culture,train,261,,,writing9.com,1374,https://writing9.com/text/66505a26409a80001187b8f1-some-people-say-that-music-is-a-good-way-of-bringing-people-of-different-cultures-and-ages-together-
B9-DIS-020,9.0,discussion,media,train,577,,,writing9.com,1375,https://writing9.com/text/666c091997bdf800129b3905-some-people-say-that-parents-have-the-most-important-role-in-a-child-development-however-others-argu
B9-DIS-021,9.0,discussion,health,blindtest,309,,,writing9.com,1376,https://writing9.com/text/6aa8376b1826230011528711-some-people-say-that-the-best-way-to-improve-public-health-is-by-increasing-the-number-of-sports-fac
B9-DIS-022,9.0,discussion,environment,train,257,,,writing9.com,1377,https://writing9.com/text/6605640efbd01600110bf873-some-people-say-that-the-main-environmental-problem-of-our-times-is-the-loss-of-particular-species-o
B9-DIS-023,9.0,discussion,environment,train,306,,,writing9.com,1378,https://writing9.com/text/664f660b409a80001187b68f-some-people-say-that-the-main-environmental-problem-of-our-time-is-the-loss-of-particular-species-of
B9-OP-096,9.0,opinion,education,train,273,,,writing9.com,1379,https://writing9.com/text/67958fa5c604e10011897d5b-some-people-think-that-government-funding-for-schools-should-be-spent-on-science-subjects-rather-tha
B9-OP-097,9.0,opinion,environment,train,310,,,writing9.com,1380,https://writing9.com/text/66f11748518ab60011f673de-some-people-think-that-human-needs-for-farmland-housing-and-industry-are-more-important-than-saving-
B9-OP-098,9.0,opinion,environment,blindtest,313,,,writing9.com,1381,https://writing9.com/text/66dc5e3354b6d70012ec400d-some-people-think-that-instead-of-preventing-climate-change-we-need-to-find-a-way-to-live-with-it-to
B9-DIS-024,9.0,discussion,government,train,255,,,writing9.com,1382,https://writing9.com/text/65153c2ebc1bf2001855b815-some-people-think-that-paying-taxes-is-a-big-enough-contribution-to-society-while-others-think-peopl
B9-OP-099,9.0,opinion,social,train,284,,,writing9.com,1383,https://writing9.com/text/66544d05ffd31a00118caea6-some-people-think-that-planting-trees-in-open-space-cities-and-towns-is-more-important-than-building
B9-OP-100,9.0,opinion,education,train,317,,,writing9.com,1384,https://writing9.com/text/6662c6bf2715ef001110880c-some-people-think-that-schools-are-too-competitive-and-that-this-has-a-negative-impact-on-children-o
B9-DIS-025,9.0,discussion,crime,train,272,,,writing9.com,1385,https://writing9.com/text/677b56c72bd9350011e9fb08-some-people-think-that-strict-punishments-for-driving-offenses-are-the-key-to-reducing-traffic-accid
B9-OP-101,9.0,opinion,education,blindtest,322,,,writing9.com,1386,https://writing9.com/text/6630250283c4190011def793-some-people-think-that-teachers-are-no-longer-needed-because-students-can-study-via-the-internet-to-
B9-OP-102,9.0,opinion,technology,train,365,,,writing9.com,1387,https://writing9.com/text/66069e55fbd01600110bfb8f-some-people-think-that-the-amount-of-money-spent-on-library-is-a-waste-as-a-new-technologies-are-dev
B9-DIS-026,9.0,discussion,health,train,292,,,writing9.com,1388,https://writing9.com/text/677682b72bd9350011e9f17f-some-people-think-that-the-increase-in-the-number-of-obese-people-should-be-the-responsibility-of-th
B9-DIS-027,9.0,discussion,education,train,281,,,writing9.com,1389,https://writing9.com/text/6783ef1d2bd9350011ea0e87-some-people-think-that-to-lead-a-successful-life-a-university-degree-is-important-others-believe-tha
B9-ADV-034,9.0,adv-disadv,education,train,347,,,writing9.com,1390,https://writing9.com/text/6606b476fbd01600110bfbf5-some-schools-are-very-strict-about-their-school-uniforms-and-the-appearance-of-their-pupils-while-ot
B9-DIS-028,9.0,discussion,education,train,264,,,writing9.com,1391,https://writing9.com/text/6604190d44fe0e0011c0be51-some-university-students-want-to-learn-about-other-subjects-in-addition-to-their-main-subjects-other
B9-TQ-007,9.0,two-part,environment,train,279,,,writing9.com,1392,https://writing9.com/text/6662e8842715ef001110889c-the-best-way-to-solve-the-worlds-environmental-problems-is-to-increase-the-cost-of-fuel-do-you-agree
B9-DIS-029,9.0,discussion,media,train,253,,,writing9.com,1393,https://writing9.com/text/674741852530eb001171afe8-the-cheaper-availability-of-international-transport-means-that-more-people-are-able-to-travel-abroad
B9-OP-103,9.0,opinion,crime,train,382,,,writing9.com,1394,https://writing9.com/text/667d1db43a9274001120f075-the-crime-rate-nowadays-is-decreasing-compared-to-the-past-due-to-advanced-technology-which-can-prev
B9-OP-104,9.0,opinion,technology,train,293,,,writing9.com,1395,https://writing9.com/text/6594eded07eb1c0011bcbd96-the-most-importan-aim-of-science-is-to-should-be-to-improve-peoples-life-to-what-extent-do-you-agree
B9-REP-022,9.0,report,social,train,272,,,writing9.com,1396,https://writing9.com/text/66bd75bdecdb6e00120e98a4-the-population-of-major-cities-around-the-world-is-increasing-very-fastly-why-is-this-the-case-and-w
B9-REP-023,9.0,report,social,train,294,,,writing9.com,1397,https://writing9.com/text/66613142a8fb9b0011ffddb1-the-world-is-experiencing-a-dramatic-increase-in-population-this-is-causing-problems-not-only-for-po
B9-OP-105,9.0,opinion,education,train,308,,,writing9.com,1398,https://writing9.com/text/671e38c6771d91001120c411-there-is-a-lot-of-pressure-on-young-people-today-to-succeed-academically-as-a-result-some-people-bel
B9-TQ-008,9.0,two-part,social,train,331,,,writing9.com,1399,https://writing9.com/text/653caa7036ad310012752696-throughout-the-history-people-dream-to-live-in-a-perfect-society-while-they-havent-agree-how-the-ide
B9-OP-106,9.0,opinion,technology,train,377,,,writing9.com,1400,https://writing9.com/text/66f192cb518ab60011f67590-virtual-reality-should-be-used-as-a-tool-for-therapeutic-interventions-and-mental-health-treatments-
B6-OP-083,6.0,opinion,globalization-work,train,154,,,ielts-blog.com,1401,https://www.ielts-blog.com/ielts-writing-samples/ielts-essays-band-6/ielts-essay-topic-the-positive-negative-side-of-globalization/
B6-OP-084,6.0,opinion,education,blindtest,157,,,ielts-blog.com,1402,https://www.ielts-blog.com/ielts-writing-samples/ielts-essays-band-6/ielts-essay-topic-financial-education-at-school/
B6-OP-085,6.0,opinion,education,blindtest,171,,,ielts-blog.com,1403,https://www.ielts-blog.com/ielts-writing-samples/ielts-essays-band-6/ielts-essay-topic-is-financial-education-at-school-a-must/
B6-OP-086,6.0,opinion,culture,blindtest,274,,,writing9.com,1404,https://writing9.com/text/6aa2d09418262300115282fb-art-classes-such-as-painting-or-drawing-are-important-for-children-s-development-so-it-should-be-com
B6-ADV-041,6.0,adv-disadv,social,train,314,,,writing9.com,1405,https://writing9.com/text/6a8ce1ce8b43af001111c810-nowadays-it-is-easier-for-young-people-to-have-a-credit-card-compared-to-the-past-do-the-advantages-
B6-ADV-042,6.0,adv-disadv,globalization-work,train,398,,,writing9.com,1406,https://writing9.com/text/6a6f5c7563791b00118b2968-some-people-think-that-hosting-an-international-sporting-event-is-beneficial-for-a-country-while-oth
B6-DIS-044,6.0,discussion,education,train,331,,,writing9.com,1407,https://writing9.com/text/6aa254f01826230011528291-some-people-think-that-parents-should-teach-their-children-how-to-be-good-members-of-society-others-
B6-REP-029,6.0,report,social,train,274,,,writing9.com,1408,https://writing9.com/text/6aaa65be18262300115288c1-traffic-congestion-in-large-cities-is-getting-worse-what-problems-does-this-cause-and-what-solutions
B6-DIS-045,6.0,discussion,education,train,238,,,writing9.com,1409,https://writing9.com/text/6abac33d3be1dd001236d7d0-university-students-are-increasingly-studying-abroad-as-part-of-their-studies-discuss-both-advantage
B6-ADV-043,6.0,adv-disadv,education,blindtest,342,,,writing9.com,1410,https://writing9.com/text/6a90c85e8b43af001111cb27-university-students-are-increasingly-studying-abroad-as-part-of-their-studies-do-the-advantages-of-s
B6-OP-087,6.0,opinion,globalization-work,train,194,,suspected-offtask,writing9.com,1411,https://writing9.com/text/6a94a1b18b43af001111ce0a-write-an-email-to-the-manager-of-the-moving-company-in-about-150200-words-your-email-should-explain-
B65-DIS-051,6.5,discussion,technology,blindtest,270,TR6/CC6/LR6/GRA7,,ieltswritingcorrectionservice.com,1412,https://ieltswritingcorrectionservice.com/ielts-task-2-sample-technology
B65-DIS-052,6.5,discussion,education,train,269,TR6/CC6/LR6/GRA7,,ieltswritingcorrectionservice.com,1413,https://ieltswritingcorrectionservice.com/ielts-task-2-sample-education
B65-ADV-049,6.5,adv-disadv,social,train,280,,,writing9.com,1414,https://writing9.com/text/6a9923858b43af001111d1ab-many-elder-people-are-no-long-look-after-their-families-but-are-put-in-care-home-and-nursing-homeswh
B65-ADV-050,6.5,adv-disadv,technology,train,330,,,writing9.com,1415,https://writing9.com/text/6a7a974a5a8b010011bd84f6-nowadays-most-of-the-information-is-available-on-the-internet-whereas-in-the-past-knowledge-was-stor
B65-ADV-051,6.5,adv-disadv,environment,blindtest,253,,,writing9.com,1416,https://writing9.com/text/6aa4070718262300115283e0-some-people-have-decided-to-reduce-the-number-of-times-they-fly-every-year-or-to-stop-flying-altoget
B65-ADV-052,6.5,adv-disadv,social,train,267,,,writing9.com,1417,https://writing9.com/text/6a7c60b05a8b010011bd85f0-to-what-extent-do-the-advantages-of-having-an-ageing-population-outweigh-the-disadvantagesin-many-co
B65-ADV-053,6.5,adv-disadv,technology,blindtest,357,,,writing9.com,1418,https://writing9.com/text/6abb8c973be1dd001236d89b-today-more-and-more-people-use-robots-to-do-tasks-at-home-and-at-work-do-you-think-it-is-a-positive-
B65-ADV-054,6.5,adv-disadv,technology,train,374,,,writing9.com,1419,https://writing9.com/text/6ab86c763be1dd001236d65f-today-more-and-more-people-use-robots-to-do-tasks-at-home-and-at-work-do-you-think-it-is-a-positive-
B65-ADV-055,6.5,adv-disadv,globalization-work,train,290,,,writing9.com,1420,https://writing9.com/text/6abae6793be1dd001236d7e4-today-more-and-more-tourists-are-visiting-places-where-conditions-are-difficult-such-as-the-sahara-d
B65-OP-071,6.5,opinion,education,train,270,,,writing9.com,1421,https://writing9.com/text/6ab9486d3be1dd001236d6b6-university-students-often-focus-on-one-subject-however-some-people-think-that-universities-should-en
B65-OP-072,6.5,opinion,government,train,270,,,writing9.com,1422,https://writing9.com/text/6a7d20735a8b010011bd86a9-water-is-a-natural-resource-that-should-always-be-free-governments-should-ban-the-sale-of-bottled-wa
B65-OP-073,6.5,opinion,culture,train,255,,,writing9.com,1423,https://writing9.com/text/6a9d84048b43af001111d4a4-when-students-study-a-foreign-languagethey-should-also-study-the-culture-and-lifestyles-of-the-peopl
B65-OP-074,6.5,opinion,environment,blindtest,255,,,writing9.com,1424,https://writing9.com/text/6aa303751826230011528318-with-deforestation-urban-development-and-illegal-hunting-many-animal-species-are-becoming-endangered
B65-OP-075,6.5,opinion,education,train,216,,suspected-offtask,writing9.com,1425,https://writing9.com/text/6a870dae8b43af001111c3bb-you-wish-to-apply-for-a-new-college-course-but-you-are-unsure-about-the-details-posted-on-the-colleg
B7-ADV-036,7.0,adv-disadv,globalization-work,train,351,,,writing9.com,1426,https://writing9.com/text/6ab475273be1dd001236d334-nowadays-managers-and-team-leaders-in-different-organizations-are-much-younger-compared-to-the-past-
B7-ADV-037,7.0,adv-disadv,technology,train,275,,,writing9.com,1427,https://writing9.com/text/6a81fa858b43af001111bf8f-some-children-spend-hours-every-day-on-their-smartphones-why-is-this-the-case-do-you-think-this-is-a
B7-OP-086,7.0,opinion,education,train,307,,,writing9.com,1428,https://writing9.com/text/6a5c4273d4eb7b0011b06014-some-people-say-that-all-secondary-and-higher-secondary-school-students-should-be-taught-how-to-mana
B7-OP-087,7.0,opinion,social,train,345,,,writing9.com,1429,https://writing9.com/text/6a76f139bee1e0001159e7b3-some-people-say-that-your-first-impressions-when-you-meet-someone-are-always-right-to-what-extent-do
B7-OP-088,7.0,opinion,globalization-work,train,280,,,writing9.com,1430,https://writing9.com/text/6ac0fd7a3be1dd001236dcc8-some-people-think-it-is-a-good-thing-for-senior-managers-to-have-much-higher-salaries-than-other-wor
B7-OP-089,7.0,opinion,globalization-work,train,262,,,writing9.com,1431,https://writing9.com/text/6abfe4db3be1dd001236dbe1-some-people-think-it-is-a-good-thing-for-senior-managers-to-have-much-higher-salaries-than-other-wor
B7-TQ-011,7.0,two-part,social,train,268,,,writing9.com,1432,https://writing9.com/text/6a5986c1d4eb7b0011b05e71-some-people-think-money-is-one-of-the-most-essential-factors-in-promoting-hapinness-do-you-think-peo
B7-OP-090,7.0,opinion,social,blindtest,201,,,writing9.com,1433,https://writing9.com/text/6a88f6588b43af001111c58e-you-have-stayed-at-a-friends-house-last-weekend-you-think-you-have-left-your-watch-there-thank-your-
B7-OP-091,7.0,opinion,crime,train,344,,,writing9.com,1434,https://writing9.com/text/6a6dd44963791b00118b2863-young-people-who-commit-crimes-should-be-treated-in-the-same-way-as-adults-to-what-extent-do-you-agr
B7-OP-092,7.0,opinion,environment,train,265,,,writing9.com,1435,https://writing9.com/text/6aba91933be1dd001236d7b5-zoos-are-meant-for-entertainment-at-the-cost-of-animals-right-to-roam-around-without-restrictions-th
B75-DIS-043,7.5,discussion,technology,blindtest,278,TR7/CC8/LR7/GRA8,,ieltswritingcorrectionservice.com,1436,https://ieltswritingcorrectionservice.com/ielts-task-2-sample-technology
B75-DIS-044,7.5,discussion,education,blindtest,287,TR7/CC8/LR7/GRA8,,ieltswritingcorrectionservice.com,1437,https://ieltswritingcorrectionservice.com/ielts-task-2-sample-education
B75-DIS-045,7.5,discussion,government,train,254,,,writing9.com,1438,https://writing9.com/text/6a9ba5e88b43af001111d380-some-people-say-government-should-give-health-care-the-first-priorities-some-others-believe-educatio
B75-REP-028,7.5,report,globalization-work,train,279,,,writing9.com,1439,https://writing9.com/text/6a788a04bee1e0001159e8dc-surveillance-cameras-in-banks-offices-shops-and-streets-have-been-very-successful-in-reducing-crime-
B75-TQ-014,7.5,two-part,social,train,351,,,writing9.com,1440,https://writing9.com/text/6aa180ef18262300115281e8-the-un-recentky-celebrated-its-70th-anniversary-what-benefits-has-it-brought-during-this-time-do-you
B75-ADV-055,7.5,adv-disadv,social,train,252,,,writing9.com,1441,https://writing9.com/text/6a6b64c263791b00118b26ed-the-use-of-cashless-payment-methods-is-becoming-dominant-worldwide-do-the-advantages-outweigh-the-di
B75-OP-065,7.5,opinion,globalization-work,train,289,,,writing9.com,1442,https://writing9.com/text/6aa799f8182623001152867e-the-working-week-should-be-shorter-and-workers-should-have-a-longer-weekenddo-you-agree-or-disagreeg
B75-OP-066,7.5,opinion,globalization-work,blindtest,266,,,writing9.com,1443,https://writing9.com/text/6a8805798b43af001111c4af-the-working-week-should-be-shorter-and-workers-should-have-a-longer-weekend-do-you-agree-or-disagree
B75-ADV-056,7.5,adv-disadv,globalization-work,train,264,,,writing9.com,1444,https://writing9.com/text/6ab63c1b3be1dd001236d49b-these-days-it-is-much-easier-for-many-people-to-travel-to-different-countries-for-tourism-than-in-th
B75-ADV-057,7.5,adv-disadv,technology,blindtest,310,,,writing9.com,1445,https://writing9.com/text/6a58a491d4eb7b0011b05db6-these-days-more-people-put-their-personal-information-such-as-names-addresses-and-telephone-numbers-
B75-ADV-058,7.5,adv-disadv,technology,train,288,,,writing9.com,1446,https://writing9.com/text/6ab28d6e3be1dd001236d20a-today-it-is-common-practice-for-many-business-meetings-and-business-training-to-take-place-online-do
B75-ADV-059,7.5,adv-disadv,globalization-work,train,297,,,writing9.com,1447,https://writing9.com/text/6a5c1671d4eb7b0011b05fac-today-many-businesses-do-their-meetings-on-line-this-is-a-new-trend-give-the-advantages-and-disadvan
B75-ADV-060,7.5,adv-disadv,education,train,271,,,writing9.com,1448,https://writing9.com/text/6a568e54d4eb7b0011b05ba4-today-more-and-more-students-are-choosing-to-move-to-another-country-for-their-higher-education-stud
B75-ADV-061,7.5,adv-disadv,globalization-work,train,257,,,writing9.com,1449,https://writing9.com/text/6a7aa71b5a8b010011bd84fc-today-more-countries-import-food-from-different-parts-of-the-world-what-are-the-advantages-and-disad
B75-OP-067,7.5,opinion,social,blindtest,401,,,writing9.com,1450,https://writing9.com/text/6a567af9d4eb7b0011b05b88-topic-it-is-the-responsibility-of-individuals-to-save-and-provide-for-their-own-retirement-governmen
B75-OP-068,7.5,opinion,globalization-work,train,283,,,writing9.com,1451,https://writing9.com/text/6a567d83d4eb7b0011b05b8d-with-the-increased-global-demand-for-oil-and-gas-undiscovered-areas-of-the-world-should-be-opened-up
B75-OP-069,7.5,opinion,education,train,278,,suspected-offtask,writing9.com,1452,https://writing9.com/text/6a4b33abf1df6100115dbe7a-your-friend-has-been-offered-a-place-on-a-course-at-the-university-where-you-studied-heshe-would-lik
B8-TQ-010,8.0,two-part,social,train,309,,,ielts-blog.com,1453,https://www.ielts-blog.com/ielts-writing-samples/ielts-essays-band-8/ielts-essay-topic-changing-drivers-age-limits-is-the-best-way-to-reduce-traffic-accidents-from-target-band-7-book/
B8-REP-030,8.0,report,government,train,169,,,ielts-blog.com,1454,https://www.ielts-blog.com/ielts-writing-samples/ielts-essays-band-8/ielts-essay-topic-cost-of-transport-rising-reasons-solutions/
B8-OP-082,8.0,opinion,education,train,286,,,ielts-blog.com,1455,https://www.ielts-blog.com/ielts-writing-samples/ielts-essays-band-8/ielts-essay-topic-role-of-parents-family-in-future-success-agree-disagree/
B8-TQ-011,8.0,two-part,environment,train,302,,,ielts-blog.com,1456,https://www.ielts-blog.com/ielts-writing-samples/ielts-essays-band-8/ielts-essay-topic-young-people-not-spending-weekends-outdoors-reasons-solutions/
B8-TQ-012,8.0,two-part,media,train,285,,,ielts-blog.com,1457,https://www.ielts-blog.com/ielts-writing-samples/ielts-essays-band-8/ielts-essay-topic-children-today-are-spending-more-time-watching-tv-than-in-the-past-is-it-a-positive-or-a-negative-change/
B8-OP-083,8.0,opinion,media,blindtest,273,,,ielts-blog.com,1458,https://www.ielts-blog.com/ielts-writing-samples/ielts-essays-band-8/ielts-essay-topic-advertising-affects-what-people-think-is-important-and-has-a-negative-effect-on-their-lives-agree-disagree/
B8-REP-031,8.0,report,education,train,381,,,ielts-blog.com,1459,https://www.ielts-blog.com/ielts-writing-samples/ielts-essays-band-8/ielts-essay-topic-young-people-are-facing-problems-at-school-and-at-home-what-problems-and-how-can-parents-help/
B8-OP-084,8.0,opinion,technology,train,300,,,ielts-blog.com,1460,https://www.ielts-blog.com/ielts-writing-samples/ielts-essays-band-8/ielts-essay-topic-the-development-of-technology-causes-traditional-skills-to-die-out-agree-or-disagree/
B8-OP-085,8.0,opinion,health,train,297,,,ielts-blog.com,1461,https://www.ielts-blog.com/ielts-writing-samples/ielts-essays-band-8/ielts-essay-topic-when-new-towns-are-planned-it-is-important-to-build-more-public-parks-or-sports-facilities-than-shopping-centers-agree-disagree/
B8-OP-086,8.0,opinion,globalization-work,train,278,,,ielts-blog.com,1462,https://www.ielts-blog.com/ielts-writing-samples/ielts-essays-band-8/ielts-essay-topic-should-employers-pay-more-attention-to-personal-qualities-rather-than-qualifications/
B8-OP-087,8.0,opinion,technology,train,282,,,ielts-blog.com,1463,https://www.ielts-blog.com/ielts-writing-samples/ielts-essays-band-8/ielts-essay-topic-computers-mobile-phones-negatively-impact-reading-writing-agree-disagree/
B8-DIS-046,8.0,discussion,education,blindtest,285,,,writing9.com,1464,https://writing9.com/text/6a0d17d0312e6c0011a3f026-some-people-think-that-schools-should-teach-students-according-to-their-academic-abilities-while-oth
B85-ADV-041,8.5,adv-disadv,government,train,327,,,writing9.com,1465,https://writing9.com/text/64f0ad31bd9f600018374371-describe-advantages-and-disadvantages-of-public-transport
B85-OP-095,8.5,opinion,media,train,288,,,writing9.com,1466,https://writing9.com/text/64f69b2d0859610018afc85d-in-the-future-nobody-will-buy-printed-newspapers-or-books-because-they-will-be-able-to-read-everythi
B85-OP-096,8.5,opinion,social,train,280,,,writing9.com,1467,https://writing9.com/text/67724698708dba00126941dd-it-is-important-for-everyone-including-young-people-to-save-money-for-their-future-to-what-extent-do
B85-DIS-034,8.5,discussion,globalization-work,train,385,,,writing9.com,1468,https://writing9.com/text/6787f218a23bad0012023723-some-people-believe-that-it-is-best-to-accept-a-bad-situation-such-as-an-unsatisfactory-job-or-short
B85-OP-097,8.5,opinion,globalization-work,train,254,,,writing9.com,1469,https://writing9.com/text/669bbe2617f00b0011c8665f-some-people-say-that-it-is-better-to-work-for-a-large-company-than-a-small-one-do-you-agree-or-disag
B85-OP-098,8.5,opinion,social,train,344,,,writing9.com,1470,https://writing9.com/text/6662ca722715ef0011108823-there-are-several-factors-that-motivate-people-to-stay-in-the-workforce-and-money-is-the-most-import
B85-OP-099,8.5,opinion,technology,train,275,,,writing9.com,1471,https://writing9.com/text/64f887fcbe90df001975002e-today-our-communications-medicine-and-transport-systems-all-depend-on-computer-technology-our-relian
B85-OP-100,8.5,opinion,social,train,282,,,writing9.com,1472,https://writing9.com/text/660bf6f4143b1d0011539678-wealthy-countries-should-accept-more-refugees-and-provide-them-with-basic-assistance-such-as-food-an
B85-OP-101,8.5,opinion,social,train,255,,,writing9.com,1473,https://writing9.com/text/64f08d58bd9f600018374343-wealthy-countries-should-accept-more-refugees-and-provide-them-with
B85-OP-102,8.5,opinion,social,train,256,,,writing9.com,1474,https://writing9.com/text/66f3c26b518ab60011f67af4-wealthy-countries-should-acceptor-refugees-and-provide-them-with-basic-assistance-such-as-food-and-h
B85-ADV-042,8.5,adv-disadv,social,train,284,,,writing9.com,1475,https://writing9.com/text/6504d092c7edc500186c5e86-what-are-the-advantages-of-cheaper-public-transportation
B85-OP-103,8.5,opinion,social,train,307,,,writing9.com,1476,https://writing9.com/text/66647bd62715ef0011108cfe-whether-or-not-someone-achieve-their-aims-is-mostly-by-a-question-of-luck-to-what-extent-do-you-agre
B85-TQ-010,8.5,two-part,globalization-work,train,351,,,writing9.com,1477,https://writing9.com/text/64fdd1a8c2621d0018d11dbb-while-people-in-developing-countries-are-happier-than-in-the-past-people-in-developed-countries-are-
B85-TQ-011,8.5,two-part,culture,train,330,,,writing9.com,1478,https://writing9.com/text/667b498b1031f400117e179d-with-the-development-of-modern-society-is-the-loss-of-traditional-ways-of-life-is-it-important-to-ke
B85-ADV-043,8.5,adv-disadv,social,train,299,,,writing9.com,1479,https://writing9.com/text/650bd97b94b4d50018bd50f2-young-people-are-often-influenced-in-their-behaviors-by-others-in-the-same-age-group-some-argue-that
B85-REP-025,8.5,report,social,train,271,,,writing9.com,1480,https://writing9.com/text/64f6010d0859610018afc767-young-people-do-not-spend-their-holidays-and-weekends-doing-outdoor-activities-such-as-hiking-and-cl
B9-OP-107,9.0,opinion,education,blindtest,312,,,ielts-blog.com,1481,https://www.ielts-blog.com/ielts-writing-samples/ielts-essays-band-9/ielts-essay-topic-should-school-children-be-given-homework-opinion/
B9-DIS-030,9.0,discussion,technology,train,303,TR9/CC9/LR9/GRA9,,ieltswritingcorrectionservice.com,1482,https://ieltswritingcorrectionservice.com/ielts-task-2-sample-technology
B9-DIS-031,9.0,discussion,education,train,305,TR9/CC9/LR9/GRA9,,ieltswritingcorrectionservice.com,1483,https://ieltswritingcorrectionservice.com/ielts-task-2-sample-education
B9-DIS-032,9.0,discussion,globalization-work,train,296,,,writing9.com,1484,https://writing9.com/text/67801e462bd9350011ea05fc-in-many-countries-sports-stars-earn-extremely-high-salaries-some-people-believe-that-sports-stars-ea
B9-REP-024,9.0,report,education,train,301,,,writing9.com,1485,https://writing9.com/text/67460a38057f5c001180d68e-many-young-people-leave-school-with-negative-attitudes-towards-learning-what-are-the-causeshow-to-en
B9-OP-108,9.0,opinion,technology,blindtest,278,,,writing9.com,1486,https://writing9.com/text/665d85ba0442ea001278f5f6-write-about-the-following-topic-research-indicates-that-the-characteristics-we-are-born-with-have-mu
B9-ADV-035,9.0,adv-disadv,technology,train,418,,,writing9.com,1487,https://writing9.com/text/66062773fbd01600110bfa90-some-children-spend-hours-every-day-on-their-smartphones-why-is-this-the-case-do-you-think-this-is-a
B9-REP-025,9.0,report,social,train,360,,,writing9.com,1488,https://writing9.com/text/665afef70442ea001278ed86-what-discovery-in-the-last-100-years-has-been-most-beneficial-for-people-in-your-country
B9-OP-109,9.0,opinion,globalization-work,train,296,,,writing9.com,1489,https://writing9.com/text/679df8613ca513001113a175-with-the-increased-global-demand-for-oil-and-gas-undiscovered-areas-of-the-world-should-be-opened-up
B9-OP-110,9.0,opinion,technology,train,264,,,writing9.com,1490,https://writing9.com/text/6623e31dd277db001139b0c5-you-recently-ordered-something-online-when-you-opened-the-packet-the-product-was-damaged-with-which-
